season,week,contestant_id,estimated_fan_share,is_eliminated
1,1,Evander Holyfield_S1,0.17241961900574046,false
1,1,Joey McIntyre_S1,0.16770444464477868,false
1,1,John O'Hurley_S1,0.17262202718872263,false
1,1,Kelly Monaco_S1,0.17328374973011976,false
1,1,Rachel Hunter_S1,0.1451327927716432,false
1,1,Trista Sutter_S1,0.16883736665899535,false
1,2,Evander Holyfield_S1,0.20500052418654574,false
1,2,Joey McIntyre_S1,0.17404392873611713,false
1,2,John O'Hurley_S1,0.1708739215342281,false
1,2,Kelly Monaco_S1,0.18826022841012105,false
1,2,Rachel Hunter_S1,0.14033548122822623,false
1,2,Trista Sutter_S1,0.12148591590476082,true
1,3,Evander Holyfield_S1,0.18351336075987115,true
1,3,Joey McIntyre_S1,0.20966288994042356,false
1,3,John O'Hurley_S1,0.20756516212744525,false
1,3,Kelly Monaco_S1,0.22219985985309054,false
1,3,Rachel Hunter_S1,0.17705872731916916,false
1,4,Joey McIntyre_S1,0.31705836314900926,false
1,4,John O'Hurley_S1,0.2722063403150867,false
1,4,Kelly Monaco_S1,0.23259433257357334,false
1,4,Rachel Hunter_S1,0.17814096396233026,true
1,5,Joey McIntyre_S1,0.31825280797712857,true
1,5,John O'Hurley_S1,0.33262596419681756,false
1,5,Kelly Monaco_S1,0.3491212278260535,false
1,6,John O'Hurley_S1,0.4254459631813912,false
1,6,Kelly Monaco_S1,0.5745540368186088,false
2,1,Drew Lachey_S2,0.10140506600939253,false
2,1,George Hamilton_S2,0.10586074928519781,false
2,1,Giselle Fernandez_S2,0.09856035685304212,false
2,1,Jerry Rice_S2,0.10509421807380434,false
2,1,Kenny Mayne_S2,0.055312421935051016,true
2,1,Lisa Rinna_S2,0.10607180412801805,false
2,1,Master P_S2,0.11332924400660836,false
2,1,Stacy Keibler_S2,0.10505895832482898,false
2,1,Tatum O'Neal_S2,0.10488406572215406,false
2,1,Tia Carrere_S2,0.10442311566190264,false
2,2,Drew Lachey_S2,0.10869058417623469,false
2,2,George Hamilton_S2,0.11766449452224341,false
2,2,Giselle Fernandez_S2,0.10729744048153898,false
2,2,Jerry Rice_S2,0.11401062400075442,false
2,2,Lisa Rinna_S2,0.12080169159445522,false
2,2,Master P_S2,0.12038225798349307,false
2,2,Stacy Keibler_S2,0.11344785011195316,false
2,2,Tatum O'Neal_S2,0.0822012826662165,true
2,2,Tia Carrere_S2,0.11550377446311139,false
2,3,Drew Lachey_S2,0.12052134686683261,false
2,3,George Hamilton_S2,0.13027418294668033,false
2,3,Giselle Fernandez_S2,0.08907681169737341,true
2,3,Jerry Rice_S2,0.14433356618284288,false
2,3,Lisa Rinna_S2,0.1252108229129725,false
2,3,Master P_S2,0.14038507992658739,false
2,3,Stacy Keibler_S2,0.12356128411140686,false
2,3,Tia Carrere_S2,0.12663690535530406,false
2,4,Drew Lachey_S2,0.13870327831357268,false
2,4,George Hamilton_S2,0.15724733412909758,false
2,4,Jerry Rice_S2,0.15727070773667604,false
2,4,Lisa Rinna_S2,0.14290567659770234,false
2,4,Master P_S2,0.11199053500986804,true
2,4,Stacy Keibler_S2,0.14281257503878658,false
2,4,Tia Carrere_S2,0.14906989317429697,false
2,5,Drew Lachey_S2,0.1678212587251448,false
2,5,George Hamilton_S2,0.17072461408692335,false
2,5,Jerry Rice_S2,0.1890748932371673,false
2,5,Lisa Rinna_S2,0.16781535507436798,false
2,5,Stacy Keibler_S2,0.16938275761020932,false
2,5,Tia Carrere_S2,0.1351811212661874,true
2,6,Drew Lachey_S2,0.1971199512600817,false
2,6,George Hamilton_S2,0.17197325512378828,true
2,6,Jerry Rice_S2,0.21854487931624272,false
2,6,Lisa Rinna_S2,0.20869973569163638,false
2,6,Stacy Keibler_S2,0.203662178608251,false
2,7,Drew Lachey_S2,0.2590445196245489,false
2,7,Jerry Rice_S2,0.2993373537221109,false
2,7,Lisa Rinna_S2,0.1889738308178579,true
2,7,Stacy Keibler_S2,0.25264429583548226,false
2,8,Drew Lachey_S2,0.3287219470422331,false
2,8,Jerry Rice_S2,0.38592454883541827,false
2,8,Stacy Keibler_S2,0.2853535041223483,false
3,1,Emmitt Smith_S3,0.0953151263877001,false
3,1,Harry Hamlin_S3,0.09630595893518284,false
3,1,Jerry Springer_S3,0.09094340068274617,false
3,1,Joey Lawrence_S3,0.09255208579893567,false
3,1,Mario Lopez_S3,0.09380573326520132,false
3,1,Monique Coleman_S3,0.09265822239357592,false
3,1,Sara Evans_S3,0.0965377309073236,false
3,1,Shanna Moakler_S3,0.08257553998079958,false
3,1,Tucker Carlson_S3,0.07320458261540978,true
3,1,Vivica A. Fox_S3,0.0951854271492759,false
3,1,Willa Ford_S3,0.09091619188384904,false
3,2,Emmitt Smith_S3,0.10432417510822753,false
3,2,Harry Hamlin_S3,0.10956562359077571,false
3,2,Jerry Springer_S3,0.10513803468248767,false
3,2,Joey Lawrence_S3,0.1025130397451233,false
3,2,Mario Lopez_S3,0.1051371831063582,false
3,2,Monique Coleman_S3,0.10041765327667232,false
3,2,Sara Evans_S3,0.1056460768963119,false
3,2,Shanna Moakler_S3,0.05731050993555389,true
3,2,Vivica A. Fox_S3,0.104861167249898,false
3,2,Willa Ford_S3,0.10508653640859209,false
3,3,Emmitt Smith_S3,0.12145111385131865,false
3,3,Harry Hamlin_S3,0.06954384093231536,true
3,3,Jerry Springer_S3,0.11827016776015672,false
3,3,Joey Lawrence_S3,0.11897580134369805,false
3,3,Mario Lopez_S3,0.1193004223705235,false
3,3,Monique Coleman_S3,0.11205738702287099,false
3,3,Sara Evans_S3,0.11220310519431156,false
3,3,Vivica A. Fox_S3,0.11318803139592726,false
3,3,Willa Ford_S3,0.11501013012887805,false
3,4,Emmitt Smith_S3,0.13389673747347322,false
3,4,Jerry Springer_S3,0.13098845125859046,false
3,4,Joey Lawrence_S3,0.1320021145548037,false
3,4,Mario Lopez_S3,0.1290436885136501,false
3,4,Monique Coleman_S3,0.13100240564936577,false
3,4,Sara Evans_S3,0.13852391848784043,false
3,4,Vivica A. Fox_S3,0.07898453085488408,true
3,4,Willa Ford_S3,0.1255581532073922,false
3,5,Emmitt Smith_S3,0.1599142429896707,false
3,5,Jerry Springer_S3,0.16257605292612087,false
3,5,Joey Lawrence_S3,0.1625426171509312,false
3,5,Mario Lopez_S3,0.1580868240399274,false
3,5,Monique Coleman_S3,0.15342021633618314,false
3,5,Sara Evans_S3,0.10699509082107454,true
3,5,Willa Ford_S3,0.09646495573609429,true
3,6,Emmitt Smith_S3,0.205663020363458,false
3,6,Jerry Springer_S3,0.19426335526560568,false
3,6,Joey Lawrence_S3,0.19935675567796626,false
3,6,Mario Lopez_S3,0.1975051124343388,false
3,6,Monique Coleman_S3,0.20321175625863094,false
3,7,Emmitt Smith_S3,0.21207952924924037,false
3,7,Jerry Springer_S3,0.155617395713129,true
3,7,Joey Lawrence_S3,0.21092262018710137,false
3,7,Mario Lopez_S3,0.210408142772301,false
3,7,Monique Coleman_S3,0.21097231207822878,false
3,8,Emmitt Smith_S3,0.2711284092302367,false
3,8,Joey Lawrence_S3,0.2691502399320144,false
3,8,Mario Lopez_S3,0.2687920581716873,false
3,8,Monique Coleman_S3,0.19092929266606218,true
3,9,Emmitt Smith_S3,0.3691870158727638,false
3,9,Joey Lawrence_S3,0.2630031707046918,true
3,9,Mario Lopez_S3,0.3678098134225436,false
3,10,Emmitt Smith_S3,0.5751298236115691,false
3,10,Mario Lopez_S3,0.4248701763884309,false
4,1,Apolo Anton Ohno_S4,0.09363892112533234,false
4,1,Billy Ray Cyrus_S4,0.09235864644419856,false
4,1,Clyde Drexler_S4,0.09778565042794615,false
4,1,Heather Mills_S4,0.08229764666022252,false
4,1,Ian Ziering_S4,0.09439809820834646,false
4,1,Joey Fatone_S4,0.0931485642180023,false
4,1,John Ratzenberger_S4,0.09491157296308744,false
4,1,Laila Ali_S4,0.0956739482791572,false
4,1,Leeza Gibbons_S4,0.09422328537123596,false
4,1,Paulina Porizkova_S4,0.07882838182852683,false
4,1,Shandi Finnessey_S4,0.08273528447394374,false
4,2,Apolo Anton Ohno_S4,0.09444606381302344,false
4,2,Billy Ray Cyrus_S4,0.0956675360164587,false
4,2,Clyde Drexler_S4,0.10042880241254017,false
4,2,Heather Mills_S4,0.08398591574567436,false
4,2,Ian Ziering_S4,0.09818871037423384,false
4,2,Joey Fatone_S4,0.09594088449776483,false
4,2,John Ratzenberger_S4,0.09544070031406955,false
4,2,Laila Ali_S4,0.09607233232216168,false
4,2,Leeza Gibbons_S4,0.09837074643234092,false
4,2,Paulina Porizkova_S4,0.05040833541523304,true
4,2,Shandi Finnessey_S4,0.09104997265649888,false
4,3,Apolo Anton Ohno_S4,0.10619623615736429,false
4,3,Billy Ray Cyrus_S4,0.10949927824810066,false
4,3,Clyde Drexler_S4,0.11371168142187563,false
4,3,Heather Mills_S4,0.09312755925601147,false
4,3,Ian Ziering_S4,0.10591051037383638,false
4,3,Joey Fatone_S4,0.10259859779768869,false
4,3,John Ratzenberger_S4,0.10797672799778116,false
4,3,Laila Ali_S4,0.11038938717066853,false
4,3,Leeza Gibbons_S4,0.10499948877599101,false
4,3,Shandi Finnessey_S4,0.045590532800682954,true
4,4,Apolo Anton Ohno_S4,0.11474087116493491,false
4,4,Billy Ray Cyrus_S4,0.11293053470616787,false
4,4,Clyde Drexler_S4,0.12694552822034502,false
4,4,Heather Mills_S4,0.09808082869854358,false
4,4,Ian Ziering_S4,0.11435455426580016,false
4,4,Joey Fatone_S4,0.110510512755972,false
4,4,John Ratzenberger_S4,0.1222262432017365,false
4,4,Laila Ali_S4,0.11617591285290246,false
4,4,Leeza Gibbons_S4,0.08403501413359693,true
4,5,Apolo Anton Ohno_S4,0.1292592567973666,false
4,5,Billy Ray Cyrus_S4,0.13309658883483547,false
4,5,Clyde Drexler_S4,0.1042718866463929,true
4,5,Heather Mills_S4,0.11185698130805076,false
4,5,Ian Ziering_S4,0.13227383003054213,false
4,5,Joey Fatone_S4,0.12638150945057652,false
4,5,John Ratzenberger_S4,0.1325232149635949,false
4,5,Laila Ali_S4,0.130336731968641,false
4,6,Apolo Anton Ohno_S4,0.15169300229607136,false
4,6,Billy Ray Cyrus_S4,0.15430864482683002,false
4,6,Heather Mills_S4,0.0862780009975845,true
4,6,Ian Ziering_S4,0.1519836438277719,false
4,6,Joey Fatone_S4,0.1463828196364598,false
4,6,John Ratzenberger_S4,0.15899439186228814,false
4,6,Laila Ali_S4,0.15035949655299433,false
4,7,Apolo Anton Ohno_S4,0.17110739045925366,false
4,7,Billy Ray Cyrus_S4,0.19160736892571592,false
4,7,Ian Ziering_S4,0.1753743238088241,false
4,7,Joey Fatone_S4,0.1670386244650838,false
4,7,John Ratzenberger_S4,0.12341676692384733,true
4,7,Laila Ali_S4,0.1714555254172755,false
4,8,Apolo Anton Ohno_S4,0.2031026461385601,false
4,8,Billy Ray Cyrus_S4,0.16856175084833047,true
4,8,Ian Ziering_S4,0.21360057660861897,false
4,8,Joey Fatone_S4,0.2056598058518015,false
4,8,Laila Ali_S4,0.20907522055268907,false
4,9,Apolo Anton Ohno_S4,0.2751501439906053,false
4,9,Ian Ziering_S4,0.18354473711184086,true
4,9,Joey Fatone_S4,0.2667123873553933,false
4,9,Laila Ali_S4,0.2745927315421604,false
4,10,Apolo Anton Ohno_S4,0.40235788867962496,false
4,10,Joey Fatone_S4,0.3350908348624224,false
4,10,Laila Ali_S4,0.2625512764579535,false
5,1,Albert Reed_S5,0.07545245259833862,false
5,1,Cameron Mathison_S5,0.0878943674948639,false
5,1,Floyd Mayweather Jr. _S5,0.08970445586342109,false
5,1,Helio Castroneves_S5,0.09176938805986974,false
5,1,Jane Seymour_S5,0.08339093466759387,false
5,1,Jennie Garth_S5,0.08738610334711941,false
5,1,Josie Maran_S5,0.054373016762408154,true
5,1,Marie Osmond_S5,0.08690754907167089,false
5,1,Mark Cuban_S5,0.08796278466599787,false
5,1,Mel B_S5,0.08576633834485105,false
5,1,Sabrina Bryan_S5,0.08337386261072655,false
5,1,Wayne Newton_S5,0.08601874651313857,false
5,2,Albert Reed_S5,0.046501968614024794,true
5,2,Cameron Mathison_S5,0.09500854291713369,false
5,2,Floyd Mayweather Jr. _S5,0.0973978736943655,false
5,2,Helio Castroneves_S5,0.09742239154561481,false
5,2,Jane Seymour_S5,0.09382902663533298,false
5,2,Jennie Garth_S5,0.09554435336870314,false
5,2,Marie Osmond_S5,0.09284328260297171,false
5,2,Mark Cuban_S5,0.0948171283127982,false
5,2,Mel B_S5,0.09180538536473244,false
5,2,Sabrina Bryan_S5,0.09402648079209237,false
5,2,Wayne Newton_S5,0.10080356615223038,false
5,3,Cameron Mathison_S5,0.1078822943963207,false
5,3,Floyd Mayweather Jr. _S5,0.10765811559378571,false
5,3,Helio Castroneves_S5,0.1067749132214028,false
5,3,Jane Seymour_S5,0.1006228633593124,false
5,3,Jennie Garth_S5,0.10109010603645001,false
5,3,Marie Osmond_S5,0.09666764723126174,false
5,3,Mark Cuban_S5,0.106178025545532,false
5,3,Mel B_S5,0.09736223047918763,false
5,3,Sabrina Bryan_S5,0.10316892180410143,false
5,3,Wayne Newton_S5,0.07259488233264579,true
5,4,Cameron Mathison_S5,0.11599005930707834,false
5,4,Floyd Mayweather Jr. _S5,0.0778465586505936,true
5,4,Helio Castroneves_S5,0.1171930897977306,false
5,4,Jane Seymour_S5,0.11562882150779616,false
5,4,Jennie Garth_S5,0.11409474456765226,false
5,4,Marie Osmond_S5,0.111831251260142,false
5,4,Mark Cuban_S5,0.12069920974866627,false
5,4,Mel B_S5,0.1159123530620945,false
5,4,Sabrina Bryan_S5,0.1108039120982458,false
5,5,Cameron Mathison_S5,0.13002898573938476,false
5,5,Helio Castroneves_S5,0.1396213914511595,false
5,5,Jane Seymour_S5,0.12816625789514816,false
5,5,Jennie Garth_S5,0.12925154219083368,false
5,5,Marie Osmond_S5,0.133157943485725,false
5,5,Mark Cuban_S5,0.09004257115909495,true
5,5,Mel B_S5,0.12365607306220672,false
5,5,Sabrina Bryan_S5,0.12607523501644718,false
5,6,Cameron Mathison_S5,0.15165618467074168,false
5,6,Helio Castroneves_S5,0.1561327374913236,false
5,6,Jane Seymour_S5,0.15766445757249098,false
5,6,Jennie Garth_S5,0.15054341563909956,false
5,6,Marie Osmond_S5,0.1503971946442157,false
5,6,Mel B_S5,0.14318414816355216,false
5,6,Sabrina Bryan_S5,0.09042186181857574,true
5,7,Cameron Mathison_S5,0.17913070755870356,false
5,7,Helio Castroneves_S5,0.18289567911781687,false
5,7,Jane Seymour_S5,0.11596448525887289,true
5,7,Jennie Garth_S5,0.17412043167969424,false
5,7,Marie Osmond_S5,0.1737940040516822,false
5,7,Mel B_S5,0.17409469233323055,false
5,8,Cameron Mathison_S5,0.1397045121104487,true
5,8,Helio Castroneves_S5,0.2170473699881871,false
5,8,Jennie Garth_S5,0.21704192573365771,false
5,8,Marie Osmond_S5,0.2177685080909465,false
5,8,Mel B_S5,0.20843768407675864,false
5,9,Helio Castroneves_S5,0.27611627559168633,false
5,9,Jennie Garth_S5,0.18503897326868254,true
5,9,Marie Osmond_S5,0.2705898480908687,false
5,9,Mel B_S5,0.26825490304876054,false
5,10,Helio Castroneves_S5,0.40218632878121646,false
5,10,Marie Osmond_S5,0.2841874351952097,false
5,10,Mel B_S5,0.3136262360235737,false
6,1,Adam Carolla_S6,0.07452963659784412,false
6,1,Cristian de la Fuente_S6,0.08216178046929135,false
6,1,Jason Taylor_S6,0.08485479723829309,false
6,1,Kristi Yamaguchi_S6,0.08749269297938511,false
6,1,Mario_S6,0.0827156697417119,false
6,1,Marissa Jaret Winokur_S6,0.08609065220703571,false
6,1,Marlee Matlin_S6,0.08779238625374156,false
6,1,Monica Seles_S6,0.0885138325709447,false
6,1,Penn Jillette_S6,0.07063209718213805,false
6,1,Priscilla Presley_S6,0.0850645360975269,false
6,1,Shannon Elizabeth_S6,0.08641986257608167,false
6,1,Steve Guttenberg_S6,0.08373205608600592,false
6,2,Adam Carolla_S6,0.08190160438908702,false
6,2,Cristian de la Fuente_S6,0.09052982712549588,false
6,2,Jason Taylor_S6,0.09070207276888725,false
6,2,Kristi Yamaguchi_S6,0.0839241281559167,false
6,2,Mario_S6,0.0830007162798973,false
6,2,Marissa Jaret Winokur_S6,0.09083912009869814,false
6,2,Marlee Matlin_S6,0.08730542692430422,false
6,2,Monica Seles_S6,0.06604388232571046,true
6,2,Penn Jillette_S6,0.05690304272288592,true
6,2,Priscilla Presley_S6,0.08939034527102305,false
6,2,Shannon Elizabeth_S6,0.08582243479541038,false
6,2,Steve Guttenberg_S6,0.0936373991426842,false
6,3,Adam Carolla_S6,0.09478363077091381,false
6,3,Cristian de la Fuente_S6,0.10763729342534488,false
6,3,Jason Taylor_S6,0.10441979806576637,false
6,3,Kristi Yamaguchi_S6,0.10239355064855071,false
6,3,Mario_S6,0.10529169030379802,false
6,3,Marissa Jaret Winokur_S6,0.10864652129023726,false
6,3,Marlee Matlin_S6,0.10666806446595761,false
6,3,Priscilla Presley_S6,0.10067061910639813,false
6,3,Shannon Elizabeth_S6,0.10555991974683707,false
6,3,Steve Guttenberg_S6,0.06392891217619542,true
6,4,Adam Carolla_S6,0.07873595332374572,true
6,4,Cristian de la Fuente_S6,0.11441074871622282,false
6,4,Jason Taylor_S6,0.11252453325717005,false
6,4,Kristi Yamaguchi_S6,0.11549653210572777,false
6,4,Mario_S6,0.112270684754654,false
6,4,Marissa Jaret Winokur_S6,0.11833855929713111,false
6,4,Marlee Matlin_S6,0.1183262208921323,false
6,4,Priscilla Presley_S6,0.11506229690392353,false
6,4,Shannon Elizabeth_S6,0.11483447074929237,false
6,5,Cristian de la Fuente_S6,0.13245942654382906,false
6,5,Jason Taylor_S6,0.12785047546838774,false
6,5,Kristi Yamaguchi_S6,0.12827953264526148,false
6,5,Mario_S6,0.12377908303010757,false
6,5,Marissa Jaret Winokur_S6,0.13244295013408383,false
6,5,Marlee Matlin_S6,0.13490592042336608,false
6,5,Priscilla Presley_S6,0.08876807887338642,true
6,5,Shannon Elizabeth_S6,0.131514532881579,false
6,6,Cristian de la Fuente_S6,0.14482539166618627,false
6,6,Jason Taylor_S6,0.15153357893004477,false
6,6,Kristi Yamaguchi_S6,0.1476073585545112,false
6,6,Mario_S6,0.14323668506213003,false
6,6,Marissa Jaret Winokur_S6,0.1509742159765689,false
6,6,Marlee Matlin_S6,0.11074400617427481,true
6,6,Shannon Elizabeth_S6,0.15107876363628367,false
6,7,Cristian de la Fuente_S6,0.18464021312591672,false
6,7,Jason Taylor_S6,0.17607329682392586,false
6,7,Kristi Yamaguchi_S6,0.1771531275830512,false
6,7,Mario_S6,0.17484656107829769,false
6,7,Marissa Jaret Winokur_S6,0.17607531305006147,false
6,7,Shannon Elizabeth_S6,0.11121148833874672,true
6,8,Cristian de la Fuente_S6,0.21225303093606956,false
6,8,Jason Taylor_S6,0.2174579284728828,false
6,8,Kristi Yamaguchi_S6,0.21336923771275051,false
6,8,Mario_S6,0.13694055804240587,true
6,8,Marissa Jaret Winokur_S6,0.21997924483589124,false
6,9,Cristian de la Fuente_S6,0.26559993574658414,false
6,9,Jason Taylor_S6,0.2714283358834657,false
6,9,Kristi Yamaguchi_S6,0.2681744004574194,false
6,9,Marissa Jaret Winokur_S6,0.194797327912531,true
6,10,Cristian de la Fuente_S6,0.27643465996277344,false
6,10,Jason Taylor_S6,0.32888220091806664,false
6,10,Kristi Yamaguchi_S6,0.3946831391191596,false
7,1,Brooke Burke_S7,0.07660496982721934,false
7,1,Cloris Leachman_S7,0.08415507341907995,false
7,1,Cody Linley_S7,0.07963399553877352,false
7,1,Jeffrey Ross_S7,0.05891442385106041,true
7,1,Kim Kardashian_S7,0.08261829096270511,false
7,1,Lance Bass_S7,0.07859322984064024,false
7,1,Maurice Greene_S7,0.08274674986363624,false
7,1,Misty May-Treanor_S7,0.08080414647385419,false
7,1,Rocco DiSpirito_S7,0.08286923735330658,false
7,1,Susan Lucci_S7,0.08222745421821569,false
7,1,Ted McGinley_S7,0.04831695968163972,true
7,1,Toni Braxton_S7,0.07912540560790754,false
7,1,Warren Sapp_S7,0.08339006336196106,false
7,2,Brooke Burke_S7,0.0943624791850269,false
7,2,Cloris Leachman_S7,0.10588772239117399,false
7,2,Cody Linley_S7,0.09628660604843749,false
7,2,Kim Kardashian_S7,0.06738326238409881,true
7,2,Lance Bass_S7,0.09757895485839543,false
7,2,Maurice Greene_S7,0.09955800428220175,false
7,2,Misty May-Treanor_S7,0.052037766035799314,true
7,2,Rocco DiSpirito_S7,0.10529913198295052,false
7,2,Susan Lucci_S7,0.09386569689874583,false
7,2,Toni Braxton_S7,0.09121704944718337,false
7,2,Warren Sapp_S7,0.09652332648598619,false
7,3,Brooke Burke_S7,0.10864930468904942,false
7,3,Cloris Leachman_S7,0.10898609515972595,false
7,3,Cody Linley_S7,0.11108743398451101,false
7,3,Lance Bass_S7,0.10994935971690425,false
7,3,Maurice Greene_S7,0.10952960783480857,false
7,3,Rocco DiSpirito_S7,0.11314811050025055,false
7,3,Susan Lucci_S7,0.11057352144250691,false
7,3,Toni Braxton_S7,0.11401575731874275,false
7,3,Warren Sapp_S7,0.11406080935350112,false
7,4,Brooke Burke_S7,0.112149417470246,false
7,4,Cloris Leachman_S7,0.11388045766327756,false
7,4,Cody Linley_S7,0.11569934512803004,false
7,4,Lance Bass_S7,0.11125118198330557,false
7,4,Maurice Greene_S7,0.12026947894521335,false
7,4,Rocco DiSpirito_S7,0.0806535856417544,true
7,4,Susan Lucci_S7,0.11262944789132642,false
7,4,Toni Braxton_S7,0.11481617191126611,false
7,4,Warren Sapp_S7,0.1186509133655799,false
7,5,Brooke Burke_S7,0.12736519117116074,false
7,5,Cloris Leachman_S7,0.13276679059899513,false
7,5,Cody Linley_S7,0.12434961051180116,false
7,5,Lance Bass_S7,0.13596978798391493,false
7,5,Maurice Greene_S7,0.13091782213170217,false
7,5,Susan Lucci_S7,0.1330869509438848,false
7,5,Toni Braxton_S7,0.08344694812090486,true
7,5,Warren Sapp_S7,0.13209689853763587,false
7,6,Brooke Burke_S7,0.14422766710216184,false
7,6,Cloris Leachman_S7,0.11984553636858744,true
7,6,Cody Linley_S7,0.14474496182677005,false
7,6,Lance Bass_S7,0.14197941126066596,false
7,6,Maurice Greene_S7,0.1536884835047097,false
7,6,Susan Lucci_S7,0.1459612027190972,false
7,6,Warren Sapp_S7,0.14955273721800758,false
7,7,Brooke Burke_S7,0.17436933453663028,false
7,7,Cody Linley_S7,0.17939724939276522,false
7,7,Lance Bass_S7,0.17104949035570435,false
7,7,Maurice Greene_S7,0.17955042764328882,false
7,7,Susan Lucci_S7,0.11061879890757083,true
7,7,Warren Sapp_S7,0.185014699164041,false
7,8,Brooke Burke_S7,0.20866524635653627,false
7,8,Cody Linley_S7,0.2154121515938956,false
7,8,Lance Bass_S7,0.2153306363778391,false
7,8,Maurice Greene_S7,0.14534498487052275,true
7,8,Warren Sapp_S7,0.21524698080120722,false
7,9,Brooke Burke_S7,0.2763097526392636,false
7,9,Cody Linley_S7,0.1971727560265692,true
7,9,Lance Bass_S7,0.2529588729684875,false
7,9,Warren Sapp_S7,0.2735586183656802,false
7,10,Brooke Burke_S7,0.39331853811388373,false
7,10,Lance Bass_S7,0.2636035252549345,false
7,10,Warren Sapp_S7,0.343077936631181,false
8,1,Belinda Carlisle_S8,0.07275046094184032,false
8,1,Chuck Wicks_S8,0.07656260374590709,false
8,1,David Alan Grier_S8,0.0810054296084294,false
8,1,Denise Richards_S8,0.08183947764067347,false
8,1,Gilles Marini_S8,0.07976608860104911,false
8,1,Holly Madison_S8,0.07855783763580092,false
8,1,Lawrence Taylor_S8,0.07890250382809345,false
8,1,Lil' Kim_S8,0.07432524882964026,false
8,1,Melissa Rycroft_S8,0.07862048470115161,false
8,1,Shawn Johnson_S8,0.07621611227492985,false
8,1,Steve Wozniak_S8,0.06271783840545793,false
8,1,Steve-O_S8,0.07862752739559598,false
8,1,Ty Murray_S8,0.0801083863914311,false
8,2,Belinda Carlisle_S8,0.04710710460704369,true
8,2,Chuck Wicks_S8,0.07813052787967661,false
8,2,David Alan Grier_S8,0.08224459719256229,false
8,2,Denise Richards_S8,0.08193367640088724,false
8,2,Gilles Marini_S8,0.07905278293654715,false
8,2,Holly Madison_S8,0.07952070345614141,false
8,2,Lawrence Taylor_S8,0.07997299920412639,false
8,2,Lil' Kim_S8,0.07563355825417926,false
8,2,Melissa Rycroft_S8,0.07718990343061118,false
8,2,Shawn Johnson_S8,0.07673849699693967,false
8,2,Steve Wozniak_S8,0.07481200620333603,false
8,2,Steve-O_S8,0.08641019034978556,false
8,2,Ty Murray_S8,0.08125345308816491,false
8,3,Chuck Wicks_S8,0.08522092527689233,false
8,3,David Alan Grier_S8,0.08536449427683053,false
8,3,Denise Richards_S8,0.052073346034076415,true
8,3,Gilles Marini_S8,0.0861307033741157,false
8,3,Holly Madison_S8,0.0876112309735003,false
8,3,Lawrence Taylor_S8,0.08508302552613789,false
8,3,Lil' Kim_S8,0.0860876596616923,false
8,3,Melissa Rycroft_S8,0.07997758851922361,false
8,3,Shawn Johnson_S8,0.08478308517344806,false
8,3,Steve Wozniak_S8,0.09163170955344765,false
8,3,Steve-O_S8,0.08966565571431369,false
8,3,Ty Murray_S8,0.08637057591632143,false
8,4,Chuck Wicks_S8,0.09338534443620965,false
8,4,David Alan Grier_S8,0.09223366388183474,false
8,4,Gilles Marini_S8,0.09308587856637787,false
8,4,Holly Madison_S8,0.07014304934931564,true
8,4,Lawrence Taylor_S8,0.09962120366583821,false
8,4,Lil' Kim_S8,0.09461584873585677,false
8,4,Melissa Rycroft_S8,0.08863974882192086,false
8,4,Shawn Johnson_S8,0.0953198546333317,false
8,4,Steve Wozniak_S8,0.07027258869035873,true
8,4,Steve-O_S8,0.10599841675771537,false
8,4,Ty Murray_S8,0.0966844024612406,false
8,5,Chuck Wicks_S8,0.114636805807483,false
8,5,David Alan Grier_S8,0.06645860757569562,true
8,5,Gilles Marini_S8,0.11194411451205744,false
8,5,Lawrence Taylor_S8,0.12188987850047166,false
8,5,Lil' Kim_S8,0.11295667172672587,false
8,5,Melissa Rycroft_S8,0.11364597511152087,false
8,5,Shawn Johnson_S8,0.11333187294074124,false
8,5,Steve-O_S8,0.12335602682104274,false
8,5,Ty Murray_S8,0.12178004700426176,false
8,6,Chuck Wicks_S8,0.12708009097841483,false
8,6,Gilles Marini_S8,0.13008698079056036,false
8,6,Lawrence Taylor_S8,0.13130074959454455,false
8,6,Lil' Kim_S8,0.12463470962748144,false
8,6,Melissa Rycroft_S8,0.12151816032822277,false
8,6,Shawn Johnson_S8,0.12390741779177133,false
8,6,Steve-O_S8,0.10165162240929251,true
8,6,Ty Murray_S8,0.13982026847971207,false
8,7,Chuck Wicks_S8,0.1468391566587155,false
8,7,Gilles Marini_S8,0.15075600227700908,false
8,7,Lawrence Taylor_S8,0.11115430484756882,true
8,7,Lil' Kim_S8,0.14776913895710028,false
8,7,Melissa Rycroft_S8,0.14483042650160494,false
8,7,Shawn Johnson_S8,0.14520273808532058,false
8,7,Ty Murray_S8,0.1534482326726807,false
8,8,Chuck Wicks_S8,0.1114348105585246,true
8,8,Gilles Marini_S8,0.1761195085206348,false
8,8,Lil' Kim_S8,0.1736945309318292,false
8,8,Melissa Rycroft_S8,0.184384270706162,false
8,8,Shawn Johnson_S8,0.1754173887920461,false
8,8,Ty Murray_S8,0.1789494904908023,false
8,9,Gilles Marini_S8,0.2160590302051093,false
8,9,Lil' Kim_S8,0.14128713091416997,true
8,9,Melissa Rycroft_S8,0.20798315004003126,false
8,9,Shawn Johnson_S8,0.20850669169719852,false
8,9,Ty Murray_S8,0.2261639971434916,false
8,10,Gilles Marini_S8,0.26339488451618337,false
8,10,Melissa Rycroft_S8,0.2688827994245128,false
8,10,Shawn Johnson_S8,0.262571689953892,false
8,10,Ty Murray_S8,0.20515062610541118,true
8,11,Gilles Marini_S8,0.3350681297581863,false
8,11,Melissa Rycroft_S8,0.2667972620713063,false
8,11,Shawn Johnson_S8,0.3981346081705075,false
9,1,Aaron Carter_S9,0.062331685690008604,false
9,1,Ashley Hamiliton_S9,0.045124205195461446,true
9,1,Chuck Liddell_S9,0.06791852198844878,false
9,1,Debi Mazar_S9,0.06749878531513243,false
9,1,Donny Osmond_S9,0.06458661025928387,false
9,1,Joanna Krupa_S9,0.051189817006715425,false
9,1,Kathy Ireland_S9,0.0636799711016001,false
9,1,Kelly Osbourne_S9,0.06419243356894463,false
9,1,Louie Vito_S9,0.0655371737121838,false
9,1,Macy Gray_S9,0.04448959863989822,true
9,1,Mark Dacascos_S9,0.06717167284051392,false
9,1,Melissa Joan Hart_S9,0.06673726599384851,false
9,1,Michael Irvin_S9,0.07134055840212201,false
9,1,Mya_S9,0.06594142788184765,false
9,1,Natalie Coughlin_S9,0.06729583961596883,false
9,1,Tom DeLay_S9,0.0649644327880218,false
9,2,Aaron Carter_S9,0.0752824737455658,false
9,2,Chuck Liddell_S9,0.07561782696924159,false
9,2,Debi Mazar_S9,0.07521950204975152,false
9,2,Donny Osmond_S9,0.07220272957982163,false
9,2,Joanna Krupa_S9,0.06717792548887407,false
9,2,Kathy Ireland_S9,0.04049019128809044,true
9,2,Kelly Osbourne_S9,0.07454161958655277,false
9,2,Louie Vito_S9,0.07524188137605864,false
9,2,Mark Dacascos_S9,0.07398725980917202,false
9,2,Melissa Joan Hart_S9,0.07694832440632476,false
9,2,Michael Irvin_S9,0.07771040576745714,false
9,2,Mya_S9,0.07121564018929827,false
9,2,Natalie Coughlin_S9,0.07571456409229274,false
9,2,Tom DeLay_S9,0.06864965565149865,false
9,3,Aaron Carter_S9,0.07918181660551818,false
9,3,Chuck Liddell_S9,0.08665445084164322,false
9,3,Debi Mazar_S9,0.03276924662295205,true
9,3,Donny Osmond_S9,0.08050874514220653,false
9,3,Joanna Krupa_S9,0.07207781076130743,false
9,3,Kelly Osbourne_S9,0.0813459872054776,false
9,3,Louie Vito_S9,0.08492746480486649,false
9,3,Mark Dacascos_S9,0.08529124475924324,false
9,3,Melissa Joan Hart_S9,0.0857186558338507,false
9,3,Michael Irvin_S9,0.0903608907845036,false
9,3,Mya_S9,0.08128819175737591,false
9,3,Natalie Coughlin_S9,0.0850553304304128,false
9,3,Tom DeLay_S9,0.05482016445064264,true
9,4,Aaron Carter_S9,0.09654397382231536,false
9,4,Chuck Liddell_S9,0.06475700146257475,true
9,4,Donny Osmond_S9,0.09262634733682563,false
9,4,Joanna Krupa_S9,0.08232859572843326,false
9,4,Kelly Osbourne_S9,0.09123127622402039,false
9,4,Louie Vito_S9,0.09910405543904478,false
9,4,Mark Dacascos_S9,0.09417243205592199,false
9,4,Melissa Joan Hart_S9,0.09109808653522201,false
9,4,Michael Irvin_S9,0.1015923074378832,false
9,4,Mya_S9,0.09392222462330482,false
9,4,Natalie Coughlin_S9,0.0926236993344546,false
9,5,Aaron Carter_S9,0.10322199607619134,false
9,5,Donny Osmond_S9,0.10134365024463861,false
9,5,Joanna Krupa_S9,0.09560106870251182,false
9,5,Kelly Osbourne_S9,0.10444179469967957,false
9,5,Louie Vito_S9,0.10806830885988745,false
9,5,Mark Dacascos_S9,0.10265307366621354,false
9,5,Melissa Joan Hart_S9,0.10784594884368692,false
9,5,Michael Irvin_S9,0.10834487935859484,false
9,5,Mya_S9,0.10131638113754203,false
9,5,Natalie Coughlin_S9,0.06716289841105419,true
9,6,Aaron Carter_S9,0.11281894444637004,false
9,6,Donny Osmond_S9,0.11708113798682963,false
9,6,Joanna Krupa_S9,0.1047848833989736,false
9,6,Kelly Osbourne_S9,0.12554335887325335,false
9,6,Louie Vito_S9,0.0867734729704513,true
9,6,Mark Dacascos_S9,0.116720288186623,false
9,6,Melissa Joan Hart_S9,0.08946067908075542,true
9,6,Michael Irvin_S9,0.13283708102221828,false
9,6,Mya_S9,0.11398015403452462,false
9,7,Aaron Carter_S9,0.15308234920050706,false
9,7,Donny Osmond_S9,0.15671544743258808,false
9,7,Joanna Krupa_S9,0.1424530279538398,false
9,7,Kelly Osbourne_S9,0.15603871631380503,false
9,7,Mark Dacascos_S9,0.11921600739995245,true
9,7,Michael Irvin_S9,0.11355981799832232,true
9,7,Mya_S9,0.15893463370098485,false
9,8,Aaron Carter_S9,0.1429382232106767,true
9,8,Donny Osmond_S9,0.2255973293187744,false
9,8,Joanna Krupa_S9,0.20081365478570773,false
9,8,Kelly Osbourne_S9,0.21949463284104503,false
9,8,Mya_S9,0.21115615984379565,false
9,9,Donny Osmond_S9,0.281690967907942,false
9,9,Joanna Krupa_S9,0.16906748228620305,true
9,9,Kelly Osbourne_S9,0.2785494851422818,false
9,9,Mya_S9,0.2706920646635737,false
9,10,Donny Osmond_S9,0.3977568190111153,false
9,10,Kelly Osbourne_S9,0.27350811545012577,false
9,10,Mya_S9,0.32873506553875753,false
10,1,Aiden Turner_S10,0.09749935718072023,false
10,1,Buzz Aldrin_S10,0.06652731342984024,false
10,1,Chad Ochocinco_S10,0.09851692809982013,false
10,1,Erin Andrews_S10,0.07425063895695634,false
10,1,Evan Lysacek_S10,0.0991491317525388,false
10,1,Jake Pavelka_S10,0.09633127993839047,false
10,1,Kate Gosselin_S10,0.09551704349583089,false
10,1,Nicole Scherzinger_S10,0.09446924717381065,false
10,1,Niecy Nash_S10,0.09877842072435077,false
10,1,Pamela Anderson_S10,0.0823844732242858,false
10,1,Shannen Doherty_S10,0.09657616602345527,false
10,2,Aiden Turner_S10,0.09908556851743988,false
10,2,Buzz Aldrin_S10,0.09550044467513832,false
10,2,Chad Ochocinco_S10,0.10391843690579568,false
10,2,Erin Andrews_S10,0.08040534933563175,false
10,2,Evan Lysacek_S10,0.09943028362584441,false
10,2,Jake Pavelka_S10,0.09891763661846956,false
10,2,Kate Gosselin_S10,0.10103503621736866,false
10,2,Nicole Scherzinger_S10,0.09497823890355758,false
10,2,Niecy Nash_S10,0.09724588592286715,false
10,2,Pamela Anderson_S10,0.08707286444274046,false
10,2,Shannen Doherty_S10,0.04241025483514596,true
10,3,Aiden Turner_S10,0.10567556231716964,false
10,3,Buzz Aldrin_S10,0.06830701163936714,true
10,3,Chad Ochocinco_S10,0.10809450649643439,false
10,3,Erin Andrews_S10,0.08927746463790118,false
10,3,Evan Lysacek_S10,0.10499154986148622,false
10,3,Jake Pavelka_S10,0.10891508328695038,false
10,3,Kate Gosselin_S10,0.11103980587606321,false
10,3,Nicole Scherzinger_S10,0.1044343249622742,false
10,3,Niecy Nash_S10,0.10729525027496803,false
10,3,Pamela Anderson_S10,0.09196944064738653,false
10,4,Aiden Turner_S10,0.0815579471747477,true
10,4,Chad Ochocinco_S10,0.11886230952260587,false
10,4,Erin Andrews_S10,0.10252955488233971,false
10,4,Evan Lysacek_S10,0.11413970385984139,false
10,4,Jake Pavelka_S10,0.11972064675547459,false
10,4,Kate Gosselin_S10,0.12740050880583265,false
10,4,Nicole Scherzinger_S10,0.1134559371812782,false
10,4,Niecy Nash_S10,0.12082311544462317,false
10,4,Pamela Anderson_S10,0.10151027637325609,false
10,5,Chad Ochocinco_S10,0.14224204801843937,false
10,5,Erin Andrews_S10,0.1094370318194688,false
10,5,Evan Lysacek_S10,0.13262990387048884,false
10,5,Jake Pavelka_S10,0.1317804618523027,false
10,5,Kate Gosselin_S10,0.10174514720244282,true
10,5,Nicole Scherzinger_S10,0.12775574621734775,false
10,5,Niecy Nash_S10,0.13799388896730586,false
10,5,Pamela Anderson_S10,0.11641577205220452,false
10,6,Chad Ochocinco_S10,0.15595284146468208,false
10,6,Erin Andrews_S10,0.12690205162226312,false
10,6,Evan Lysacek_S10,0.15900134186866238,false
10,6,Jake Pavelka_S10,0.10735753433396127,true
10,6,Nicole Scherzinger_S10,0.15112805425171302,false
10,6,Niecy Nash_S10,0.159134868177884,false
10,6,Pamela Anderson_S10,0.14052330828083456,false
10,7,Chad Ochocinco_S10,0.18589741006629038,false
10,7,Erin Andrews_S10,0.1575249090617937,false
10,7,Evan Lysacek_S10,0.18509702880684106,false
10,7,Nicole Scherzinger_S10,0.1796014928281879,false
10,7,Niecy Nash_S10,0.18785124161838587,false
10,7,Pamela Anderson_S10,0.10402791761850133,true
10,8,Chad Ochocinco_S10,0.22718016256797202,false
10,8,Erin Andrews_S10,0.18806626097805754,false
10,8,Evan Lysacek_S10,0.21377095539258179,false
10,8,Nicole Scherzinger_S10,0.21002125450039644,false
10,8,Niecy Nash_S10,0.16096136656099105,true
10,9,Chad Ochocinco_S10,0.20177769873558038,true
10,9,Erin Andrews_S10,0.24728026329142047,false
10,9,Evan Lysacek_S10,0.2807390269712083,false
10,9,Nicole Scherzinger_S10,0.27020301100179017,false
10,10,Erin Andrews_S10,0.24284351685055464,false
10,10,Evan Lysacek_S10,0.34690304225595453,false
10,10,Nicole Scherzinger_S10,0.41025344089349025,false
11,1,Audrina Patridge_S11,0.08307178054445286,false
11,1,Brandy_S11,0.08740987182194061,false
11,1,Bristol Palin_S11,0.08701168271878287,false
11,1,David Hasselhoff_S11,0.05718140294386305,true
11,1,Florence Henderson_S11,0.0830440868939909,false
11,1,Jennifer Grey_S11,0.08673760939595766,false
11,1,Kurt Warner_S11,0.08575544731042045,false
11,1,Kyle Massey_S11,0.08302536588237554,false
11,1,Margaret Cho_S11,0.08401037850168698,false
11,1,Michael Bolton_S11,0.08678562138104656,false
11,1,Rick Fox_S11,0.08659188358968081,false
11,1,The Situation_S11,0.08937486901580131,false
11,2,Audrina Patridge_S11,0.09158069569677474,false
11,2,Brandy_S11,0.09120124909601307,false
11,2,Bristol Palin_S11,0.08922113139312453,false
11,2,Florence Henderson_S11,0.09212772601382196,false
11,2,Jennifer Grey_S11,0.092943281904083,false
11,2,Kurt Warner_S11,0.09384197681756196,false
11,2,Kyle Massey_S11,0.09162445620280434,false
11,2,Margaret Cho_S11,0.08901207521351345,false
11,2,Michael Bolton_S11,0.07593244379948119,true
11,2,Rick Fox_S11,0.09588688342569236,false
11,2,The Situation_S11,0.0966280804371297,false
11,3,Audrina Patridge_S11,0.09911532390504556,false
11,3,Brandy_S11,0.10143201628984272,false
11,3,Bristol Palin_S11,0.10476480559150156,false
11,3,Florence Henderson_S11,0.10473706262912498,false
11,3,Jennifer Grey_S11,0.1028488339777225,false
11,3,Kurt Warner_S11,0.1053313104610292,false
11,3,Kyle Massey_S11,0.10294792664412093,false
11,3,Margaret Cho_S11,0.0649168100580276,true
11,3,Rick Fox_S11,0.10789096240247956,false
11,3,The Situation_S11,0.10601494804110499,false
11,4,Audrina Patridge_S11,0.1110195797586462,false
11,4,Brandy_S11,0.1120554196548271,false
11,4,Bristol Palin_S11,0.11582868924592575,false
11,4,Florence Henderson_S11,0.11377647988163146,false
11,4,Jennifer Grey_S11,0.11008865320479788,false
11,4,Kurt Warner_S11,0.11921007612000811,false
11,4,Kyle Massey_S11,0.11517639626444452,false
11,4,Rick Fox_S11,0.11715256539044264,false
11,4,The Situation_S11,0.08569214047927678,true
11,5,Audrina Patridge_S11,0.13125623638124367,false
11,5,Brandy_S11,0.1262875690719533,false
11,5,Bristol Palin_S11,0.1372790361855613,false
11,5,Florence Henderson_S11,0.07923461532581264,true
11,5,Jennifer Grey_S11,0.12722730392292186,false
11,5,Kurt Warner_S11,0.1313264557673581,false
11,5,Kyle Massey_S11,0.13404022842914093,false
11,5,Rick Fox_S11,0.13334855491600794,false
11,6,Audrina Patridge_S11,0.06720696452794561,true
11,6,Brandy_S11,0.14618277440910513,false
11,6,Bristol Palin_S11,0.1547101570700704,false
11,6,Jennifer Grey_S11,0.1546095276073999,false
11,6,Kurt Warner_S11,0.16955954146859445,false
11,6,Kyle Massey_S11,0.1541307088572055,false
11,6,Rick Fox_S11,0.1536003260596784,false
11,7,Brandy_S11,0.1722441677212551,false
11,7,Bristol Palin_S11,0.18075822618961535,false
11,7,Jennifer Grey_S11,0.17250064686899588,false
11,7,Kurt Warner_S11,0.18121113881059175,false
11,7,Kyle Massey_S11,0.17938038064855286,false
11,7,Rick Fox_S11,0.11390543976098996,true
11,8,Brandy_S11,0.20876983815019345,false
11,8,Bristol Palin_S11,0.22005074562883029,false
11,8,Jennifer Grey_S11,0.2100909919369258,false
11,8,Kurt Warner_S11,0.1525123141985626,true
11,8,Kyle Massey_S11,0.20857611008548796,false
11,9,Brandy_S11,0.1827637627174753,true
11,9,Bristol Palin_S11,0.28112082244054093,false
11,9,Jennifer Grey_S11,0.2677785182283631,false
11,9,Kyle Massey_S11,0.26833689661362015,false
11,10,Bristol Palin_S11,0.27354744581739626,false
11,10,Jennifer Grey_S11,0.3898969294407686,false
11,10,Kyle Massey_S11,0.33655562474183454,false
12,1,Chelsea Kane_S12,0.09147285350635467,false
12,1,Chris Jericho_S12,0.09604912604169522,false
12,1,Hines Ward_S12,0.09641888981456882,false
12,1,Kendra Wilkinson_S12,0.09191836654095528,false
12,1,Kirstie Alley_S12,0.09352072019326246,false
12,1,Mike Catherwood_S12,0.08054497878648517,false
12,1,Petra Nemcova_S12,0.07818971428814615,false
12,1,Ralph Macchio_S12,0.09412465985758305,false
12,1,Romeo_S12,0.09165782048557883,false
12,1,Sugar Ray Leonard_S12,0.09180781717481912,false
12,1,Wendy Williams_S12,0.09429505331055102,false
12,2,Chelsea Kane_S12,0.09859423919062214,false
12,2,Chris Jericho_S12,0.09783131725491978,false
12,2,Hines Ward_S12,0.09560453480724625,false
12,2,Kendra Wilkinson_S12,0.09516161375119726,false
12,2,Kirstie Alley_S12,0.09418475288162949,false
12,2,Mike Catherwood_S12,0.05077300430307527,true
12,2,Petra Nemcova_S12,0.08530972343656187,false
12,2,Ralph Macchio_S12,0.09339447340436345,false
12,2,Romeo_S12,0.09206488532416048,false
12,2,Sugar Ray Leonard_S12,0.09805787561995667,false
12,2,Wendy Williams_S12,0.09902358002626721,false
12,3,Chelsea Kane_S12,0.10279602299586024,false
12,3,Chris Jericho_S12,0.10659071281463155,false
12,3,Hines Ward_S12,0.1068485626895452,false
12,3,Kendra Wilkinson_S12,0.10081175832069339,false
12,3,Kirstie Alley_S12,0.10309247481611372,false
12,3,Petra Nemcova_S12,0.08981488171590687,false
12,3,Ralph Macchio_S12,0.10345347698946097,false
12,3,Romeo_S12,0.10322885388665462,false
12,3,Sugar Ray Leonard_S12,0.10627254702831986,false
12,3,Wendy Williams_S12,0.0770907087428136,true
12,4,Chelsea Kane_S12,0.11345814235384508,false
12,4,Chris Jericho_S12,0.11934129481155245,false
12,4,Hines Ward_S12,0.11584641428356753,false
12,4,Kendra Wilkinson_S12,0.12497682078066838,false
12,4,Kirstie Alley_S12,0.11875509391210866,false
12,4,Petra Nemcova_S12,0.10436541843485975,false
12,4,Ralph Macchio_S12,0.11549446550907036,false
12,4,Romeo_S12,0.11279983856994272,false
12,4,Sugar Ray Leonard_S12,0.07496251134438511,true
12,5,Chelsea Kane_S12,0.1296865277760047,false
12,5,Chris Jericho_S12,0.13205205787898272,false
12,5,Hines Ward_S12,0.12880102363370144,false
12,5,Kendra Wilkinson_S12,0.13262144813201548,false
12,5,Kirstie Alley_S12,0.1330026236402936,false
12,5,Petra Nemcova_S12,0.08091902977940288,true
12,5,Ralph Macchio_S12,0.1353428359700278,false
12,5,Romeo_S12,0.12757445318957158,false
12,6,Chelsea Kane_S12,0.14248803629965912,false
12,6,Chris Jericho_S12,0.10917252469471332,true
12,6,Hines Ward_S12,0.1499418704407085,false
12,6,Kendra Wilkinson_S12,0.1496443956581852,false
12,6,Kirstie Alley_S12,0.15049038752372465,false
12,6,Ralph Macchio_S12,0.15356151481049216,false
12,6,Romeo_S12,0.14470127057251606,false
12,7,Chelsea Kane_S12,0.17674825903539554,false
12,7,Hines Ward_S12,0.17402853689711464,false
12,7,Kendra Wilkinson_S12,0.11599119661834,true
12,7,Kirstie Alley_S12,0.17956003060138867,false
12,7,Ralph Macchio_S12,0.17805638606604737,false
12,7,Romeo_S12,0.17561559078171313,false
12,8,Chelsea Kane_S12,0.2073376289181881,false
12,8,Hines Ward_S12,0.21926936290287513,false
12,8,Kirstie Alley_S12,0.20975062920243792,false
12,8,Ralph Macchio_S12,0.2254243493349419,false
12,8,Romeo_S12,0.1382180296415572,true
12,9,Chelsea Kane_S12,0.25658032049700397,false
12,9,Hines Ward_S12,0.2686579496762307,false
12,9,Kirstie Alley_S12,0.26920882696258797,false
12,9,Ralph Macchio_S12,0.20555290286417696,true
12,10,Chelsea Kane_S12,0.2550109951208495,false
12,10,Hines Ward_S12,0.40241766108637883,false
12,10,Kirstie Alley_S12,0.34257134379277193,false
13,1,Carson Kressley_S13,0.08687687447558677,false
13,1,Chaz Bono_S13,0.08396145459487295,false
13,1,Chynna Phillips_S13,0.0829707465043482,false
13,1,David Arquette_S13,0.08579855572470514,false
13,1,Elisabetta Canalis_S13,0.08934339078605946,false
13,1,Hope Solo_S13,0.08569086035840467,false
13,1,J.R. Martinez_S13,0.0840159084697888,false
13,1,Kristin Cavallari_S13,0.0838856637044936,false
13,1,Metta World Peace (Ron)_S13,0.06024141713391191,true
13,1,Nancy Grace_S13,0.08766543009725596,false
13,1,Ricki Lake_S13,0.08256980079118571,false
13,1,Rob Kardashian_S13,0.08697989735938702,false
13,2,Carson Kressley_S13,0.0989089718189892,false
13,2,Chaz Bono_S13,0.0995269620230153,false
13,2,Chynna Phillips_S13,0.0934076202280957,false
13,2,David Arquette_S13,0.09777366343199509,false
13,2,Elisabetta Canalis_S13,0.0499786277361693,true
13,2,Hope Solo_S13,0.09600817161108277,false
13,2,J.R. Martinez_S13,0.09316758041279202,false
13,2,Kristin Cavallari_S13,0.09232958908949969,false
13,2,Nancy Grace_S13,0.09119681265078006,false
13,2,Ricki Lake_S13,0.09542234148784753,false
13,2,Rob Kardashian_S13,0.09227965950973398,false
13,3,Carson Kressley_S13,0.10517791963598018,false
13,3,Chaz Bono_S13,0.11053307071449779,false
13,3,Chynna Phillips_S13,0.10228005177475616,false
13,3,David Arquette_S13,0.10521896846685934,false
13,3,Hope Solo_S13,0.10469765901351052,false
13,3,J.R. Martinez_S13,0.10402147933382229,false
13,3,Kristin Cavallari_S13,0.05533529195302777,true
13,3,Nancy Grace_S13,0.10477394226106362,false
13,3,Ricki Lake_S13,0.10343183248016492,false
13,3,Rob Kardashian_S13,0.10452978436631809,false
13,4,Carson Kressley_S13,0.120663219165292,false
13,4,Chaz Bono_S13,0.1188974433530541,false
13,4,Chynna Phillips_S13,0.07246106516596294,true
13,4,David Arquette_S13,0.1169451247945851,false
13,4,Hope Solo_S13,0.11704632850183522,false
13,4,J.R. Martinez_S13,0.11216919320344182,false
13,4,Nancy Grace_S13,0.11579029829464152,false
13,4,Ricki Lake_S13,0.11155785846234238,false
13,4,Rob Kardashian_S13,0.1144694690588449,false
13,5,Carson Kressley_S13,0.09446897281574006,true
13,5,Chaz Bono_S13,0.12994016389198984,false
13,5,David Arquette_S13,0.12930705283965963,false
13,5,Hope Solo_S13,0.13322491441416182,false
13,5,J.R. Martinez_S13,0.12393436788892749,false
13,5,Nancy Grace_S13,0.131591771808738,false
13,5,Ricki Lake_S13,0.13137911055355764,false
13,5,Rob Kardashian_S13,0.12615364578722582,false
13,6,Chaz Bono_S13,0.10978582323331414,true
13,6,David Arquette_S13,0.15119305789636298,false
13,6,Hope Solo_S13,0.1542603564596592,false
13,6,J.R. Martinez_S13,0.14299345413877307,false
13,6,Nancy Grace_S13,0.14591310159291473,false
13,6,Ricki Lake_S13,0.14634386294126608,false
13,6,Rob Kardashian_S13,0.14951034373771008,false
13,7,David Arquette_S13,0.11618819351827682,true
13,7,Hope Solo_S13,0.17352914608769296,false
13,7,J.R. Martinez_S13,0.178452926202228,false
13,7,Nancy Grace_S13,0.1826628525191299,false
13,7,Ricki Lake_S13,0.1749012187903961,false
13,7,Rob Kardashian_S13,0.17426566288227788,false
13,8,Hope Solo_S13,0.2119589692866038,false
13,8,J.R. Martinez_S13,0.2076734201862917,false
13,8,Nancy Grace_S13,0.15725427408435186,true
13,8,Ricki Lake_S13,0.21217859780923473,false
13,8,Rob Kardashian_S13,0.21093473863351797,false
13,9,Hope Solo_S13,0.2101565128006988,true
13,9,J.R. Martinez_S13,0.2707290643727996,false
13,9,Ricki Lake_S13,0.25926515068710126,false
13,9,Rob Kardashian_S13,0.2598492721394004,false
13,10,J.R. Martinez_S13,0.4062421307983485,false
13,10,Ricki Lake_S13,0.2623775466765698,false
13,10,Rob Kardashian_S13,0.33138032252507943,false
14,1,Donald Driver_S14,0.08414324410796935,false
14,1,Gavin DeGraw_S14,0.07890103844567771,false
14,1,Gladys Knight_S14,0.08281002564087803,false
14,1,Jack Wagner_S14,0.08577527325275704,false
14,1,Jaleel White_S14,0.08395425393615776,false
14,1,Katherine Jenkins_S14,0.08213482751756755,false
14,1,Maria Menounos_S14,0.08146585895214047,false
14,1,Martina Navratilova_S14,0.08538465793331593,false
14,1,Melissa Gilbert_S14,0.08359754313058736,false
14,1,Roshon Fegan_S14,0.08309850312762249,false
14,1,Sherri Sheperd_S14,0.08423670590772754,false
14,1,William Levy_S14,0.08449806804759845,false
14,2,Donald Driver_S14,0.08394074213861542,false
14,2,Gavin DeGraw_S14,0.087213961169785,false
14,2,Gladys Knight_S14,0.0860833705950798,false
14,2,Jack Wagner_S14,0.08379577758640927,false
14,2,Jaleel White_S14,0.08798839883049163,false
14,2,Katherine Jenkins_S14,0.08158031674932202,false
14,2,Maria Menounos_S14,0.08416874429082559,false
14,2,Martina Navratilova_S14,0.06149191618481045,true
14,2,Melissa Gilbert_S14,0.08817456830233182,false
14,2,Roshon Fegan_S14,0.08269485940686858,false
14,2,Sherri Sheperd_S14,0.08791023358791543,false
14,2,William Levy_S14,0.08495711115754498,false
14,3,Donald Driver_S14,0.0964441787004418,false
14,3,Gavin DeGraw_S14,0.09380447523635643,false
14,3,Gladys Knight_S14,0.09332386013661216,false
14,3,Jack Wagner_S14,0.056305197533177385,true
14,3,Jaleel White_S14,0.09669459963874269,false
14,3,Katherine Jenkins_S14,0.08935292452701403,false
14,3,Maria Menounos_S14,0.09260026306671199,false
14,3,Melissa Gilbert_S14,0.09784531386642863,false
14,3,Roshon Fegan_S14,0.09136591218086389,false
14,3,Sherri Sheperd_S14,0.09810332789518658,false
14,3,William Levy_S14,0.0941599472184648,false
14,4,Donald Driver_S14,0.09980230086302108,false
14,4,Gavin DeGraw_S14,0.10532860350532662,false
14,4,Gladys Knight_S14,0.10507153644703704,false
14,4,Jaleel White_S14,0.10902697725779226,false
14,4,Katherine Jenkins_S14,0.10102729159709292,false
14,4,Maria Menounos_S14,0.10018755092606772,false
14,4,Melissa Gilbert_S14,0.10591286256721029,false
14,4,Roshon Fegan_S14,0.09943582543907101,false
14,4,Sherri Sheperd_S14,0.06850356519640613,true
14,4,William Levy_S14,0.10570348620097517,false
14,5,Donald Driver_S14,0.11667188223238861,false
14,5,Gavin DeGraw_S14,0.07865306714259382,true
14,5,Gladys Knight_S14,0.11343715891251806,false
14,5,Jaleel White_S14,0.11711399591340844,false
14,5,Katherine Jenkins_S14,0.1100067654558972,false
14,5,Maria Menounos_S14,0.11686300014258119,false
14,5,Melissa Gilbert_S14,0.11667716332015995,false
14,5,Roshon Fegan_S14,0.11355850355070404,false
14,5,William Levy_S14,0.11701846332974859,false
14,6,Donald Driver_S14,0.13088479467600586,false
14,6,Gladys Knight_S14,0.09593677626179888,true
14,6,Jaleel White_S14,0.12376557175491743,false
14,6,Katherine Jenkins_S14,0.1266179067925962,false
14,6,Maria Menounos_S14,0.13076007060073278,false
14,6,Melissa Gilbert_S14,0.13190370178473837,false
14,6,Roshon Fegan_S14,0.13463300745241757,false
14,6,William Levy_S14,0.1254981706767927,false
14,7,Donald Driver_S14,0.14629327688923607,false
14,7,Jaleel White_S14,0.09747795892512662,true
14,7,Katherine Jenkins_S14,0.1477706911499156,false
14,7,Maria Menounos_S14,0.14550933278833883,false
14,7,Melissa Gilbert_S14,0.15925050423243464,false
14,7,Roshon Fegan_S14,0.1525482772128294,false
14,7,William Levy_S14,0.1511499588021196,false
14,8,Donald Driver_S14,0.18853454746146595,false
14,8,Katherine Jenkins_S14,0.18830002076137378,false
14,8,Maria Menounos_S14,0.18995463771560453,false
14,8,Melissa Gilbert_S14,0.12737379387172038,true
14,8,Roshon Fegan_S14,0.12153456862788714,true
14,8,William Levy_S14,0.18430243156194892,false
14,9,Donald Driver_S14,0.2741423576708617,false
14,9,Katherine Jenkins_S14,0.27446611056968634,false
14,9,Maria Menounos_S14,0.17701402999624236,true
14,9,William Levy_S14,0.27437750176320824,false
14,10,Donald Driver_S14,0.40631504999675416,false
14,10,Katherine Jenkins_S14,0.329327805780219,false
14,10,William Levy_S14,0.2643571442230264,false
15,1,Apolo Anton Ohno_S15,0.07994421825621817,false
15,1,Bristol Palin_S15,0.07940889599368485,false
15,1,Drew Lachey_S15,0.07903945408428957,false
15,1,Emmitt Smith_S15,0.07963331373408865,false
15,1,Gilles Marini_S15,0.07918120585873338,false
15,1,Helio Castroneves_S15,0.08274266848896371,false
15,1,Joey Fatone_S15,0.07852969462011467,false
15,1,Kelly Monaco_S15,0.0802089762458298,false
15,1,Kirstie Alley_S15,0.07889372148298833,false
15,1,Melissa Rycroft_S15,0.07997372048865334,false
15,1,Pamela Anderson_S15,0.04714201181939164,true
15,1,Sabrina Bryan_S15,0.07725595331637065,false
15,1,Shawn Johnson_S15,0.07804616561067321,false
15,2,Apolo Anton Ohno_S15,0.08478183795826208,false
15,2,Bristol Palin_S15,0.09162622775918351,false
15,2,Drew Lachey_S15,0.08663625373772033,false
15,2,Emmitt Smith_S15,0.08567957849249935,false
15,2,Gilles Marini_S15,0.0891889954864678,false
15,2,Helio Castroneves_S15,0.09151147724030753,false
15,2,Joey Fatone_S15,0.04678179791875254,true
15,2,Kelly Monaco_S15,0.0858479331674104,false
15,2,Kirstie Alley_S15,0.0844603767484525,false
15,2,Melissa Rycroft_S15,0.08478219536695625,false
15,2,Sabrina Bryan_S15,0.08470370387738187,false
15,2,Shawn Johnson_S15,0.08399962224660536,false
15,3,Apolo Anton Ohno_S15,0.09630524412678211,false
15,3,Bristol Palin_S15,0.10122602396418386,false
15,3,Drew Lachey_S15,0.06097895220483341,true
15,3,Emmitt Smith_S15,0.0993607689585252,false
15,3,Gilles Marini_S15,0.0984965591289124,false
15,3,Helio Castroneves_S15,0.05882034877736355,true
15,3,Kelly Monaco_S15,0.09734709158893823,false
15,3,Kirstie Alley_S15,0.0972723110718443,false
15,3,Melissa Rycroft_S15,0.09719534152739392,false
15,3,Sabrina Bryan_S15,0.09628395021588,false
15,3,Shawn Johnson_S15,0.09671340843534404,false
15,4,Apolo Anton Ohno_S15,0.1169700478845316,false
15,4,Bristol Palin_S15,0.07422326374148623,true
15,4,Emmitt Smith_S15,0.1170011319547125,false
15,4,Gilles Marini_S15,0.11270655214228549,false
15,4,Kelly Monaco_S15,0.11666303718403974,false
15,4,Kirstie Alley_S15,0.11898729431543326,false
15,4,Melissa Rycroft_S15,0.11893193724325164,false
15,4,Sabrina Bryan_S15,0.11408731741099343,false
15,4,Shawn Johnson_S15,0.11042941812326619,false
15,5,Apolo Anton Ohno_S15,0.12686210262881986,false
15,5,Emmitt Smith_S15,0.12781692107206058,false
15,5,Gilles Marini_S15,0.12266628768843961,false
15,5,Kelly Monaco_S15,0.12380691939251721,false
15,5,Kirstie Alley_S15,0.12384328352315072,false
15,5,Melissa Rycroft_S15,0.12412142017766428,false
15,5,Sabrina Bryan_S15,0.1243064972071611,false
15,5,Shawn Johnson_S15,0.12657656831018738,false
15,6,Apolo Anton Ohno_S15,0.13071268109693182,false
15,6,Emmitt Smith_S15,0.1369111698073822,false
15,6,Gilles Marini_S15,0.13359262393788113,false
15,6,Kelly Monaco_S15,0.13521239623717557,false
15,6,Kirstie Alley_S15,0.12998325499316116,false
15,6,Melissa Rycroft_S15,0.12990186468581863,false
15,6,Sabrina Bryan_S15,0.07223131313939089,true
15,6,Shawn Johnson_S15,0.1314546961022593,false
15,7,Apolo Anton Ohno_S15,0.14623500972717726,false
15,7,Emmitt Smith_S15,0.1459792767410437,false
15,7,Gilles Marini_S15,0.14473699974435558,false
15,7,Kelly Monaco_S15,0.1408468411667016,false
15,7,Kirstie Alley_S15,0.14016677796040836,false
15,7,Melissa Rycroft_S15,0.1415254602846828,false
15,7,Shawn Johnson_S15,0.14050963437563088,false
15,8,Apolo Anton Ohno_S15,0.15607387395864578,false
15,8,Emmitt Smith_S15,0.1590854636069177,false
15,8,Gilles Marini_S15,0.10163081149904915,true
15,8,Kelly Monaco_S15,0.15958995374335158,false
15,8,Kirstie Alley_S15,0.10949637790370619,true
15,8,Melissa Rycroft_S15,0.15637208892886895,false
15,8,Shawn Johnson_S15,0.15775143035946151,false
15,9,Apolo Anton Ohno_S15,0.15618236390133786,true
15,9,Emmitt Smith_S15,0.1617653442578016,true
15,9,Kelly Monaco_S15,0.23323293108980828,false
15,9,Melissa Rycroft_S15,0.22699605365190703,false
15,9,Shawn Johnson_S15,0.2218233070991438,false
15,10,Kelly Monaco_S15,0.2587401253018344,false
15,10,Melissa Rycroft_S15,0.4054380985948427,false
15,10,Shawn Johnson_S15,0.33582177610332264,false
16,1,Alexandra Raisman_S16,0.08509062279415854,false
16,1,Andy Dick_S16,0.07726331838217193,false
16,1,D. L. Hughley_S16,0.0783465145290929,false
16,1,Dorothy Hamill_S16,0.08243982548764421,false
16,1,Ingo Rademacher_S16,0.08566920899178046,false
16,1,Jacoby Jones_S16,0.08388892314362306,false
16,1,Kellie Pickler_S16,0.08440096763898154,false
16,1,Lisa Vanderpump_S16,0.08549572778047806,false
16,1,Sean Lowe_S16,0.08569863510991993,false
16,1,Victor Ortiz_S16,0.08350593376541057,false
16,1,Wynonna Judd_S16,0.08418266624736889,false
16,1,Zendaya_S16,0.08401765612936928,false
16,2,Alexandra Raisman_S16,0.08429974700950614,false
16,2,Andy Dick_S16,0.07988484776340646,false
16,2,D. L. Hughley_S16,0.08435873544603807,false
16,2,Dorothy Hamill_S16,0.05901012923946284,true
16,2,Ingo Rademacher_S16,0.08549507668771276,false
16,2,Jacoby Jones_S16,0.08496110603388256,false
16,2,Kellie Pickler_S16,0.08515718790141348,false
16,2,Lisa Vanderpump_S16,0.08613631759966221,false
16,2,Sean Lowe_S16,0.08878922400029278,false
16,2,Victor Ortiz_S16,0.08894472224039889,false
16,2,Wynonna Judd_S16,0.08966448840068662,false
16,2,Zendaya_S16,0.08329841767753703,false
16,3,Alexandra Raisman_S16,0.09122210133874573,false
16,3,Andy Dick_S16,0.08981401221741907,false
16,3,D. L. Hughley_S16,0.09267317506281521,false
16,3,Ingo Rademacher_S16,0.09629394103819328,false
16,3,Jacoby Jones_S16,0.09442389578277445,false
16,3,Kellie Pickler_S16,0.09158439183491046,false
16,3,Lisa Vanderpump_S16,0.09609321670199021,false
16,3,Sean Lowe_S16,0.09486125440143393,false
16,3,Victor Ortiz_S16,0.09447775068957934,false
16,3,Wynonna Judd_S16,0.06587636865979614,true
16,3,Zendaya_S16,0.09267989227234234,false
16,4,Alexandra Raisman_S16,0.09975030668022843,false
16,4,Andy Dick_S16,0.0994150857251718,false
16,4,D. L. Hughley_S16,0.10092231867868758,false
16,4,Ingo Rademacher_S16,0.10613261581998441,false
16,4,Jacoby Jones_S16,0.10433330522050188,false
16,4,Kellie Pickler_S16,0.10033880110121438,false
16,4,Lisa Vanderpump_S16,0.07110879083188804,true
16,4,Sean Lowe_S16,0.10710550854492032,false
16,4,Victor Ortiz_S16,0.1105757562885688,false
16,4,Zendaya_S16,0.10031751110883518,false
16,5,Alexandra Raisman_S16,0.11670745776563873,false
16,5,Andy Dick_S16,0.11315532850467151,false
16,5,D. L. Hughley_S16,0.07570082637065084,true
16,5,Ingo Rademacher_S16,0.1184963044909691,false
16,5,Jacoby Jones_S16,0.11593964836004288,false
16,5,Kellie Pickler_S16,0.11294651920962319,false
16,5,Sean Lowe_S16,0.11369001503702027,false
16,5,Victor Ortiz_S16,0.1214654991070783,false
16,5,Zendaya_S16,0.11189840115430545,false
16,6,Alexandra Raisman_S16,0.12656275215293858,false
16,6,Andy Dick_S16,0.1256460282225275,false
16,6,Ingo Rademacher_S16,0.13359167840730674,false
16,6,Jacoby Jones_S16,0.13256138922849814,false
16,6,Kellie Pickler_S16,0.12932467434109685,false
16,6,Sean Lowe_S16,0.13211233245341653,false
16,6,Victor Ortiz_S16,0.09029347518081009,true
16,6,Zendaya_S16,0.12990767001340547,false
16,7,Alexandra Raisman_S16,0.14353769438175862,false
16,7,Andy Dick_S16,0.11736716130508523,true
16,7,Ingo Rademacher_S16,0.1507492343134798,false
16,7,Jacoby Jones_S16,0.15060299071045036,false
16,7,Kellie Pickler_S16,0.14381287979146476,false
16,7,Sean Lowe_S16,0.15003364003527653,false
16,7,Zendaya_S16,0.14389639946248586,false
16,8,Alexandra Raisman_S16,0.16984392833832598,false
16,8,Ingo Rademacher_S16,0.1802244110426981,false
16,8,Jacoby Jones_S16,0.17812858187746025,false
16,8,Kellie Pickler_S16,0.16867000149582917,false
16,8,Sean Lowe_S16,0.13296755785231976,true
16,8,Zendaya_S16,0.17016551939336702,false
16,9,Alexandra Raisman_S16,0.21081163429415767,false
16,9,Ingo Rademacher_S16,0.15380490368935346,true
16,9,Jacoby Jones_S16,0.21412987977221937,false
16,9,Kellie Pickler_S16,0.20802050016541146,false
16,9,Zendaya_S16,0.2132330820788571,false
16,10,Alexandra Raisman_S16,0.18270635547593816,false
16,10,Jacoby Jones_S16,0.24102898259357747,false
16,10,Kellie Pickler_S16,0.3125734574672241,false
16,10,Zendaya_S16,0.26369120446325967,false
17,1,Amber Riley_S17,0.0816806381438698,false
17,1,Bill Engvall_S17,0.07470711727380734,false
17,1,Bill Nye_S17,0.08653148655447168,false
17,1,Brant Daugherty_S17,0.08631033917407337,false
17,1,Christina Milian_S17,0.08422088125771339,false
17,1,Corbin Bleu_S17,0.08547737276437661,false
17,1,Elizabeth Berkley Lauren_S17,0.08368988386965423,false
17,1,Jack Osbourne_S17,0.08338200352032588,false
17,1,Keyshawn Johnson_S17,0.0859099176580981,false
17,1,Leah Remini_S17,0.08555152293141541,false
17,1,"Nicole ""Snooki"" Polizzi_S17",0.08164335668094025,false
17,1,Valerie Harper_S17,0.0808954801712539,false
17,2,Amber Riley_S17,0.08529812978178723,false
17,2,Bill Engvall_S17,0.07906397588955681,false
17,2,Bill Nye_S17,0.08966784210334802,false
17,2,Brant Daugherty_S17,0.08477190408111426,false
17,2,Christina Milian_S17,0.0852064496642663,false
17,2,Corbin Bleu_S17,0.08717611033351978,false
17,2,Elizabeth Berkley Lauren_S17,0.08759381167566622,false
17,2,Jack Osbourne_S17,0.08410910900592809,false
17,2,Keyshawn Johnson_S17,0.0561304401429577,true
17,2,Leah Remini_S17,0.08687577699519042,false
17,2,"Nicole ""Snooki"" Polizzi_S17",0.08765035200080969,false
17,2,Valerie Harper_S17,0.0864560983258554,false
17,3,Amber Riley_S17,0.09669846887607983,false
17,3,Bill Engvall_S17,0.0859486335690993,false
17,3,Bill Nye_S17,0.0681473508053705,true
17,3,Brant Daugherty_S17,0.09002457282401036,false
17,3,Christina Milian_S17,0.09573515943824648,false
17,3,Corbin Bleu_S17,0.09391671458785174,false
17,3,Elizabeth Berkley Lauren_S17,0.09472735711358203,false
17,3,Jack Osbourne_S17,0.09308560751704491,false
17,3,Leah Remini_S17,0.0920132759356109,false
17,3,"Nicole ""Snooki"" Polizzi_S17",0.09400852538399415,false
17,3,Valerie Harper_S17,0.09569433394910924,false
17,4,Amber Riley_S17,0.10258467725870724,false
17,4,Bill Engvall_S17,0.09808199091043653,false
17,4,Brant Daugherty_S17,0.10465469614671472,false
17,4,Christina Milian_S17,0.10202623229944428,false
17,4,Corbin Bleu_S17,0.10553165181510167,false
17,4,Elizabeth Berkley Lauren_S17,0.10237708844792598,false
17,4,Jack Osbourne_S17,0.10192696399981419,false
17,4,Leah Remini_S17,0.10376416724698406,false
17,4,"Nicole ""Snooki"" Polizzi_S17",0.10414829866205529,false
17,4,Valerie Harper_S17,0.07490423321281613,true
17,5,Amber Riley_S17,0.11910553483053035,false
17,5,Bill Engvall_S17,0.11239588547700047,false
17,5,Brant Daugherty_S17,0.1170236871587306,false
17,5,Christina Milian_S17,0.06083407421266101,true
17,5,Corbin Bleu_S17,0.11292248439484598,false
17,5,Elizabeth Berkley Lauren_S17,0.11747653304596034,false
17,5,Jack Osbourne_S17,0.11828343386999209,false
17,5,Leah Remini_S17,0.12403344627126975,false
17,5,"Nicole ""Snooki"" Polizzi_S17",0.11792492073900952,false
17,6,Amber Riley_S17,0.12304885115747974,false
17,6,Bill Engvall_S17,0.11194699038311819,false
17,6,Brant Daugherty_S17,0.1281961666101456,false
17,6,Corbin Bleu_S17,0.12988355225855172,false
17,6,Elizabeth Berkley Lauren_S17,0.13006625052549214,false
17,6,Jack Osbourne_S17,0.12601374656600003,false
17,6,Leah Remini_S17,0.12479687377759509,false
17,6,"Nicole ""Snooki"" Polizzi_S17",0.12604756872161813,false
17,7,Amber Riley_S17,0.13268711642536582,false
17,7,Bill Engvall_S17,0.1262961780347079,false
17,7,Brant Daugherty_S17,0.13091251166284923,false
17,7,Corbin Bleu_S17,0.12891234775977067,false
17,7,Elizabeth Berkley Lauren_S17,0.1337925516535416,false
17,7,Jack Osbourne_S17,0.133302227668421,false
17,7,Leah Remini_S17,0.13500270463852712,false
17,7,"Nicole ""Snooki"" Polizzi_S17",0.0790943621568169,true
17,8,Amber Riley_S17,0.15071873692482288,false
17,8,Bill Engvall_S17,0.1501535714541659,false
17,8,Brant Daugherty_S17,0.09338598541889968,true
17,8,Corbin Bleu_S17,0.14694502349832933,false
17,8,Elizabeth Berkley Lauren_S17,0.15624307033138599,false
17,8,Jack Osbourne_S17,0.15122439583137948,false
17,8,Leah Remini_S17,0.15132921654101741,false
17,9,Amber Riley_S17,0.18101675472621193,false
17,9,Bill Engvall_S17,0.18590276751708096,false
17,9,Corbin Bleu_S17,0.1716727993298958,false
17,9,Elizabeth Berkley Lauren_S17,0.10298939159977871,true
17,9,Jack Osbourne_S17,0.17793715242638705,false
17,9,Leah Remini_S17,0.18048113440064548,false
17,10,Amber Riley_S17,0.2155868551028123,false
17,10,Bill Engvall_S17,0.21506036158809813,false
17,10,Corbin Bleu_S17,0.2114490993374089,false
17,10,Jack Osbourne_S17,0.2138461925139482,false
17,10,Leah Remini_S17,0.1440574914577319,true
17,11,Amber Riley_S17,0.30856654617957663,false
17,11,Bill Engvall_S17,0.18980019662440006,false
17,11,Corbin Bleu_S17,0.26861909563657194,false
17,11,Jack Osbourne_S17,0.23301416155945087,false
18,1,Amy Purdy_S18,0.08650880790296182,false
18,1,Billy Dee Williams_S18,0.0912115680089997,false
18,1,Candace Cameron Bure_S18,0.08753687453009013,false
18,1,Charlie White_S18,0.08441474428793395,false
18,1,Cody Simpson_S18,0.08437561427153262,false
18,1,Danica McKellar_S18,0.08566417888905573,false
18,1,Diana Nyad_S18,0.05442476065643921,true
18,1,Drew Carey_S18,0.07999578593100984,false
18,1,James Maslow_S18,0.0865962901544574,false
18,1,Meryl Davis_S18,0.08506208813476293,false
18,1,NeNe Leakes_S18,0.08590755450270784,false
18,1,Sean Avery_S18,0.08830173273004814,false
18,2,Amy Purdy_S18,0.09644241768804197,false
18,2,Billy Dee Williams_S18,0.0751796096862532,true
18,2,Candace Cameron Bure_S18,0.0983363811194493,false
18,2,Charlie White_S18,0.0926147978845701,false
18,2,Cody Simpson_S18,0.09537455807398146,false
18,2,Danica McKellar_S18,0.09760865248129841,false
18,2,Drew Carey_S18,0.09399861893378161,false
18,2,James Maslow_S18,0.09664721683873367,false
18,2,Meryl Davis_S18,0.09408199679956279,false
18,2,NeNe Leakes_S18,0.09702965968518315,false
18,2,Sean Avery_S18,0.06268609080914449,true
18,3,Amy Purdy_S18,0.1154520314286507,false
18,3,Candace Cameron Bure_S18,0.10969312790648778,false
18,3,Charlie White_S18,0.11254505014483784,false
18,3,Cody Simpson_S18,0.10906541201002234,false
18,3,Danica McKellar_S18,0.1164985965507846,false
18,3,Drew Carey_S18,0.10110955771424927,false
18,3,James Maslow_S18,0.1134412700830982,false
18,3,Meryl Davis_S18,0.10928708285154246,false
18,3,NeNe Leakes_S18,0.11290787131032687,false
18,4,Amy Purdy_S18,0.11463337780448335,false
18,4,Candace Cameron Bure_S18,0.11390859370485437,false
18,4,Charlie White_S18,0.11529787501727444,false
18,4,Cody Simpson_S18,0.10546537525558723,false
18,4,Danica McKellar_S18,0.11426340537900226,false
18,4,Drew Carey_S18,0.1010616461627653,false
18,4,James Maslow_S18,0.1111752999554562,false
18,4,Meryl Davis_S18,0.11177261547022538,false
18,4,NeNe Leakes_S18,0.11242181125035133,false
18,5,Amy Purdy_S18,0.1161557743371081,false
18,5,Candace Cameron Bure_S18,0.11909212186469627,false
18,5,Charlie White_S18,0.1145863639636086,false
18,5,Cody Simpson_S18,0.06838762277462192,true
18,5,Danica McKellar_S18,0.11661716089479,false
18,5,Drew Carey_S18,0.1188440112265736,false
18,5,James Maslow_S18,0.11357890331429557,false
18,5,Meryl Davis_S18,0.11658906103394094,false
18,5,NeNe Leakes_S18,0.1161489805903651,false
18,6,Amy Purdy_S18,0.12976538460112713,false
18,6,Candace Cameron Bure_S18,0.13613061815325142,false
18,6,Charlie White_S18,0.12764624243943878,false
18,6,Danica McKellar_S18,0.13395970767272067,false
18,6,Drew Carey_S18,0.07995751959595127,true
18,6,James Maslow_S18,0.13120205288784983,false
18,6,Meryl Davis_S18,0.12946896133363672,false
18,6,NeNe Leakes_S18,0.13186951331602442,false
18,7,Amy Purdy_S18,0.14908802473783447,false
18,7,Candace Cameron Bure_S18,0.14887931265900092,false
18,7,Charlie White_S18,0.1488781084639788,false
18,7,Danica McKellar_S18,0.1502178388284036,false
18,7,James Maslow_S18,0.1519349825920735,false
18,7,Meryl Davis_S18,0.1492296580808711,false
18,7,NeNe Leakes_S18,0.1017720746378371,true
18,8,Amy Purdy_S18,0.17576781101300484,false
18,8,Candace Cameron Bure_S18,0.1783769024643438,false
18,8,Charlie White_S18,0.1767061169592317,false
18,8,Danica McKellar_S18,0.11024860753348761,true
18,8,James Maslow_S18,0.17920136190521496,false
18,8,Meryl Davis_S18,0.17969920012471693,false
18,9,Amy Purdy_S18,0.21633460821581038,false
18,9,Candace Cameron Bure_S18,0.221801078054178,false
18,9,Charlie White_S18,0.13499068365495123,true
18,9,James Maslow_S18,0.21403090818729936,false
18,9,Meryl Davis_S18,0.21284272188776082,false
18,10,Amy Purdy_S18,0.2620168160806567,false
18,10,Candace Cameron Bure_S18,0.2502206663618404,false
18,10,James Maslow_S18,0.1794802332457656,false
18,10,Meryl Davis_S18,0.30828228431173843,false
19,1,Alfonso Ribeiro_S19,0.0825818701952873,false
19,1,Antonio Sabato Jr._S19,0.08118377148740032,false
19,1,Bethany Mota_S19,0.0850161117291511,false
19,1,Betsey Johnson_S19,0.07481619665223943,false
19,1,Janel Parrish_S19,0.07825347590775271,false
19,1,Jonathan Bennett_S19,0.08051581686998636,false
19,1,Lea Thompson_S19,0.08045245197376683,false
19,1,Lolo Jones_S19,0.05023737901622433,true
19,1,Michael Waltrip_S19,0.08393879940725991,false
19,1,Randy Couture_S19,0.08117465717678947,false
19,1,Sadie Robertson_S19,0.07903716487396124,false
19,1,Tavis Smiley_S19,0.06900043761034183,false
19,1,Tommy Chong_S19,0.0737918670998391,false
19,2,Alfonso Ribeiro_S19,0.08788565149727033,false
19,2,Antonio Sabato Jr._S19,0.08940675394969988,false
19,2,Bethany Mota_S19,0.0943616205805105,false
19,2,Betsey Johnson_S19,0.0763209930000049,false
19,2,Janel Parrish_S19,0.08640051712950604,false
19,2,Jonathan Bennett_S19,0.08773663590830337,false
19,2,Lea Thompson_S19,0.08542649939498861,false
19,2,Michael Waltrip_S19,0.09209501802453982,false
19,2,Randy Couture_S19,0.0897044788757809,false
19,2,Sadie Robertson_S19,0.08324149936291983,false
19,2,Tavis Smiley_S19,0.047191057628606314,true
19,2,Tommy Chong_S19,0.08022927464786932,false
19,3,Alfonso Ribeiro_S19,0.09697188549418183,false
19,3,Antonio Sabato Jr._S19,0.09861162163378628,false
19,3,Bethany Mota_S19,0.09944249546090687,false
19,3,Betsey Johnson_S19,0.08246583708933156,false
19,3,Janel Parrish_S19,0.09551833170693624,false
19,3,Jonathan Bennett_S19,0.09489903190070687,false
19,3,Lea Thompson_S19,0.09592506531103571,false
19,3,Michael Waltrip_S19,0.09974522776307626,false
19,3,Randy Couture_S19,0.061450298729976656,true
19,3,Sadie Robertson_S19,0.0930767388749887,false
19,3,Tommy Chong_S19,0.08189346603507397,false
19,4,Alfonso Ribeiro_S19,0.1043335326860065,false
19,4,Antonio Sabato Jr._S19,0.10742000898110059,false
19,4,Bethany Mota_S19,0.11164633350813803,false
19,4,Betsey Johnson_S19,0.05420632221290302,true
19,4,Janel Parrish_S19,0.10208296870571947,false
19,4,Jonathan Bennett_S19,0.10915911151554616,false
19,4,Lea Thompson_S19,0.10270193424206221,false
19,4,Michael Waltrip_S19,0.11030931525397024,false
19,4,Sadie Robertson_S19,0.10145959806548596,false
19,4,Tommy Chong_S19,0.09668087482906837,false
19,5,Alfonso Ribeiro_S19,0.11084697606008169,false
19,5,Antonio Sabato Jr._S19,0.1108064555728369,false
19,5,Bethany Mota_S19,0.12244419692098045,false
19,5,Janel Parrish_S19,0.1120851157516869,false
19,5,Jonathan Bennett_S19,0.11225435422067459,false
19,5,Lea Thompson_S19,0.11164077024993405,false
19,5,Michael Waltrip_S19,0.11665624098378674,false
19,5,Sadie Robertson_S19,0.10748630954952192,false
19,5,Tommy Chong_S19,0.095779580690497,false
19,6,Alfonso Ribeiro_S19,0.11298274874557532,false
19,6,Antonio Sabato Jr._S19,0.12053403087268418,false
19,6,Bethany Mota_S19,0.12388077671408869,false
19,6,Janel Parrish_S19,0.11431889288862668,false
19,6,Jonathan Bennett_S19,0.06506662201966325,true
19,6,Lea Thompson_S19,0.1164635547470244,false
19,6,Michael Waltrip_S19,0.12221382162686989,false
19,6,Sadie Robertson_S19,0.11359437675194238,false
19,6,Tommy Chong_S19,0.11094517563352442,false
19,7,Alfonso Ribeiro_S19,0.1274307816505679,false
19,7,Antonio Sabato Jr._S19,0.08528674678661914,true
19,7,Bethany Mota_S19,0.13992691791722972,false
19,7,Janel Parrish_S19,0.13032159893686288,false
19,7,Lea Thompson_S19,0.1272762636073654,false
19,7,Michael Waltrip_S19,0.1401049451490966,false
19,7,Sadie Robertson_S19,0.12809579179297367,false
19,7,Tommy Chong_S19,0.12155695415928454,false
19,8,Alfonso Ribeiro_S19,0.14639811594888166,false
19,8,Bethany Mota_S19,0.16089013538055805,false
19,8,Janel Parrish_S19,0.13959014741168851,false
19,8,Lea Thompson_S19,0.15217691595013244,false
19,8,Michael Waltrip_S19,0.11524934511421252,true
19,8,Sadie Robertson_S19,0.14145208904139814,false
19,8,Tommy Chong_S19,0.14424325115312805,false
19,9,Alfonso Ribeiro_S19,0.17858574930013632,false
19,9,Bethany Mota_S19,0.1875760316330378,false
19,9,Janel Parrish_S19,0.17409821549439056,false
19,9,Lea Thompson_S19,0.10897983229367642,true
19,9,Sadie Robertson_S19,0.17173332582896855,false
19,9,Tommy Chong_S19,0.17902684544979003,false
19,10,Alfonso Ribeiro_S19,0.21341322592403392,false
19,10,Bethany Mota_S19,0.22312265659786834,false
19,10,Janel Parrish_S19,0.20961354533117085,false
19,10,Sadie Robertson_S19,0.20587939101853225,false
19,10,Tommy Chong_S19,0.14797118112839586,true
19,11,Alfonso Ribeiro_S19,0.3099893039079318,false
19,11,Bethany Mota_S19,0.19292681941649895,false
19,11,Janel Parrish_S19,0.23075535892092017,false
19,11,Sadie Robertson_S19,0.2663285177546491,false
20,1,Charlotte McKinney_S20,0.07228083638353888,false
20,1,Chris Soules_S20,0.09111058770637505,false
20,1,Michael Sam_S20,0.08875014136359846,false
20,1,Nastia Liukin_S20,0.08934711386260982,false
20,1,Noah Galloway_S20,0.06948118789327072,false
20,1,Patti LaBelle_S20,0.08400559008280353,false
20,1,Redfoo_S20,0.08300612624013652,false
20,1,Riker Lynch_S20,0.0884292612286776,false
20,1,Robert Herjavec_S20,0.07395116202397148,false
20,1,Rumer Willis_S20,0.08615213096178066,false
20,1,Suzanne Somers_S20,0.0890331023939139,false
20,1,Willow Shields_S20,0.08445275985932359,false
20,2,Charlotte McKinney_S20,0.08396350452882248,false
20,2,Chris Soules_S20,0.0974510223608664,false
20,2,Michael Sam_S20,0.091481260460988,false
20,2,Nastia Liukin_S20,0.08839731753549755,false
20,2,Noah Galloway_S20,0.07602750015927466,false
20,2,Patti LaBelle_S20,0.08797668822386998,false
20,2,Redfoo_S20,0.03836797270291714,true
20,2,Riker Lynch_S20,0.08771300785324358,false
20,2,Robert Herjavec_S20,0.08072055459246218,false
20,2,Rumer Willis_S20,0.09185199055958568,false
20,2,Suzanne Somers_S20,0.08838990115668888,false
20,2,Willow Shields_S20,0.08765927986578281,false
20,3,Charlotte McKinney_S20,0.0618687993978125,true
20,3,Chris Soules_S20,0.09999217021274849,false
20,3,Michael Sam_S20,0.10107369834840493,false
20,3,Nastia Liukin_S20,0.09314991231883205,false
20,3,Noah Galloway_S20,0.07723222744844968,false
20,3,Patti LaBelle_S20,0.09882813200135074,false
20,3,Riker Lynch_S20,0.09442436533556871,false
20,3,Robert Herjavec_S20,0.08458542883863224,false
20,3,Rumer Willis_S20,0.09696150694883358,false
20,3,Suzanne Somers_S20,0.09636694284770363,false
20,3,Willow Shields_S20,0.09551681630166316,false
20,4,Chris Soules_S20,0.11430959198312686,false
20,4,Michael Sam_S20,0.06488027385166387,true
20,4,Nastia Liukin_S20,0.10785116180673937,false
20,4,Noah Galloway_S20,0.08939699805335913,false
20,4,Patti LaBelle_S20,0.1058910127345763,false
20,4,Riker Lynch_S20,0.10851305466748962,false
20,4,Robert Herjavec_S20,0.09359230984060174,false
20,4,Rumer Willis_S20,0.10592732210762922,false
20,4,Suzanne Somers_S20,0.1075961115032729,false
20,4,Willow Shields_S20,0.10204216345154174,false
20,5,Chris Soules_S20,0.12389557095810266,false
20,5,Nastia Liukin_S20,0.11927509689328948,false
20,5,Noah Galloway_S20,0.10158443258598884,false
20,5,Patti LaBelle_S20,0.1205546378362196,false
20,5,Riker Lynch_S20,0.11518392242325015,false
20,5,Robert Herjavec_S20,0.1150098628973854,false
20,5,Rumer Willis_S20,0.11581485507847138,false
20,5,Suzanne Somers_S20,0.06956043098802021,true
20,5,Willow Shields_S20,0.11912119033927249,false
20,6,Chris Soules_S20,0.13744100962861144,false
20,6,Nastia Liukin_S20,0.1368264656629168,false
20,6,Noah Galloway_S20,0.11707841477063835,false
20,6,Patti LaBelle_S20,0.0797542041494952,true
20,6,Riker Lynch_S20,0.1350228658290891,false
20,6,Robert Herjavec_S20,0.12340092924366193,false
20,6,Rumer Willis_S20,0.13908949999180667,false
20,6,Willow Shields_S20,0.13138661072378066,false
20,7,Chris Soules_S20,0.164637383432652,false
20,7,Nastia Liukin_S20,0.1529909900798054,false
20,7,Noah Galloway_S20,0.1308154771870909,false
20,7,Riker Lynch_S20,0.1569337590075181,false
20,7,Robert Herjavec_S20,0.15407742304931116,false
20,7,Rumer Willis_S20,0.15770958200015742,false
20,7,Willow Shields_S20,0.08283538524346609,true
20,8,Chris Soules_S20,0.13772553938489862,true
20,8,Nastia Liukin_S20,0.18723508707392772,false
20,8,Noah Galloway_S20,0.1816296036874137,false
20,8,Riker Lynch_S20,0.18385229089824862,false
20,8,Robert Herjavec_S20,0.12847006766946234,true
20,8,Rumer Willis_S20,0.18108741128604947,false
20,9,Nastia Liukin_S20,0.18184351651624084,true
20,9,Noah Galloway_S20,0.254869121272879,false
20,9,Riker Lynch_S20,0.2804842573920103,false
20,9,Rumer Willis_S20,0.2828031048188702,false
20,10,Noah Galloway_S20,0.24392779480650087,false
20,10,Riker Lynch_S20,0.3355737625975301,false
20,10,Rumer Willis_S20,0.42049844259596886,false
21,1,Alek Skarlatos_S21,0.05448975213549844,false
21,1,Alexa PenaVega_S21,0.08007963882434666,false
21,1,Andy Grammer_S21,0.07822075292627705,false
21,1,Bindi Irwin_S21,0.07801026937890727,false
21,1,Carlos PenaVega_S21,0.07904576759128282,false
21,1,Chaka Khan_S21,0.07546839047379686,false
21,1,Gary Busey_S21,0.07780275567316337,false
21,1,Hayes Grier_S21,0.08713336834823016,false
21,1,Kim Zolciak-Biermann_S21,0.08005562166484345,false
21,1,Nick Carter_S21,0.07512804200965831,false
21,1,Paula Deen_S21,0.07722898032974655,false
21,1,Tamar Braxton_S21,0.0775365068454023,false
21,1,Victor Espinoza_S21,0.07980015379884706,false
21,2,Alek Skarlatos_S21,0.06753501162255776,false
21,2,Alexa PenaVega_S21,0.08275067865997612,false
21,2,Andy Grammer_S21,0.08405127460436516,false
21,2,Bindi Irwin_S21,0.07805602118397145,false
21,2,Carlos PenaVega_S21,0.08199805563689402,false
21,2,Chaka Khan_S21,0.06441662246425334,true
21,2,Gary Busey_S21,0.09032862195249533,false
21,2,Hayes Grier_S21,0.0875870184626275,false
21,2,Kim Zolciak-Biermann_S21,0.05768964996125419,true
21,2,Nick Carter_S21,0.08210053627630035,false
21,2,Paula Deen_S21,0.0866090051442497,false
21,2,Tamar Braxton_S21,0.0813494092900689,false
21,2,Victor Espinoza_S21,0.055528094740980624,true
21,3,Alek Skarlatos_S21,0.06786878342100912,false
21,3,Alexa PenaVega_S21,0.10303792429534328,false
21,3,Andy Grammer_S21,0.10227521120529352,false
21,3,Bindi Irwin_S21,0.10220998676014147,false
21,3,Carlos PenaVega_S21,0.10318823718552285,false
21,3,Gary Busey_S21,0.09972758801747063,false
21,3,Hayes Grier_S21,0.11381739320255735,false
21,3,Nick Carter_S21,0.10322691736481614,false
21,3,Paula Deen_S21,0.10024796996718845,false
21,3,Tamar Braxton_S21,0.1043999885806578,false
21,4,Alek Skarlatos_S21,0.07867954844995369,false
21,4,Alexa PenaVega_S21,0.10736090082669524,false
21,4,Andy Grammer_S21,0.10461574645157957,false
21,4,Bindi Irwin_S21,0.10053150960118021,false
21,4,Carlos PenaVega_S21,0.10595724432241156,false
21,4,Gary Busey_S21,0.07726798961022034,true
21,4,Hayes Grier_S21,0.11372100513348028,false
21,4,Nick Carter_S21,0.10443062076160897,false
21,4,Paula Deen_S21,0.10728587392608042,false
21,4,Tamar Braxton_S21,0.10014956091678962,false
21,5,Alek Skarlatos_S21,0.06393858190222453,false
21,5,Alexa PenaVega_S21,0.11665841035767606,false
21,5,Andy Grammer_S21,0.1164435138282434,false
21,5,Bindi Irwin_S21,0.1147323060999976,false
21,5,Carlos PenaVega_S21,0.11752941385350771,false
21,5,Hayes Grier_S21,0.12715153597968845,false
21,5,Nick Carter_S21,0.11675710698694036,false
21,5,Paula Deen_S21,0.11205048053503851,false
21,5,Tamar Braxton_S21,0.1147386504566825,false
21,6,Alek Skarlatos_S21,0.0978127641747206,false
21,6,Alexa PenaVega_S21,0.11880695704292828,false
21,6,Andy Grammer_S21,0.11494484037681678,false
21,6,Bindi Irwin_S21,0.11193571758155106,false
21,6,Carlos PenaVega_S21,0.11458086227293703,false
21,6,Hayes Grier_S21,0.12717638634144648,false
21,6,Nick Carter_S21,0.11297392535912461,false
21,6,Paula Deen_S21,0.0860473868430623,true
21,6,Tamar Braxton_S21,0.11572116000741246,false
21,7,Alek Skarlatos_S21,0.11569013739706549,false
21,7,Alexa PenaVega_S21,0.1355427496236329,false
21,7,Andy Grammer_S21,0.13362613038389287,false
21,7,Bindi Irwin_S21,0.13146883446244506,false
21,7,Carlos PenaVega_S21,0.13506645038660325,false
21,7,Hayes Grier_S21,0.07970511907692347,true
21,7,Nick Carter_S21,0.13457996650087056,false
21,7,Tamar Braxton_S21,0.13432061216856525,false
21,8,Alek Skarlatos_S21,0.13053004573120533,false
21,8,Alexa PenaVega_S21,0.15588217190415324,false
21,8,Andy Grammer_S21,0.10106183280333066,true
21,8,Bindi Irwin_S21,0.1519607673661688,false
21,8,Carlos PenaVega_S21,0.15309685733879302,false
21,8,Nick Carter_S21,0.1531052395394098,false
21,8,Tamar Braxton_S21,0.1543630853169378,false
21,9,Alek Skarlatos_S21,0.17741425039834716,false
21,9,Alexa PenaVega_S21,0.11474080790138994,true
21,9,Bindi Irwin_S21,0.1857981579960588,false
21,9,Carlos PenaVega_S21,0.19240655627550435,false
21,9,Nick Carter_S21,0.19199978441082313,false
21,9,Tamar Braxton_S21,0.13764044301787717,true
21,10,Alek Skarlatos_S21,0.19142554345469995,false
21,10,Bindi Irwin_S21,0.2640606161966301,false
21,10,Carlos PenaVega_S21,0.2728393854552918,false
21,10,Nick Carter_S21,0.2716744548933785,false
21,11,Alek Skarlatos_S21,0.2332003844157343,false
21,11,Bindi Irwin_S21,0.32111564501793965,false
21,11,Carlos PenaVega_S21,0.17691757910398673,false
21,11,Nick Carter_S21,0.2687663914623392,false
22,1,Antonio Brown_S22,0.08805727317276009,false
22,1,Doug Flutie_S22,0.08697664997506517,false
22,1,Geraldo Rivera_S22,0.05974688228741105,false
22,1,Ginger Zee_S22,0.08380286427066361,false
22,1,Jodie Sweetin_S22,0.08826145201999565,false
22,1,Kim Fields_S22,0.08794656894189172,false
22,1,Marla Maples_S22,0.08476957075563353,false
22,1,Mischa Barton_S22,0.0852449685372108,false
22,1,Nyle DiMarco_S22,0.07438946749192689,false
22,1,Paige VanZant_S22,0.08749450709915182,false
22,1,Von Miller_S22,0.08678973233445317,false
22,1,Wanya Morris_S22,0.08652006311383674,false
22,2,Antonio Brown_S22,0.08906539801391765,false
22,2,Doug Flutie_S22,0.08725018346630006,false
22,2,Geraldo Rivera_S22,0.05186018705772332,true
22,2,Ginger Zee_S22,0.08279888700617287,false
22,2,Jodie Sweetin_S22,0.0870610551911709,false
22,2,Kim Fields_S22,0.09112056201198761,false
22,2,Marla Maples_S22,0.08771482188215993,false
22,2,Mischa Barton_S22,0.08992659625062199,false
22,2,Nyle DiMarco_S22,0.07476724630281602,false
22,2,Paige VanZant_S22,0.0842514070254931,false
22,2,Von Miller_S22,0.08655538313327583,false
22,2,Wanya Morris_S22,0.08762827265836083,false
22,3,Antonio Brown_S22,0.09560380242483879,false
22,3,Doug Flutie_S22,0.09425577272155525,false
22,3,Ginger Zee_S22,0.09095700184434453,false
22,3,Jodie Sweetin_S22,0.09781121936229778,false
22,3,Kim Fields_S22,0.09533807946188326,false
22,3,Marla Maples_S22,0.0965884365846234,false
22,3,Mischa Barton_S22,0.06295114914356363,true
22,3,Nyle DiMarco_S22,0.08315920566347776,false
22,3,Paige VanZant_S22,0.09114314922199665,false
22,3,Von Miller_S22,0.09808074633968958,false
22,3,Wanya Morris_S22,0.09411143723172945,false
22,4,Antonio Brown_S22,0.10111452386050895,false
22,4,Doug Flutie_S22,0.11454344846400559,false
22,4,Ginger Zee_S22,0.10025545281791753,false
22,4,Jodie Sweetin_S22,0.10965341277231216,false
22,4,Kim Fields_S22,0.10568584583190961,false
22,4,Marla Maples_S22,0.06540718627898567,true
22,4,Nyle DiMarco_S22,0.092991434870049,false
22,4,Paige VanZant_S22,0.1010317160970493,false
22,4,Von Miller_S22,0.10649035340252348,false
22,4,Wanya Morris_S22,0.102826625604739,false
22,5,Antonio Brown_S22,0.11068355060254874,false
22,5,Doug Flutie_S22,0.11331886769146647,false
22,5,Ginger Zee_S22,0.1088231050058156,false
22,5,Jodie Sweetin_S22,0.11283116488706885,false
22,5,Kim Fields_S22,0.11610697800844202,false
22,5,Nyle DiMarco_S22,0.0945197290936465,false
22,5,Paige VanZant_S22,0.11349384147655231,false
22,5,Von Miller_S22,0.11466604448839272,false
22,5,Wanya Morris_S22,0.11555671874606714,false
22,6,Antonio Brown_S22,0.11508897969135852,false
22,6,Doug Flutie_S22,0.08149720857196495,true
22,6,Ginger Zee_S22,0.11513548656776346,false
22,6,Jodie Sweetin_S22,0.11616198833231044,false
22,6,Kim Fields_S22,0.12087194376903708,false
22,6,Nyle DiMarco_S22,0.1044890631957463,false
22,6,Paige VanZant_S22,0.11488505505906783,false
22,6,Von Miller_S22,0.11894151654225625,false
22,6,Wanya Morris_S22,0.11292875827049537,false
22,7,Antonio Brown_S22,0.14038022012593313,false
22,7,Ginger Zee_S22,0.13595038334456516,false
22,7,Jodie Sweetin_S22,0.14188283770468602,false
22,7,Kim Fields_S22,0.09350887743438824,true
22,7,Nyle DiMarco_S22,0.12398066050709493,false
22,7,Paige VanZant_S22,0.13768450913634325,false
22,7,Von Miller_S22,0.09309377179431595,true
22,7,Wanya Morris_S22,0.13351873995267313,false
22,8,Antonio Brown_S22,0.1847295144149526,false
22,8,Ginger Zee_S22,0.1747650242677882,false
22,8,Jodie Sweetin_S22,0.10548730256539347,true
22,8,Nyle DiMarco_S22,0.16517002385988613,false
22,8,Paige VanZant_S22,0.18080804274289247,false
22,8,Wanya Morris_S22,0.18904009214908804,false
22,9,Antonio Brown_S22,0.16457435816822916,true
22,9,Ginger Zee_S22,0.22941817168888434,false
22,9,Nyle DiMarco_S22,0.2193508695624714,false
22,9,Paige VanZant_S22,0.2319082554547517,false
22,9,Wanya Morris_S22,0.1547483451256631,true
22,10,Ginger Zee_S22,0.27258728479543687,false
22,10,Nyle DiMarco_S22,0.39630457991119494,false
22,10,Paige VanZant_S22,0.33110813529336713,false
23,1,Amber Rose_S23,0.06723336741130904,false
23,1,Babyface_S23,0.0775883559887934,false
23,1,Calvin Johnson Jr._S23,0.07956059028441062,false
23,1,Jake T. Austin_S23,0.07748168858726048,false
23,1,James Hinchcliffe_S23,0.08360054039219456,false
23,1,Jana Kramer_S23,0.0759974650991723,false
23,1,Laurie Hernandez_S23,0.07776682077991462,false
23,1,Marilu Henner_S23,0.07835640546442489,false
23,1,Maureen McCormick_S23,0.07789349630649617,false
23,1,Rick Perry_S23,0.06758536810042741,false
23,1,Ryan Lochte_S23,0.07911522621023993,false
23,1,Terra Jole_S23,0.07836549200742185,false
23,1,Vanilla Ice_S23,0.0794551833679355,false
23,2,Amber Rose_S23,0.07306531935677045,false
23,2,Babyface_S23,0.07826938995034935,false
23,2,Calvin Johnson Jr._S23,0.08291357867075955,false
23,2,Jake T. Austin_S23,0.04807604152655306,true
23,2,James Hinchcliffe_S23,0.08248586651093813,false
23,2,Jana Kramer_S23,0.07686151263452809,false
23,2,Laurie Hernandez_S23,0.07745971135176034,false
23,2,Marilu Henner_S23,0.07926429881293562,false
23,2,Maureen McCormick_S23,0.08029410184499114,false
23,2,Rick Perry_S23,0.07679110658852972,false
23,2,Ryan Lochte_S23,0.08354830740949165,false
23,2,Terra Jole_S23,0.07935391650459715,false
23,2,Vanilla Ice_S23,0.08161684883779119,false
23,3,Amber Rose_S23,0.07875986523323107,false
23,3,Babyface_S23,0.08500518438096133,false
23,3,Calvin Johnson Jr._S23,0.08755700061392065,false
23,3,James Hinchcliffe_S23,0.0893765083495564,false
23,3,Jana Kramer_S23,0.08605949062364401,false
23,3,Laurie Hernandez_S23,0.0886398622688886,false
23,3,Marilu Henner_S23,0.08451767914290995,false
23,3,Maureen McCormick_S23,0.0869569873369507,false
23,3,Rick Perry_S23,0.05097529076273361,true
23,3,Ryan Lochte_S23,0.08725334619251889,false
23,3,Terra Jole_S23,0.08693320498443516,false
23,3,Vanilla Ice_S23,0.08796558011024853,false
23,4,Amber Rose_S23,0.08987352743922235,false
23,4,Babyface_S23,0.07156179234677769,true
23,4,Calvin Johnson Jr._S23,0.0986840078816742,false
23,4,James Hinchcliffe_S23,0.09679801656300696,false
23,4,Jana Kramer_S23,0.09894642513050454,false
23,4,Laurie Hernandez_S23,0.09114000734725602,false
23,4,Marilu Henner_S23,0.09965564674882986,false
23,4,Maureen McCormick_S23,0.09689424472382942,false
23,4,Ryan Lochte_S23,0.09947035806529858,false
23,4,Terra Jole_S23,0.0964141561372345,false
23,4,Vanilla Ice_S23,0.06056181761636423,true
23,5,Amber Rose_S23,0.09790771463760851,false
23,5,Calvin Johnson Jr._S23,0.11444066137013272,false
23,5,James Hinchcliffe_S23,0.11863386578399396,false
23,5,Jana Kramer_S23,0.1109831331702731,false
23,5,Laurie Hernandez_S23,0.10972082830198296,false
23,5,Marilu Henner_S23,0.11080824807452705,false
23,5,Maureen McCormick_S23,0.10891058599907874,false
23,5,Ryan Lochte_S23,0.11320496989498331,false
23,5,Terra Jole_S23,0.1153899927674177,false
23,6,Amber Rose_S23,0.07158467988526541,true
23,6,Calvin Johnson Jr._S23,0.11533360102062482,false
23,6,James Hinchcliffe_S23,0.1194971695736989,false
23,6,Jana Kramer_S23,0.1138413096488672,false
23,6,Laurie Hernandez_S23,0.11370090296558372,false
23,6,Marilu Henner_S23,0.11382356593536631,false
23,6,Maureen McCormick_S23,0.11600743015236935,false
23,6,Ryan Lochte_S23,0.11865258388803693,false
23,6,Terra Jole_S23,0.11755875693018575,false
23,7,Calvin Johnson Jr._S23,0.13015303470756379,false
23,7,James Hinchcliffe_S23,0.13479884542684967,false
23,7,Jana Kramer_S23,0.12843137547880826,false
23,7,Laurie Hernandez_S23,0.13024532233829167,false
23,7,Marilu Henner_S23,0.1311852113311695,false
23,7,Maureen McCormick_S23,0.08143110541073001,true
23,7,Ryan Lochte_S23,0.13298850285001015,false
23,7,Terra Jole_S23,0.13076660245657756,false
23,8,Calvin Johnson Jr._S23,0.14717721948991688,false
23,8,James Hinchcliffe_S23,0.15054773571358493,false
23,8,Jana Kramer_S23,0.1456085509546649,false
23,8,Laurie Hernandez_S23,0.14553220526430974,false
23,8,Marilu Henner_S23,0.15612860652404428,false
23,8,Ryan Lochte_S23,0.09840212065166105,true
23,8,Terra Jole_S23,0.1566035614018152,false
23,9,Calvin Johnson Jr._S23,0.17829084086155697,false
23,9,James Hinchcliffe_S23,0.18541008784823151,false
23,9,Jana Kramer_S23,0.1720615308081721,false
23,9,Laurie Hernandez_S23,0.1716354737745072,false
23,9,Marilu Henner_S23,0.11613283941865786,true
23,9,Terra Jole_S23,0.176469227288875,false
23,10,Calvin Johnson Jr._S23,0.22018330716192722,false
23,10,James Hinchcliffe_S23,0.2196316328741656,false
23,10,Jana Kramer_S23,0.21247861017433703,false
23,10,Laurie Hernandez_S23,0.21166339406768853,false
23,10,Terra Jole_S23,0.13604305572188555,true
23,11,Calvin Johnson Jr._S23,0.22848525879952375,false
23,11,James Hinchcliffe_S23,0.26870202526980613,false
23,11,Jana Kramer_S23,0.1877998638610308,false
23,11,Laurie Hernandez_S23,0.31501285206963986,false
24,1,Bonner Bolton_S24,0.08134755040594233,false
24,1,Charo_S24,0.0818743287356588,false
24,1,Chris Kattan_S24,0.07723107482865302,false
24,1,David Ross_S24,0.08603737703827272,false
24,1,Erika Jayne_S24,0.08307791231612334,false
24,1,Heather Morris_S24,0.08544640263404212,false
24,1,Mr. T_S24,0.08490189008363652,false
24,1,Nancy Kerrigan_S24,0.08580685232210775,false
24,1,Nick Viall_S24,0.08330173522367235,false
24,1,Normani_S24,0.08225537135745498,false
24,1,Rashad Jennings_S24,0.0843043796854925,false
24,1,Simone Biles_S24,0.08441512536894265,false
24,2,Bonner Bolton_S24,0.08632671967092663,false
24,2,Charo_S24,0.08625972995824177,false
24,2,Chris Kattan_S24,0.05507350200762239,true
24,2,David Ross_S24,0.08851953495375828,false
24,2,Erika Jayne_S24,0.08649687115001109,false
24,2,Heather Morris_S24,0.08576701669147198,false
24,2,Mr. T_S24,0.08819083820030668,false
24,2,Nancy Kerrigan_S24,0.08558400728738212,false
24,2,Nick Viall_S24,0.0886771183090145,false
24,2,Normani_S24,0.08044281081473029,false
24,2,Rashad Jennings_S24,0.08418296522174719,false
24,2,Simone Biles_S24,0.0844788857347872,false
24,3,Bonner Bolton_S24,0.09710541659562077,false
24,3,Charo_S24,0.05937112382745743,true
24,3,David Ross_S24,0.09575053911914326,false
24,3,Erika Jayne_S24,0.09856570675152318,false
24,3,Heather Morris_S24,0.0931354071468842,false
24,3,Mr. T_S24,0.0947646262037654,false
24,3,Nancy Kerrigan_S24,0.09285193037577587,false
24,3,Nick Viall_S24,0.09478176538750566,false
24,3,Normani_S24,0.08348023406701195,false
24,3,Rashad Jennings_S24,0.09833413819194947,false
24,3,Simone Biles_S24,0.09185911233336283,false
24,4,Bonner Bolton_S24,0.10619474720359008,false
24,4,David Ross_S24,0.10400924216000335,false
24,4,Erika Jayne_S24,0.1031674697818777,false
24,4,Heather Morris_S24,0.10442875005098937,false
24,4,Mr. T_S24,0.06892257008478278,true
24,4,Nancy Kerrigan_S24,0.10558208526005781,false
24,4,Nick Viall_S24,0.10596648161184798,false
24,4,Normani_S24,0.10310670914749592,false
24,4,Rashad Jennings_S24,0.10051174081096091,false
24,4,Simone Biles_S24,0.09811020388839382,false
24,5,Bonner Bolton_S24,0.1177723351349848,false
24,5,David Ross_S24,0.1210651240453515,false
24,5,Erika Jayne_S24,0.06895115370162387,true
24,5,Heather Morris_S24,0.11554545947621361,false
24,5,Nancy Kerrigan_S24,0.11724635622633772,false
24,5,Nick Viall_S24,0.11678502794300319,false
24,5,Normani_S24,0.1090123819672895,false
24,5,Rashad Jennings_S24,0.12028513246647117,false
24,5,Simone Biles_S24,0.11333702903872482,false
24,6,Bonner Bolton_S24,0.1344008347222544,false
24,6,David Ross_S24,0.13630188182734784,false
24,6,Heather Morris_S24,0.06967493426790751,true
24,6,Nancy Kerrigan_S24,0.13492845618393506,false
24,6,Nick Viall_S24,0.13674099215508126,false
24,6,Normani_S24,0.12423697453142034,false
24,6,Rashad Jennings_S24,0.13331320326043955,false
24,6,Simone Biles_S24,0.13040272305161474,false
24,7,Bonner Bolton_S24,0.1690817740358699,false
24,7,David Ross_S24,0.16571729525103648,false
24,7,Nancy Kerrigan_S24,0.10530543410344073,true
24,7,Nick Viall_S24,0.10870913845227445,true
24,7,Normani_S24,0.1445498797926,false
24,7,Rashad Jennings_S24,0.15673945444494183,false
24,7,Simone Biles_S24,0.149897023919837,false
24,8,Bonner Bolton_S24,0.16169868634046755,true
24,8,David Ross_S24,0.2175016917769423,false
24,8,Normani_S24,0.1999976635076335,false
24,8,Rashad Jennings_S24,0.2128893923691069,false
24,8,Simone Biles_S24,0.2079125660058495,false
24,9,David Ross_S24,0.28365355568990497,false
24,9,Normani_S24,0.2652445399628911,false
24,9,Rashad Jennings_S24,0.27752551256854174,false
24,9,Simone Biles_S24,0.1735763917786618,true
24,10,David Ross_S24,0.3479687501854041,false
24,10,Normani_S24,0.25214452886735833,false
24,10,Rashad Jennings_S24,0.3998867209472369,false
25,1,Barbara Corcoran_S25,0.06501567205194332,false
25,1,Debbie Gibson_S25,0.07631944885242417,false
25,1,Derek Fisher_S25,0.07999950765273937,false
25,1,Drew Scott_S25,0.07716309289262062,false
25,1,Frankie Muniz_S25,0.07676460873213146,false
25,1,Jordan Fisher_S25,0.07571852363311159,false
25,1,Lindsey Stirling_S25,0.08713531812115882,false
25,1,Nick Lachey_S25,0.07610112452430792,false
25,1,Nikki Bella_S25,0.0774239959145095,false
25,1,Sasha Pieterse_S25,0.075965883627675,false
25,1,Terrell Owens_S25,0.07797698355009178,false
25,1,Vanessa Lachey_S25,0.07735143163605465,false
25,1,Victoria Arlen_S25,0.07706440881123212,false
25,2,Barbara Corcoran_S25,0.051636349853581405,true
25,2,Debbie Gibson_S25,0.049259824150051125,true
25,2,Derek Fisher_S25,0.08488349845262272,false
25,2,Drew Scott_S25,0.08245856895834112,false
25,2,Frankie Muniz_S25,0.08018350627273847,false
25,2,Jordan Fisher_S25,0.07795099235879333,false
25,2,Lindsey Stirling_S25,0.08768011649152606,false
25,2,Nick Lachey_S25,0.08132885338694355,false
25,2,Nikki Bella_S25,0.08430773107292552,false
25,2,Sasha Pieterse_S25,0.07848731480236115,false
25,2,Terrell Owens_S25,0.08314231153551412,false
25,2,Vanessa Lachey_S25,0.07933259763278966,false
25,2,Victoria Arlen_S25,0.07934833503181143,false
25,3,Derek Fisher_S25,0.09060490733326906,false
25,3,Drew Scott_S25,0.0918879170695017,false
25,3,Frankie Muniz_S25,0.0901851454038091,false
25,3,Jordan Fisher_S25,0.08964616552301025,false
25,3,Lindsey Stirling_S25,0.09766958591177861,false
25,3,Nick Lachey_S25,0.08514931411804437,false
25,3,Nikki Bella_S25,0.09028376517606654,false
25,3,Sasha Pieterse_S25,0.08820584251127643,false
25,3,Terrell Owens_S25,0.09173764868684257,false
25,3,Vanessa Lachey_S25,0.09257765292909083,false
25,3,Victoria Arlen_S25,0.09205205533731053,false
25,4,Derek Fisher_S25,0.05847006527981347,true
25,4,Drew Scott_S25,0.09347839381918262,false
25,4,Frankie Muniz_S25,0.09549779368762426,false
25,4,Jordan Fisher_S25,0.09071046062483744,false
25,4,Lindsey Stirling_S25,0.10183341071184834,false
25,4,Nick Lachey_S25,0.09524820844640564,false
25,4,Nikki Bella_S25,0.09287993217296774,false
25,4,Sasha Pieterse_S25,0.0918175404401218,false
25,4,Terrell Owens_S25,0.09638681033020392,false
25,4,Vanessa Lachey_S25,0.09318278494315031,false
25,4,Victoria Arlen_S25,0.09049459954384495,false
25,5,Drew Scott_S25,0.10582969895585367,false
25,5,Frankie Muniz_S25,0.09983417741561025,false
25,5,Jordan Fisher_S25,0.09781654770538184,false
25,5,Lindsey Stirling_S25,0.11177758921509648,false
25,5,Nick Lachey_S25,0.10767595782818344,false
25,5,Nikki Bella_S25,0.10456913295049405,false
25,5,Sasha Pieterse_S25,0.061219404660908874,true
25,5,Terrell Owens_S25,0.10172802890824657,false
25,5,Vanessa Lachey_S25,0.10610144515135735,false
25,5,Victoria Arlen_S25,0.10344801720886826,false
25,6,Drew Scott_S25,0.11693175756256809,false
25,6,Frankie Muniz_S25,0.11691754518765389,false
25,6,Jordan Fisher_S25,0.11229690925350458,false
25,6,Lindsey Stirling_S25,0.1211440076982853,false
25,6,Nick Lachey_S25,0.0820005747891707,true
25,6,Nikki Bella_S25,0.11198069452590237,false
25,6,Terrell Owens_S25,0.11217563597637403,false
25,6,Vanessa Lachey_S25,0.11202597740950934,false
25,6,Victoria Arlen_S25,0.11452689759703169,false
25,7,Drew Scott_S25,0.13319936799289764,false
25,7,Frankie Muniz_S25,0.1305070304012324,false
25,7,Jordan Fisher_S25,0.13352126773976047,false
25,7,Lindsey Stirling_S25,0.14404349559695243,false
25,7,Nikki Bella_S25,0.09693199392605932,true
25,7,Terrell Owens_S25,0.14322878684639473,false
25,7,Vanessa Lachey_S25,0.08456815291723402,true
25,7,Victoria Arlen_S25,0.13399990457946864,false
25,8,Drew Scott_S25,0.18074265882412754,false
25,8,Frankie Muniz_S25,0.17725067520600957,false
25,8,Jordan Fisher_S25,0.1709853400348582,false
25,8,Lindsey Stirling_S25,0.18362064881761406,false
25,8,Terrell Owens_S25,0.1119470903616282,true
25,8,Victoria Arlen_S25,0.17545358675576184,false
25,9,Drew Scott_S25,0.22170588336491445,false
25,9,Frankie Muniz_S25,0.21547270064077936,false
25,9,Jordan Fisher_S25,0.20799326727098377,false
25,9,Lindsey Stirling_S25,0.22494998256586815,false
25,9,Victoria Arlen_S25,0.12987816615745446,true
25,10,Drew Scott_S25,0.1820377772629757,false
25,10,Frankie Muniz_S25,0.23506968554947358,false
25,10,Jordan Fisher_S25,0.31332275451477215,false
25,10,Lindsey Stirling_S25,0.26956978267277865,false
26,1,Adam Rippon_S26,0.10037821116755512,false
26,1,Arike Ogunbowale_S26,0.10820956695385049,false
26,1,Chris Mazdzer_S26,0.10797453438373956,false
26,1,Jamie Anderson_S26,0.0725475204806788,true
26,1,Jennie Finch Daigle_S26,0.10574735305520525,false
26,1,Johnny Damon_S26,0.07650772337256705,true
26,1,Josh Norman_S26,0.10462829938399139,false
26,1,Kareem Abdul-Jabbar_S26,0.11520691335392819,false
26,1,Mirai Nagasu_S26,0.10354596831088117,false
26,1,Tonya Harding_S26,0.10525390953760203,false
26,2,Adam Rippon_S26,0.1326660927332348,false
26,2,Arike Ogunbowale_S26,0.08335408589100657,true
26,2,Chris Mazdzer_S26,0.13784800125229016,false
26,2,Jennie Finch Daigle_S26,0.14053737876000996,false
26,2,Josh Norman_S26,0.14112519297879472,false
26,2,Kareem Abdul-Jabbar_S26,0.09453114856201776,true
26,2,Mirai Nagasu_S26,0.13269645430513696,false
26,2,Tonya Harding_S26,0.13724164551750942,false
26,3,Adam Rippon_S26,0.1832307295021906,false
26,3,Chris Mazdzer_S26,0.14108715660831872,true
26,3,Jennie Finch Daigle_S26,0.15280456573992152,true
26,3,Josh Norman_S26,0.1880178687094661,false
26,3,Mirai Nagasu_S26,0.13852191327203592,true
26,3,Tonya Harding_S26,0.1963377661680673,false
26,4,Adam Rippon_S26,0.40080233305554835,false
26,4,Josh Norman_S26,0.3324284159486799,false
26,4,Tonya Harding_S26,0.26676925099577264,false
27,1,Alexis Ren_S27,0.08654628894970959,false
27,1,Bobby Bones_S27,0.07152008835561578,false
27,1,Danelle Umstead_S27,0.08108608646523002,false
27,1,DeMarcus Ware_S27,0.07766089491312858,false
27,1,Evanna Lynch_S27,0.08109923276988268,false
27,1,Joe Amabile_S27,0.08620194309739122,false
27,1,John Schneider_S27,0.07954651840552117,false
27,1,Juan Pablo Di Pace_S27,0.0775797969976342,false
27,1,Mary Lou Retton_S27,0.07944285652693152,false
27,1,Milo Manheim_S27,0.07627423567608341,false
27,1,Nancy McKeon_S27,0.07977962501888301,false
27,1,Nikki Glaser_S27,0.045554232938256965,true
27,1,Tinashe_S27,0.07770819988573173,false
27,2,Alexis Ren_S27,0.09146441215950706,false
27,2,Bobby Bones_S27,0.07840759177635978,false
27,2,Danelle Umstead_S27,0.05630133343515022,true
27,2,DeMarcus Ware_S27,0.08863108538398992,false
27,2,Evanna Lynch_S27,0.08718177942499242,false
27,2,Joe Amabile_S27,0.09183914106324728,false
27,2,John Schneider_S27,0.08546017747015523,false
27,2,Juan Pablo Di Pace_S27,0.08300639932022189,false
27,2,Mary Lou Retton_S27,0.0844970691459733,false
27,2,Milo Manheim_S27,0.08243922333292836,false
27,2,Nancy McKeon_S27,0.08953004698721391,false
27,2,Tinashe_S27,0.08124174050026133,false
27,3,Alexis Ren_S27,0.10187718277073333,false
27,3,Bobby Bones_S27,0.08779783182186333,false
27,3,DeMarcus Ware_S27,0.09369366756775034,false
27,3,Evanna Lynch_S27,0.09096696982509893,false
27,3,Joe Amabile_S27,0.0997603338090257,false
27,3,John Schneider_S27,0.09602476705137368,false
27,3,Juan Pablo Di Pace_S27,0.09657112634657822,false
27,3,Mary Lou Retton_S27,0.09291974433885726,false
27,3,Milo Manheim_S27,0.09138688139999324,false
27,3,Nancy McKeon_S27,0.0560018134795023,true
27,3,Tinashe_S27,0.09299968158922409,false
27,4,Alexis Ren_S27,0.11244284399553567,false
27,4,Bobby Bones_S27,0.09757230773600532,false
27,4,DeMarcus Ware_S27,0.10777208817895248,false
27,4,Evanna Lynch_S27,0.10638965457665392,false
27,4,Joe Amabile_S27,0.11366976710598346,false
27,4,John Schneider_S27,0.10749865097108909,false
27,4,Juan Pablo Di Pace_S27,0.10751120772562821,false
27,4,Mary Lou Retton_S27,0.10769863094845994,false
27,4,Milo Manheim_S27,0.10224565946768752,false
27,4,Tinashe_S27,0.03719918929400476,true
27,5,Alexis Ren_S27,0.12043243731487543,false
27,5,Bobby Bones_S27,0.09116673114182043,false
27,5,DeMarcus Ware_S27,0.11542618087579024,false
27,5,Evanna Lynch_S27,0.11380335047596392,false
27,5,Joe Amabile_S27,0.10951340569549865,false
27,5,John Schneider_S27,0.10993818577417232,false
27,5,Juan Pablo Di Pace_S27,0.11630759635330078,false
27,5,Mary Lou Retton_S27,0.11403634113316813,false
27,5,Milo Manheim_S27,0.10937577123541024,false
27,6,Alexis Ren_S27,0.12433640561714268,false
27,6,Bobby Bones_S27,0.10969655208029132,false
27,6,DeMarcus Ware_S27,0.11677173373375083,false
27,6,Evanna Lynch_S27,0.11189564854752589,false
27,6,Joe Amabile_S27,0.11964590757606985,false
27,6,John Schneider_S27,0.1258594870328302,false
27,6,Juan Pablo Di Pace_S27,0.1130112603024311,false
27,6,Mary Lou Retton_S27,0.06732110752427908,true
27,6,Milo Manheim_S27,0.11146189758567895,false
27,7,Alexis Ren_S27,0.1435292351193993,false
27,7,Bobby Bones_S27,0.13011196749211137,false
27,7,DeMarcus Ware_S27,0.09036873585150063,true
27,7,Evanna Lynch_S27,0.13207382546956323,false
27,7,Joe Amabile_S27,0.14343767334761692,false
27,7,John Schneider_S27,0.08951448095446309,true
27,7,Juan Pablo Di Pace_S27,0.13862623280478167,false
27,7,Milo Manheim_S27,0.13233784896056433,false
27,8,Alexis Ren_S27,0.19415839958275813,false
27,8,Bobby Bones_S27,0.19363163120120663,false
27,8,Evanna Lynch_S27,0.18219283684547372,false
27,8,Joe Amabile_S27,0.1415322831450122,true
27,8,Juan Pablo Di Pace_S27,0.10796577072089929,true
27,8,Milo Manheim_S27,0.18051907850464913,false
27,9,Alexis Ren_S27,0.1962958659391695,false
27,9,Bobby Bones_S27,0.32043023273135757,false
27,9,Evanna Lynch_S27,0.22486598078035544,false
27,9,Milo Manheim_S27,0.25840792054911793,false
28,1,Ally Brooke_S28,0.08547588144820709,false
28,1,Hannah Brown_S28,0.08663609193292662,false
28,1,James Van Der Beek_S28,0.08652247940813264,false
28,1,Karamo Brown_S28,0.08628946427248146,false
28,1,Kate Flannery_S28,0.08413078938003976,false
28,1,Kel Mitchell_S28,0.08712904863888637,false
28,1,Lamar Odom_S28,0.08695850719873129,false
28,1,Lauren Alaina_S28,0.08317429109343193,false
28,1,Mary Wilson_S28,0.08159151201030838,false
28,1,Ray Lewis_S28,0.08655256181262368,false
28,1,Sailor Brinkley-Cook_S28,0.073412464362118,false
28,1,Sean Spicer_S28,0.07212690844211321,false
28,2,Ally Brooke_S28,0.08406431291766499,false
28,2,Hannah Brown_S28,0.08691644961367571,false
28,2,James Van Der Beek_S28,0.08463495377652246,false
28,2,Karamo Brown_S28,0.08705235609834479,false
28,2,Kate Flannery_S28,0.08533473836225894,false
28,2,Kel Mitchell_S28,0.08677505127310518,false
28,2,Lamar Odom_S28,0.09221594930410636,false
28,2,Lauren Alaina_S28,0.0825849516211373,false
28,2,Mary Wilson_S28,0.0741317761697307,true
28,2,Ray Lewis_S28,0.08062152627198618,true
28,2,Sailor Brinkley-Cook_S28,0.07747755208674209,false
28,2,Sean Spicer_S28,0.078190382504725,false
28,3,Ally Brooke_S28,0.09925671817535792,false
28,3,Hannah Brown_S28,0.10402240652780517,false
28,3,James Van Der Beek_S28,0.10542368530392617,false
28,3,Karamo Brown_S28,0.10258156001667114,false
28,3,Kate Flannery_S28,0.10394165003724397,false
28,3,Kel Mitchell_S28,0.10415775803717388,false
28,3,Lamar Odom_S28,0.10516707819751993,false
28,3,Lauren Alaina_S28,0.10284066222015543,false
28,3,Sailor Brinkley-Cook_S28,0.08441247274300336,false
28,3,Sean Spicer_S28,0.0881960087411428,false
28,4,Ally Brooke_S28,0.10146653189194839,false
28,4,Hannah Brown_S28,0.10351785129788126,false
28,4,James Van Der Beek_S28,0.1059644092195308,false
28,4,Karamo Brown_S28,0.10418660901340515,false
28,4,Kate Flannery_S28,0.10482210589976906,false
28,4,Kel Mitchell_S28,0.10716426204422713,false
28,4,Lamar Odom_S28,0.08688411396345375,true
28,4,Lauren Alaina_S28,0.10250804576086181,false
28,4,Sailor Brinkley-Cook_S28,0.08775987991064839,false
28,4,Sean Spicer_S28,0.09572619099827501,false
28,5,Ally Brooke_S28,0.11318754282117734,false
28,5,Hannah Brown_S28,0.11389944594864566,false
28,5,James Van Der Beek_S28,0.11515681435858553,false
28,5,Karamo Brown_S28,0.11668094511582393,false
28,5,Kate Flannery_S28,0.11336580707609038,false
28,5,Kel Mitchell_S28,0.11578201936837379,false
28,5,Lauren Alaina_S28,0.11146140758943449,false
28,5,Sailor Brinkley-Cook_S28,0.09710335810402362,false
28,5,Sean Spicer_S28,0.103362659617845,false
28,6,Ally Brooke_S28,0.1396037500996808,false
28,6,Hannah Brown_S28,0.15780922243971357,false
28,6,James Van Der Beek_S28,0.12031839792122909,false
28,6,Karamo Brown_S28,0.1476187229990191,false
28,6,Kate Flannery_S28,0.10915006796928192,false
28,6,Kel Mitchell_S28,0.11921452695699755,false
28,6,Lauren Alaina_S28,0.1292740409868432,false
28,6,Sailor Brinkley-Cook_S28,0.0024522386385281507,true
28,6,Sean Spicer_S28,0.074559031988701,false
28,7,Ally Brooke_S28,0.13012988594882371,false
28,7,Hannah Brown_S28,0.13667385312410493,false
28,7,James Van Der Beek_S28,0.1274211240356766,false
28,7,Karamo Brown_S28,0.09311020599690702,true
28,7,Kate Flannery_S28,0.13406920280137744,false
28,7,Kel Mitchell_S28,0.13453472831472754,false
28,7,Lauren Alaina_S28,0.12354318298104829,false
28,7,Sean Spicer_S28,0.1205178167973346,false
28,8,Ally Brooke_S28,0.1467478817617426,false
28,8,Hannah Brown_S28,0.14961421356015275,false
28,8,James Van Der Beek_S28,0.14876703573048886,false
28,8,Kate Flannery_S28,0.1130415768612936,true
28,8,Kel Mitchell_S28,0.15419446791058175,false
28,8,Lauren Alaina_S28,0.15394785031658278,false
28,8,Sean Spicer_S28,0.13368697385915843,false
28,9,Ally Brooke_S28,0.16984298338877257,false
28,9,Hannah Brown_S28,0.17752021383618977,false
28,9,James Van Der Beek_S28,0.1719842074237025,false
28,9,Kel Mitchell_S28,0.17457472466276208,false
28,9,Lauren Alaina_S28,0.17021832457300587,false
28,9,Sean Spicer_S28,0.13585954611556703,true
28,10,Ally Brooke_S28,0.2001274056098452,false
28,10,Hannah Brown_S28,0.20117180121107678,false
28,10,James Van Der Beek_S28,0.1889039204712154,true
28,10,Kel Mitchell_S28,0.20610151657593753,false
28,10,Lauren Alaina_S28,0.2036953561319241,false
28,11,Ally Brooke_S28,0.18260441878270114,false
28,11,Hannah Brown_S28,0.3164541816109031,false
28,11,Kel Mitchell_S28,0.26960777135736197,false
28,11,Lauren Alaina_S28,0.2313336282490353,false
29,1,AJ McLean_S29,0.06710154816560032,false
29,1,Anne Heche_S29,0.06787737934457799,false
29,1,Carole Baskin_S29,0.06603937765880999,false
29,1,Charles Oakley_S29,0.06884056324560849,false
29,1,Chrishell Stause_S29,0.06860822037273698,false
29,1,Jeannie Mai_S29,0.06608367539863073,false
29,1,Jesse Metcalfe_S29,0.06917735383918036,false
29,1,Johnny Weir_S29,0.06714709637005674,false
29,1,Justina Machado_S29,0.06798240398745614,false
29,1,Kaitlyn Bristowe_S29,0.06626684408487052,false
29,1,Monica Aldama_S29,0.0684595281937523,false
29,1,Nelly_S29,0.06929966763169224,false
29,1,Nev Schulman_S29,0.0550265099057692,false
29,1,Skai Jackson_S29,0.06556718441660338,false
29,1,Veron Davis_S29,0.06652264738465455,false
29,2,AJ McLean_S29,0.06618859113147449,false
29,2,Anne Heche_S29,0.07048980992763046,false
29,2,Carole Baskin_S29,0.06915205730482193,false
29,2,Charles Oakley_S29,0.05359247630323005,true
29,2,Chrishell Stause_S29,0.06915927457419871,false
29,2,Jeannie Mai_S29,0.06951790697367427,false
29,2,Jesse Metcalfe_S29,0.06894336845958401,false
29,2,Johnny Weir_S29,0.07022023166967778,false
29,2,Justina Machado_S29,0.06662826437000519,false
29,2,Kaitlyn Bristowe_S29,0.06608518366506061,false
29,2,Monica Aldama_S29,0.07110335567774617,false
29,2,Nelly_S29,0.06687922118918462,false
29,2,Nev Schulman_S29,0.05756690846761635,false
29,2,Skai Jackson_S29,0.06684921918378618,false
29,2,Veron Davis_S29,0.06762413110230985,false
29,3,AJ McLean_S29,0.07310142848787166,false
29,3,Anne Heche_S29,0.0751153070948672,false
29,3,Carole Baskin_S29,0.055631114121565586,true
29,3,Chrishell Stause_S29,0.07507278981234224,false
29,3,Jeannie Mai_S29,0.07462620140617986,false
29,3,Jesse Metcalfe_S29,0.07453257123524026,false
29,3,Johnny Weir_S29,0.07699122048171733,false
29,3,Justina Machado_S29,0.07209079906486057,false
29,3,Kaitlyn Bristowe_S29,0.07124005906791596,false
29,3,Monica Aldama_S29,0.07377671083627992,false
29,3,Nelly_S29,0.07383992241928901,false
29,3,Nev Schulman_S29,0.06032646264417992,false
29,3,Skai Jackson_S29,0.07054437599260602,false
29,3,Veron Davis_S29,0.07311103733508478,false
29,4,AJ McLean_S29,0.07874026324845083,false
29,4,Anne Heche_S29,0.0648899625789638,true
29,4,Chrishell Stause_S29,0.07909460685955694,false
29,4,Jeannie Mai_S29,0.07913526022705208,false
29,4,Jesse Metcalfe_S29,0.08175549776973408,false
29,4,Johnny Weir_S29,0.0818791972375304,false
29,4,Justina Machado_S29,0.07987435176020745,false
29,4,Kaitlyn Bristowe_S29,0.07797653213656189,false
29,4,Monica Aldama_S29,0.07954802013251379,false
29,4,Nelly_S29,0.07974003225951994,false
29,4,Nev Schulman_S29,0.06190981657882608,false
29,4,Skai Jackson_S29,0.07760601747437666,false
29,4,Veron Davis_S29,0.07785044173670616,false
29,5,AJ McLean_S29,0.08952974859590092,false
29,5,Chrishell Stause_S29,0.09110992864124602,false
29,5,Jeannie Mai_S29,0.08596812080351526,false
29,5,Jesse Metcalfe_S29,0.06920879859140006,true
29,5,Johnny Weir_S29,0.08364085817682856,false
29,5,Justina Machado_S29,0.0860792609017543,false
29,5,Kaitlyn Bristowe_S29,0.08120612052394724,false
29,5,Monica Aldama_S29,0.08382102643388632,false
29,5,Nelly_S29,0.08603732274239219,false
29,5,Nev Schulman_S29,0.07044235064332034,false
29,5,Skai Jackson_S29,0.08344934157432793,false
29,5,Veron Davis_S29,0.08950712237148091,false
29,6,AJ McLean_S29,0.09008897181985678,false
29,6,Chrishell Stause_S29,0.098961305019309,false
29,6,Jeannie Mai_S29,0.09613085541514985,false
29,6,Johnny Weir_S29,0.09728330484284338,false
29,6,Justina Machado_S29,0.09240851151838575,false
29,6,Kaitlyn Bristowe_S29,0.09117497892633432,false
29,6,Monica Aldama_S29,0.09418305884883149,false
29,6,Nelly_S29,0.09282896640505833,false
29,6,Nev Schulman_S29,0.07904623529547082,false
29,6,Skai Jackson_S29,0.09445413703902215,false
29,6,Veron Davis_S29,0.07343967486973924,true
29,7,AJ McLean_S29,0.10624216436947179,false
29,7,Chrishell Stause_S29,0.10349048970088641,false
29,7,Jeannie Mai_S29,0.09717732313267845,true
29,7,Johnny Weir_S29,0.10499364220553367,false
29,7,Justina Machado_S29,0.10045550678037284,false
29,7,Kaitlyn Bristowe_S29,0.10572592591202748,false
29,7,Monica Aldama_S29,0.09569209720102188,true
29,7,Nelly_S29,0.10232505840610522,false
29,7,Nev Schulman_S29,0.086395933793467,false
29,7,Skai Jackson_S29,0.09750185849843579,false
29,8,AJ McLean_S29,0.13775522439270896,false
29,8,Chrishell Stause_S29,0.09603109616734669,true
29,8,Johnny Weir_S29,0.12848029930875832,false
29,8,Justina Machado_S29,0.13058696812604334,false
29,8,Kaitlyn Bristowe_S29,0.13319299758323172,false
29,8,Nelly_S29,0.1329407754725729,false
29,8,Nev Schulman_S29,0.10765660079834243,false
29,8,Skai Jackson_S29,0.13335603815099567,false
29,9,AJ McLean_S29,0.12256387487885843,true
29,9,Johnny Weir_S29,0.14650619874834084,false
29,9,Justina Machado_S29,0.15132857538294722,false
29,9,Kaitlyn Bristowe_S29,0.152960616396021,false
29,9,Nelly_S29,0.1499425702249705,false
29,9,Nev Schulman_S29,0.1282443292917381,false
29,9,Skai Jackson_S29,0.148453835077124,false
29,10,Johnny Weir_S29,0.1655955440909603,true
29,10,Justina Machado_S29,0.17714088469026576,false
29,10,Kaitlyn Bristowe_S29,0.17314417250246764,false
29,10,Nelly_S29,0.17644170791364247,false
29,10,Nev Schulman_S29,0.14282009125188141,false
29,10,Skai Jackson_S29,0.1648575995507832,true
29,11,Justina Machado_S29,0.18110818855055416,false
29,11,Kaitlyn Bristowe_S29,0.29784753585346935,false
29,11,Nelly_S29,0.29394978156420515,false
29,11,Nev Schulman_S29,0.22709449403177218,false
30,1,Amanda Kloots_S30,0.0687512016123757,false
30,1,Brian Austin Green_S30,0.0656175653081563,false
30,1,Christine Chiu_S30,0.07054340078118886,false
30,1,Cody Rigsby_S30,0.052060206002575465,false
30,1,Iman Shumpert_S30,0.0673235539349758,false
30,1,Jimmie Allen_S30,0.06493998424518418,false
30,1,JoJo Siwa_S30,0.07431177887437165,false
30,1,Kenya Moore_S30,0.06481844415194477,false
30,1,Martin Kove_S30,0.06339172341330501,false
30,1,Matt James_S30,0.06664958167779386,false
30,1,Melanie C_S30,0.06634187775864692,false
30,1,Melora Hardin_S30,0.06795375286317887,false
30,1,"Mike ""The Miz"" Mizanin_S30",0.06887133279765913,false
30,1,Olivia Jade_S30,0.07346150029429327,false
30,1,Suni Lee_S30,0.0649640962843498,false
30,2,Amanda Kloots_S30,0.06559951670848263,false
30,2,Brian Austin Green_S30,0.07002031949494945,false
30,2,Christine Chiu_S30,0.07116414139598756,false
30,2,Cody Rigsby_S30,0.0576641160953691,false
30,2,Iman Shumpert_S30,0.06726628754598536,false
30,2,Jimmie Allen_S30,0.059854302573457176,false
30,2,JoJo Siwa_S30,0.07498049202737818,false
30,2,Kenya Moore_S30,0.0682446477441811,false
30,2,Martin Kove_S30,0.05228283171704799,true
30,2,Matt James_S30,0.06864457843203983,false
30,2,Melanie C_S30,0.06443743569905162,false
30,2,Melora Hardin_S30,0.06791477770992076,false
30,2,"Mike ""The Miz"" Mizanin_S30",0.07001084783669631,false
30,2,Olivia Jade_S30,0.074773791459303,false
30,2,Suni Lee_S30,0.06714191356014955,false
30,3,Amanda Kloots_S30,0.07085864892476225,false
30,3,Brian Austin Green_S30,0.08280691940633768,false
30,3,Christine Chiu_S30,0.04337132230657132,true
30,3,Cody Rigsby_S30,0.06533283580199063,false
30,3,Iman Shumpert_S30,0.08044995299421089,false
30,3,Jimmie Allen_S30,0.07537432406605676,false
30,3,JoJo Siwa_S30,0.07609544845286542,false
30,3,Kenya Moore_S30,0.0719831005359061,false
30,3,Matt James_S30,0.0741934532213429,false
30,3,Melanie C_S30,0.06941995945639294,false
30,3,Melora Hardin_S30,0.0697911167822485,false
30,3,"Mike ""The Miz"" Mizanin_S30",0.07348233114857597,false
30,3,Olivia Jade_S30,0.07525776406263868,false
30,3,Suni Lee_S30,0.07158282284009991,false
30,4,Amanda Kloots_S30,0.08451374200666356,false
30,4,Brian Austin Green_S30,0.016387274834436565,true
30,4,Cody Rigsby_S30,0.06539560993574736,false
30,4,Iman Shumpert_S30,0.08505748269684592,false
30,4,Jimmie Allen_S30,0.08184614064143297,false
30,4,JoJo Siwa_S30,0.08795385806848038,false
30,4,Kenya Moore_S30,0.08380849545724395,false
30,4,Matt James_S30,0.08265328263764282,true
30,4,Melanie C_S30,0.07963020155156898,false
30,4,Melora Hardin_S30,0.08235639441164042,false
30,4,"Mike ""The Miz"" Mizanin_S30",0.08144538842894695,false
30,4,Olivia Jade_S30,0.09097115902903496,false
30,4,Suni Lee_S30,0.07798097030031491,false
30,5,Amanda Kloots_S30,0.08584454124494229,false
30,5,Cody Rigsby_S30,0.08676630198547935,false
30,5,Iman Shumpert_S30,0.1041213304674245,false
30,5,Jimmie Allen_S30,0.09813411750663191,false
30,5,JoJo Siwa_S30,0.09812369964673161,false
30,5,Kenya Moore_S30,0.09270441085012933,false
30,5,Melanie C_S30,0.0598059617966883,true
30,5,Melora Hardin_S30,0.09707418054495238,false
30,5,"Mike ""The Miz"" Mizanin_S30",0.09507040283222354,false
30,5,Olivia Jade_S30,0.09590919553690651,false
30,5,Suni Lee_S30,0.08644585758788931,false
30,6,Amanda Kloots_S30,0.10224863384014848,false
30,6,Cody Rigsby_S30,0.08273244828614838,false
30,6,Iman Shumpert_S30,0.09868192131604193,false
30,6,Jimmie Allen_S30,0.09948580586387679,false
30,6,JoJo Siwa_S30,0.10553503930059666,false
30,6,Kenya Moore_S30,0.08303332209999499,true
30,6,Melora Hardin_S30,0.1058006566004909,false
30,6,"Mike ""The Miz"" Mizanin_S30",0.10915683780295445,false
30,6,Olivia Jade_S30,0.11470792257037411,false
30,6,Suni Lee_S30,0.09861741231937306,false
30,7,Amanda Kloots_S30,0.11655330922277844,false
30,7,Cody Rigsby_S30,0.08896933212248101,false
30,7,Iman Shumpert_S30,0.11493753187394277,false
30,7,Jimmie Allen_S30,0.11312287597207744,false
30,7,JoJo Siwa_S30,0.12666670715517275,false
30,7,Melora Hardin_S30,0.11185211245712007,false
30,7,"Mike ""The Miz"" Mizanin_S30",0.09065832638389877,true
30,7,Olivia Jade_S30,0.12355490404032524,false
30,7,Suni Lee_S30,0.11368490077220299,false
30,8,Amanda Kloots_S30,0.13157095057359328,false
30,8,Cody Rigsby_S30,0.10888421750093058,false
30,8,Iman Shumpert_S30,0.13745758006287584,false
30,8,Jimmie Allen_S30,0.11802160611145684,true
30,8,JoJo Siwa_S30,0.1463339313600456,false
30,8,Melora Hardin_S30,0.12972754329864078,false
30,8,Olivia Jade_S30,0.09394676088114276,true
30,8,Suni Lee_S30,0.13405741021131415,false
30,9,Amanda Kloots_S30,0.17887640458895834,false
30,9,Cody Rigsby_S30,0.12581710938535093,false
30,9,Iman Shumpert_S30,0.18307914241566298,false
30,9,JoJo Siwa_S30,0.18813898645970814,false
30,9,Melora Hardin_S30,0.15607803562444852,true
30,9,Suni Lee_S30,0.16801032152587203,true
30,10,Amanda Kloots_S30,0.20624861557508153,false
30,10,Cody Rigsby_S30,0.2630029562116204,false
30,10,Iman Shumpert_S30,0.312901451915363,false
30,10,JoJo Siwa_S30,0.21784697629793526,false
31,1,Charli D'Amelio_S31,0.06622807254258666,false
31,1,Cheryl Ladd_S31,0.059650947963858565,false
31,1,Daniel Durant_S31,0.06522606435073534,false
31,1,Gabby Windey_S31,0.06280420578319097,false
31,1,Heidi D'Amelio_S31,0.0704915672582024,false
31,1,Jason Lewis_S31,0.047988668499264794,true
31,1,Jessie James Decker_S31,0.06341951579440443,false
31,1,Jordin Sparks_S31,0.06158510180107459,false
31,1,Joseph Baena_S31,0.06255795411885727,false
31,1,Sam Champion_S31,0.05915861947764356,false
31,1,Selma Blair_S31,0.06157932030799157,false
31,1,Shangela_S31,0.06683072821620399,false
31,1,Teresa Giudice_S31,0.06422348133559093,false
31,1,Trevor Donovan_S31,0.06542050676587352,false
31,1,Vinny Guadagnino_S31,0.06611550771779737,false
31,1,Wayne Brady_S31,0.056719738066724645,false
31,2,Charli D'Amelio_S31,0.07350508347747942,false
31,2,Cheryl Ladd_S31,0.06945718224342372,false
31,2,Daniel Durant_S31,0.066045207800222,false
31,2,Gabby Windey_S31,0.06769173117350645,false
31,2,Heidi D'Amelio_S31,0.07669411962912774,false
31,2,Jessie James Decker_S31,0.07079287767212536,false
31,2,Jordin Sparks_S31,0.06814624999701721,false
31,2,Joseph Baena_S31,0.06806589193629908,false
31,2,Sam Champion_S31,0.06510435568778263,false
31,2,Selma Blair_S31,0.06649906457789913,false
31,2,Shangela_S31,0.06943262504502849,false
31,2,Teresa Giudice_S31,0.041238719122936245,true
31,2,Trevor Donovan_S31,0.0659124252465538,false
31,2,Vinny Guadagnino_S31,0.07011639625324793,false
31,2,Wayne Brady_S31,0.06129807013735161,false
31,3,Charli D'Amelio_S31,0.07841575943143513,false
31,3,Cheryl Ladd_S31,0.055975751655779296,true
31,3,Daniel Durant_S31,0.07304597782285772,false
31,3,Gabby Windey_S31,0.07391388565891725,false
31,3,Heidi D'Amelio_S31,0.07857770855524825,false
31,3,Jessie James Decker_S31,0.07019652320448053,false
31,3,Jordin Sparks_S31,0.070487865290145,false
31,3,Joseph Baena_S31,0.07092723734541749,false
31,3,Sam Champion_S31,0.06977282670221707,false
31,3,Selma Blair_S31,0.07171206322281436,false
31,3,Shangela_S31,0.07111733487122629,false
31,3,Trevor Donovan_S31,0.0735490527345998,false
31,3,Vinny Guadagnino_S31,0.07527356493913247,false
31,3,Wayne Brady_S31,0.06703444856572956,false
31,4,Charli D'Amelio_S31,0.08303834746410312,false
31,4,Daniel Durant_S31,0.08059025349647843,false
31,4,Gabby Windey_S31,0.07786085196357323,false
31,4,Heidi D'Amelio_S31,0.08656850238847363,false
31,4,Jessie James Decker_S31,0.07611599479170408,false
31,4,Jordin Sparks_S31,0.07834385389055658,false
31,4,Joseph Baena_S31,0.07968578410984094,false
31,4,Sam Champion_S31,0.058128057826221095,true
31,4,Selma Blair_S31,0.07501898174130234,false
31,4,Shangela_S31,0.07941873903352857,false
31,4,Trevor Donovan_S31,0.07812284612412285,false
31,4,Vinny Guadagnino_S31,0.077655393230882,false
31,4,Wayne Brady_S31,0.0694523939392137,false
31,5,Charli D'Amelio_S31,0.09584070585342098,false
31,5,Daniel Durant_S31,0.09636280639073155,false
31,5,Gabby Windey_S31,0.08897023877099243,false
31,5,Heidi D'Amelio_S31,0.09726114911264595,false
31,5,Jessie James Decker_S31,0.09007782209212484,false
31,5,Jordin Sparks_S31,0.09107766949790612,false
31,5,Joseph Baena_S31,0.07237477298488897,true
31,5,Selma Blair_S31,0.011913823524638658,true
31,5,Shangela_S31,0.0875261833751723,false
31,5,Trevor Donovan_S31,0.09510244777957534,false
31,5,Vinny Guadagnino_S31,0.09442050890050735,false
31,5,Wayne Brady_S31,0.07907187171739598,false
31,6,Charli D'Amelio_S31,0.10876842769801932,false
31,6,Daniel Durant_S31,0.10197976187270501,false
31,6,Gabby Windey_S31,0.09851093702662636,false
31,6,Heidi D'Amelio_S31,0.11271184841611404,false
31,6,Jessie James Decker_S31,0.08033738269706092,true
31,6,Jordin Sparks_S31,0.09787113908235105,false
31,6,Shangela_S31,0.10046776017723892,false
31,6,Trevor Donovan_S31,0.10177165081589565,false
31,6,Vinny Guadagnino_S31,0.10736800170097796,false
31,6,Wayne Brady_S31,0.0902130905130106,false
31,7,Charli D'Amelio_S31,0.12176897322669719,false
31,7,Daniel Durant_S31,0.11313841825866564,false
31,7,Gabby Windey_S31,0.1140176077094236,false
31,7,Heidi D'Amelio_S31,0.12694942833577189,false
31,7,Jordin Sparks_S31,0.08912859650182012,true
31,7,Shangela_S31,0.11065826075214699,false
31,7,Trevor Donovan_S31,0.10914886039932119,false
31,7,Vinny Guadagnino_S31,0.11549806980603552,false
31,7,Wayne Brady_S31,0.09969178501011772,false
31,8,Charli D'Amelio_S31,0.13457081585147326,false
31,8,Daniel Durant_S31,0.12704452754129655,false
31,8,Gabby Windey_S31,0.12365164946821455,false
31,8,Heidi D'Amelio_S31,0.13494845829693242,true
31,8,Shangela_S31,0.12725790656388583,false
31,8,Trevor Donovan_S31,0.12502499756727123,false
31,8,Vinny Guadagnino_S31,0.11971344109946598,true
31,8,Wayne Brady_S31,0.10778820361146081,false
31,9,Charli D'Amelio_S31,0.18832571901030995,false
31,9,Daniel Durant_S31,0.13647004648868585,true
31,9,Gabby Windey_S31,0.1723998999754985,false
31,9,Shangela_S31,0.1738087846297225,false
31,9,Trevor Donovan_S31,0.1696990866493906,true
31,9,Wayne Brady_S31,0.15929646324639252,false
31,10,Charli D'Amelio_S31,0.2894795901967895,false
31,10,Gabby Windey_S31,0.24083725273538056,false
31,10,Shangela_S31,0.17844172542768671,false
31,10,Wayne Brady_S31,0.29124143164014327,false
32,1,Adrian Peterson_S32,0.07416746719316761,false
32,1,Alyson Hannigan_S32,0.07516012973938044,false
32,1,Ariana Madix_S32,0.07193505598531984,false
32,1,Barry Williams_S32,0.07373603509408218,false
32,1,Charity Lawson_S32,0.07064502227390322,false
32,1,Harry Jowsey_S32,0.07544576419095309,false
32,1,Jamie Lynn Spears_S32,0.07586073450917281,false
32,1,Jason Mraz_S32,0.06984644007356372,false
32,1,Lele Pons_S32,0.08029784490750151,false
32,1,Matt Walsh_S32,0.05298447245133538,true
32,1,Mauricio Umansky_S32,0.07332459054377084,false
32,1,Mira Sorvino_S32,0.07087846695539177,false
32,1,Tyson Beckford_S32,0.06483326550939805,false
32,1,Xochitl Gomez_S32,0.07088471057306019,false
32,2,Adrian Peterson_S32,0.08207502346901463,false
32,2,Alyson Hannigan_S32,0.07999301626822344,false
32,2,Ariana Madix_S32,0.0802378015985693,false
32,2,Barry Williams_S32,0.0840063631656565,false
32,2,Charity Lawson_S32,0.07989862476822891,false
32,2,Harry Jowsey_S32,0.08396295567460828,false
32,2,Jamie Lynn Spears_S32,0.05412906997479415,true
32,2,Jason Mraz_S32,0.07837154375852966,false
32,2,Lele Pons_S32,0.08542293678051927,false
32,2,Mauricio Umansky_S32,0.08622325116447685,false
32,2,Mira Sorvino_S32,0.07569644953171191,false
32,2,Tyson Beckford_S32,0.05180332792580634,false
32,2,Xochitl Gomez_S32,0.0781796359198614,false
32,3,Adrian Peterson_S32,0.08630149968805562,false
32,3,Alyson Hannigan_S32,0.08808651544502817,false
32,3,Ariana Madix_S32,0.08608427424785883,false
32,3,Barry Williams_S32,0.07859357016804636,false
32,3,Charity Lawson_S32,0.08600201121647308,false
32,3,Harry Jowsey_S32,0.08305518249762536,false
32,3,Jason Mraz_S32,0.08175222399086866,false
32,3,Lele Pons_S32,0.09335288518695874,false
32,3,Mauricio Umansky_S32,0.08667910415602341,false
32,3,Mira Sorvino_S32,0.08655295205937982,false
32,3,Tyson Beckford_S32,0.060196849024932074,true
32,3,Xochitl Gomez_S32,0.08334293231874927,false
32,4,Adrian Peterson_S32,0.046296970324284634,true
32,4,Alyson Hannigan_S32,0.09790826689747377,false
32,4,Ariana Madix_S32,0.09583456812340325,false
32,4,Barry Williams_S32,0.09398515956269904,false
32,4,Charity Lawson_S32,0.09125972214592776,false
32,4,Harry Jowsey_S32,0.09265064405403733,false
32,4,Jason Mraz_S32,0.09372720158380819,false
32,4,Lele Pons_S32,0.10465444423266385,false
32,4,Mauricio Umansky_S32,0.09417878313260768,false
32,4,Mira Sorvino_S32,0.09636039969460466,false
32,4,Xochitl Gomez_S32,0.09314384024848857,false
32,5,Alyson Hannigan_S32,0.10749676457423997,false
32,5,Ariana Madix_S32,0.10169364845788995,false
32,5,Barry Williams_S32,0.1008593868687209,false
32,5,Charity Lawson_S32,0.09947420137884566,false
32,5,Harry Jowsey_S32,0.10387475204331564,false
32,5,Jason Mraz_S32,0.09961547199478708,false
32,5,Lele Pons_S32,0.11262302969657023,false
32,5,Mauricio Umansky_S32,0.10333615618184386,false
32,5,Mira Sorvino_S32,0.07501743352463904,true
32,5,Xochitl Gomez_S32,0.09600915527914777,false
32,6,Alyson Hannigan_S32,0.11990991896856577,false
32,6,Ariana Madix_S32,0.10993779863165327,false
32,6,Barry Williams_S32,0.11770403018802604,false
32,6,Charity Lawson_S32,0.1140823861198193,false
32,6,Harry Jowsey_S32,0.12154660934054272,false
32,6,Jason Mraz_S32,0.10598015423139573,false
32,6,Lele Pons_S32,0.12261807565642095,false
32,6,Mauricio Umansky_S32,0.07901268049969803,true
32,6,Xochitl Gomez_S32,0.10920834636387783,false
32,7,Alyson Hannigan_S32,0.14241308000790778,false
32,7,Ariana Madix_S32,0.12119320032355234,false
32,7,Barry Williams_S32,0.14015669250502183,false
32,7,Charity Lawson_S32,0.1352112260927958,false
32,7,Harry Jowsey_S32,0.14561350813544635,false
32,7,Jason Mraz_S32,0.12449543775957302,false
32,7,Lele Pons_S32,0.0827850657385053,true
32,7,Xochitl Gomez_S32,0.1081317894371979,false
32,8,Alyson Hannigan_S32,0.15466325479841364,false
32,8,Ariana Madix_S32,0.1440407252816391,false
32,8,Barry Williams_S32,0.1109899625862637,true
32,8,Charity Lawson_S32,0.14571332801873021,false
32,8,Harry Jowsey_S32,0.15227437119963477,false
32,8,Jason Mraz_S32,0.1478252973794558,false
32,8,Xochitl Gomez_S32,0.14449306073586324,false
32,9,Alyson Hannigan_S32,0.1775143582700514,false
32,9,Ariana Madix_S32,0.1733184304792504,false
32,9,Charity Lawson_S32,0.17254052620473154,false
32,9,Harry Jowsey_S32,0.1492268820191157,true
32,9,Jason Mraz_S32,0.16368897437615956,false
32,9,Xochitl Gomez_S32,0.16371082865069173,false
32,10,Alyson Hannigan_S32,0.20468224165298612,false
32,10,Ariana Madix_S32,0.20009425546163803,false
32,10,Charity Lawson_S32,0.19618409182454377,false
32,10,Jason Mraz_S32,0.20072546303937477,false
32,10,Xochitl Gomez_S32,0.1983139480214572,false
32,11,Alyson Hannigan_S32,0.18335169534318324,false
32,11,Ariana Madix_S32,0.20509902740275165,false
32,11,Charity Lawson_S32,0.14906756642031316,false
32,11,Jason Mraz_S32,0.20458802729991687,false
32,11,Xochitl Gomez_S32,0.25789368353383646,false
33,1,Anna Delvey_S33,0.04695356107274717,false
33,1,Brooks Nader_S33,0.07063912712945236,false
33,1,Chandler Kinney_S33,0.08048627046211158,false
33,1,Danny Amendola_S33,0.08053890190382064,false
33,1,Dwight Howard _S33,0.08262533475919018,false
33,1,Eric Roberts_S33,0.07879497720827452,false
33,1,Ilona Maher_S33,0.07889781185275802,false
33,1,Jenn Tran_S33,0.07970317042824897,false
33,1,Joey Graziadei_S33,0.07970703495652152,false
33,1,Phaedra Parks_S33,0.0809554739592132,false
33,1,Reginald VelJohnson_S33,0.07813258457866054,false
33,1,Stephen Nedoroscik_S33,0.08142227340680828,false
33,1,Tori Spelling_S33,0.08114347828219158,false
33,2,Anna Delvey_S33,0.03160757913677884,true
33,2,Brooks Nader_S33,0.07451730398588648,false
33,2,Chandler Kinney_S33,0.08421490337851399,false
33,2,Danny Amendola_S33,0.08627619940172636,false
33,2,Dwight Howard _S33,0.08536712405901813,false
33,2,Eric Roberts_S33,0.08214514101342937,false
33,2,Ilona Maher_S33,0.08472851171893755,false
33,2,Jenn Tran_S33,0.0849025092370666,false
33,2,Joey Graziadei_S33,0.08428656827357968,false
33,2,Phaedra Parks_S33,0.08567547156791387,false
33,2,Reginald VelJohnson_S33,0.08335352538714427,false
33,2,Stephen Nedoroscik_S33,0.08367283698077851,false
33,2,Tori Spelling_S33,0.049252325859227473,true
33,3,Brooks Nader_S33,0.08678831084400847,false
33,3,Chandler Kinney_S33,0.09798753578763424,false
33,3,Danny Amendola_S33,0.09869874032618048,false
33,3,Dwight Howard _S33,0.09880424318832182,false
33,3,Eric Roberts_S33,0.09629850972479413,true
33,3,Ilona Maher_S33,0.10029602532838007,false
33,3,Jenn Tran_S33,0.09674021368479714,false
33,3,Joey Graziadei_S33,0.09863694114765101,false
33,3,Phaedra Parks_S33,0.09946399240545857,false
33,3,Reginald VelJohnson_S33,0.03052379477346518,true
33,3,Stephen Nedoroscik_S33,0.09576169278931054,false
33,4,Brooks Nader_S33,0.0853855600720412,true
33,4,Chandler Kinney_S33,0.11398032503522294,false
33,4,Danny Amendola_S33,0.1161753164015879,false
33,4,Dwight Howard _S33,0.1176981176327458,false
33,4,Ilona Maher_S33,0.11690995756268034,false
33,4,Jenn Tran_S33,0.11391551589309293,false
33,4,Joey Graziadei_S33,0.11143261495225722,false
33,4,Phaedra Parks_S33,0.11523660361343818,false
33,4,Stephen Nedoroscik_S33,0.10926598883693293,false
33,5,Chandler Kinney_S33,0.1229855387876396,false
33,5,Danny Amendola_S33,0.13369487108707942,false
33,5,Dwight Howard _S33,0.13341315873503026,false
33,5,Ilona Maher_S33,0.1260469801750889,false
33,5,Jenn Tran_S33,0.1294566020842515,false
33,5,Joey Graziadei_S33,0.12471480439234797,false
33,5,Phaedra Parks_S33,0.09563582178917276,true
33,5,Stephen Nedoroscik_S33,0.1340522229493926,false
33,6,Chandler Kinney_S33,0.1411297629218744,false
33,6,Danny Amendola_S33,0.1605395644445126,false
33,6,Dwight Howard _S33,0.15311790927488017,false
33,6,Ilona Maher_S33,0.15729197010631424,false
33,6,Jenn Tran_S33,0.0943910166353371,true
33,6,Joey Graziadei_S33,0.13900352425765378,false
33,6,Stephen Nedoroscik_S33,0.15452625235943152,false
33,7,Chandler Kinney_S33,0.1677958617240626,false
33,7,Danny Amendola_S33,0.17293307032639774,false
33,7,Dwight Howard _S33,0.1531884366828097,true
33,7,Ilona Maher_S33,0.17131685414601244,false
33,7,Joey Graziadei_S33,0.16479903176757787,false
33,7,Stephen Nedoroscik_S33,0.1699667453531392,false
33,8,Chandler Kinney_S33,0.19727036523334865,false
33,8,Danny Amendola_S33,0.2039881026667384,false
33,8,Ilona Maher_S33,0.20065430868828424,false
33,8,Joey Graziadei_S33,0.19691615016894753,false
33,8,Stephen Nedoroscik_S33,0.20117107324268213,false
33,9,Chandler Kinney_S33,0.13774194507687618,false
33,9,Danny Amendola_S33,0.20077122546714232,false
33,9,Ilona Maher_S33,0.2605360111326759,false
33,9,Joey Graziadei_S33,0.22662737410473918,false
33,9,Stephen Nedoroscik_S33,0.17432344421856336,false
34,1,Alix Earle_S34,0.07414227494116431,false
34,1,Andy Richter_S34,0.06690118581319394,false
34,1,Baron Davis_S34,0.07566905866130848,false
34,1,Corey Feldman_S34,0.07674815245701354,false
34,1,Danielle Fishel_S34,0.07505223881528247,false
34,1,Dylan Efron_S34,0.07545406825363557,false
34,1,Elaine Hendrix_S34,0.07339291514727422,false
34,1,Hilaria Baldwin_S34,0.056709468385149515,false
34,1,Jen Affleck_S34,0.07596062005075313,false
34,1,Jordan Chiles_S34,0.07453799086591234,false
34,1,Lauren Jauregui_S34,0.07275594372873044,false
34,1,Robert Irwin_S34,0.04994718895218836,false
34,1,Scott Hoying_S34,0.07671979584672291,false
34,1,Whitney Leavitt_S34,0.07600909808167111,false
34,2,Alix Earle_S34,0.07070368111742019,false
34,2,Andy Richter_S34,0.0688047594172379,false
34,2,Baron Davis_S34,0.07171280219148325,true
34,2,Corey Feldman_S34,0.06784762105871912,true
34,2,Danielle Fishel_S34,0.07603896867014152,false
34,2,Dylan Efron_S34,0.07590450649986838,false
34,2,Elaine Hendrix_S34,0.07643226957367845,false
34,2,Hilaria Baldwin_S34,0.06611061441245171,false
34,2,Jen Affleck_S34,0.07377903930259153,false
34,2,Jordan Chiles_S34,0.07539315033372963,false
34,2,Lauren Jauregui_S34,0.07446626733902412,false
34,2,Robert Irwin_S34,0.05057616869694591,false
34,2,Scott Hoying_S34,0.07626848655784377,false
34,2,Whitney Leavitt_S34,0.07596166482886442,false
34,3,Alix Earle_S34,0.08565853860390896,false
34,3,Andy Richter_S34,0.08501999487116609,false
34,3,Danielle Fishel_S34,0.09070673702168057,false
34,3,Dylan Efron_S34,0.08941415829392638,false
34,3,Elaine Hendrix_S34,0.08857286637861521,false
34,3,Hilaria Baldwin_S34,0.07871413904691235,false
34,3,Jen Affleck_S34,0.09071168508500602,false
34,3,Jordan Chiles_S34,0.08284187379810116,false
34,3,Lauren Jauregui_S34,0.06682914907969778,true
34,3,Robert Irwin_S34,0.061231055265200986,false
34,3,Scott Hoying_S34,0.09051932972699873,false
34,3,Whitney Leavitt_S34,0.08978047282878569,false
34,4,Alix Earle_S34,0.09596155348977227,false
34,4,Andy Richter_S34,0.08828492729306728,false
34,4,Danielle Fishel_S34,0.10729818432836119,false
34,4,Dylan Efron_S34,0.09517063985045265,false
34,4,Elaine Hendrix_S34,0.09289141816550649,false
34,4,Hilaria Baldwin_S34,0.05300064077610181,true
34,4,Jen Affleck_S34,0.09432844097074236,false
34,4,Jordan Chiles_S34,0.09647938906108847,false
34,4,Robert Irwin_S34,0.07999654126558872,false
34,4,Scott Hoying_S34,0.10005326693836712,false
34,4,Whitney Leavitt_S34,0.0965349978609518,false
34,5,Alix Earle_S34,0.10326889438111549,false
34,5,Andy Richter_S34,0.0943829256800266,false
34,5,Danielle Fishel_S34,0.1075912159849575,false
34,5,Dylan Efron_S34,0.10626023464510007,false
34,5,Elaine Hendrix_S34,0.10362103162454352,false
34,5,Jen Affleck_S34,0.09933591172512109,false
34,5,Jordan Chiles_S34,0.10456829322636244,false
34,5,Robert Irwin_S34,0.07123658480866198,false
34,5,Scott Hoying_S34,0.10548544547924643,false
34,5,Whitney Leavitt_S34,0.10424946244486465,false
34,6,Alix Earle_S34,0.1076266104460346,false
34,6,Andy Richter_S34,0.09946000396938441,false
34,6,Danielle Fishel_S34,0.10378689507521567,false
34,6,Dylan Efron_S34,0.10987439591027114,false
34,6,Elaine Hendrix_S34,0.10442133519436485,false
34,6,Jen Affleck_S34,0.10921974268947233,false
34,6,Jordan Chiles_S34,0.10748693813742123,false
34,6,Robert Irwin_S34,0.07200709263383141,false
34,6,Scott Hoying_S34,0.080875604288765,true
34,6,Whitney Leavitt_S34,0.10524138165523902,false
34,7,Alix Earle_S34,0.12077735108828982,false
34,7,Andy Richter_S34,0.10765601848517364,false
34,7,Danielle Fishel_S34,0.1259528893497241,false
34,7,Dylan Efron_S34,0.1161212353486771,false
34,7,Elaine Hendrix_S34,0.12217410639823835,false
34,7,Jen Affleck_S34,0.08741711028258961,true
34,7,Jordan Chiles_S34,0.11750429398721039,false
34,7,Robert Irwin_S34,0.0826379245693616,false
34,7,Whitney Leavitt_S34,0.11975907049073592,false
34,8,Alix Earle_S34,0.13387155830454736,false
34,8,Andy Richter_S34,0.12956596795056272,false
34,8,Danielle Fishel_S34,0.1073506083569159,true
34,8,Dylan Efron_S34,0.13345298454641927,false
34,8,Elaine Hendrix_S34,0.1403626094596991,false
34,8,Jordan Chiles_S34,0.1334931298696847,false
34,8,Robert Irwin_S34,0.09091213625782822,false
34,8,Whitney Leavitt_S34,0.1309910052543428,false
34,9,Alix Earle_S34,0.1582214031036388,false
34,9,Andy Richter_S34,0.1320766129603948,true
34,9,Dylan Efron_S34,0.15854579377704592,false
34,9,Elaine Hendrix_S34,0.15955741183205877,false
34,9,Jordan Chiles_S34,0.15858000024120114,false
34,9,Robert Irwin_S34,0.07509811125560728,false
34,9,Whitney Leavitt_S34,0.15792066683005335,false
34,10,Alix Earle_S34,0.1766082180791796,false
34,10,Dylan Efron_S34,0.18903040205327784,false
34,10,Elaine Hendrix_S34,0.19522084174273185,false
34,10,Jordan Chiles_S34,0.18835696720237227,false
34,10,Robert Irwin_S34,0.14234672213167568,false
34,10,Whitney Leavitt_S34,0.10843684879076271,true
34,11,Alix Earle_S34,0.17333625754592868,false
34,11,Dylan Efron_S34,0.1639375649669531,false
34,11,Elaine Hendrix_S34,0.21941727540952724,false
34,11,Jordan Chiles_S34,0.20557143267492572,false
34,11,Robert Irwin_S34,0.23773746940266535,false
