contestant_id,celebrity_name,season,week,total_score,avg_score,judge_count,min_score,max_score,week_rank
Rachel Hunter_S1,Rachel Hunter,1,1,20.0,6.666666666666667,3,6.0,7.0,1
John O'Hurley_S1,John O'Hurley,1,1,20.0,6.666666666666667,3,6.0,7.0,2
Joey McIntyre_S1,Joey McIntyre,1,1,20.0,6.666666666666667,3,6.0,7.0,3
Trista Sutter_S1,Trista Sutter,1,1,18.0,6.0,3,6.0,6.0,4
Evander Holyfield_S1,Evander Holyfield,1,1,18.0,6.0,3,5.0,7.0,5
Kelly Monaco_S1,Kelly Monaco,1,1,13.0,4.333333333333333,3,4.0,5.0,6
John O'Hurley_S1,John O'Hurley,1,2,26.0,8.666666666666666,3,8.0,9.0,1
Rachel Hunter_S1,Rachel Hunter,1,2,24.0,8.0,3,8.0,8.0,2
Joey McIntyre_S1,Joey McIntyre,1,2,21.0,7.0,3,6.0,8.0,3
Trista Sutter_S1,Trista Sutter,1,2,19.0,6.333333333333333,3,6.0,7.0,4
Kelly Monaco_S1,Kelly Monaco,1,2,17.0,5.666666666666667,3,5.0,6.0,5
Evander Holyfield_S1,Evander Holyfield,1,2,14.0,4.666666666666667,3,4.0,5.0,6
Rachel Hunter_S1,Rachel Hunter,1,3,26.0,8.666666666666666,3,8.0,9.0,1
John O'Hurley_S1,John O'Hurley,1,3,24.0,8.0,3,7.0,9.0,2
Joey McIntyre_S1,Joey McIntyre,1,3,22.0,7.333333333333333,3,7.0,8.0,3
Kelly Monaco_S1,Kelly Monaco,1,3,21.0,7.0,3,6.0,8.0,4
Evander Holyfield_S1,Evander Holyfield,1,3,13.0,4.333333333333333,3,4.0,5.0,5
Kelly Monaco_S1,Kelly Monaco,1,4,26.0,8.666666666666666,3,8.0,9.0,1
Rachel Hunter_S1,Rachel Hunter,1,4,25.0,8.333333333333334,3,7.0,9.0,2
John O'Hurley_S1,John O'Hurley,1,4,21.0,7.0,3,6.0,8.0,3
Joey McIntyre_S1,Joey McIntyre,1,4,20.0,6.666666666666667,3,6.0,7.0,4
John O'Hurley_S1,John O'Hurley,1,5,27.0,9.0,3,9.0,9.0,1
Kelly Monaco_S1,Kelly Monaco,1,5,23.5,7.833333333333333,3,7.5,8.5,2
Joey McIntyre_S1,Joey McIntyre,1,5,22.5,7.5,3,7.0,8.5,3
Kelly Monaco_S1,Kelly Monaco,1,6,27.5,9.166666666666666,3,8.5,9.5,1
John O'Hurley_S1,John O'Hurley,1,6,27.0,9.0,3,9.0,9.0,2
Drew Lachey_S2,Drew Lachey,2,1,24.0,8.0,3,8.0,8.0,1
Tatum O'Neal_S2,Tatum O'Neal,2,1,23.0,7.666666666666667,3,7.0,8.0,2
Giselle Fernandez_S2,Giselle Fernandez,2,1,23.0,7.666666666666667,3,7.0,8.0,3
Stacy Keibler_S2,Stacy Keibler,2,1,22.0,7.333333333333333,3,6.0,8.0,4
Jerry Rice_S2,Jerry Rice,2,1,21.0,7.0,3,7.0,7.0,5
Tia Carrere_S2,Tia Carrere,2,1,20.0,6.666666666666667,3,6.0,7.0,6
Lisa Rinna_S2,Lisa Rinna,2,1,19.0,6.333333333333333,3,5.0,7.0,7
George Hamilton_S2,George Hamilton,2,1,18.0,6.0,3,5.0,7.0,8
Kenny Mayne_S2,Kenny Mayne,2,1,13.0,4.333333333333333,3,4.0,5.0,9
Master P_S2,Master P,2,1,12.0,4.0,3,4.0,4.0,10
Stacy Keibler_S2,Stacy Keibler,2,2,29.0,9.666666666666666,3,9.0,10.0,1
Drew Lachey_S2,Drew Lachey,2,2,27.0,9.0,3,9.0,9.0,2
Giselle Fernandez_S2,Giselle Fernandez,2,2,24.0,8.0,3,8.0,8.0,3
Jerry Rice_S2,Jerry Rice,2,2,23.0,7.666666666666667,3,7.0,8.0,4
Tia Carrere_S2,Tia Carrere,2,2,22.0,7.333333333333333,3,7.0,8.0,5
George Hamilton_S2,George Hamilton,2,2,22.0,7.333333333333333,3,7.0,8.0,6
Lisa Rinna_S2,Lisa Rinna,2,2,20.0,6.666666666666667,3,6.0,7.0,7
Tatum O'Neal_S2,Tatum O'Neal,2,2,17.0,5.666666666666667,3,5.0,6.0,8
Master P_S2,Master P,2,2,16.0,5.333333333333333,3,5.0,6.0,9
Drew Lachey_S2,Drew Lachey,2,3,27.0,9.0,3,9.0,9.0,1
Stacy Keibler_S2,Stacy Keibler,2,3,27.0,9.0,3,9.0,9.0,2
Tia Carrere_S2,Tia Carrere,2,3,26.0,8.666666666666666,3,8.0,9.0,3
Lisa Rinna_S2,Lisa Rinna,2,3,25.0,8.333333333333334,3,8.0,9.0,4
George Hamilton_S2,George Hamilton,2,3,22.0,7.333333333333333,3,7.0,8.0,5
Giselle Fernandez_S2,Giselle Fernandez,2,3,22.0,7.333333333333333,3,7.0,8.0,6
Jerry Rice_S2,Jerry Rice,2,3,19.0,6.333333333333333,3,6.0,7.0,7
Master P_S2,Master P,2,3,14.0,4.666666666666667,3,4.0,6.0,8
Drew Lachey_S2,Drew Lachey,2,4,28.0,9.333333333333334,3,9.0,10.0,1
Lisa Rinna_S2,Lisa Rinna,2,4,26.0,8.666666666666666,3,8.0,9.0,2
Stacy Keibler_S2,Stacy Keibler,2,4,26.0,8.666666666666666,3,8.0,9.0,3
Tia Carrere_S2,Tia Carrere,2,4,25.0,8.333333333333334,3,8.0,9.0,4
Jerry Rice_S2,Jerry Rice,2,4,24.0,8.0,3,8.0,8.0,5
George Hamilton_S2,George Hamilton,2,4,21.0,7.0,3,7.0,7.0,6
Master P_S2,Master P,2,4,8.0,2.6666666666666665,3,2.0,4.0,7
Stacy Keibler_S2,Stacy Keibler,2,5,30.0,10.0,3,10.0,10.0,1
Drew Lachey_S2,Drew Lachey,2,5,27.0,9.0,3,9.0,9.0,2
Lisa Rinna_S2,Lisa Rinna,2,5,25.0,8.333333333333334,3,7.0,9.0,3
George Hamilton_S2,George Hamilton,2,5,24.0,8.0,3,8.0,8.0,4
Jerry Rice_S2,Jerry Rice,2,5,23.0,7.666666666666667,3,7.0,8.0,5
Tia Carrere_S2,Tia Carrere,2,5,22.0,7.333333333333333,3,7.0,8.0,6
Stacy Keibler_S2,Stacy Keibler,2,6,30.0,10.0,3,10.0,10.0,1
Drew Lachey_S2,Drew Lachey,2,6,30.0,10.0,3,10.0,10.0,2
Lisa Rinna_S2,Lisa Rinna,2,6,27.0,9.0,3,9.0,9.0,3
George Hamilton_S2,George Hamilton,2,6,23.0,7.666666666666667,3,7.0,8.0,4
Jerry Rice_S2,Jerry Rice,2,6,23.0,7.666666666666667,3,7.0,8.0,5
Drew Lachey_S2,Drew Lachey,2,7,27.5,9.166666666666666,3,9.0,9.5,1
Stacy Keibler_S2,Stacy Keibler,2,7,27.5,9.166666666666666,3,9.0,9.5,2
Lisa Rinna_S2,Lisa Rinna,2,7,26.5,8.833333333333334,3,8.5,9.0,3
Jerry Rice_S2,Jerry Rice,2,7,20.5,6.833333333333333,3,6.5,7.0,4
Drew Lachey_S2,Drew Lachey,2,8,28.9998,9.6666,3,9.6666,9.6666,1
Stacy Keibler_S2,Stacy Keibler,2,8,28.6665,9.5555,3,9.3333,9.6666,2
Jerry Rice_S2,Jerry Rice,2,8,26.666600000000003,8.888866666666667,3,8.6666,9.0,3
Mario Lopez_S3,Mario Lopez,3,1,26.0,8.666666666666666,3,8.0,9.0,1
Emmitt Smith_S3,Emmitt Smith,3,1,24.0,8.0,3,8.0,8.0,2
Willa Ford_S3,Willa Ford,3,1,22.0,7.333333333333333,3,7.0,8.0,3
Vivica A. Fox_S3,Vivica A. Fox,3,1,22.0,7.333333333333333,3,6.0,8.0,4
Joey Lawrence_S3,Joey Lawrence,3,1,21.0,7.0,3,7.0,7.0,5
Monique Coleman_S3,Monique Coleman,3,1,19.0,6.333333333333333,3,6.0,7.0,6
Shanna Moakler_S3,Shanna Moakler,3,1,18.0,6.0,3,5.0,7.0,7
Harry Hamlin_S3,Harry Hamlin,3,1,17.0,5.666666666666667,3,5.0,6.0,8
Jerry Springer_S3,Jerry Springer,3,1,16.0,5.333333333333333,3,5.0,6.0,9
Sara Evans_S3,Sara Evans,3,1,15.0,5.0,3,5.0,5.0,10
Tucker Carlson_S3,Tucker Carlson,3,1,12.0,4.0,3,3.0,5.0,11
Joey Lawrence_S3,Joey Lawrence,3,2,29.0,9.666666666666666,3,9.0,10.0,1
Monique Coleman_S3,Monique Coleman,3,2,26.0,8.666666666666666,3,8.0,9.0,2
Vivica A. Fox_S3,Vivica A. Fox,3,2,24.0,8.0,3,8.0,8.0,3
Emmitt Smith_S3,Emmitt Smith,3,2,24.0,8.0,3,8.0,8.0,4
Willa Ford_S3,Willa Ford,3,2,23.0,7.666666666666667,3,7.0,8.0,5
Shanna Moakler_S3,Shanna Moakler,3,2,22.0,7.333333333333333,3,7.0,8.0,6
Sara Evans_S3,Sara Evans,3,2,21.0,7.0,3,7.0,7.0,7
Harry Hamlin_S3,Harry Hamlin,3,2,21.0,7.0,3,7.0,7.0,8
Mario Lopez_S3,Mario Lopez,3,2,21.0,7.0,3,6.0,8.0,9
Jerry Springer_S3,Jerry Springer,3,2,19.0,6.333333333333333,3,6.0,7.0,10
Vivica A. Fox_S3,Vivica A. Fox,3,3,27.0,9.0,3,9.0,9.0,1
Monique Coleman_S3,Monique Coleman,3,3,27.0,9.0,3,9.0,9.0,2
Sara Evans_S3,Sara Evans,3,3,25.0,8.333333333333334,3,8.0,9.0,3
Willa Ford_S3,Willa Ford,3,3,22.0,7.333333333333333,3,7.0,8.0,4
Joey Lawrence_S3,Joey Lawrence,3,3,22.0,7.333333333333333,3,6.0,8.0,5
Harry Hamlin_S3,Harry Hamlin,3,3,22.0,7.333333333333333,3,7.0,8.0,6
Mario Lopez_S3,Mario Lopez,3,3,22.0,7.333333333333333,3,6.0,8.0,7
Jerry Springer_S3,Jerry Springer,3,3,21.0,7.0,3,7.0,7.0,8
Emmitt Smith_S3,Emmitt Smith,3,3,19.0,6.333333333333333,3,6.0,7.0,9
Mario Lopez_S3,Mario Lopez,3,4,29.0,9.666666666666666,3,9.0,10.0,1
Willa Ford_S3,Willa Ford,3,4,28.0,9.333333333333334,3,9.0,10.0,2
Joey Lawrence_S3,Joey Lawrence,3,4,27.0,9.0,3,9.0,9.0,3
Emmitt Smith_S3,Emmitt Smith,3,4,24.0,8.0,3,8.0,8.0,4
Vivica A. Fox_S3,Vivica A. Fox,3,4,24.0,8.0,3,8.0,8.0,5
Monique Coleman_S3,Monique Coleman,3,4,24.0,8.0,3,8.0,8.0,6
Jerry Springer_S3,Jerry Springer,3,4,22.0,7.333333333333333,3,7.0,8.0,7
Sara Evans_S3,Sara Evans,3,4,20.0,6.666666666666667,3,6.0,7.0,8
Emmitt Smith_S3,Emmitt Smith,3,5,27.0,9.0,3,9.0,9.0,1
Mario Lopez_S3,Mario Lopez,3,5,27.0,9.0,3,9.0,9.0,2
Willa Ford_S3,Willa Ford,3,5,27.0,9.0,3,9.0,9.0,3
Monique Coleman_S3,Monique Coleman,3,5,27.0,9.0,3,9.0,9.0,4
Joey Lawrence_S3,Joey Lawrence,3,5,25.0,8.333333333333334,3,8.0,9.0,5
Jerry Springer_S3,Jerry Springer,3,5,24.0,8.0,3,8.0,8.0,6
Sara Evans_S3,Sara Evans,3,5,24.0,8.0,3,8.0,8.0,7
Mario Lopez_S3,Mario Lopez,3,6,28.0,9.333333333333334,3,9.0,10.0,1
Emmitt Smith_S3,Emmitt Smith,3,6,25.0,8.333333333333334,3,8.0,9.0,2
Joey Lawrence_S3,Joey Lawrence,3,6,24.0,8.0,3,8.0,8.0,3
Monique Coleman_S3,Monique Coleman,3,6,23.0,7.666666666666667,3,7.0,9.0,4
Jerry Springer_S3,Jerry Springer,3,6,18.0,6.0,3,5.0,7.0,5
Emmitt Smith_S3,Emmitt Smith,3,7,28.5,9.5,3,9.0,10.0,1
Joey Lawrence_S3,Joey Lawrence,3,7,28.5,9.5,3,9.0,10.0,2
Mario Lopez_S3,Mario Lopez,3,7,28.0,9.333333333333334,3,9.0,9.5,3
Monique Coleman_S3,Monique Coleman,3,7,27.0,9.0,3,9.0,9.0,4
Jerry Springer_S3,Jerry Springer,3,7,23.0,7.666666666666667,3,7.5,8.0,5
Mario Lopez_S3,Mario Lopez,3,8,28.5,9.5,3,9.0,10.0,1
Emmitt Smith_S3,Emmitt Smith,3,8,27.0,9.0,3,8.5,9.5,2
Joey Lawrence_S3,Joey Lawrence,3,8,27.0,9.0,3,8.5,9.5,3
Monique Coleman_S3,Monique Coleman,3,8,26.5,8.833333333333334,3,8.5,9.0,4
Mario Lopez_S3,Mario Lopez,3,9,29.5,9.833333333333334,3,9.5,10.0,1
Emmitt Smith_S3,Emmitt Smith,3,9,29.5,9.833333333333334,3,9.5,10.0,2
Joey Lawrence_S3,Joey Lawrence,3,9,29.5,9.833333333333334,3,9.5,10.0,3
Mario Lopez_S3,Mario Lopez,3,10,29.666600000000003,9.888866666666667,3,9.6666,10.0,1
Emmitt Smith_S3,Emmitt Smith,3,10,29.666600000000003,9.888866666666667,3,9.6666,10.0,2
Joey Fatone_S4,Joey Fatone,4,1,24.0,8.0,3,8.0,8.0,1
Laila Ali_S4,Laila Ali,4,1,23.0,7.666666666666667,3,7.0,8.0,2
Apolo Anton Ohno_S4,Apolo Anton Ohno,4,1,21.0,7.0,3,7.0,7.0,3
Ian Ziering_S4,Ian Ziering,4,1,21.0,7.0,3,7.0,7.0,4
Shandi Finnessey_S4,Shandi Finnessey,4,1,19.0,6.333333333333333,3,6.0,7.0,5
Paulina Porizkova_S4,Paulina Porizkova,4,1,19.0,6.333333333333333,3,6.0,7.0,6
Heather Mills_S4,Heather Mills,4,1,18.0,6.0,3,6.0,6.0,7
John Ratzenberger_S4,John Ratzenberger,4,1,17.0,5.666666666666667,3,5.0,6.0,8
Clyde Drexler_S4,Clyde Drexler,4,1,16.0,5.333333333333333,3,5.0,6.0,9
Leeza Gibbons_S4,Leeza Gibbons,4,1,15.0,5.0,3,5.0,5.0,10
Billy Ray Cyrus_S4,Billy Ray Cyrus,4,1,13.0,4.333333333333333,3,4.0,5.0,11
Laila Ali_S4,Laila Ali,4,2,27.0,9.0,3,9.0,9.0,1
Apolo Anton Ohno_S4,Apolo Anton Ohno,4,2,26.0,8.666666666666666,3,8.0,9.0,2
Heather Mills_S4,Heather Mills,4,2,24.0,8.0,3,8.0,8.0,3
Joey Fatone_S4,Joey Fatone,4,2,24.0,8.0,3,8.0,8.0,4
Ian Ziering_S4,Ian Ziering,4,2,22.0,7.333333333333333,3,7.0,8.0,5
John Ratzenberger_S4,John Ratzenberger,4,2,21.0,7.0,3,7.0,7.0,6
Billy Ray Cyrus_S4,Billy Ray Cyrus,4,2,21.0,7.0,3,7.0,7.0,7
Paulina Porizkova_S4,Paulina Porizkova,4,2,21.0,7.0,3,7.0,7.0,8
Leeza Gibbons_S4,Leeza Gibbons,4,2,21.0,7.0,3,7.0,7.0,9
Shandi Finnessey_S4,Shandi Finnessey,4,2,20.0,6.666666666666667,3,6.0,7.0,10
Clyde Drexler_S4,Clyde Drexler,4,2,18.0,6.0,3,6.0,6.0,11
Ian Ziering_S4,Ian Ziering,4,3,24.0,8.0,3,8.0,8.0,1
Joey Fatone_S4,Joey Fatone,4,3,24.0,8.0,3,8.0,8.0,2
Leeza Gibbons_S4,Leeza Gibbons,4,3,24.0,8.0,3,8.0,8.0,3
Heather Mills_S4,Heather Mills,4,3,24.0,8.0,3,8.0,8.0,4
Apolo Anton Ohno_S4,Apolo Anton Ohno,4,3,23.0,7.666666666666667,3,7.0,8.0,5
Billy Ray Cyrus_S4,Billy Ray Cyrus,4,3,21.0,7.0,3,7.0,7.0,6
Laila Ali_S4,Laila Ali,4,3,21.0,7.0,3,7.0,7.0,7
Shandi Finnessey_S4,Shandi Finnessey,4,3,21.0,7.0,3,7.0,7.0,8
John Ratzenberger_S4,John Ratzenberger,4,3,20.0,6.666666666666667,3,6.0,7.0,9
Clyde Drexler_S4,Clyde Drexler,4,3,16.0,5.333333333333333,3,5.0,6.0,10
Joey Fatone_S4,Joey Fatone,4,4,28.0,9.333333333333334,3,9.0,10.0,1
Apolo Anton Ohno_S4,Apolo Anton Ohno,4,4,26.0,8.666666666666666,3,8.0,9.0,2
Ian Ziering_S4,Ian Ziering,4,4,24.0,8.0,3,7.0,9.0,3
Heather Mills_S4,Heather Mills,4,4,23.0,7.666666666666667,3,7.0,8.0,4
Laila Ali_S4,Laila Ali,4,4,21.0,7.0,3,7.0,7.0,5
Billy Ray Cyrus_S4,Billy Ray Cyrus,4,4,21.0,7.0,3,7.0,7.0,6
Leeza Gibbons_S4,Leeza Gibbons,4,4,16.0,5.333333333333333,3,5.0,6.0,7
John Ratzenberger_S4,John Ratzenberger,4,4,16.0,5.333333333333333,3,5.0,6.0,8
Clyde Drexler_S4,Clyde Drexler,4,4,15.0,5.0,3,4.0,6.0,9
Apolo Anton Ohno_S4,Apolo Anton Ohno,4,5,30.0,10.0,3,10.0,10.0,1
Laila Ali_S4,Laila Ali,4,5,28.0,9.333333333333334,3,9.0,10.0,2
Joey Fatone_S4,Joey Fatone,4,5,25.0,8.333333333333334,3,8.0,9.0,3
Ian Ziering_S4,Ian Ziering,4,5,24.0,8.0,3,8.0,8.0,4
Heather Mills_S4,Heather Mills,4,5,21.0,7.0,3,7.0,7.0,5
John Ratzenberger_S4,John Ratzenberger,4,5,18.0,6.0,3,6.0,6.0,6
Billy Ray Cyrus_S4,Billy Ray Cyrus,4,5,17.0,5.666666666666667,3,5.0,6.0,7
Clyde Drexler_S4,Clyde Drexler,4,5,13.0,4.333333333333333,3,4.0,5.0,8
Apolo Anton Ohno_S4,Apolo Anton Ohno,4,6,28.0,9.333333333333334,3,9.0,10.0,1
Laila Ali_S4,Laila Ali,4,6,28.0,9.333333333333334,3,9.0,10.0,2
Joey Fatone_S4,Joey Fatone,4,6,27.0,9.0,3,9.0,9.0,3
Ian Ziering_S4,Ian Ziering,4,6,24.0,8.0,3,8.0,8.0,4
Heather Mills_S4,Heather Mills,4,6,23.0,7.666666666666667,3,7.0,8.0,5
Billy Ray Cyrus_S4,Billy Ray Cyrus,4,6,21.0,7.0,3,7.0,7.0,6
John Ratzenberger_S4,John Ratzenberger,4,6,19.0,6.333333333333333,3,6.0,7.0,7
Laila Ali_S4,Laila Ali,4,7,29.5,9.833333333333334,3,9.5,10.0,1
Joey Fatone_S4,Joey Fatone,4,7,29.5,9.833333333333334,3,9.5,10.0,2
Apolo Anton Ohno_S4,Apolo Anton Ohno,4,7,27.0,9.0,3,8.5,9.5,3
Ian Ziering_S4,Ian Ziering,4,7,27.0,9.0,3,9.0,9.0,4
John Ratzenberger_S4,John Ratzenberger,4,7,22.5,7.5,3,7.5,7.5,5
Billy Ray Cyrus_S4,Billy Ray Cyrus,4,7,19.0,6.333333333333333,3,6.0,6.5,6
Apolo Anton Ohno_S4,Apolo Anton Ohno,4,8,29.0,9.666666666666666,3,9.0,10.0,1
Joey Fatone_S4,Joey Fatone,4,8,27.5,9.166666666666666,3,9.0,9.5,2
Laila Ali_S4,Laila Ali,4,8,26.5,8.833333333333334,3,8.5,9.0,3
Ian Ziering_S4,Ian Ziering,4,8,23.5,7.833333333333333,3,7.5,8.0,4
Billy Ray Cyrus_S4,Billy Ray Cyrus,4,8,19.0,6.333333333333333,3,6.0,6.5,5
Laila Ali_S4,Laila Ali,4,9,30.0,10.0,3,10.0,10.0,1
Joey Fatone_S4,Joey Fatone,4,9,30.0,10.0,3,10.0,10.0,2
Apolo Anton Ohno_S4,Apolo Anton Ohno,4,9,29.5,9.833333333333334,3,9.5,10.0,3
Ian Ziering_S4,Ian Ziering,4,9,29.0,9.666666666666666,3,9.5,10.0,4
Apolo Anton Ohno_S4,Apolo Anton Ohno,4,10,29.3332,9.777733333333334,3,9.6666,10.0,1
Joey Fatone_S4,Joey Fatone,4,10,28.6665,9.5555,3,9.3333,9.6666,2
Laila Ali_S4,Laila Ali,4,10,28.3332,9.4444,3,9.0,9.6666,3
Sabrina Bryan_S5,Sabrina Bryan,5,1,26.0,8.666666666666666,3,8.0,9.0,1
Helio Castroneves_S5,Helio Castroneves,5,1,25.0,8.333333333333334,3,8.0,9.0,2
Mel B_S5,Mel B,5,1,24.0,8.0,3,8.0,8.0,3
Jane Seymour_S5,Jane Seymour,5,1,24.0,8.0,3,8.0,8.0,4
Cameron Mathison_S5,Cameron Mathison,5,1,21.0,7.0,3,7.0,7.0,5
Jennie Garth_S5,Jennie Garth,5,1,21.0,7.0,3,7.0,7.0,6
Mark Cuban_S5,Mark Cuban,5,1,21.0,7.0,3,7.0,7.0,7
Albert Reed_S5,Albert Reed,5,1,21.0,7.0,3,7.0,7.0,8
Marie Osmond_S5,Marie Osmond,5,1,21.0,7.0,3,7.0,7.0,9
Wayne Newton_S5,Wayne Newton,5,1,19.0,6.333333333333333,3,6.0,7.0,10
Floyd Mayweather Jr. _S5,Floyd Mayweather Jr. ,5,1,18.0,6.0,3,6.0,6.0,11
Josie Maran_S5,Josie Maran,5,1,16.0,5.333333333333333,3,5.0,6.0,12
Helio Castroneves_S5,Helio Castroneves,5,2,27.0,9.0,3,9.0,9.0,1
Sabrina Bryan_S5,Sabrina Bryan,5,2,26.0,8.666666666666666,3,8.0,9.0,2
Marie Osmond_S5,Marie Osmond,5,2,24.0,8.0,3,8.0,8.0,3
Mel B_S5,Mel B,5,2,23.0,7.666666666666667,3,7.0,8.0,4
Jane Seymour_S5,Jane Seymour,5,2,21.0,7.0,3,7.0,7.0,5
Cameron Mathison_S5,Cameron Mathison,5,2,21.0,7.0,3,7.0,7.0,6
Floyd Mayweather Jr. _S5,Floyd Mayweather Jr. ,5,2,21.0,7.0,3,7.0,7.0,7
Albert Reed_S5,Albert Reed,5,2,21.0,7.0,3,7.0,7.0,8
Jennie Garth_S5,Jennie Garth,5,2,21.0,7.0,3,7.0,7.0,9
Mark Cuban_S5,Mark Cuban,5,2,18.0,6.0,3,6.0,6.0,10
Wayne Newton_S5,Wayne Newton,5,2,15.0,5.0,3,5.0,5.0,11
Jane Seymour_S5,Jane Seymour,5,3,27.0,9.0,3,9.0,9.0,1
Sabrina Bryan_S5,Sabrina Bryan,5,3,27.0,9.0,3,9.0,9.0,2
Mel B_S5,Mel B,5,3,27.0,9.0,3,9.0,9.0,3
Marie Osmond_S5,Marie Osmond,5,3,26.0,8.666666666666666,3,8.0,9.0,4
Jennie Garth_S5,Jennie Garth,5,3,26.0,8.666666666666666,3,8.0,9.0,5
Helio Castroneves_S5,Helio Castroneves,5,3,24.0,8.0,3,8.0,8.0,6
Cameron Mathison_S5,Cameron Mathison,5,3,23.0,7.666666666666667,3,7.0,8.0,7
Floyd Mayweather Jr. _S5,Floyd Mayweather Jr. ,5,3,21.0,7.0,3,7.0,7.0,8
Mark Cuban_S5,Mark Cuban,5,3,20.0,6.666666666666667,3,6.0,7.0,9
Wayne Newton_S5,Wayne Newton,5,3,18.0,6.0,3,6.0,6.0,10
Sabrina Bryan_S5,Sabrina Bryan,5,4,30.0,10.0,3,10.0,10.0,1
Jennie Garth_S5,Jennie Garth,5,4,27.0,9.0,3,8.0,10.0,2
Helio Castroneves_S5,Helio Castroneves,5,4,27.0,9.0,3,9.0,9.0,3
Cameron Mathison_S5,Cameron Mathison,5,4,27.0,9.0,3,9.0,9.0,4
Marie Osmond_S5,Marie Osmond,5,4,26.0,8.666666666666666,3,8.0,9.0,5
Jane Seymour_S5,Jane Seymour,5,4,26.0,8.666666666666666,3,8.0,9.0,6
Mel B_S5,Mel B,5,4,26.0,8.666666666666666,3,8.0,9.0,7
Floyd Mayweather Jr. _S5,Floyd Mayweather Jr. ,5,4,23.0,7.666666666666667,3,7.0,8.0,8
Mark Cuban_S5,Mark Cuban,5,4,22.0,7.333333333333333,3,7.0,8.0,9
Mel B_S5,Mel B,5,5,29.0,9.666666666666666,3,9.0,10.0,1
Sabrina Bryan_S5,Sabrina Bryan,5,5,28.0,9.333333333333334,3,9.0,10.0,2
Jane Seymour_S5,Jane Seymour,5,5,26.0,8.666666666666666,3,8.0,9.0,3
Cameron Mathison_S5,Cameron Mathison,5,5,26.0,8.666666666666666,3,8.0,9.0,4
Jennie Garth_S5,Jennie Garth,5,5,25.0,8.333333333333334,3,8.0,9.0,5
Helio Castroneves_S5,Helio Castroneves,5,5,23.0,7.666666666666667,3,7.0,8.0,6
Mark Cuban_S5,Mark Cuban,5,5,21.0,7.0,3,7.0,7.0,7
Marie Osmond_S5,Marie Osmond,5,5,21.0,7.0,3,7.0,7.0,8
Mel B_S5,Mel B,5,6,30.0,10.0,3,10.0,10.0,1
Helio Castroneves_S5,Helio Castroneves,5,6,28.0,9.333333333333334,3,9.0,10.0,2
Jennie Garth_S5,Jennie Garth,5,6,27.0,9.0,3,9.0,9.0,3
Sabrina Bryan_S5,Sabrina Bryan,5,6,25.0,8.333333333333334,3,8.0,9.0,4
Cameron Mathison_S5,Cameron Mathison,5,6,25.0,8.333333333333334,3,8.0,9.0,5
Marie Osmond_S5,Marie Osmond,5,6,23.0,7.666666666666667,3,7.0,8.0,6
Jane Seymour_S5,Jane Seymour,5,6,22.0,7.333333333333333,3,7.0,8.0,7
Mel B_S5,Mel B,5,7,27.0,9.0,3,9.0,9.0,1
Jennie Garth_S5,Jennie Garth,5,7,26.5,8.833333333333334,3,8.5,9.5,2
Marie Osmond_S5,Marie Osmond,5,7,26.0,8.666666666666666,3,8.5,9.0,3
Helio Castroneves_S5,Helio Castroneves,5,7,26.0,8.666666666666666,3,8.5,9.0,4
Cameron Mathison_S5,Cameron Mathison,5,7,25.5,8.5,3,8.5,8.5,5
Jane Seymour_S5,Jane Seymour,5,7,25.0,8.333333333333334,3,8.0,8.5,6
Helio Castroneves_S5,Helio Castroneves,5,8,28.5,9.5,3,9.5,9.5,1
Mel B_S5,Mel B,5,8,28.0,9.333333333333334,3,9.0,9.5,2
Cameron Mathison_S5,Cameron Mathison,5,8,25.5,8.5,3,8.5,8.5,3
Jennie Garth_S5,Jennie Garth,5,8,25.0,8.333333333333334,3,8.0,8.5,4
Marie Osmond_S5,Marie Osmond,5,8,24.5,8.166666666666666,3,8.0,8.5,5
Helio Castroneves_S5,Helio Castroneves,5,9,30.0,10.0,3,10.0,10.0,1
Mel B_S5,Mel B,5,9,30.0,10.0,3,10.0,10.0,2
Jennie Garth_S5,Jennie Garth,5,9,29.0,9.666666666666666,3,9.5,10.0,3
Marie Osmond_S5,Marie Osmond,5,9,28.0,9.333333333333334,3,9.0,9.5,4
Mel B_S5,Mel B,5,10,28.333199999999998,9.4444,3,9.3333,9.6666,1
Helio Castroneves_S5,Helio Castroneves,5,10,27.9999,9.3333,3,9.0,9.6666,2
Marie Osmond_S5,Marie Osmond,5,10,23.0,7.666666666666667,3,7.5,8.0,3
Kristi Yamaguchi_S6,Kristi Yamaguchi,6,1,27.0,9.0,3,9.0,9.0,1
Priscilla Presley_S6,Priscilla Presley,6,1,24.0,8.0,3,8.0,8.0,2
Mario_S6,Mario,6,1,24.0,8.0,3,8.0,8.0,3
Jason Taylor_S6,Jason Taylor,6,1,22.0,7.333333333333333,3,7.0,8.0,4
Marlee Matlin_S6,Marlee Matlin,6,1,22.0,7.333333333333333,3,7.0,8.0,5
Shannon Elizabeth_S6,Shannon Elizabeth,6,1,21.0,7.0,3,7.0,7.0,6
Cristian de la Fuente_S6,Cristian de la Fuente,6,1,21.0,7.0,3,7.0,7.0,7
Marissa Jaret Winokur_S6,Marissa Jaret Winokur,6,1,18.0,6.0,3,6.0,6.0,8
Steve Guttenberg_S6,Steve Guttenberg,6,1,18.0,6.0,3,6.0,6.0,9
Penn Jillette_S6,Penn Jillette,6,1,16.0,5.333333333333333,3,5.0,6.0,10
Monica Seles_S6,Monica Seles,6,1,15.0,5.0,3,5.0,5.0,11
Adam Carolla_S6,Adam Carolla,6,1,15.0,5.0,3,5.0,5.0,12
Jason Taylor_S6,Jason Taylor,6,2,27.0,9.0,3,9.0,9.0,1
Kristi Yamaguchi_S6,Kristi Yamaguchi,6,2,27.0,9.0,3,9.0,9.0,2
Mario_S6,Mario,6,2,26.0,8.666666666666666,3,8.0,9.0,3
Shannon Elizabeth_S6,Shannon Elizabeth,6,2,24.0,8.0,3,8.0,8.0,4
Marlee Matlin_S6,Marlee Matlin,6,2,24.0,8.0,3,8.0,8.0,5
Priscilla Presley_S6,Priscilla Presley,6,2,21.0,7.0,3,7.0,7.0,6
Marissa Jaret Winokur_S6,Marissa Jaret Winokur,6,2,21.0,7.0,3,7.0,7.0,7
Cristian de la Fuente_S6,Cristian de la Fuente,6,2,20.0,6.666666666666667,3,6.0,7.0,8
Adam Carolla_S6,Adam Carolla,6,2,19.0,6.333333333333333,3,6.0,7.0,9
Penn Jillette_S6,Penn Jillette,6,2,17.0,5.666666666666667,3,5.0,6.0,10
Steve Guttenberg_S6,Steve Guttenberg,6,2,16.0,5.333333333333333,3,5.0,6.0,11
Monica Seles_S6,Monica Seles,6,2,15.0,5.0,3,5.0,5.0,12
Kristi Yamaguchi_S6,Kristi Yamaguchi,6,3,27.0,9.0,3,9.0,9.0,1
Priscilla Presley_S6,Priscilla Presley,6,3,26.0,8.666666666666666,3,8.0,9.0,2
Cristian de la Fuente_S6,Cristian de la Fuente,6,3,25.0,8.333333333333334,3,8.0,9.0,3
Shannon Elizabeth_S6,Shannon Elizabeth,6,3,24.0,8.0,3,8.0,8.0,4
Jason Taylor_S6,Jason Taylor,6,3,23.0,7.666666666666667,3,7.0,8.0,5
Mario_S6,Mario,6,3,21.0,7.0,3,6.0,8.0,6
Adam Carolla_S6,Adam Carolla,6,3,21.0,7.0,3,7.0,7.0,7
Steve Guttenberg_S6,Steve Guttenberg,6,3,21.0,7.0,3,7.0,7.0,8
Marlee Matlin_S6,Marlee Matlin,6,3,21.0,7.0,3,7.0,7.0,9
Marissa Jaret Winokur_S6,Marissa Jaret Winokur,6,3,19.0,6.333333333333333,3,6.0,7.0,10
Kristi Yamaguchi_S6,Kristi Yamaguchi,6,4,29.0,9.666666666666666,3,9.0,10.0,1
Jason Taylor_S6,Jason Taylor,6,4,29.0,9.666666666666666,3,9.0,10.0,2
Shannon Elizabeth_S6,Shannon Elizabeth,6,4,28.0,9.333333333333334,3,9.0,10.0,3
Cristian de la Fuente_S6,Cristian de la Fuente,6,4,26.0,8.666666666666666,3,8.0,9.0,4
Mario_S6,Mario,6,4,24.0,8.0,3,7.0,9.0,5
Marlee Matlin_S6,Marlee Matlin,6,4,24.0,8.0,3,8.0,8.0,6
Marissa Jaret Winokur_S6,Marissa Jaret Winokur,6,4,24.0,8.0,3,8.0,8.0,7
Priscilla Presley_S6,Priscilla Presley,6,4,22.0,7.333333333333333,3,7.0,8.0,8
Adam Carolla_S6,Adam Carolla,6,4,19.0,6.333333333333333,3,6.0,7.0,9
Kristi Yamaguchi_S6,Kristi Yamaguchi,6,5,29.0,9.666666666666666,3,9.0,10.0,1
Mario_S6,Mario,6,5,27.0,9.0,3,9.0,9.0,2
Jason Taylor_S6,Jason Taylor,6,5,27.0,9.0,3,9.0,9.0,3
Marissa Jaret Winokur_S6,Marissa Jaret Winokur,6,5,24.0,8.0,3,8.0,8.0,4
Shannon Elizabeth_S6,Shannon Elizabeth,6,5,23.0,7.666666666666667,3,7.0,8.0,5
Cristian de la Fuente_S6,Cristian de la Fuente,6,5,23.0,7.666666666666667,3,7.0,8.0,6
Marlee Matlin_S6,Marlee Matlin,6,5,22.0,7.333333333333333,3,7.0,8.0,7
Priscilla Presley_S6,Priscilla Presley,6,5,21.0,7.0,3,7.0,7.0,8
Kristi Yamaguchi_S6,Kristi Yamaguchi,6,6,30.0,10.0,3,10.0,10.0,1
Mario_S6,Mario,6,6,28.0,9.333333333333334,3,9.0,10.0,2
Cristian de la Fuente_S6,Cristian de la Fuente,6,6,27.0,9.0,3,9.0,9.0,3
Marissa Jaret Winokur_S6,Marissa Jaret Winokur,6,6,26.0,8.666666666666666,3,8.0,9.0,4
Jason Taylor_S6,Jason Taylor,6,6,24.0,8.0,3,8.0,8.0,5
Shannon Elizabeth_S6,Shannon Elizabeth,6,6,24.0,8.0,3,8.0,8.0,6
Marlee Matlin_S6,Marlee Matlin,6,6,21.0,7.0,3,7.0,7.0,7
Jason Taylor_S6,Jason Taylor,6,7,27.5,9.166666666666666,3,8.5,9.5,1
Kristi Yamaguchi_S6,Kristi Yamaguchi,6,7,27.0,9.0,3,8.0,9.5,2
Marissa Jaret Winokur_S6,Marissa Jaret Winokur,6,7,26.0,8.666666666666666,3,8.5,9.0,3
Shannon Elizabeth_S6,Shannon Elizabeth,6,7,25.5,8.5,3,8.5,8.5,4
Mario_S6,Mario,6,7,25.5,8.5,3,8.5,8.5,5
Cristian de la Fuente_S6,Cristian de la Fuente,6,7,23.0,7.666666666666667,3,7.5,8.0,6
Cristian de la Fuente_S6,Cristian de la Fuente,6,8,28.5,9.5,3,9.0,10.0,1
Kristi Yamaguchi_S6,Kristi Yamaguchi,6,8,27.5,9.166666666666666,3,8.5,9.5,2
Mario_S6,Mario,6,8,26.5,8.833333333333334,3,8.5,9.0,3
Jason Taylor_S6,Jason Taylor,6,8,26.0,8.666666666666666,3,8.0,9.0,4
Marissa Jaret Winokur_S6,Marissa Jaret Winokur,6,8,25.0,8.333333333333334,3,8.0,8.5,5
Kristi Yamaguchi_S6,Kristi Yamaguchi,6,9,28.5,9.5,3,9.0,10.0,1
Cristian de la Fuente_S6,Cristian de la Fuente,6,9,28.0,9.333333333333334,3,9.0,9.5,2
Jason Taylor_S6,Jason Taylor,6,9,27.5,9.166666666666666,3,9.0,9.5,3
Marissa Jaret Winokur_S6,Marissa Jaret Winokur,6,9,26.0,8.666666666666666,3,8.5,9.0,4
Kristi Yamaguchi_S6,Kristi Yamaguchi,6,10,30.0,10.0,3,10.0,10.0,1
Jason Taylor_S6,Jason Taylor,6,10,28.5,9.5,3,9.5,9.5,2
Cristian de la Fuente_S6,Cristian de la Fuente,6,10,26.0,8.666666666666666,3,8.0,9.0,3
Brooke Burke_S7,Brooke Burke,7,1,24.5,8.166666666666666,3,8.0,8.5,1
Toni Braxton_S7,Toni Braxton,7,1,22.5,7.5,3,7.0,8.0,2
Warren Sapp_S7,Warren Sapp,7,1,21.5,7.166666666666667,3,7.0,7.5,3
Lance Bass_S7,Lance Bass,7,1,21.5,7.166666666666667,3,6.0,8.0,4
Misty May-Treanor_S7,Misty May-Treanor,7,1,21.0,7.0,3,6.5,7.5,5
Cody Linley_S7,Cody Linley,7,1,20.5,6.833333333333333,3,6.5,7.0,6
Maurice Greene_S7,Maurice Greene,7,1,19.5,6.5,3,6.5,6.5,7
Susan Lucci_S7,Susan Lucci,7,1,18.5,6.166666666666667,3,6.0,6.5,8
Ted McGinley_S7,Ted McGinley,7,1,18.5,6.166666666666667,3,6.0,6.5,9
Kim Kardashian_S7,Kim Kardashian,7,1,18.5,6.166666666666667,3,6.0,6.5,10
Rocco DiSpirito_S7,Rocco DiSpirito,7,1,17.5,5.833333333333333,3,5.5,6.0,11
Cloris Leachman_S7,Cloris Leachman,7,1,16.0,5.333333333333333,3,5.0,6.0,12
Jeffrey Ross_S7,Jeffrey Ross,7,1,12.0,4.0,3,4.0,4.0,13
Brooke Burke_S7,Brooke Burke,7,2,24.0,8.0,3,8.0,8.0,1
Warren Sapp_S7,Warren Sapp,7,2,24.0,8.0,3,8.0,8.0,2
Toni Braxton_S7,Toni Braxton,7,2,23.0,7.666666666666667,3,7.0,8.0,3
Susan Lucci_S7,Susan Lucci,7,2,21.0,7.0,3,7.0,7.0,4
Cody Linley_S7,Cody Linley,7,2,21.0,7.0,3,7.0,7.0,5
Misty May-Treanor_S7,Misty May-Treanor,7,2,21.0,7.0,3,7.0,7.0,6
Lance Bass_S7,Lance Bass,7,2,20.0,6.666666666666667,3,6.0,7.0,7
Maurice Greene_S7,Maurice Greene,7,2,19.0,6.333333333333333,3,6.0,7.0,8
Kim Kardashian_S7,Kim Kardashian,7,2,17.0,5.666666666666667,3,5.0,6.0,9
Rocco DiSpirito_S7,Rocco DiSpirito,7,2,16.0,5.333333333333333,3,5.0,6.0,10
Cloris Leachman_S7,Cloris Leachman,7,2,15.0,5.0,3,5.0,5.0,11
Brooke Burke_S7,Brooke Burke,7,3,28.0,9.333333333333334,3,9.0,10.0,1
Warren Sapp_S7,Warren Sapp,7,3,25.0,8.333333333333334,3,8.0,9.0,2
Maurice Greene_S7,Maurice Greene,7,3,24.0,8.0,3,8.0,8.0,3
Lance Bass_S7,Lance Bass,7,3,22.0,7.333333333333333,3,7.0,8.0,4
Toni Braxton_S7,Toni Braxton,7,3,22.0,7.333333333333333,3,7.0,8.0,5
Cody Linley_S7,Cody Linley,7,3,21.0,7.0,3,7.0,7.0,6
Susan Lucci_S7,Susan Lucci,7,3,21.0,7.0,3,7.0,7.0,7
Rocco DiSpirito_S7,Rocco DiSpirito,7,3,20.0,6.666666666666667,3,6.0,7.0,8
Cloris Leachman_S7,Cloris Leachman,7,3,16.0,5.333333333333333,3,5.0,6.0,9
Lance Bass_S7,Lance Bass,7,4,26.0,8.666666666666666,3,8.0,9.0,1
Brooke Burke_S7,Brooke Burke,7,4,26.0,8.666666666666666,3,8.0,9.0,2
Susan Lucci_S7,Susan Lucci,7,4,24.0,8.0,3,8.0,8.0,3
Cody Linley_S7,Cody Linley,7,4,23.0,7.666666666666667,3,7.0,8.0,4
Cloris Leachman_S7,Cloris Leachman,7,4,22.0,7.333333333333333,3,7.0,8.0,5
Warren Sapp_S7,Warren Sapp,7,4,22.0,7.333333333333333,3,7.0,8.0,6
Toni Braxton_S7,Toni Braxton,7,4,22.0,7.333333333333333,3,7.0,8.0,7
Maurice Greene_S7,Maurice Greene,7,4,20.0,6.666666666666667,3,6.0,7.0,8
Rocco DiSpirito_S7,Rocco DiSpirito,7,4,18.0,6.0,3,6.0,6.0,9
Brooke Burke_S7,Brooke Burke,7,5,29.0,9.666666666666666,3,9.0,10.0,1
Cody Linley_S7,Cody Linley,7,5,28.0,9.333333333333334,3,9.0,10.0,2
Maurice Greene_S7,Maurice Greene,7,5,27.0,9.0,3,9.0,9.0,3
Warren Sapp_S7,Warren Sapp,7,5,25.0,8.333333333333334,3,8.0,9.0,4
Susan Lucci_S7,Susan Lucci,7,5,22.0,7.333333333333333,3,7.0,8.0,5
Toni Braxton_S7,Toni Braxton,7,5,22.0,7.333333333333333,3,7.0,8.0,6
Lance Bass_S7,Lance Bass,7,5,21.0,7.0,3,7.0,7.0,7
Cloris Leachman_S7,Cloris Leachman,7,5,21.0,7.0,3,7.0,7.0,8
Lance Bass_S7,Lance Bass,7,6,27.0,9.0,3,9.0,9.0,1
Brooke Burke_S7,Brooke Burke,7,6,26.0,8.666666666666666,3,8.0,10.0,2
Warren Sapp_S7,Warren Sapp,7,6,25.0,8.333333333333334,3,8.0,9.0,3
Cody Linley_S7,Cody Linley,7,6,23.0,7.666666666666667,3,7.0,8.0,4
Susan Lucci_S7,Susan Lucci,7,6,23.0,7.666666666666667,3,7.0,8.0,5
Maurice Greene_S7,Maurice Greene,7,6,21.0,7.0,3,7.0,7.0,6
Cloris Leachman_S7,Cloris Leachman,7,6,15.0,5.0,3,5.0,5.0,7
Brooke Burke_S7,Brooke Burke,7,7,30.0,10.0,3,10.0,10.0,1
Maurice Greene_S7,Maurice Greene,7,7,25.0,8.333333333333334,3,8.0,9.0,2
Lance Bass_S7,Lance Bass,7,7,25.0,8.333333333333334,3,7.0,9.0,3
Susan Lucci_S7,Susan Lucci,7,7,24.0,8.0,3,8.0,8.0,4
Cody Linley_S7,Cody Linley,7,7,22.0,7.333333333333333,3,7.0,8.0,5
Warren Sapp_S7,Warren Sapp,7,7,21.0,7.0,3,7.0,7.0,6
Brooke Burke_S7,Brooke Burke,7,8,27.5,9.166666666666666,3,8.5,9.5,1
Warren Sapp_S7,Warren Sapp,7,8,27.0,9.0,3,8.5,9.5,2
Lance Bass_S7,Lance Bass,7,8,25.0,8.333333333333334,3,7.5,9.0,3
Cody Linley_S7,Cody Linley,7,8,24.0,8.0,3,8.0,8.0,4
Maurice Greene_S7,Maurice Greene,7,8,24.0,8.0,3,8.0,8.0,5
Lance Bass_S7,Lance Bass,7,9,28.5,9.5,3,9.0,10.0,1
Brooke Burke_S7,Brooke Burke,7,9,24.5,8.166666666666666,3,8.0,8.5,2
Warren Sapp_S7,Warren Sapp,7,9,24.5,8.166666666666666,3,8.0,8.5,3
Cody Linley_S7,Cody Linley,7,9,23.0,7.666666666666667,3,7.5,8.0,4
Brooke Burke_S7,Brooke Burke,7,10,30.0,10.0,3,10.0,10.0,1
Lance Bass_S7,Lance Bass,7,10,27.5,9.166666666666666,3,9.0,9.5,2
Warren Sapp_S7,Warren Sapp,7,10,27.5,9.166666666666666,3,9.0,9.5,3
Gilles Marini_S8,Gilles Marini,8,1,24.0,8.0,3,8.0,8.0,1
Melissa Rycroft_S8,Melissa Rycroft,8,1,23.0,7.666666666666667,3,7.0,8.0,2
Shawn Johnson_S8,Shawn Johnson,8,1,23.0,7.666666666666667,3,7.0,8.0,3
Lil' Kim_S8,Lil' Kim,8,1,21.0,7.0,3,7.0,7.0,4
Chuck Wicks_S8,Chuck Wicks,8,1,20.0,6.666666666666667,3,6.0,7.0,5
David Alan Grier_S8,David Alan Grier,8,1,19.0,6.333333333333333,3,6.0,7.0,6
Denise Richards_S8,Denise Richards,8,1,18.0,6.0,3,6.0,6.0,7
Holly Madison_S8,Holly Madison,8,1,18.0,6.0,3,6.0,6.0,8
Belinda Carlisle_S8,Belinda Carlisle,8,1,17.0,5.666666666666667,3,5.0,6.0,9
Steve-O_S8,Steve-O,8,1,17.0,5.666666666666667,3,5.0,6.0,10
Lawrence Taylor_S8,Lawrence Taylor,8,1,16.0,5.333333333333333,3,5.0,6.0,11
Ty Murray_S8,Ty Murray,8,1,14.0,4.666666666666667,3,4.0,5.0,12
Steve Wozniak_S8,Steve Wozniak,8,1,13.0,4.333333333333333,3,4.0,5.0,13
Gilles Marini_S8,Gilles Marini,8,2,27.0,9.0,3,9.0,9.0,1
Melissa Rycroft_S8,Melissa Rycroft,8,2,26.0,8.666666666666666,3,8.0,9.0,2
Shawn Johnson_S8,Shawn Johnson,8,2,24.0,8.0,3,8.0,8.0,3
Lil' Kim_S8,Lil' Kim,8,2,23.0,7.666666666666667,3,7.0,8.0,4
Denise Richards_S8,Denise Richards,8,2,21.0,7.0,3,7.0,7.0,5
Lawrence Taylor_S8,Lawrence Taylor,8,2,20.0,6.666666666666667,3,6.0,7.0,6
Ty Murray_S8,Ty Murray,8,2,20.0,6.666666666666667,3,6.0,7.0,7
Chuck Wicks_S8,Chuck Wicks,8,2,20.0,6.666666666666667,3,6.0,7.0,8
Holly Madison_S8,Holly Madison,8,2,18.0,6.0,3,6.0,6.0,9
Belinda Carlisle_S8,Belinda Carlisle,8,2,18.0,6.0,3,6.0,6.0,10
Steve Wozniak_S8,Steve Wozniak,8,2,17.0,5.666666666666667,3,5.0,6.0,11
David Alan Grier_S8,David Alan Grier,8,2,17.0,5.666666666666667,3,5.0,6.0,12
Steve-O_S8,Steve-O,8,2,14.0,4.666666666666667,3,4.0,5.0,13
Melissa Rycroft_S8,Melissa Rycroft,8,3,27.0,9.0,3,9.0,9.0,1
Shawn Johnson_S8,Shawn Johnson,8,3,27.0,9.0,3,9.0,9.0,2
Gilles Marini_S8,Gilles Marini,8,3,27.0,9.0,3,9.0,9.0,3
Lil' Kim_S8,Lil' Kim,8,3,25.0,8.333333333333334,3,8.0,9.0,4
David Alan Grier_S8,David Alan Grier,8,3,24.0,8.0,3,8.0,8.0,5
Ty Murray_S8,Ty Murray,8,3,23.0,7.666666666666667,3,7.0,8.0,6
Chuck Wicks_S8,Chuck Wicks,8,3,23.0,7.666666666666667,3,7.0,8.0,7
Lawrence Taylor_S8,Lawrence Taylor,8,3,20.0,6.666666666666667,3,6.0,7.0,8
Holly Madison_S8,Holly Madison,8,3,17.0,5.666666666666667,3,5.0,6.0,9
Denise Richards_S8,Denise Richards,8,3,16.0,5.333333333333333,3,5.0,6.0,10
Steve-O_S8,Steve-O,8,3,15.0,5.0,3,5.0,5.0,11
Steve Wozniak_S8,Steve Wozniak,8,3,10.0,3.3333333333333335,3,3.0,4.0,12
Gilles Marini_S8,Gilles Marini,8,4,30.0,10.0,3,10.0,10.0,1
Melissa Rycroft_S8,Melissa Rycroft,8,4,29.0,9.666666666666666,3,9.0,10.0,2
Lil' Kim_S8,Lil' Kim,8,4,27.0,9.0,3,8.0,10.0,3
Ty Murray_S8,Ty Murray,8,4,25.0,8.333333333333334,3,8.0,9.0,4
Shawn Johnson_S8,Shawn Johnson,8,4,25.0,8.333333333333334,3,8.0,9.0,5
David Alan Grier_S8,David Alan Grier,8,4,22.0,7.333333333333333,3,7.0,8.0,6
Chuck Wicks_S8,Chuck Wicks,8,4,22.0,7.333333333333333,3,7.0,8.0,7
Lawrence Taylor_S8,Lawrence Taylor,8,4,19.0,6.333333333333333,3,5.0,7.0,8
Holly Madison_S8,Holly Madison,8,4,16.0,5.333333333333333,3,5.0,6.0,9
Steve-O_S8,Steve-O,8,4,15.0,5.0,3,5.0,5.0,10
Steve Wozniak_S8,Steve Wozniak,8,4,12.0,4.0,3,4.0,4.0,11
Gilles Marini_S8,Gilles Marini,8,5,29.0,9.666666666666666,3,9.0,10.0,1
Lil' Kim_S8,Lil' Kim,8,5,26.0,8.666666666666666,3,8.0,9.0,2
Shawn Johnson_S8,Shawn Johnson,8,5,26.0,8.666666666666666,3,8.0,9.0,3
Melissa Rycroft_S8,Melissa Rycroft,8,5,25.0,8.333333333333334,3,8.0,9.0,4
Chuck Wicks_S8,Chuck Wicks,8,5,23.0,7.666666666666667,3,7.0,8.0,5
David Alan Grier_S8,David Alan Grier,8,5,22.0,7.333333333333333,3,7.0,8.0,6
Ty Murray_S8,Ty Murray,8,5,21.0,7.0,3,7.0,7.0,7
Lawrence Taylor_S8,Lawrence Taylor,8,5,20.0,6.666666666666667,3,6.0,7.0,8
Steve-O_S8,Steve-O,8,5,18.0,6.0,3,6.0,6.0,9
Lil' Kim_S8,Lil' Kim,8,6,28.0,9.333333333333334,3,8.0,10.0,1
Melissa Rycroft_S8,Melissa Rycroft,8,6,27.0,9.0,3,9.0,9.0,2
Gilles Marini_S8,Gilles Marini,8,6,26.0,8.666666666666666,3,8.0,9.0,3
Shawn Johnson_S8,Shawn Johnson,8,6,26.0,8.666666666666666,3,8.0,9.0,4
Chuck Wicks_S8,Chuck Wicks,8,6,23.0,7.666666666666667,3,7.0,8.0,5
Lawrence Taylor_S8,Lawrence Taylor,8,6,22.0,7.333333333333333,3,7.0,8.0,6
Ty Murray_S8,Ty Murray,8,6,18.0,6.0,3,6.0,6.0,7
Steve-O_S8,Steve-O,8,6,16.0,5.333333333333333,3,4.0,7.0,8
Melissa Rycroft_S8,Melissa Rycroft,8,7,29.0,9.666666666666666,3,9.0,10.0,1
Shawn Johnson_S8,Shawn Johnson,8,7,28.0,9.333333333333334,3,9.0,10.0,2
Gilles Marini_S8,Gilles Marini,8,7,27.0,9.0,3,9.0,9.0,3
Chuck Wicks_S8,Chuck Wicks,8,7,27.0,9.0,3,9.0,9.0,4
Lil' Kim_S8,Lil' Kim,8,7,26.0,8.666666666666666,3,8.0,9.0,5
Ty Murray_S8,Ty Murray,8,7,24.0,8.0,3,8.0,8.0,6
Lawrence Taylor_S8,Lawrence Taylor,8,7,21.0,7.0,3,7.0,7.0,7
Lil' Kim_S8,Lil' Kim,8,8,28.0,9.333333333333334,3,9.0,10.0,1
Gilles Marini_S8,Gilles Marini,8,8,27.5,9.166666666666666,3,9.0,9.5,2
Ty Murray_S8,Ty Murray,8,8,26.0,8.666666666666666,3,8.0,9.0,3
Shawn Johnson_S8,Shawn Johnson,8,8,26.0,8.666666666666666,3,8.0,9.0,4
Chuck Wicks_S8,Chuck Wicks,8,8,25.5,8.5,3,8.5,8.5,5
Melissa Rycroft_S8,Melissa Rycroft,8,8,23.0,7.666666666666667,3,7.5,8.0,6
Melissa Rycroft_S8,Melissa Rycroft,8,9,28.5,9.5,3,9.5,9.5,1
Shawn Johnson_S8,Shawn Johnson,8,9,28.0,9.333333333333334,3,9.0,9.5,2
Gilles Marini_S8,Gilles Marini,8,9,28.0,9.333333333333334,3,9.0,9.5,3
Lil' Kim_S8,Lil' Kim,8,9,26.0,8.666666666666666,3,8.5,9.0,4
Ty Murray_S8,Ty Murray,8,9,23.0,7.666666666666667,3,7.5,8.0,5
Gilles Marini_S8,Gilles Marini,8,10,30.0,10.0,3,10.0,10.0,1
Shawn Johnson_S8,Shawn Johnson,8,10,28.0,9.333333333333334,3,9.0,9.5,2
Melissa Rycroft_S8,Melissa Rycroft,8,10,27.5,9.166666666666666,3,9.0,9.5,3
Ty Murray_S8,Ty Murray,8,10,24.0,8.0,3,8.0,8.0,4
Shawn Johnson_S8,Shawn Johnson,8,11,30.0,10.0,3,10.0,10.0,1
Gilles Marini_S8,Gilles Marini,8,11,29.0,9.666666666666666,3,9.5,10.0,2
Melissa Rycroft_S8,Melissa Rycroft,8,11,28.5,9.5,3,9.5,9.5,3
Joanna Krupa_S9,Joanna Krupa,9,1,33.9999,11.3333,3,11.3333,11.3333,1
Aaron Carter_S9,Aaron Carter,9,1,31.999899999999997,10.666633333333332,3,10.3333,11.3333,2
Mya_S9,Mya,9,1,30.999899999999997,10.3333,3,8.3333,11.3333,3
Kelly Osbourne_S9,Kelly Osbourne,9,1,30.9998,10.333266666666667,3,9.6666,10.6666,4
Donny Osmond_S9,Donny Osmond,9,1,29.999899999999997,9.999966666666666,3,9.3333,10.3333,5
Mark Dacascos_S9,Mark Dacascos,9,1,28.9998,9.6666,3,9.6666,9.6666,6
Louie Vito_S9,Louie Vito,9,1,26.9998,8.999933333333333,3,8.6666,9.6666,7
Natalie Coughlin_S9,Natalie Coughlin,9,1,26.9998,8.999933333333333,3,8.6666,9.6666,8
Melissa Joan Hart_S9,Melissa Joan Hart,9,1,24.0,8.0,3,8.0,8.0,9
Debi Mazar_S9,Debi Mazar,9,1,22.0,7.333333333333333,3,7.0,8.0,10
Chuck Liddell_S9,Chuck Liddell,9,1,22.0,7.333333333333333,3,7.0,8.0,11
Kathy Ireland_S9,Kathy Ireland,9,1,19.9999,6.666633333333333,3,6.3333,7.3333,12
Tom DeLay_S9,Tom DeLay,9,1,19.9999,6.666633333333333,3,6.3333,7.3333,13
Michael Irvin_S9,Michael Irvin,9,1,19.0,6.333333333333333,3,6.0,7.0,14
Macy Gray_S9,Macy Gray,9,1,18.9999,6.3333,3,5.3333,7.3333,15
Ashley Hamiliton_S9,Ashley Hamiliton,9,1,18.9999,6.3333,3,5.3333,7.3333,16
Mya_S9,Mya,9,2,27.0,9.0,3,9.0,9.0,1
Aaron Carter_S9,Aaron Carter,9,2,27.0,9.0,3,9.0,9.0,2
Donny Osmond_S9,Donny Osmond,9,2,25.0,8.333333333333334,3,8.0,9.0,3
Debi Mazar_S9,Debi Mazar,9,2,21.0,7.0,3,7.0,7.0,4
Natalie Coughlin_S9,Natalie Coughlin,9,2,21.0,7.0,3,7.0,7.0,5
Mark Dacascos_S9,Mark Dacascos,9,2,21.0,7.0,3,7.0,7.0,6
Michael Irvin_S9,Michael Irvin,9,2,20.0,6.666666666666667,3,6.0,7.0,7
Joanna Krupa_S9,Joanna Krupa,9,2,20.0,6.666666666666667,3,6.0,7.0,8
Melissa Joan Hart_S9,Melissa Joan Hart,9,2,19.0,6.333333333333333,3,6.0,7.0,9
Chuck Liddell_S9,Chuck Liddell,9,2,19.0,6.333333333333333,3,6.0,7.0,10
Louie Vito_S9,Louie Vito,9,2,19.0,6.333333333333333,3,6.0,7.0,11
Kelly Osbourne_S9,Kelly Osbourne,9,2,19.0,6.333333333333333,3,6.0,7.0,12
Tom DeLay_S9,Tom DeLay,9,2,18.0,6.0,3,6.0,6.0,13
Kathy Ireland_S9,Kathy Ireland,9,2,18.0,6.0,3,6.0,6.0,14
Mya_S9,Mya,9,3,27.0,9.0,3,7.0,10.0,1
Natalie Coughlin_S9,Natalie Coughlin,9,3,26.0,8.666666666666666,3,8.0,9.0,2
Joanna Krupa_S9,Joanna Krupa,9,3,23.0,7.666666666666667,3,7.0,8.0,3
Donny Osmond_S9,Donny Osmond,9,3,21.0,7.0,3,7.0,7.0,4
Aaron Carter_S9,Aaron Carter,9,3,21.0,7.0,3,6.0,8.0,5
Kelly Osbourne_S9,Kelly Osbourne,9,3,20.0,6.666666666666667,3,6.0,7.0,6
Louie Vito_S9,Louie Vito,9,3,20.0,6.666666666666667,3,5.0,8.0,7
Melissa Joan Hart_S9,Melissa Joan Hart,9,3,19.0,6.333333333333333,3,6.0,7.0,8
Mark Dacascos_S9,Mark Dacascos,9,3,18.0,6.0,3,6.0,6.0,9
Debi Mazar_S9,Debi Mazar,9,3,17.0,5.666666666666667,3,5.0,6.0,10
Chuck Liddell_S9,Chuck Liddell,9,3,17.0,5.666666666666667,3,5.0,6.0,11
Tom DeLay_S9,Tom DeLay,9,3,15.0,5.0,3,4.0,6.0,12
Michael Irvin_S9,Michael Irvin,9,3,14.0,4.666666666666667,3,4.0,5.0,13
Mya_S9,Mya,9,4,28.0,9.333333333333334,3,8.0,10.0,1
Melissa Joan Hart_S9,Melissa Joan Hart,9,4,28.0,9.333333333333334,3,9.0,10.0,2
Joanna Krupa_S9,Joanna Krupa,9,4,26.0,8.666666666666666,3,8.0,9.0,3
Natalie Coughlin_S9,Natalie Coughlin,9,4,24.0,8.0,3,8.0,8.0,4
Donny Osmond_S9,Donny Osmond,9,4,24.0,8.0,3,8.0,8.0,5
Kelly Osbourne_S9,Kelly Osbourne,9,4,23.0,7.666666666666667,3,7.0,8.0,6
Mark Dacascos_S9,Mark Dacascos,9,4,22.0,7.333333333333333,3,7.0,8.0,7
Aaron Carter_S9,Aaron Carter,9,4,18.0,6.0,3,6.0,6.0,8
Chuck Liddell_S9,Chuck Liddell,9,4,17.0,5.666666666666667,3,5.0,6.0,9
Louie Vito_S9,Louie Vito,9,4,16.0,5.333333333333333,3,5.0,6.0,10
Michael Irvin_S9,Michael Irvin,9,4,16.0,5.333333333333333,3,5.0,6.0,11
Donny Osmond_S9,Donny Osmond,9,5,29.0,9.666666666666666,3,9.0,10.0,1
Mya_S9,Mya,9,5,27.0,9.0,3,9.0,9.0,2
Mark Dacascos_S9,Mark Dacascos,9,5,26.0,8.666666666666666,3,8.0,9.0,3
Joanna Krupa_S9,Joanna Krupa,9,5,24.0,8.0,3,8.0,8.0,4
Aaron Carter_S9,Aaron Carter,9,5,24.0,8.0,3,8.0,8.0,5
Kelly Osbourne_S9,Kelly Osbourne,9,5,24.0,8.0,3,8.0,8.0,6
Melissa Joan Hart_S9,Melissa Joan Hart,9,5,23.0,7.666666666666667,3,7.0,8.0,7
Louie Vito_S9,Louie Vito,9,5,22.0,7.333333333333333,3,7.0,8.0,8
Natalie Coughlin_S9,Natalie Coughlin,9,5,22.0,7.333333333333333,3,7.0,8.0,9
Michael Irvin_S9,Michael Irvin,9,5,21.0,7.0,3,7.0,7.0,10
Joanna Krupa_S9,Joanna Krupa,9,6,35.9999,11.999966666666666,3,11.3333,12.3333,1
Mya_S9,Mya,9,6,33.0,11.0,3,10.0,12.0,2
Aaron Carter_S9,Aaron Carter,9,6,32.9998,10.999933333333333,3,10.6666,11.6666,3
Mark Dacascos_S9,Mark Dacascos,9,6,32.0,10.666666666666666,3,10.0,11.0,4
Donny Osmond_S9,Donny Osmond,9,6,30.999899999999997,10.3333,3,10.3333,10.3333,5
Kelly Osbourne_S9,Kelly Osbourne,9,6,24.9998,8.333266666666667,3,7.6666,8.6666,6
Louie Vito_S9,Louie Vito,9,6,24.0,8.0,3,8.0,8.0,7
Melissa Joan Hart_S9,Melissa Joan Hart,9,6,23.9999,7.9999666666666664,3,7.3333,8.3333,8
Michael Irvin_S9,Michael Irvin,9,6,21.9998,7.333266666666667,3,6.6666,8.6666,9
Joanna Krupa_S9,Joanna Krupa,9,7,27.5,9.166666666666666,3,9.0,9.5,1
Aaron Carter_S9,Aaron Carter,9,7,26.5,8.833333333333334,3,8.5,9.0,2
Donny Osmond_S9,Donny Osmond,9,7,26.0,8.666666666666666,3,8.5,9.0,3
Kelly Osbourne_S9,Kelly Osbourne,9,7,26.0,8.666666666666666,3,8.5,9.0,4
Mya_S9,Mya,9,7,24.5,8.166666666666666,3,7.5,8.5,5
Michael Irvin_S9,Michael Irvin,9,7,23.5,7.833333333333333,3,7.5,8.0,6
Mark Dacascos_S9,Mark Dacascos,9,7,21.5,7.166666666666667,3,7.0,7.5,7
Mya_S9,Mya,9,8,29.5,9.833333333333334,3,9.5,10.0,1
Joanna Krupa_S9,Joanna Krupa,9,8,26.0,8.666666666666666,3,8.5,9.0,2
Kelly Osbourne_S9,Kelly Osbourne,9,8,25.5,8.5,3,8.0,9.0,3
Aaron Carter_S9,Aaron Carter,9,8,25.0,8.333333333333334,3,8.0,8.5,4
Donny Osmond_S9,Donny Osmond,9,8,25.0,8.333333333333334,3,8.0,8.5,5
Mya_S9,Mya,9,9,28.9999,9.666633333333333,3,9.3333,10.0,1
Joanna Krupa_S9,Joanna Krupa,9,9,27.0,9.0,3,9.0,9.0,2
Kelly Osbourne_S9,Kelly Osbourne,9,9,25.9998,8.6666,3,8.6666,8.6666,3
Donny Osmond_S9,Donny Osmond,9,9,24.6666,8.222199999999999,3,8.0,8.3333,4
Donny Osmond_S9,Donny Osmond,9,10,28.9998,9.6666,3,9.6666,9.6666,1
Mya_S9,Mya,9,10,28.333199999999998,9.4444,3,9.4444,9.4444,2
Kelly Osbourne_S9,Kelly Osbourne,9,10,25.2222,8.4074,3,8.2222,8.5,3
Nicole Scherzinger_S10,Nicole Scherzinger,10,1,25.0,8.333333333333334,3,7.0,9.0,1
Evan Lysacek_S10,Evan Lysacek,10,1,23.0,7.666666666666667,3,7.0,8.0,2
Pamela Anderson_S10,Pamela Anderson,10,1,21.0,7.0,3,6.0,8.0,3
Erin Andrews_S10,Erin Andrews,10,1,21.0,7.0,3,7.0,7.0,4
Jake Pavelka_S10,Jake Pavelka,10,1,20.0,6.666666666666667,3,6.0,7.0,5
Chad Ochocinco_S10,Chad Ochocinco,10,1,18.0,6.0,3,6.0,6.0,6
Shannen Doherty_S10,Shannen Doherty,10,1,18.0,6.0,3,6.0,6.0,7
Niecy Nash_S10,Niecy Nash,10,1,18.0,6.0,3,5.0,7.0,8
Kate Gosselin_S10,Kate Gosselin,10,1,16.0,5.333333333333333,3,5.0,6.0,9
Aiden Turner_S10,Aiden Turner,10,1,15.0,5.0,3,5.0,5.0,10
Buzz Aldrin_S10,Buzz Aldrin,10,1,14.0,4.666666666666667,3,4.0,5.0,11
Nicole Scherzinger_S10,Nicole Scherzinger,10,2,28.0,9.333333333333334,3,8.0,10.0,1
Evan Lysacek_S10,Evan Lysacek,10,2,24.0,8.0,3,8.0,8.0,2
Erin Andrews_S10,Erin Andrews,10,2,23.0,7.666666666666667,3,7.0,8.0,3
Pamela Anderson_S10,Pamela Anderson,10,2,22.0,7.333333333333333,3,7.0,8.0,4
Niecy Nash_S10,Niecy Nash,10,2,21.0,7.0,3,7.0,7.0,5
Jake Pavelka_S10,Jake Pavelka,10,2,20.0,6.666666666666667,3,6.0,7.0,6
Shannen Doherty_S10,Shannen Doherty,10,2,20.0,6.666666666666667,3,6.0,7.0,7
Aiden Turner_S10,Aiden Turner,10,2,19.0,6.333333333333333,3,6.0,7.0,8
Chad Ochocinco_S10,Chad Ochocinco,10,2,16.0,5.333333333333333,3,5.0,6.0,9
Kate Gosselin_S10,Kate Gosselin,10,2,15.0,5.0,3,5.0,5.0,10
Buzz Aldrin_S10,Buzz Aldrin,10,2,12.0,4.0,3,4.0,4.0,11
Evan Lysacek_S10,Evan Lysacek,10,3,26.0,8.666666666666666,3,8.0,9.0,1
Erin Andrews_S10,Erin Andrews,10,3,23.0,7.666666666666667,3,7.0,8.0,2
Nicole Scherzinger_S10,Nicole Scherzinger,10,3,23.0,7.666666666666667,3,6.0,9.0,3
Pamela Anderson_S10,Pamela Anderson,10,3,21.0,7.0,3,7.0,7.0,4
Niecy Nash_S10,Niecy Nash,10,3,21.0,7.0,3,7.0,7.0,5
Jake Pavelka_S10,Jake Pavelka,10,3,21.0,7.0,3,7.0,7.0,6
Aiden Turner_S10,Aiden Turner,10,3,20.0,6.666666666666667,3,6.0,7.0,7
Chad Ochocinco_S10,Chad Ochocinco,10,3,20.0,6.666666666666667,3,6.0,7.0,8
Kate Gosselin_S10,Kate Gosselin,10,3,15.0,5.0,3,5.0,5.0,9
Buzz Aldrin_S10,Buzz Aldrin,10,3,13.0,4.333333333333333,3,4.0,5.0,10
Evan Lysacek_S10,Evan Lysacek,10,4,26.0,8.666666666666666,3,8.0,9.0,1
Nicole Scherzinger_S10,Nicole Scherzinger,10,4,25.0,8.333333333333334,3,8.0,8.5,2
Pamela Anderson_S10,Pamela Anderson,10,4,23.5,7.833333333333333,3,7.5,8.5,3
Chad Ochocinco_S10,Chad Ochocinco,10,4,22.0,7.333333333333333,3,6.5,8.0,4
Erin Andrews_S10,Erin Andrews,10,4,19.5,6.5,3,6.5,6.5,5
Jake Pavelka_S10,Jake Pavelka,10,4,19.0,6.333333333333333,3,6.0,6.5,6
Niecy Nash_S10,Niecy Nash,10,4,18.0,6.0,3,6.0,6.0,7
Aiden Turner_S10,Aiden Turner,10,4,16.5,5.5,3,5.5,5.5,8
Kate Gosselin_S10,Kate Gosselin,10,4,16.0,5.333333333333333,3,5.0,5.5,9
Nicole Scherzinger_S10,Nicole Scherzinger,10,5,29.0,9.666666666666666,3,9.0,10.0,1
Evan Lysacek_S10,Evan Lysacek,10,5,27.0,9.0,3,9.0,9.0,2
Jake Pavelka_S10,Jake Pavelka,10,5,23.0,7.666666666666667,3,7.0,8.0,3
Erin Andrews_S10,Erin Andrews,10,5,22.0,7.333333333333333,3,7.0,8.0,4
Pamela Anderson_S10,Pamela Anderson,10,5,21.0,7.0,3,6.0,8.0,5
Niecy Nash_S10,Niecy Nash,10,5,18.0,6.0,3,6.0,6.0,6
Chad Ochocinco_S10,Chad Ochocinco,10,5,18.0,6.0,3,6.0,6.0,7
Kate Gosselin_S10,Kate Gosselin,10,5,15.0,5.0,3,5.0,5.0,8
Nicole Scherzinger_S10,Nicole Scherzinger,10,6,35.9999,11.999966666666666,3,10.3333,13.3333,1
Erin Andrews_S10,Erin Andrews,10,6,34.0,11.333333333333334,3,10.0,12.0,2
Chad Ochocinco_S10,Chad Ochocinco,10,6,30.999899999999997,10.3333,3,10.3333,10.3333,3
Pamela Anderson_S10,Pamela Anderson,10,6,29.9998,9.999933333333333,3,9.6666,10.6666,4
Evan Lysacek_S10,Evan Lysacek,10,6,27.0,9.0,3,9.0,9.0,5
Niecy Nash_S10,Niecy Nash,10,6,25.9998,8.6666,3,8.6666,8.6666,6
Jake Pavelka_S10,Jake Pavelka,10,6,24.999899999999997,8.3333,3,8.3333,8.3333,7
Nicole Scherzinger_S10,Nicole Scherzinger,10,7,27.0,9.0,3,9.0,9.0,1
Evan Lysacek_S10,Evan Lysacek,10,7,27.0,9.0,3,9.0,9.0,2
Chad Ochocinco_S10,Chad Ochocinco,10,7,26.0,8.666666666666666,3,8.5,9.0,3
Erin Andrews_S10,Erin Andrews,10,7,25.5,8.5,3,8.5,8.5,4
Pamela Anderson_S10,Pamela Anderson,10,7,25.5,8.5,3,8.5,8.5,5
Niecy Nash_S10,Niecy Nash,10,7,24.5,8.166666666666666,3,8.0,8.5,6
Nicole Scherzinger_S10,Nicole Scherzinger,10,8,29.5,9.833333333333334,3,9.5,10.0,1
Evan Lysacek_S10,Evan Lysacek,10,8,26.5,8.833333333333334,3,8.5,9.0,2
Erin Andrews_S10,Erin Andrews,10,8,26.5,8.833333333333334,3,8.5,9.0,3
Chad Ochocinco_S10,Chad Ochocinco,10,8,22.5,7.5,3,7.5,7.5,4
Niecy Nash_S10,Niecy Nash,10,8,21.5,7.166666666666667,3,7.0,7.5,5
Nicole Scherzinger_S10,Nicole Scherzinger,10,9,29.5,9.833333333333334,3,9.5,10.0,1
Evan Lysacek_S10,Evan Lysacek,10,9,29.5,9.833333333333334,3,9.5,10.0,2
Erin Andrews_S10,Erin Andrews,10,9,28.0,9.333333333333334,3,9.0,9.5,3
Chad Ochocinco_S10,Chad Ochocinco,10,9,26.0,8.666666666666666,3,8.5,9.0,4
Nicole Scherzinger_S10,Nicole Scherzinger,10,10,28.7777,9.592566666666666,3,9.5,9.7777,1
Erin Andrews_S10,Erin Andrews,10,10,26.9998,8.999933333333333,3,8.8888,9.2222,2
Evan Lysacek_S10,Evan Lysacek,10,10,26.8887,8.9629,3,8.7777,9.3333,3
Jennifer Grey_S11,Jennifer Grey,11,1,24.0,8.0,3,8.0,8.0,1
Brandy_S11,Brandy,11,1,23.0,7.666666666666667,3,7.0,8.0,2
Kyle Massey_S11,Kyle Massey,11,1,23.0,7.666666666666667,3,7.0,8.0,3
Rick Fox_S11,Rick Fox,11,1,22.0,7.333333333333333,3,7.0,8.0,4
Audrina Patridge_S11,Audrina Patridge,11,1,19.0,6.333333333333333,3,6.0,7.0,5
Kurt Warner_S11,Kurt Warner,11,1,19.0,6.333333333333333,3,5.0,7.0,6
Florence Henderson_S11,Florence Henderson,11,1,18.0,6.0,3,6.0,6.0,7
Bristol Palin_S11,Bristol Palin,11,1,18.0,6.0,3,6.0,6.0,8
Michael Bolton_S11,Michael Bolton,11,1,16.0,5.333333333333333,3,5.0,6.0,9
David Hasselhoff_S11,David Hasselhoff,11,1,15.0,5.0,3,5.0,5.0,10
The Situation_S11,The Situation,11,1,15.0,5.0,3,5.0,5.0,11
Margaret Cho_S11,Margaret Cho,11,1,15.0,5.0,3,5.0,5.0,12
Jennifer Grey_S11,Jennifer Grey,11,2,24.0,8.0,3,8.0,8.0,1
Audrina Patridge_S11,Audrina Patridge,11,2,23.0,7.666666666666667,3,7.0,8.0,2
Kyle Massey_S11,Kyle Massey,11,2,22.0,7.333333333333333,3,7.0,8.0,3
Bristol Palin_S11,Bristol Palin,11,2,22.0,7.333333333333333,3,7.0,8.0,4
Kurt Warner_S11,Kurt Warner,11,2,21.0,7.0,3,7.0,7.0,5
Rick Fox_S11,Rick Fox,11,2,21.0,7.0,3,7.0,7.0,6
Brandy_S11,Brandy,11,2,21.0,7.0,3,7.0,7.0,7
Florence Henderson_S11,Florence Henderson,11,2,19.0,6.333333333333333,3,6.0,7.0,8
Margaret Cho_S11,Margaret Cho,11,2,18.0,6.0,3,6.0,6.0,9
The Situation_S11,The Situation,11,2,18.0,6.0,3,6.0,6.0,10
Michael Bolton_S11,Michael Bolton,11,2,12.0,4.0,3,3.0,5.0,11
Audrina Patridge_S11,Audrina Patridge,11,3,26.0,8.666666666666666,3,8.0,9.0,1
Rick Fox_S11,Rick Fox,11,3,24.0,8.0,3,8.0,8.0,2
Brandy_S11,Brandy,11,3,24.0,8.0,3,8.0,8.0,3
Jennifer Grey_S11,Jennifer Grey,11,3,24.0,8.0,3,8.0,8.0,4
Kyle Massey_S11,Kyle Massey,11,3,23.0,7.666666666666667,3,7.0,8.0,5
Kurt Warner_S11,Kurt Warner,11,3,23.0,7.666666666666667,3,7.0,8.0,6
Florence Henderson_S11,Florence Henderson,11,3,20.0,6.666666666666667,3,6.0,7.0,7
The Situation_S11,The Situation,11,3,20.0,6.666666666666667,3,6.0,7.0,8
Bristol Palin_S11,Bristol Palin,11,3,19.0,6.333333333333333,3,6.0,7.0,9
Margaret Cho_S11,Margaret Cho,11,3,18.0,6.0,3,6.0,6.0,10
Jennifer Grey_S11,Jennifer Grey,11,4,28.0,9.333333333333334,3,9.0,9.5,1
Brandy_S11,Brandy,11,4,24.0,8.0,3,8.0,8.0,2
Audrina Patridge_S11,Audrina Patridge,11,4,23.0,7.666666666666667,3,7.5,8.0,3
Kyle Massey_S11,Kyle Massey,11,4,20.0,6.666666666666667,3,6.5,7.0,4
Rick Fox_S11,Rick Fox,11,4,19.5,6.5,3,6.0,7.0,5
Florence Henderson_S11,Florence Henderson,11,4,17.5,5.833333333333333,3,5.5,6.0,6
Kurt Warner_S11,Kurt Warner,11,4,17.0,5.666666666666667,3,5.5,6.0,7
Bristol Palin_S11,Bristol Palin,11,4,16.0,5.333333333333333,3,5.0,5.5,8
The Situation_S11,The Situation,11,4,14.0,4.666666666666667,3,4.5,5.0,9
Brandy_S11,Brandy,11,5,27.0,9.0,3,9.0,9.0,1
Jennifer Grey_S11,Jennifer Grey,11,5,25.0,8.333333333333334,3,8.0,9.0,2
Rick Fox_S11,Rick Fox,11,5,24.0,8.0,3,8.0,8.0,3
Kurt Warner_S11,Kurt Warner,11,5,24.0,8.0,3,8.0,8.0,4
Audrina Patridge_S11,Audrina Patridge,11,5,23.0,7.666666666666667,3,7.0,8.0,5
Florence Henderson_S11,Florence Henderson,11,5,21.0,7.0,3,7.0,7.0,6
Kyle Massey_S11,Kyle Massey,11,5,20.0,6.666666666666667,3,5.0,8.0,7
Bristol Palin_S11,Bristol Palin,11,5,18.0,6.0,3,6.0,6.0,8
Brandy_S11,Brandy,11,6,35.9999,11.999966666666666,3,11.3333,12.3333,1
Audrina Patridge_S11,Audrina Patridge,11,6,31.9998,10.6666,3,10.6666,10.6666,2
Rick Fox_S11,Rick Fox,11,6,30.0,10.0,3,10.0,10.0,3
Kyle Massey_S11,Kyle Massey,11,6,29.999899999999997,9.999966666666666,3,9.3333,10.3333,4
Jennifer Grey_S11,Jennifer Grey,11,6,29.0,9.666666666666666,3,9.0,10.0,5
Bristol Palin_S11,Bristol Palin,11,6,27.9998,9.333266666666667,3,8.6666,9.6666,6
Kurt Warner_S11,Kurt Warner,11,6,21.9999,7.3333,3,7.3333,7.3333,7
Brandy_S11,Brandy,11,7,36.5,9.125,4,9.0,9.5,1
Jennifer Grey_S11,Jennifer Grey,11,7,36.5,9.125,4,9.0,9.5,2
Kurt Warner_S11,Kurt Warner,11,7,35.0,8.75,4,8.5,9.5,3
Rick Fox_S11,Rick Fox,11,7,34.5,8.625,4,8.5,9.0,4
Kyle Massey_S11,Kyle Massey,11,7,33.5,8.375,4,8.0,9.0,5
Bristol Palin_S11,Bristol Palin,11,7,32.5,8.125,4,8.0,8.5,6
Brandy_S11,Brandy,11,8,28.5,9.5,3,9.0,10.0,1
Jennifer Grey_S11,Jennifer Grey,11,8,28.5,9.5,3,9.5,9.5,2
Kyle Massey_S11,Kyle Massey,11,8,28.0,9.333333333333334,3,9.0,9.5,3
Kurt Warner_S11,Kurt Warner,11,8,24.0,8.0,3,8.0,8.0,4
Bristol Palin_S11,Bristol Palin,11,8,23.5,7.833333333333333,3,7.5,8.0,5
Jennifer Grey_S11,Jennifer Grey,11,9,30.0,10.0,3,10.0,10.0,1
Kyle Massey_S11,Kyle Massey,11,9,29.0,9.666666666666666,3,9.0,10.0,2
Brandy_S11,Brandy,11,9,28.5,9.5,3,9.5,9.5,3
Bristol Palin_S11,Bristol Palin,11,9,26.5,8.833333333333334,3,8.5,9.0,4
Jennifer Grey_S11,Jennifer Grey,11,10,30.0,10.0,3,10.0,10.0,1
Kyle Massey_S11,Kyle Massey,11,10,27.333199999999998,9.111066666666666,3,8.6666,9.3333,2
Bristol Palin_S11,Bristol Palin,11,10,25.6666,8.555533333333333,3,8.3333,9.0,3
Ralph Macchio_S12,Ralph Macchio,12,1,24.0,8.0,3,8.0,8.0,1
Kirstie Alley_S12,Kirstie Alley,12,1,23.0,7.666666666666667,3,7.0,8.0,2
Hines Ward_S12,Hines Ward,12,1,21.0,7.0,3,7.0,7.0,3
Chelsea Kane_S12,Chelsea Kane,12,1,21.0,7.0,3,7.0,7.0,4
Romeo_S12,Romeo,12,1,19.0,6.333333333333333,3,6.0,7.0,5
Chris Jericho_S12,Chris Jericho,12,1,19.0,6.333333333333333,3,6.0,7.0,6
Petra Nemcova_S12,Petra Nemcova,12,1,18.0,6.0,3,6.0,6.0,7
Kendra Wilkinson_S12,Kendra Wilkinson,12,1,18.0,6.0,3,6.0,6.0,8
Sugar Ray Leonard_S12,Sugar Ray Leonard,12,1,17.0,5.666666666666667,3,5.0,6.0,9
Wendy Williams_S12,Wendy Williams,12,1,14.0,4.666666666666667,3,4.0,5.0,10
Mike Catherwood_S12,Mike Catherwood,12,1,13.0,4.333333333333333,3,4.0,5.0,11
Chris Jericho_S12,Chris Jericho,12,2,23.0,7.666666666666667,3,7.0,8.0,1
Hines Ward_S12,Hines Ward,12,2,23.0,7.666666666666667,3,7.0,8.0,2
Romeo_S12,Romeo,12,2,23.0,7.666666666666667,3,7.0,8.0,3
Ralph Macchio_S12,Ralph Macchio,12,2,21.0,7.0,3,7.0,7.0,4
Kirstie Alley_S12,Kirstie Alley,12,2,20.0,6.666666666666667,3,6.0,7.0,5
Kendra Wilkinson_S12,Kendra Wilkinson,12,2,19.0,6.333333333333333,3,6.0,7.0,6
Petra Nemcova_S12,Petra Nemcova,12,2,18.0,6.0,3,6.0,6.0,7
Chelsea Kane_S12,Chelsea Kane,12,2,18.0,6.0,3,5.0,7.0,8
Mike Catherwood_S12,Mike Catherwood,12,2,17.0,5.666666666666667,3,5.0,6.0,9
Wendy Williams_S12,Wendy Williams,12,2,17.0,5.666666666666667,3,5.0,6.0,10
Sugar Ray Leonard_S12,Sugar Ray Leonard,12,2,17.0,5.666666666666667,3,5.0,6.0,11
Petra Nemcova_S12,Petra Nemcova,12,3,25.0,8.333333333333334,3,8.0,9.0,1
Hines Ward_S12,Hines Ward,12,3,25.0,8.333333333333334,3,8.0,9.0,2
Chelsea Kane_S12,Chelsea Kane,12,3,23.0,7.666666666666667,3,7.0,8.0,3
Kendra Wilkinson_S12,Kendra Wilkinson,12,3,23.0,7.666666666666667,3,7.0,8.0,4
Ralph Macchio_S12,Ralph Macchio,12,3,21.0,7.0,3,7.0,7.0,5
Kirstie Alley_S12,Kirstie Alley,12,3,21.0,7.0,3,7.0,7.0,6
Chris Jericho_S12,Chris Jericho,12,3,21.0,7.0,3,7.0,7.0,7
Sugar Ray Leonard_S12,Sugar Ray Leonard,12,3,20.0,6.666666666666667,3,6.0,7.0,8
Romeo_S12,Romeo,12,3,20.0,6.666666666666667,3,6.0,7.0,9
Wendy Williams_S12,Wendy Williams,12,3,15.0,5.0,3,5.0,5.0,10
Chelsea Kane_S12,Chelsea Kane,12,4,26.0,8.666666666666666,3,8.0,9.0,1
Hines Ward_S12,Hines Ward,12,4,25.0,8.333333333333334,3,8.0,9.0,2
Ralph Macchio_S12,Ralph Macchio,12,4,25.0,8.333333333333334,3,8.0,9.0,3
Chris Jericho_S12,Chris Jericho,12,4,23.0,7.666666666666667,3,7.0,8.0,4
Romeo_S12,Romeo,12,4,23.0,7.666666666666667,3,7.0,8.0,5
Petra Nemcova_S12,Petra Nemcova,12,4,23.0,7.666666666666667,3,7.0,8.0,6
Kirstie Alley_S12,Kirstie Alley,12,4,22.0,7.333333333333333,3,7.0,8.0,7
Sugar Ray Leonard_S12,Sugar Ray Leonard,12,4,21.0,7.0,3,7.0,7.0,8
Kendra Wilkinson_S12,Kendra Wilkinson,12,4,18.0,6.0,3,6.0,6.0,9
Hines Ward_S12,Hines Ward,12,5,27.0,9.0,3,9.0,9.0,1
Chris Jericho_S12,Chris Jericho,12,5,26.0,8.666666666666666,3,8.0,9.0,2
Romeo_S12,Romeo,12,5,26.0,8.666666666666666,3,8.0,9.0,3
Chelsea Kane_S12,Chelsea Kane,12,5,26.0,8.666666666666666,3,8.0,9.0,4
Kirstie Alley_S12,Kirstie Alley,12,5,23.0,7.666666666666667,3,7.0,8.0,5
Ralph Macchio_S12,Ralph Macchio,12,5,22.0,7.333333333333333,3,7.0,8.0,6
Petra Nemcova_S12,Petra Nemcova,12,5,22.0,7.333333333333333,3,7.0,8.0,7
Kendra Wilkinson_S12,Kendra Wilkinson,12,5,22.0,7.333333333333333,3,7.0,8.0,8
Chelsea Kane_S12,Chelsea Kane,12,6,28.0,9.333333333333334,3,9.0,10.0,1
Romeo_S12,Romeo,12,6,28.0,9.333333333333334,3,9.0,10.0,2
Hines Ward_S12,Hines Ward,12,6,27.0,9.0,3,9.0,9.0,3
Kirstie Alley_S12,Kirstie Alley,12,6,26.0,8.666666666666666,3,8.0,9.0,4
Kendra Wilkinson_S12,Kendra Wilkinson,12,6,25.0,8.333333333333334,3,8.0,9.0,5
Ralph Macchio_S12,Ralph Macchio,12,6,24.0,8.0,3,8.0,8.0,6
Chris Jericho_S12,Chris Jericho,12,6,22.0,7.333333333333333,3,7.0,8.0,7
Hines Ward_S12,Hines Ward,12,7,33.0,8.25,4,8.0,9.0,1
Ralph Macchio_S12,Ralph Macchio,12,7,33.0,8.25,4,7.5,9.0,2
Chelsea Kane_S12,Chelsea Kane,12,7,32.0,8.0,4,7.5,8.5,3
Kendra Wilkinson_S12,Kendra Wilkinson,12,7,30.5,7.625,4,7.5,8.0,4
Kirstie Alley_S12,Kirstie Alley,12,7,30.0,7.5,4,7.0,8.0,5
Romeo_S12,Romeo,12,7,30.0,7.5,4,7.0,8.0,6
Chelsea Kane_S12,Chelsea Kane,12,8,27.5,9.166666666666666,3,9.0,9.5,1
Hines Ward_S12,Hines Ward,12,8,27.0,9.0,3,9.0,9.0,2
Kirstie Alley_S12,Kirstie Alley,12,8,26.5,8.833333333333334,3,8.5,9.0,3
Romeo_S12,Romeo,12,8,26.0,8.666666666666666,3,8.5,9.0,4
Ralph Macchio_S12,Ralph Macchio,12,8,23.0,7.666666666666667,3,7.5,8.0,5
Chelsea Kane_S12,Chelsea Kane,12,9,36.5,12.166666666666666,3,12.0,12.5,1
Hines Ward_S12,Hines Ward,12,9,30.0,10.0,3,10.0,10.0,2
Kirstie Alley_S12,Kirstie Alley,12,9,27.0,9.0,3,9.0,9.0,3
Ralph Macchio_S12,Ralph Macchio,12,9,24.0,8.0,3,8.0,8.0,4
Hines Ward_S12,Hines Ward,12,10,29.666600000000003,9.888866666666667,3,9.6666,10.0,1
Chelsea Kane_S12,Chelsea Kane,12,10,29.666600000000003,9.888866666666667,3,9.6666,10.0,2
Kirstie Alley_S12,Kirstie Alley,12,10,27.999899999999997,9.3333,3,9.3333,9.3333,3
Chynna Phillips_S13,Chynna Phillips,13,1,22.0,7.333333333333333,3,7.0,8.0,1
J.R. Martinez_S13,J.R. Martinez,13,1,22.0,7.333333333333333,3,7.0,8.0,2
Hope Solo_S13,Hope Solo,13,1,21.0,7.0,3,7.0,7.0,3
Ricki Lake_S13,Ricki Lake,13,1,20.0,6.666666666666667,3,6.0,7.0,4
Kristin Cavallari_S13,Kristin Cavallari,13,1,19.0,6.333333333333333,3,6.0,7.0,5
David Arquette_S13,David Arquette,13,1,18.0,6.0,3,6.0,6.0,6
Chaz Bono_S13,Chaz Bono,13,1,17.0,5.666666666666667,3,5.0,6.0,7
Carson Kressley_S13,Carson Kressley,13,1,17.0,5.666666666666667,3,5.0,6.0,8
Rob Kardashian_S13,Rob Kardashian,13,1,16.0,5.333333333333333,3,5.0,6.0,9
Nancy Grace_S13,Nancy Grace,13,1,16.0,5.333333333333333,3,5.0,6.0,10
Elisabetta Canalis_S13,Elisabetta Canalis,13,1,15.0,5.0,3,5.0,5.0,11
Metta World Peace (Ron)_S13,Metta World Peace (Ron),13,1,14.0,4.666666666666667,3,4.0,5.0,12
Ricki Lake_S13,Ricki Lake,13,2,23.0,7.666666666666667,3,7.0,8.0,1
J.R. Martinez_S13,J.R. Martinez,13,2,22.0,7.333333333333333,3,7.0,8.0,2
Kristin Cavallari_S13,Kristin Cavallari,13,2,22.0,7.333333333333333,3,7.0,8.0,3
Chynna Phillips_S13,Chynna Phillips,13,2,21.0,7.0,3,7.0,7.0,4
Rob Kardashian_S13,Rob Kardashian,13,2,21.0,7.0,3,7.0,7.0,5
Nancy Grace_S13,Nancy Grace,13,2,21.0,7.0,3,6.0,8.0,6
Elisabetta Canalis_S13,Elisabetta Canalis,13,2,21.0,7.0,3,7.0,7.0,7
Hope Solo_S13,Hope Solo,13,2,19.0,6.333333333333333,3,6.0,7.0,8
Carson Kressley_S13,Carson Kressley,13,2,18.0,6.0,3,6.0,6.0,9
David Arquette_S13,David Arquette,13,2,18.0,6.0,3,6.0,6.0,10
Chaz Bono_S13,Chaz Bono,13,2,17.0,5.666666666666667,3,5.0,6.0,11
Ricki Lake_S13,Ricki Lake,13,3,27.0,9.0,3,9.0,9.0,1
J.R. Martinez_S13,J.R. Martinez,13,3,26.0,8.666666666666666,3,8.0,9.0,2
Chynna Phillips_S13,Chynna Phillips,13,3,26.0,8.666666666666666,3,8.0,9.0,3
Rob Kardashian_S13,Rob Kardashian,13,3,24.0,8.0,3,8.0,8.0,4
Kristin Cavallari_S13,Kristin Cavallari,13,3,24.0,8.0,3,8.0,8.0,5
Hope Solo_S13,Hope Solo,13,3,24.0,8.0,3,8.0,8.0,6
David Arquette_S13,David Arquette,13,3,24.0,8.0,3,8.0,8.0,7
Carson Kressley_S13,Carson Kressley,13,3,23.0,7.666666666666667,3,7.0,8.0,8
Nancy Grace_S13,Nancy Grace,13,3,21.0,7.0,3,7.0,7.0,9
Chaz Bono_S13,Chaz Bono,13,3,18.0,6.0,3,6.0,6.0,10
Ricki Lake_S13,Ricki Lake,13,4,29.0,9.666666666666666,3,9.0,10.0,1
J.R. Martinez_S13,J.R. Martinez,13,4,26.0,8.666666666666666,3,8.0,9.0,2
Hope Solo_S13,Hope Solo,13,4,24.0,8.0,3,8.0,8.0,3
Rob Kardashian_S13,Rob Kardashian,13,4,24.0,8.0,3,8.0,8.0,4
David Arquette_S13,David Arquette,13,4,23.0,7.666666666666667,3,7.0,8.0,5
Chynna Phillips_S13,Chynna Phillips,13,4,21.0,7.0,3,7.0,7.0,6
Chaz Bono_S13,Chaz Bono,13,4,21.0,7.0,3,7.0,7.0,7
Nancy Grace_S13,Nancy Grace,13,4,21.0,7.0,3,7.0,7.0,8
Carson Kressley_S13,Carson Kressley,13,4,20.0,6.666666666666667,3,6.0,7.0,9
J.R. Martinez_S13,J.R. Martinez,13,5,28.0,9.333333333333334,3,9.0,10.0,1
Rob Kardashian_S13,Rob Kardashian,13,5,25.0,8.333333333333334,3,8.0,9.0,2
David Arquette_S13,David Arquette,13,5,25.0,8.333333333333334,3,8.0,9.0,3
Hope Solo_S13,Hope Solo,13,5,24.0,8.0,3,8.0,8.0,4
Ricki Lake_S13,Ricki Lake,13,5,24.0,8.0,3,8.0,8.0,5
Nancy Grace_S13,Nancy Grace,13,5,22.0,7.333333333333333,3,7.0,8.0,6
Chaz Bono_S13,Chaz Bono,13,5,21.0,7.0,3,7.0,7.0,7
Carson Kressley_S13,Carson Kressley,13,5,19.0,6.333333333333333,3,6.0,7.0,8
J.R. Martinez_S13,J.R. Martinez,13,6,29.0,9.666666666666666,3,9.0,10.0,1
Ricki Lake_S13,Ricki Lake,13,6,29.0,9.666666666666666,3,9.0,10.0,2
Nancy Grace_S13,Nancy Grace,13,6,24.0,8.0,3,7.0,9.0,3
David Arquette_S13,David Arquette,13,6,23.0,7.666666666666667,3,7.0,8.0,4
Rob Kardashian_S13,Rob Kardashian,13,6,22.0,7.333333333333333,3,7.0,8.0,5
Hope Solo_S13,Hope Solo,13,6,20.0,6.666666666666667,3,6.0,7.0,6
Chaz Bono_S13,Chaz Bono,13,6,19.0,6.333333333333333,3,6.0,7.0,7
Ricki Lake_S13,Ricki Lake,13,7,26.5,8.833333333333334,3,8.5,9.0,1
Rob Kardashian_S13,Rob Kardashian,13,7,25.5,8.5,3,8.0,9.0,2
Hope Solo_S13,Hope Solo,13,7,25.0,8.333333333333334,3,8.0,8.5,3
J.R. Martinez_S13,J.R. Martinez,13,7,24.0,8.0,3,7.5,8.5,4
David Arquette_S13,David Arquette,13,7,23.5,7.833333333333333,3,7.5,8.0,5
Nancy Grace_S13,Nancy Grace,13,7,22.0,7.333333333333333,3,7.0,7.5,6
J.R. Martinez_S13,J.R. Martinez,13,8,30.0,10.0,3,10.0,10.0,1
Hope Solo_S13,Hope Solo,13,8,26.0,8.666666666666666,3,8.5,9.0,2
Ricki Lake_S13,Ricki Lake,13,8,26.0,8.666666666666666,3,8.5,9.0,3
Rob Kardashian_S13,Rob Kardashian,13,8,25.5,8.5,3,8.5,8.5,4
Nancy Grace_S13,Nancy Grace,13,8,22.0,7.333333333333333,3,7.0,7.5,5
Ricki Lake_S13,Ricki Lake,13,9,33.4999,11.166633333333332,3,10.8333,11.3333,1
Rob Kardashian_S13,Rob Kardashian,13,9,32.4998,10.833266666666667,3,10.6666,11.1666,2
J.R. Martinez_S13,J.R. Martinez,13,9,28.0,9.333333333333334,3,9.0,9.5,3
Hope Solo_S13,Hope Solo,13,9,24.4998,8.1666,3,8.1666,8.1666,4
Rob Kardashian_S13,Rob Kardashian,13,10,28.333199999999998,9.4444,3,9.4444,9.4444,1
J.R. Martinez_S13,J.R. Martinez,13,10,28.1665,9.388833333333332,3,9.1666,9.6666,2
Ricki Lake_S13,Ricki Lake,13,10,27.999899999999997,9.3333,3,9.3333,9.3333,3
Jaleel White_S14,Jaleel White,14,1,26.0,8.666666666666666,3,8.0,9.0,1
Katherine Jenkins_S14,Katherine Jenkins,14,1,26.0,8.666666666666666,3,8.0,9.0,2
William Levy_S14,William Levy,14,1,24.0,8.0,3,8.0,8.0,3
Sherri Sheperd_S14,Sherri Sheperd,14,1,23.0,7.666666666666667,3,7.0,8.0,4
Jack Wagner_S14,Jack Wagner,14,1,23.0,7.666666666666667,3,7.0,8.0,5
Gladys Knight_S14,Gladys Knight,14,1,23.0,7.666666666666667,3,7.0,8.0,6
Roshon Fegan_S14,Roshon Fegan,14,1,23.0,7.666666666666667,3,7.0,8.0,7
Maria Menounos_S14,Maria Menounos,14,1,21.0,7.0,3,7.0,7.0,8
Donald Driver_S14,Donald Driver,14,1,21.0,7.0,3,7.0,7.0,9
Melissa Gilbert_S14,Melissa Gilbert,14,1,20.0,6.666666666666667,3,6.0,7.0,10
Martina Navratilova_S14,Martina Navratilova,14,1,20.0,6.666666666666667,3,6.0,7.0,11
Gavin DeGraw_S14,Gavin DeGraw,14,1,20.0,6.666666666666667,3,6.0,7.0,12
Katherine Jenkins_S14,Katherine Jenkins,14,2,26.0,8.666666666666666,3,8.0,9.0,1
Roshon Fegan_S14,Roshon Fegan,14,2,26.0,8.666666666666666,3,8.0,9.0,2
Maria Menounos_S14,Maria Menounos,14,2,25.0,8.333333333333334,3,8.0,9.0,3
William Levy_S14,William Levy,14,2,25.0,8.333333333333334,3,7.0,9.0,4
Donald Driver_S14,Donald Driver,14,2,24.0,8.0,3,8.0,8.0,5
Sherri Sheperd_S14,Sherri Sheperd,14,2,23.0,7.666666666666667,3,7.0,8.0,6
Jaleel White_S14,Jaleel White,14,2,22.0,7.333333333333333,3,7.0,8.0,7
Gavin DeGraw_S14,Gavin DeGraw,14,2,21.0,7.0,3,7.0,7.0,8
Jack Wagner_S14,Jack Wagner,14,2,21.0,7.0,3,7.0,7.0,9
Melissa Gilbert_S14,Melissa Gilbert,14,2,20.0,6.666666666666667,3,6.0,7.0,10
Gladys Knight_S14,Gladys Knight,14,2,19.0,6.333333333333333,3,5.0,7.0,11
Martina Navratilova_S14,Martina Navratilova,14,2,17.0,5.666666666666667,3,5.0,6.0,12
Katherine Jenkins_S14,Katherine Jenkins,14,3,29.0,9.666666666666666,3,9.0,10.0,1
William Levy_S14,William Levy,14,3,28.0,9.333333333333334,3,9.0,10.0,2
Maria Menounos_S14,Maria Menounos,14,3,27.0,9.0,3,9.0,9.0,3
Donald Driver_S14,Donald Driver,14,3,26.0,8.666666666666666,3,8.0,9.0,4
Jaleel White_S14,Jaleel White,14,3,25.0,8.333333333333334,3,8.0,9.0,5
Roshon Fegan_S14,Roshon Fegan,14,3,25.0,8.333333333333334,3,8.0,9.0,6
Sherri Sheperd_S14,Sherri Sheperd,14,3,24.0,8.0,3,8.0,8.0,7
Melissa Gilbert_S14,Melissa Gilbert,14,3,24.0,8.0,3,8.0,8.0,8
Jack Wagner_S14,Jack Wagner,14,3,24.0,8.0,3,8.0,8.0,9
Gladys Knight_S14,Gladys Knight,14,3,24.0,8.0,3,8.0,8.0,10
Gavin DeGraw_S14,Gavin DeGraw,14,3,24.0,8.0,3,8.0,8.0,11
Donald Driver_S14,Donald Driver,14,4,27.0,9.0,3,9.0,9.0,1
Maria Menounos_S14,Maria Menounos,14,4,26.0,8.666666666666666,3,8.0,9.0,2
Roshon Fegan_S14,Roshon Fegan,14,4,26.0,8.666666666666666,3,8.0,9.0,3
Katherine Jenkins_S14,Katherine Jenkins,14,4,24.0,8.0,3,8.0,8.0,4
Gavin DeGraw_S14,Gavin DeGraw,14,4,23.0,7.666666666666667,3,7.0,8.0,5
Melissa Gilbert_S14,Melissa Gilbert,14,4,22.0,7.333333333333333,3,7.0,8.0,6
William Levy_S14,William Levy,14,4,22.0,7.333333333333333,3,7.0,8.0,7
Jaleel White_S14,Jaleel White,14,4,22.0,7.333333333333333,3,7.0,8.0,8
Sherri Sheperd_S14,Sherri Sheperd,14,4,21.0,7.0,3,7.0,7.0,9
Gladys Knight_S14,Gladys Knight,14,4,20.0,6.666666666666667,3,6.0,7.0,10
Katherine Jenkins_S14,Katherine Jenkins,14,5,29.0,9.666666666666666,3,9.0,10.0,1
William Levy_S14,William Levy,14,5,29.0,9.666666666666666,3,9.0,10.0,2
Maria Menounos_S14,Maria Menounos,14,5,27.0,9.0,3,9.0,9.0,3
Donald Driver_S14,Donald Driver,14,5,27.0,9.0,3,8.0,10.0,4
Roshon Fegan_S14,Roshon Fegan,14,5,26.0,8.666666666666666,3,8.0,9.0,5
Jaleel White_S14,Jaleel White,14,5,24.0,8.0,3,8.0,8.0,6
Gladys Knight_S14,Gladys Knight,14,5,22.0,7.333333333333333,3,7.0,8.0,7
Melissa Gilbert_S14,Melissa Gilbert,14,5,21.0,7.0,3,7.0,7.0,8
Gavin DeGraw_S14,Gavin DeGraw,14,5,19.0,6.333333333333333,3,6.0,7.0,9
Katherine Jenkins_S14,Katherine Jenkins,14,6,38.9999,12.999966666666666,3,12.3333,13.3333,1
Jaleel White_S14,Jaleel White,14,6,36.9998,12.333266666666667,3,11.6666,12.6666,2
William Levy_S14,William Levy,14,6,36.0,12.0,3,11.0,13.0,3
Donald Driver_S14,Donald Driver,14,6,33.9999,11.3333,3,11.3333,11.3333,4
Melissa Gilbert_S14,Melissa Gilbert,14,6,30.0,10.0,3,10.0,10.0,5
Maria Menounos_S14,Maria Menounos,14,6,29.999899999999997,9.999966666666666,3,9.3333,10.3333,6
Roshon Fegan_S14,Roshon Fegan,14,6,27.9998,9.333266666666667,3,8.6666,9.6666,7
Gladys Knight_S14,Gladys Knight,14,6,24.0,8.0,3,8.0,8.0,8
Maria Menounos_S14,Maria Menounos,14,7,28.5,9.5,3,9.0,10.0,1
Katherine Jenkins_S14,Katherine Jenkins,14,7,27.0,9.0,3,8.5,9.5,2
William Levy_S14,William Levy,14,7,26.5,8.833333333333334,3,8.5,9.0,3
Donald Driver_S14,Donald Driver,14,7,26.5,8.833333333333334,3,8.5,9.0,4
Roshon Fegan_S14,Roshon Fegan,14,7,26.0,8.666666666666666,3,8.0,9.5,5
Jaleel White_S14,Jaleel White,14,7,25.5,8.5,3,8.0,9.0,6
Melissa Gilbert_S14,Melissa Gilbert,14,7,23.5,7.833333333333333,3,7.5,8.0,7
William Levy_S14,William Levy,14,8,28.5,9.5,3,9.5,9.5,1
Roshon Fegan_S14,Roshon Fegan,14,8,28.0,9.333333333333334,3,9.0,9.5,2
Katherine Jenkins_S14,Katherine Jenkins,14,8,27.5,9.166666666666666,3,9.0,9.5,3
Donald Driver_S14,Donald Driver,14,8,27.5,9.166666666666666,3,9.0,9.5,4
Maria Menounos_S14,Maria Menounos,14,8,26.5,8.833333333333334,3,7.5,9.5,5
Melissa Gilbert_S14,Melissa Gilbert,14,8,25.5,8.5,3,8.5,8.5,6
Maria Menounos_S14,Maria Menounos,14,9,29.5,9.833333333333334,3,9.5,10.0,1
William Levy_S14,William Levy,14,9,29.0,9.666666666666666,3,9.5,10.0,2
Donald Driver_S14,Donald Driver,14,9,28.5,9.5,3,9.0,10.0,3
Katherine Jenkins_S14,Katherine Jenkins,14,9,28.0,9.333333333333334,3,9.0,9.5,4
Katherine Jenkins_S14,Katherine Jenkins,14,10,30.0,10.0,3,10.0,10.0,1
William Levy_S14,William Levy,14,10,29.666600000000003,9.888866666666667,3,9.6666,10.0,2
Donald Driver_S14,Donald Driver,14,10,29.666600000000003,9.888866666666667,3,9.6666,10.0,3
Emmitt Smith_S15,Emmitt Smith,15,1,24.5,8.166666666666666,3,8.0,8.5,1
Gilles Marini_S15,Gilles Marini,15,1,24.0,8.0,3,8.0,8.0,2
Sabrina Bryan_S15,Sabrina Bryan,15,1,22.5,7.5,3,7.5,7.5,3
Shawn Johnson_S15,Shawn Johnson,15,1,22.0,7.333333333333333,3,6.5,8.0,4
Apolo Anton Ohno_S15,Apolo Anton Ohno,15,1,22.0,7.333333333333333,3,7.0,7.5,5
Helio Castroneves_S15,Helio Castroneves,15,1,21.5,7.166666666666667,3,7.0,7.5,6
Drew Lachey_S15,Drew Lachey,15,1,21.5,7.166666666666667,3,7.0,7.5,7
Kelly Monaco_S15,Kelly Monaco,15,1,21.5,7.166666666666667,3,7.0,7.5,8
Melissa Rycroft_S15,Melissa Rycroft,15,1,21.0,7.0,3,7.0,7.0,9
Joey Fatone_S15,Joey Fatone,15,1,20.5,6.833333333333333,3,6.5,7.0,10
Bristol Palin_S15,Bristol Palin,15,1,19.5,6.5,3,6.5,6.5,11
Kirstie Alley_S15,Kirstie Alley,15,1,19.0,6.333333333333333,3,6.0,6.5,12
Pamela Anderson_S15,Pamela Anderson,15,1,17.0,5.666666666666667,3,5.5,6.0,13
Sabrina Bryan_S15,Sabrina Bryan,15,2,26.0,8.666666666666666,3,8.5,9.0,1
Gilles Marini_S15,Gilles Marini,15,2,25.5,8.5,3,8.5,8.5,2
Shawn Johnson_S15,Shawn Johnson,15,2,25.0,8.333333333333334,3,8.0,8.5,3
Apolo Anton Ohno_S15,Apolo Anton Ohno,15,2,24.5,8.166666666666666,3,8.0,8.5,4
Melissa Rycroft_S15,Melissa Rycroft,15,2,23.5,7.833333333333333,3,7.5,8.0,5
Helio Castroneves_S15,Helio Castroneves,15,2,23.0,7.666666666666667,3,7.5,8.0,6
Joey Fatone_S15,Joey Fatone,15,2,22.5,7.5,3,7.5,7.5,7
Drew Lachey_S15,Drew Lachey,15,2,22.5,7.5,3,7.5,7.5,8
Emmitt Smith_S15,Emmitt Smith,15,2,22.5,7.5,3,7.5,7.5,9
Kelly Monaco_S15,Kelly Monaco,15,2,22.0,7.333333333333333,3,7.0,7.5,10
Kirstie Alley_S15,Kirstie Alley,15,2,21.0,7.0,3,7.0,7.0,11
Bristol Palin_S15,Bristol Palin,15,2,18.0,6.0,3,6.0,6.0,12
Melissa Rycroft_S15,Melissa Rycroft,15,3,27.0,9.0,3,9.0,9.0,1
Kelly Monaco_S15,Kelly Monaco,15,3,27.0,9.0,3,9.0,9.0,2
Shawn Johnson_S15,Shawn Johnson,15,3,26.5,8.833333333333334,3,8.0,9.5,3
Gilles Marini_S15,Gilles Marini,15,3,25.5,8.5,3,8.5,8.5,4
Sabrina Bryan_S15,Sabrina Bryan,15,3,25.5,8.5,3,8.5,8.5,5
Apolo Anton Ohno_S15,Apolo Anton Ohno,15,3,25.5,8.5,3,8.0,9.0,6
Helio Castroneves_S15,Helio Castroneves,15,3,25.5,8.5,3,8.5,8.5,7
Emmitt Smith_S15,Emmitt Smith,15,3,25.0,8.333333333333334,3,8.0,8.5,8
Kirstie Alley_S15,Kirstie Alley,15,3,24.0,8.0,3,8.0,8.0,9
Drew Lachey_S15,Drew Lachey,15,3,24.0,8.0,3,8.0,8.0,10
Bristol Palin_S15,Bristol Palin,15,3,22.5,7.5,3,7.5,7.5,11
Gilles Marini_S15,Gilles Marini,15,4,39.5,9.875,4,9.5,10.0,1
Shawn Johnson_S15,Shawn Johnson,15,4,39.5,9.875,4,9.5,10.0,2
Kelly Monaco_S15,Kelly Monaco,15,4,37.5,9.375,4,9.0,9.5,3
Melissa Rycroft_S15,Melissa Rycroft,15,4,37.0,9.25,4,9.0,9.5,4
Emmitt Smith_S15,Emmitt Smith,15,4,36.0,9.0,4,9.0,9.0,5
Sabrina Bryan_S15,Sabrina Bryan,15,4,35.5,8.875,4,8.5,9.0,6
Apolo Anton Ohno_S15,Apolo Anton Ohno,15,4,34.5,8.625,4,8.5,9.0,7
Bristol Palin_S15,Bristol Palin,15,4,32.0,8.0,4,8.0,8.0,8
Kirstie Alley_S15,Kirstie Alley,15,4,30.0,7.5,4,7.5,7.5,9
Sabrina Bryan_S15,Sabrina Bryan,15,5,29.25,9.75,3,9.75,9.75,1
Gilles Marini_S15,Gilles Marini,15,5,28.25,9.416666666666666,3,9.25,9.5,2
Shawn Johnson_S15,Shawn Johnson,15,5,28.25,9.416666666666666,3,9.0,10.0,3
Melissa Rycroft_S15,Melissa Rycroft,15,5,28.25,9.416666666666666,3,9.25,9.5,4
Apolo Anton Ohno_S15,Apolo Anton Ohno,15,5,28.25,9.416666666666666,3,9.0,9.75,5
Emmitt Smith_S15,Emmitt Smith,15,5,28.0,9.333333333333334,3,9.25,9.5,6
Kirstie Alley_S15,Kirstie Alley,15,5,26.25,8.75,3,8.75,8.75,7
Kelly Monaco_S15,Kelly Monaco,15,5,25.75,8.583333333333334,3,8.5,8.75,8
Sabrina Bryan_S15,Sabrina Bryan,15,6,30.0,10.0,3,10.0,10.0,1
Apolo Anton Ohno_S15,Apolo Anton Ohno,15,6,30.0,10.0,3,10.0,10.0,2
Melissa Rycroft_S15,Melissa Rycroft,15,6,29.5,9.833333333333334,3,9.5,10.0,3
Shawn Johnson_S15,Shawn Johnson,15,6,28.0,9.333333333333334,3,8.5,10.0,4
Kirstie Alley_S15,Kirstie Alley,15,6,27.5,9.166666666666666,3,8.5,9.5,5
Gilles Marini_S15,Gilles Marini,15,6,27.5,9.166666666666666,3,9.0,9.5,6
Kelly Monaco_S15,Kelly Monaco,15,6,27.0,9.0,3,9.0,9.0,7
Emmitt Smith_S15,Emmitt Smith,15,6,26.5,8.833333333333334,3,8.5,9.5,8
Melissa Rycroft_S15,Melissa Rycroft,15,7,38.9999,12.999966666666666,3,12.8333,13.3333,1
Shawn Johnson_S15,Shawn Johnson,15,7,37.9998,12.6666,3,12.6666,12.6666,2
Kelly Monaco_S15,Kelly Monaco,15,7,36.0,12.0,3,12.0,12.0,3
Emmitt Smith_S15,Emmitt Smith,15,7,34.4999,11.499966666666666,3,10.8333,11.8333,4
Gilles Marini_S15,Gilles Marini,15,7,33.4998,11.1666,3,11.1666,11.1666,5
Apolo Anton Ohno_S15,Apolo Anton Ohno,15,7,33.0,11.0,3,11.0,11.0,6
Kirstie Alley_S15,Kirstie Alley,15,7,27.999899999999997,9.3333,3,9.3333,9.3333,7
Melissa Rycroft_S15,Melissa Rycroft,15,8,30.0,10.0,3,10.0,10.0,1
Gilles Marini_S15,Gilles Marini,15,8,29.2777,9.759233333333333,3,9.5,10.0,2
Apolo Anton Ohno_S15,Apolo Anton Ohno,15,8,29.2777,9.759233333333333,3,9.5,10.0,3
Emmitt Smith_S15,Emmitt Smith,15,8,29.0554,9.685133333333333,3,9.5,9.7777,4
Kelly Monaco_S15,Kelly Monaco,15,8,28.3333,9.444433333333334,3,9.3333,9.5,5
Shawn Johnson_S15,Shawn Johnson,15,8,27.8333,9.277766666666666,3,8.3333,10.0,6
Kirstie Alley_S15,Kirstie Alley,15,8,25.5,8.5,3,8.5,8.5,7
Shawn Johnson_S15,Shawn Johnson,15,9,29.5,9.833333333333334,3,9.5,10.0,1
Melissa Rycroft_S15,Melissa Rycroft,15,9,28.7777,9.592566666666666,3,9.5,9.7777,2
Apolo Anton Ohno_S15,Apolo Anton Ohno,15,9,28.610999999999997,9.536999999999999,3,9.3333,9.7777,3
Kelly Monaco_S15,Kelly Monaco,15,9,27.110999999999997,9.036999999999999,3,8.7777,9.3333,4
Emmitt Smith_S15,Emmitt Smith,15,9,27.0,9.0,3,9.0,9.0,5
Melissa Rycroft_S15,Melissa Rycroft,15,10,29.333099999999998,9.7777,3,9.7777,9.7777,1
Kelly Monaco_S15,Kelly Monaco,15,10,29.1109,9.703633333333334,3,9.6666,9.7777,2
Shawn Johnson_S15,Shawn Johnson,15,10,28.9443,9.6481,3,9.5,9.7777,3
Zendaya_S16,Zendaya,16,1,24.0,8.0,3,8.0,8.0,1
Kellie Pickler_S16,Kellie Pickler,16,1,21.0,7.0,3,7.0,7.0,2
Alexandra Raisman_S16,Alexandra Raisman,16,1,21.0,7.0,3,7.0,7.0,3
Dorothy Hamill_S16,Dorothy Hamill,16,1,21.0,7.0,3,7.0,7.0,4
Jacoby Jones_S16,Jacoby Jones,16,1,20.0,6.666666666666667,3,6.0,7.0,5
Ingo Rademacher_S16,Ingo Rademacher,16,1,20.0,6.666666666666667,3,6.0,7.0,6
Sean Lowe_S16,Sean Lowe,16,1,19.0,6.333333333333333,3,6.0,7.0,7
Wynonna Judd_S16,Wynonna Judd,16,1,18.0,6.0,3,6.0,6.0,8
Lisa Vanderpump_S16,Lisa Vanderpump,16,1,18.0,6.0,3,6.0,6.0,9
Victor Ortiz_S16,Victor Ortiz,16,1,18.0,6.0,3,6.0,6.0,10
Andy Dick_S16,Andy Dick,16,1,17.0,5.666666666666667,3,5.0,6.0,11
D. L. Hughley_S16,D. L. Hughley,16,1,12.0,4.0,3,4.0,4.0,12
Kellie Pickler_S16,Kellie Pickler,16,2,26.0,8.666666666666666,3,8.0,9.0,1
Zendaya_S16,Zendaya,16,2,26.0,8.666666666666666,3,8.0,9.0,2
Alexandra Raisman_S16,Alexandra Raisman,16,2,24.0,8.0,3,8.0,8.0,3
Jacoby Jones_S16,Jacoby Jones,16,2,23.0,7.666666666666667,3,7.0,8.0,4
Ingo Rademacher_S16,Ingo Rademacher,16,2,20.0,6.666666666666667,3,6.0,7.0,5
Sean Lowe_S16,Sean Lowe,16,2,20.0,6.666666666666667,3,6.0,7.0,6
Andy Dick_S16,Andy Dick,16,2,20.0,6.666666666666667,3,6.0,7.0,7
Wynonna Judd_S16,Wynonna Judd,16,2,18.0,6.0,3,6.0,6.0,8
Victor Ortiz_S16,Victor Ortiz,16,2,18.0,6.0,3,6.0,6.0,9
Lisa Vanderpump_S16,Lisa Vanderpump,16,2,18.0,6.0,3,6.0,6.0,10
D. L. Hughley_S16,D. L. Hughley,16,2,16.0,5.333333333333333,3,5.0,6.0,11
Dorothy Hamill_S16,Dorothy Hamill,16,2,15.0,5.0,3,5.0,5.0,12
Zendaya_S16,Zendaya,16,3,25.9998,8.6666,3,8.6666,8.6666,1
Jacoby Jones_S16,Jacoby Jones,16,3,25.9998,8.6666,3,8.6666,8.6666,2
Kellie Pickler_S16,Kellie Pickler,16,3,25.0,8.333333333333334,3,8.0,9.0,3
Alexandra Raisman_S16,Alexandra Raisman,16,3,23.0,7.666666666666667,3,7.0,8.0,4
Victor Ortiz_S16,Victor Ortiz,16,3,23.0,7.666666666666667,3,7.0,8.0,5
Lisa Vanderpump_S16,Lisa Vanderpump,16,3,21.0,7.0,3,7.0,7.0,6
Ingo Rademacher_S16,Ingo Rademacher,16,3,21.0,7.0,3,7.0,7.0,7
Sean Lowe_S16,Sean Lowe,16,3,21.0,7.0,3,7.0,7.0,8
Andy Dick_S16,Andy Dick,16,3,18.0,6.0,3,6.0,6.0,9
D. L. Hughley_S16,D. L. Hughley,16,3,16.0,5.333333333333333,3,5.0,6.0,10
Wynonna Judd_S16,Wynonna Judd,16,3,15.0,5.0,3,5.0,5.0,11
Alexandra Raisman_S16,Alexandra Raisman,16,4,27.0,9.0,3,9.0,9.0,1
Kellie Pickler_S16,Kellie Pickler,16,4,26.0,8.666666666666666,3,8.0,9.0,2
Zendaya_S16,Zendaya,16,4,26.0,8.666666666666666,3,8.0,9.0,3
Jacoby Jones_S16,Jacoby Jones,16,4,24.0,8.0,3,8.0,8.0,4
Ingo Rademacher_S16,Ingo Rademacher,16,4,23.0,7.666666666666667,3,7.0,8.0,5
D. L. Hughley_S16,D. L. Hughley,16,4,21.0,7.0,3,7.0,7.0,6
Andy Dick_S16,Andy Dick,16,4,21.0,7.0,3,7.0,7.0,7
Sean Lowe_S16,Sean Lowe,16,4,20.0,6.666666666666667,3,6.0,7.0,8
Victor Ortiz_S16,Victor Ortiz,16,4,18.0,6.0,3,6.0,6.0,9
Lisa Vanderpump_S16,Lisa Vanderpump,16,4,18.0,6.0,3,6.0,6.0,10
Zendaya_S16,Zendaya,16,5,29.0,9.666666666666666,3,9.0,10.0,1
Kellie Pickler_S16,Kellie Pickler,16,5,27.0,9.0,3,9.0,9.0,2
Jacoby Jones_S16,Jacoby Jones,16,5,26.0,8.666666666666666,3,8.0,9.0,3
Alexandra Raisman_S16,Alexandra Raisman,16,5,25.0,8.333333333333334,3,8.0,9.0,4
Sean Lowe_S16,Sean Lowe,16,5,24.0,8.0,3,8.0,8.0,5
Victor Ortiz_S16,Victor Ortiz,16,5,21.0,7.0,3,7.0,7.0,6
Ingo Rademacher_S16,Ingo Rademacher,16,5,21.0,7.0,3,7.0,7.0,7
Andy Dick_S16,Andy Dick,16,5,18.0,6.0,3,6.0,6.0,8
D. L. Hughley_S16,D. L. Hughley,16,5,18.0,6.0,3,6.0,6.0,9
Kellie Pickler_S16,Kellie Pickler,16,6,27.0,9.0,3,8.5,9.5,1
Alexandra Raisman_S16,Alexandra Raisman,16,6,26.0,8.666666666666666,3,8.5,9.0,2
Zendaya_S16,Zendaya,16,6,25.5,8.5,3,8.5,8.5,3
Sean Lowe_S16,Sean Lowe,16,6,23.0,7.666666666666667,3,7.5,8.0,4
Ingo Rademacher_S16,Ingo Rademacher,16,6,23.0,7.666666666666667,3,7.5,8.0,5
Jacoby Jones_S16,Jacoby Jones,16,6,22.5,7.5,3,7.5,7.5,6
Andy Dick_S16,Andy Dick,16,6,21.5,7.166666666666667,3,7.0,7.5,7
Victor Ortiz_S16,Victor Ortiz,16,6,20.0,6.666666666666667,3,6.5,7.0,8
Alexandra Raisman_S16,Alexandra Raisman,16,7,32.0,10.666666666666666,3,10.0,11.0,1
Zendaya_S16,Zendaya,16,7,30.0,10.0,3,10.0,10.0,2
Kellie Pickler_S16,Kellie Pickler,16,7,29.0,9.666666666666666,3,9.0,10.0,3
Jacoby Jones_S16,Jacoby Jones,16,7,27.0,9.0,3,9.0,9.0,4
Ingo Rademacher_S16,Ingo Rademacher,16,7,25.0,8.333333333333334,3,8.0,9.0,5
Sean Lowe_S16,Sean Lowe,16,7,24.0,8.0,3,8.0,8.0,6
Andy Dick_S16,Andy Dick,16,7,17.0,5.666666666666667,3,5.0,6.0,7
Zendaya_S16,Zendaya,16,8,29.0,9.666666666666666,3,9.5,10.0,1
Alexandra Raisman_S16,Alexandra Raisman,16,8,28.0,9.333333333333334,3,9.0,9.5,2
Kellie Pickler_S16,Kellie Pickler,16,8,27.5,9.166666666666666,3,8.0,10.0,3
Jacoby Jones_S16,Jacoby Jones,16,8,26.0,8.666666666666666,3,8.5,9.0,4
Ingo Rademacher_S16,Ingo Rademacher,16,8,24.0,8.0,3,8.0,8.0,5
Sean Lowe_S16,Sean Lowe,16,8,21.0,7.0,3,7.0,7.0,6
Alexandra Raisman_S16,Alexandra Raisman,16,9,29.5,9.833333333333334,3,9.5,10.0,1
Jacoby Jones_S16,Jacoby Jones,16,9,29.5,9.833333333333334,3,9.5,10.0,2
Kellie Pickler_S16,Kellie Pickler,16,9,29.0,9.666666666666666,3,9.5,10.0,3
Zendaya_S16,Zendaya,16,9,27.5,9.166666666666666,3,9.0,9.5,4
Ingo Rademacher_S16,Ingo Rademacher,16,9,25.5,8.5,3,8.5,8.5,5
Kellie Pickler_S16,Kellie Pickler,16,10,30.0,10.0,3,10.0,10.0,1
Zendaya_S16,Zendaya,16,10,30.0,10.0,3,10.0,10.0,2
Alexandra Raisman_S16,Alexandra Raisman,16,10,29.0,9.666666666666666,3,9.5,10.0,3
Jacoby Jones_S16,Jacoby Jones,16,10,27.999899999999997,9.3333,3,9.3333,9.3333,4
Amber Riley_S17,Amber Riley,17,1,27.0,9.0,3,9.0,9.0,1
Elizabeth Berkley Lauren_S17,Elizabeth Berkley Lauren,17,1,24.0,8.0,3,8.0,8.0,2
Corbin Bleu_S17,Corbin Bleu,17,1,24.0,8.0,3,8.0,8.0,3
Jack Osbourne_S17,Jack Osbourne,17,1,23.0,7.666666666666667,3,7.0,8.0,4
"Nicole ""Snooki"" Polizzi_S17","Nicole ""Snooki"" Polizzi",17,1,23.0,7.666666666666667,3,7.0,8.0,5
Christina Milian_S17,Christina Milian,17,1,22.0,7.333333333333333,3,7.0,8.0,6
Brant Daugherty_S17,Brant Daugherty,17,1,22.0,7.333333333333333,3,7.0,8.0,7
Valerie Harper_S17,Valerie Harper,17,1,21.0,7.0,3,7.0,7.0,8
Leah Remini_S17,Leah Remini,17,1,21.0,7.0,3,7.0,7.0,9
Bill Engvall_S17,Bill Engvall,17,1,18.0,6.0,3,6.0,6.0,10
Keyshawn Johnson_S17,Keyshawn Johnson,17,1,17.0,5.666666666666667,3,5.0,6.0,11
Bill Nye_S17,Bill Nye,17,1,14.0,4.666666666666667,3,4.0,5.0,12
Corbin Bleu_S17,Corbin Bleu,17,2,26.0,8.666666666666666,3,8.0,9.0,1
Elizabeth Berkley Lauren_S17,Elizabeth Berkley Lauren,17,2,25.0,8.333333333333334,3,8.0,9.0,2
Christina Milian_S17,Christina Milian,17,2,25.0,8.333333333333334,3,8.0,9.0,3
Amber Riley_S17,Amber Riley,17,2,24.0,8.0,3,8.0,8.0,4
Jack Osbourne_S17,Jack Osbourne,17,2,24.0,8.0,3,8.0,8.0,5
Leah Remini_S17,Leah Remini,17,2,24.0,8.0,3,8.0,8.0,6
Brant Daugherty_S17,Brant Daugherty,17,2,23.0,7.666666666666667,3,7.0,8.0,7
Bill Engvall_S17,Bill Engvall,17,2,21.0,7.0,3,7.0,7.0,8
"Nicole ""Snooki"" Polizzi_S17","Nicole ""Snooki"" Polizzi",17,2,20.0,6.666666666666667,3,6.0,7.0,9
Valerie Harper_S17,Valerie Harper,17,2,19.0,6.333333333333333,3,6.0,7.0,10
Keyshawn Johnson_S17,Keyshawn Johnson,17,2,18.0,6.0,3,6.0,6.0,11
Bill Nye_S17,Bill Nye,17,2,17.0,5.666666666666667,3,5.0,6.0,12
Brant Daugherty_S17,Brant Daugherty,17,3,27.0,9.0,3,9.0,9.0,1
Corbin Bleu_S17,Corbin Bleu,17,3,26.0,8.666666666666666,3,8.0,9.0,2
Christina Milian_S17,Christina Milian,17,3,26.0,8.666666666666666,3,8.0,9.0,3
"Nicole ""Snooki"" Polizzi_S17","Nicole ""Snooki"" Polizzi",17,3,25.0,8.333333333333334,3,8.0,9.0,4
Elizabeth Berkley Lauren_S17,Elizabeth Berkley Lauren,17,3,25.0,8.333333333333334,3,8.0,9.0,5
Bill Engvall_S17,Bill Engvall,17,3,24.0,8.0,3,8.0,8.0,6
Amber Riley_S17,Amber Riley,17,3,24.0,8.0,3,8.0,8.0,7
Leah Remini_S17,Leah Remini,17,3,24.0,8.0,3,8.0,8.0,8
Jack Osbourne_S17,Jack Osbourne,17,3,22.0,7.333333333333333,3,7.0,8.0,9
Valerie Harper_S17,Valerie Harper,17,3,16.0,5.333333333333333,3,5.0,6.0,10
Bill Nye_S17,Bill Nye,17,3,16.0,5.333333333333333,3,5.0,6.0,11
Elizabeth Berkley Lauren_S17,Elizabeth Berkley Lauren,17,4,27.0,9.0,3,9.0,9.0,1
Corbin Bleu_S17,Corbin Bleu,17,4,27.0,9.0,3,9.0,9.0,2
Amber Riley_S17,Amber Riley,17,4,27.0,9.0,3,9.0,9.0,3
Jack Osbourne_S17,Jack Osbourne,17,4,24.0,8.0,3,8.0,8.0,4
"Nicole ""Snooki"" Polizzi_S17","Nicole ""Snooki"" Polizzi",17,4,24.0,8.0,3,8.0,8.0,5
Leah Remini_S17,Leah Remini,17,4,24.0,8.0,3,8.0,8.0,6
Christina Milian_S17,Christina Milian,17,4,24.0,8.0,3,8.0,8.0,7
Bill Engvall_S17,Bill Engvall,17,4,21.0,7.0,3,7.0,7.0,8
Brant Daugherty_S17,Brant Daugherty,17,4,21.0,7.0,3,7.0,7.0,9
Valerie Harper_S17,Valerie Harper,17,4,18.0,6.0,3,6.0,6.0,10
Corbin Bleu_S17,Corbin Bleu,17,5,28.0,9.333333333333334,3,9.0,10.0,1
Christina Milian_S17,Christina Milian,17,5,28.0,9.333333333333334,3,9.0,10.0,2
Brant Daugherty_S17,Brant Daugherty,17,5,27.0,9.0,3,9.0,9.0,3
"Nicole ""Snooki"" Polizzi_S17","Nicole ""Snooki"" Polizzi",17,5,27.0,9.0,3,9.0,9.0,4
Jack Osbourne_S17,Jack Osbourne,17,5,27.0,9.0,3,9.0,9.0,5
Elizabeth Berkley Lauren_S17,Elizabeth Berkley Lauren,17,5,26.0,8.666666666666666,3,8.0,9.0,6
Amber Riley_S17,Amber Riley,17,5,26.0,8.666666666666666,3,7.0,10.0,7
Bill Engvall_S17,Bill Engvall,17,5,24.0,8.0,3,8.0,8.0,8
Leah Remini_S17,Leah Remini,17,5,22.0,7.333333333333333,3,7.0,8.0,9
Amber Riley_S17,Amber Riley,17,6,31.999899999999997,10.666633333333332,3,9.3333,11.3333,1
Elizabeth Berkley Lauren_S17,Elizabeth Berkley Lauren,17,6,31.9998,10.6666,3,10.6666,10.6666,2
Brant Daugherty_S17,Brant Daugherty,17,6,31.0,10.333333333333334,3,10.0,11.0,3
"Nicole ""Snooki"" Polizzi_S17","Nicole ""Snooki"" Polizzi",17,6,30.0,10.0,3,10.0,10.0,4
Leah Remini_S17,Leah Remini,17,6,27.999899999999997,9.3333,3,9.3333,9.3333,5
Corbin Bleu_S17,Corbin Bleu,17,6,26.999899999999997,8.999966666666666,3,8.3333,9.3333,6
Jack Osbourne_S17,Jack Osbourne,17,6,26.9998,8.999933333333333,3,8.6666,9.6666,7
Bill Engvall_S17,Bill Engvall,17,6,23.9999,7.9999666666666664,3,7.3333,8.3333,8
Corbin Bleu_S17,Corbin Bleu,17,7,29.5,9.833333333333334,3,9.5,10.0,1
Amber Riley_S17,Amber Riley,17,7,29.5,9.833333333333334,3,9.5,10.0,2
Brant Daugherty_S17,Brant Daugherty,17,7,28.5,9.5,3,9.5,9.5,3
Jack Osbourne_S17,Jack Osbourne,17,7,28.5,9.5,3,9.0,10.0,4
Elizabeth Berkley Lauren_S17,Elizabeth Berkley Lauren,17,7,27.0,9.0,3,9.0,9.0,5
"Nicole ""Snooki"" Polizzi_S17","Nicole ""Snooki"" Polizzi",17,7,27.0,9.0,3,9.0,9.0,6
Leah Remini_S17,Leah Remini,17,7,26.5,8.833333333333334,3,8.5,9.0,7
Bill Engvall_S17,Bill Engvall,17,7,25.0,8.333333333333334,3,8.0,8.5,8
Corbin Bleu_S17,Corbin Bleu,17,8,30.0,10.0,3,10.0,10.0,1
Jack Osbourne_S17,Jack Osbourne,17,8,30.0,10.0,3,10.0,10.0,2
Leah Remini_S17,Leah Remini,17,8,28.0,9.333333333333334,3,9.0,10.0,3
Amber Riley_S17,Amber Riley,17,8,28.0,9.333333333333334,3,9.0,10.0,4
Brant Daugherty_S17,Brant Daugherty,17,8,27.0,9.0,3,9.0,9.0,5
Elizabeth Berkley Lauren_S17,Elizabeth Berkley Lauren,17,8,25.0,8.333333333333334,3,8.0,9.0,6
Bill Engvall_S17,Bill Engvall,17,8,24.0,8.0,3,8.0,8.0,7
Corbin Bleu_S17,Corbin Bleu,17,9,29.0,9.666666666666666,3,9.5,10.0,1
Elizabeth Berkley Lauren_S17,Elizabeth Berkley Lauren,17,9,28.0,9.333333333333334,3,9.0,9.5,2
Jack Osbourne_S17,Jack Osbourne,17,9,27.0,9.0,3,9.0,9.0,3
Leah Remini_S17,Leah Remini,17,9,27.0,9.0,3,9.0,9.0,4
Amber Riley_S17,Amber Riley,17,9,25.5,8.5,3,8.5,8.5,5
Bill Engvall_S17,Bill Engvall,17,9,21.0,7.0,3,7.0,7.0,6
Amber Riley_S17,Amber Riley,17,10,39.5,9.875,4,9.5,10.0,1
Corbin Bleu_S17,Corbin Bleu,17,10,37.5,9.375,4,9.0,9.5,2
Jack Osbourne_S17,Jack Osbourne,17,10,35.5,8.875,4,8.5,9.0,3
Leah Remini_S17,Leah Remini,17,10,32.5,8.125,4,8.0,8.5,4
Bill Engvall_S17,Bill Engvall,17,10,30.0,7.5,4,7.5,7.5,5
Amber Riley_S17,Amber Riley,17,11,31.333199999999998,10.4444,3,10.4444,10.4444,1
Corbin Bleu_S17,Corbin Bleu,17,11,29.6664,9.8888,3,9.8888,9.8888,2
Jack Osbourne_S17,Jack Osbourne,17,11,27.999899999999997,9.3333,3,9.3333,9.3333,3
Bill Engvall_S17,Bill Engvall,17,11,25.499899999999997,8.499966666666666,3,8.3333,8.8333,4
Charlie White_S18,Charlie White,18,1,27.0,9.0,3,9.0,9.0,1
Candace Cameron Bure_S18,Candace Cameron Bure,18,1,25.0,8.333333333333334,3,8.0,9.0,2
Meryl Davis_S18,Meryl Davis,18,1,24.0,8.0,3,8.0,8.0,3
Amy Purdy_S18,Amy Purdy,18,1,24.0,8.0,3,8.0,8.0,4
Danica McKellar_S18,Danica McKellar,18,1,24.0,8.0,3,8.0,8.0,5
Cody Simpson_S18,Cody Simpson,18,1,22.0,7.333333333333333,3,7.0,8.0,6
Drew Carey_S18,Drew Carey,18,1,21.0,7.0,3,7.0,7.0,7
James Maslow_S18,James Maslow,18,1,21.0,7.0,3,7.0,7.0,8
NeNe Leakes_S18,NeNe Leakes,18,1,21.0,7.0,3,7.0,7.0,9
Sean Avery_S18,Sean Avery,18,1,20.0,6.666666666666667,3,6.0,7.0,10
Diana Nyad_S18,Diana Nyad,18,1,18.0,6.0,3,6.0,6.0,11
Billy Dee Williams_S18,Billy Dee Williams,18,1,15.0,5.0,3,5.0,5.0,12
James Maslow_S18,James Maslow,18,2,25.0,8.333333333333334,3,8.0,9.0,1
Meryl Davis_S18,Meryl Davis,18,2,25.0,8.333333333333334,3,8.0,9.0,2
Charlie White_S18,Charlie White,18,2,25.0,8.333333333333334,3,7.0,9.0,3
Amy Purdy_S18,Amy Purdy,18,2,24.0,8.0,3,8.0,8.0,4
Danica McKellar_S18,Danica McKellar,18,2,24.0,8.0,3,8.0,8.0,5
Cody Simpson_S18,Cody Simpson,18,2,22.0,7.333333333333333,3,7.0,8.0,6
NeNe Leakes_S18,NeNe Leakes,18,2,21.0,7.0,3,7.0,7.0,7
Sean Avery_S18,Sean Avery,18,2,21.0,7.0,3,7.0,7.0,8
Drew Carey_S18,Drew Carey,18,2,21.0,7.0,3,7.0,7.0,9
Candace Cameron Bure_S18,Candace Cameron Bure,18,2,21.0,7.0,3,7.0,7.0,10
Billy Dee Williams_S18,Billy Dee Williams,18,2,15.0,5.0,3,5.0,5.0,11
Meryl Davis_S18,Meryl Davis,18,3,39.0,9.75,4,9.0,10.0,1
Charlie White_S18,Charlie White,18,3,36.0,9.0,4,9.0,9.0,2
Amy Purdy_S18,Amy Purdy,18,3,36.0,9.0,4,9.0,9.0,3
Danica McKellar_S18,Danica McKellar,18,3,36.0,9.0,4,9.0,9.0,4
James Maslow_S18,James Maslow,18,3,36.0,9.0,4,9.0,9.0,5
Cody Simpson_S18,Cody Simpson,18,3,35.0,8.75,4,8.0,9.0,6
Candace Cameron Bure_S18,Candace Cameron Bure,18,3,32.0,8.0,4,8.0,8.0,7
NeNe Leakes_S18,NeNe Leakes,18,3,31.0,7.75,4,7.0,8.0,8
Drew Carey_S18,Drew Carey,18,3,30.0,7.5,4,7.0,8.0,9
Meryl Davis_S18,Meryl Davis,18,4,39.0,9.75,4,9.0,10.0,1
James Maslow_S18,James Maslow,18,4,35.0,8.75,4,8.0,9.0,2
Amy Purdy_S18,Amy Purdy,18,4,34.0,8.5,4,8.0,9.0,3
Charlie White_S18,Charlie White,18,4,33.0,8.25,4,7.0,9.0,4
Drew Carey_S18,Drew Carey,18,4,33.0,8.25,4,8.0,9.0,5
Danica McKellar_S18,Danica McKellar,18,4,32.0,8.0,4,8.0,8.0,6
NeNe Leakes_S18,NeNe Leakes,18,4,32.0,8.0,4,8.0,8.0,7
Cody Simpson_S18,Cody Simpson,18,4,31.0,7.75,4,7.0,8.0,8
Candace Cameron Bure_S18,Candace Cameron Bure,18,4,28.0,7.0,4,7.0,7.0,9
James Maslow_S18,James Maslow,18,5,40.0,10.0,4,10.0,10.0,1
Danica McKellar_S18,Danica McKellar,18,5,39.0,9.75,4,9.0,10.0,2
Charlie White_S18,Charlie White,18,5,37.0,9.25,4,9.0,10.0,3
Amy Purdy_S18,Amy Purdy,18,5,37.0,9.25,4,9.0,10.0,4
Meryl Davis_S18,Meryl Davis,18,5,36.0,9.0,4,9.0,9.0,5
NeNe Leakes_S18,NeNe Leakes,18,5,36.0,9.0,4,9.0,9.0,6
Candace Cameron Bure_S18,Candace Cameron Bure,18,5,35.0,8.75,4,8.0,9.0,7
Cody Simpson_S18,Cody Simpson,18,5,34.0,8.5,4,8.0,9.0,8
Drew Carey_S18,Drew Carey,18,5,28.0,7.0,4,7.0,7.0,9
Meryl Davis_S18,Meryl Davis,18,6,40.0,10.0,4,10.0,10.0,1
Amy Purdy_S18,Amy Purdy,18,6,38.0,9.5,4,9.0,10.0,2
Charlie White_S18,Charlie White,18,6,36.0,9.0,4,9.0,9.0,3
Danica McKellar_S18,Danica McKellar,18,6,36.0,9.0,4,9.0,9.0,4
James Maslow_S18,James Maslow,18,6,35.0,8.75,4,8.0,9.0,5
NeNe Leakes_S18,NeNe Leakes,18,6,33.0,8.25,4,8.0,9.0,6
Candace Cameron Bure_S18,Candace Cameron Bure,18,6,32.0,8.0,4,8.0,8.0,7
Drew Carey_S18,Drew Carey,18,6,32.0,8.0,4,7.0,9.0,8
Meryl Davis_S18,Meryl Davis,18,7,39.0,9.75,4,9.0,10.0,1
Amy Purdy_S18,Amy Purdy,18,7,37.5,9.375,4,9.0,9.5,2
Candace Cameron Bure_S18,Candace Cameron Bure,18,7,37.0,9.25,4,9.0,9.5,3
Danica McKellar_S18,Danica McKellar,18,7,36.0,9.0,4,8.5,9.5,4
Charlie White_S18,Charlie White,18,7,35.5,8.875,4,8.0,10.0,5
James Maslow_S18,James Maslow,18,7,35.0,8.75,4,8.0,9.5,6
NeNe Leakes_S18,NeNe Leakes,18,7,33.0,8.25,4,7.5,9.0,7
Amy Purdy_S18,Amy Purdy,18,8,40.0,10.0,4,10.0,10.0,1
Charlie White_S18,Charlie White,18,8,40.0,10.0,4,10.0,10.0,2
Danica McKellar_S18,Danica McKellar,18,8,38.0,9.5,4,9.0,10.0,3
James Maslow_S18,James Maslow,18,8,36.0,9.0,4,8.0,10.0,4
Candace Cameron Bure_S18,Candace Cameron Bure,18,8,36.0,9.0,4,9.0,9.0,5
Meryl Davis_S18,Meryl Davis,18,8,36.0,9.0,4,8.0,10.0,6
Meryl Davis_S18,Meryl Davis,18,9,40.0,10.0,4,10.0,10.0,1
Amy Purdy_S18,Amy Purdy,18,9,39.0,9.75,4,9.5,10.0,2
Charlie White_S18,Charlie White,18,9,38.0,9.5,4,9.5,9.5,3
James Maslow_S18,James Maslow,18,9,38.0,9.5,4,9.5,9.5,4
Candace Cameron Bure_S18,Candace Cameron Bure,18,9,36.0,9.0,4,8.5,9.5,5
Meryl Davis_S18,Meryl Davis,18,10,30.0,10.0,3,10.0,10.0,1
Amy Purdy_S18,Amy Purdy,18,10,29.666600000000003,9.888866666666667,3,9.6666,10.0,2
James Maslow_S18,James Maslow,18,10,29.0,9.666666666666666,3,9.5,10.0,3
Candace Cameron Bure_S18,Candace Cameron Bure,18,10,25.9998,8.6666,3,8.6666,8.6666,4
Alfonso Ribeiro_S19,Alfonso Ribeiro,19,1,36.0,9.0,4,9.0,9.0,1
Sadie Robertson_S19,Sadie Robertson,19,1,34.0,8.5,4,8.0,9.0,2
Lea Thompson_S19,Lea Thompson,19,1,32.0,8.0,4,8.0,8.0,3
Bethany Mota_S19,Bethany Mota,19,1,32.0,8.0,4,8.0,8.0,4
Randy Couture_S19,Randy Couture,19,1,31.0,7.75,4,7.0,8.0,5
Jonathan Bennett_S19,Jonathan Bennett,19,1,30.0,7.5,4,7.0,8.0,6
Janel Parrish_S19,Janel Parrish,19,1,29.0,7.25,4,7.0,8.0,7
Tavis Smiley_S19,Tavis Smiley,19,1,29.0,7.25,4,7.0,8.0,8
Tommy Chong_S19,Tommy Chong,19,1,27.0,6.75,4,6.0,7.0,9
Antonio Sabato Jr._S19,Antonio Sabato Jr.,19,1,25.0,6.25,4,6.0,7.0,10
Michael Waltrip_S19,Michael Waltrip,19,1,25.0,6.25,4,6.0,7.0,11
Lolo Jones_S19,Lolo Jones,19,1,22.0,5.5,4,5.0,6.0,12
Betsey Johnson_S19,Betsey Johnson,19,1,20.0,5.0,4,5.0,5.0,13
Lea Thompson_S19,Lea Thompson,19,2,35.0,8.75,4,8.0,9.0,1
Janel Parrish_S19,Janel Parrish,19,2,34.0,8.5,4,8.0,9.0,2
Bethany Mota_S19,Bethany Mota,19,2,33.0,8.25,4,8.0,9.0,3
Alfonso Ribeiro_S19,Alfonso Ribeiro,19,2,32.0,8.0,4,8.0,8.0,4
Sadie Robertson_S19,Sadie Robertson,19,2,31.0,7.75,4,7.0,8.0,5
Antonio Sabato Jr._S19,Antonio Sabato Jr.,19,2,31.0,7.75,4,7.0,8.0,6
Jonathan Bennett_S19,Jonathan Bennett,19,2,30.0,7.5,4,7.0,8.0,7
Tommy Chong_S19,Tommy Chong,19,2,28.0,7.0,4,7.0,7.0,8
Randy Couture_S19,Randy Couture,19,2,28.0,7.0,4,7.0,7.0,9
Tavis Smiley_S19,Tavis Smiley,19,2,28.0,7.0,4,7.0,7.0,10
Betsey Johnson_S19,Betsey Johnson,19,2,28.0,7.0,4,7.0,7.0,11
Michael Waltrip_S19,Michael Waltrip,19,2,24.0,6.0,4,6.0,6.0,12
Janel Parrish_S19,Janel Parrish,19,3,40.0,10.0,4,10.0,10.0,1
Bethany Mota_S19,Bethany Mota,19,3,40.0,10.0,4,10.0,10.0,2
Tommy Chong_S19,Tommy Chong,19,3,34.0,8.5,4,8.0,10.0,3
Alfonso Ribeiro_S19,Alfonso Ribeiro,19,3,32.0,8.0,4,8.0,8.0,4
Sadie Robertson_S19,Sadie Robertson,19,3,32.0,8.0,4,8.0,8.0,5
Jonathan Bennett_S19,Jonathan Bennett,19,3,32.0,8.0,4,8.0,8.0,6
Lea Thompson_S19,Lea Thompson,19,3,31.0,7.75,4,7.0,8.0,7
Antonio Sabato Jr._S19,Antonio Sabato Jr.,19,3,29.0,7.25,4,7.0,8.0,8
Betsey Johnson_S19,Betsey Johnson,19,3,29.0,7.25,4,6.0,9.0,9
Michael Waltrip_S19,Michael Waltrip,19,3,28.0,7.0,4,7.0,7.0,10
Randy Couture_S19,Randy Couture,19,3,26.0,6.5,4,6.0,7.0,11
Alfonso Ribeiro_S19,Alfonso Ribeiro,19,4,40.0,10.0,4,10.0,10.0,1
Lea Thompson_S19,Lea Thompson,19,4,39.0,9.75,4,9.0,10.0,2
Sadie Robertson_S19,Sadie Robertson,19,4,37.0,9.25,4,9.0,10.0,3
Janel Parrish_S19,Janel Parrish,19,4,36.0,9.0,4,9.0,9.0,4
Bethany Mota_S19,Bethany Mota,19,4,33.0,8.25,4,8.0,9.0,5
Betsey Johnson_S19,Betsey Johnson,19,4,29.0,7.25,4,7.0,8.0,6
Antonio Sabato Jr._S19,Antonio Sabato Jr.,19,4,29.0,7.25,4,7.0,8.0,7
Tommy Chong_S19,Tommy Chong,19,4,28.0,7.0,4,7.0,7.0,8
Michael Waltrip_S19,Michael Waltrip,19,4,25.0,6.25,4,6.0,7.0,9
Jonathan Bennett_S19,Jonathan Bennett,19,4,24.0,6.0,4,6.0,6.0,10
Sadie Robertson_S19,Sadie Robertson,19,5,36.0,9.0,4,9.0,9.0,1
Alfonso Ribeiro_S19,Alfonso Ribeiro,19,5,34.0,8.5,4,8.0,9.0,2
Lea Thompson_S19,Lea Thompson,19,5,34.0,8.5,4,8.0,9.0,3
Janel Parrish_S19,Janel Parrish,19,5,33.0,8.25,4,8.0,9.0,4
Bethany Mota_S19,Bethany Mota,19,5,32.0,8.0,4,8.0,8.0,5
Antonio Sabato Jr._S19,Antonio Sabato Jr.,19,5,28.0,7.0,4,6.0,8.0,6
Jonathan Bennett_S19,Jonathan Bennett,19,5,24.0,6.0,4,6.0,6.0,7
Tommy Chong_S19,Tommy Chong,19,5,23.0,5.75,4,5.0,6.0,8
Michael Waltrip_S19,Michael Waltrip,19,5,20.0,5.0,4,5.0,5.0,9
Alfonso Ribeiro_S19,Alfonso Ribeiro,19,6,39.0,9.75,4,9.0,10.0,1
Bethany Mota_S19,Bethany Mota,19,6,36.0,9.0,4,9.0,9.0,2
Sadie Robertson_S19,Sadie Robertson,19,6,35.0,8.75,4,8.0,10.0,3
Janel Parrish_S19,Janel Parrish,19,6,33.0,8.25,4,7.0,9.0,4
Lea Thompson_S19,Lea Thompson,19,6,32.0,8.0,4,8.0,8.0,5
Jonathan Bennett_S19,Jonathan Bennett,19,6,32.0,8.0,4,8.0,8.0,6
Michael Waltrip_S19,Michael Waltrip,19,6,30.0,7.5,4,7.0,8.0,7
Antonio Sabato Jr._S19,Antonio Sabato Jr.,19,6,28.0,7.0,4,7.0,7.0,8
Tommy Chong_S19,Tommy Chong,19,6,28.0,7.0,4,7.0,7.0,9
Bethany Mota_S19,Bethany Mota,19,7,37.5,9.375,4,9.0,9.5,1
Lea Thompson_S19,Lea Thompson,19,7,35.0,8.75,4,8.5,9.0,2
Alfonso Ribeiro_S19,Alfonso Ribeiro,19,7,34.0,8.5,4,8.5,8.5,3
Janel Parrish_S19,Janel Parrish,19,7,33.5,8.375,4,8.0,8.5,4
Sadie Robertson_S19,Sadie Robertson,19,7,31.0,7.75,4,7.5,8.0,5
Tommy Chong_S19,Tommy Chong,19,7,30.0,7.5,4,7.5,7.5,6
Antonio Sabato Jr._S19,Antonio Sabato Jr.,19,7,29.5,7.375,4,7.0,7.5,7
Michael Waltrip_S19,Michael Waltrip,19,7,28.0,7.0,4,7.0,7.0,8
Janel Parrish_S19,Janel Parrish,19,8,43.0,10.75,4,10.75,10.75,1
Alfonso Ribeiro_S19,Alfonso Ribeiro,19,8,41.0,10.25,4,9.75,10.75,2
Bethany Mota_S19,Bethany Mota,19,8,40.0,10.0,4,9.75,10.75,3
Sadie Robertson_S19,Sadie Robertson,19,8,38.0,9.5,4,9.0,10.0,4
Lea Thompson_S19,Lea Thompson,19,8,32.0,8.0,4,8.0,8.0,5
Tommy Chong_S19,Tommy Chong,19,8,29.0,7.25,4,6.75,7.75,6
Michael Waltrip_S19,Michael Waltrip,19,8,25.0,6.25,4,6.0,7.0,7
Janel Parrish_S19,Janel Parrish,19,9,38.5,9.625,4,9.5,10.0,1
Alfonso Ribeiro_S19,Alfonso Ribeiro,19,9,38.5,9.625,4,9.5,10.0,2
Bethany Mota_S19,Bethany Mota,19,9,37.0,9.25,4,9.0,9.5,3
Sadie Robertson_S19,Sadie Robertson,19,9,36.5,9.125,4,9.0,9.5,4
Lea Thompson_S19,Lea Thompson,19,9,35.0,8.75,4,8.5,9.0,5
Tommy Chong_S19,Tommy Chong,19,9,28.5,7.125,4,7.0,7.5,6
Janel Parrish_S19,Janel Parrish,19,10,39.0,9.75,4,9.5,10.0,1
Bethany Mota_S19,Bethany Mota,19,10,38.0,9.5,4,9.5,9.5,2
Alfonso Ribeiro_S19,Alfonso Ribeiro,19,10,37.5,9.375,4,9.0,9.5,3
Sadie Robertson_S19,Sadie Robertson,19,10,37.0,9.25,4,9.0,9.5,4
Tommy Chong_S19,Tommy Chong,19,10,31.0,7.75,4,7.5,8.0,5
Alfonso Ribeiro_S19,Alfonso Ribeiro,19,11,40.0,10.0,4,10.0,10.0,1
Sadie Robertson_S19,Sadie Robertson,19,11,39.333200000000005,9.833300000000001,4,9.6666,10.0,2
Janel Parrish_S19,Janel Parrish,19,11,38.9998,9.74995,4,9.6666,10.0,3
Bethany Mota_S19,Bethany Mota,19,11,38.0,9.5,4,9.5,9.5,4
Rumer Willis_S20,Rumer Willis,20,1,32.0,8.0,4,8.0,8.0,1
Riker Lynch_S20,Riker Lynch,20,1,31.0,7.75,4,7.0,8.0,2
Nastia Liukin_S20,Nastia Liukin,20,1,30.0,7.5,4,7.0,8.0,3
Robert Herjavec_S20,Robert Herjavec,20,1,28.0,7.0,4,7.0,7.0,4
Chris Soules_S20,Chris Soules,20,1,26.0,6.5,4,6.0,7.0,5
Noah Galloway_S20,Noah Galloway,20,1,26.0,6.5,4,6.0,7.0,6
Michael Sam_S20,Michael Sam,20,1,26.0,6.5,4,6.0,7.0,7
Willow Shields_S20,Willow Shields,20,1,25.0,6.25,4,6.0,7.0,8
Suzanne Somers_S20,Suzanne Somers,20,1,25.0,6.25,4,6.0,7.0,9
Patti LaBelle_S20,Patti LaBelle,20,1,25.0,6.25,4,6.0,7.0,10
Redfoo_S20,Redfoo,20,1,22.0,5.5,4,5.0,6.0,11
Charlotte McKinney_S20,Charlotte McKinney,20,1,22.0,5.5,4,5.0,6.0,12
Nastia Liukin_S20,Nastia Liukin,20,2,34.0,8.5,4,8.0,9.0,1
Willow Shields_S20,Willow Shields,20,2,32.0,8.0,4,8.0,8.0,2
Rumer Willis_S20,Rumer Willis,20,2,32.0,8.0,4,8.0,8.0,3
Riker Lynch_S20,Riker Lynch,20,2,32.0,8.0,4,8.0,8.0,4
Redfoo_S20,Redfoo,20,2,31.0,7.75,4,7.0,8.0,5
Patti LaBelle_S20,Patti LaBelle,20,2,28.0,7.0,4,7.0,7.0,6
Michael Sam_S20,Michael Sam,20,2,28.0,7.0,4,7.0,7.0,7
Robert Herjavec_S20,Robert Herjavec,20,2,28.0,7.0,4,7.0,7.0,8
Suzanne Somers_S20,Suzanne Somers,20,2,28.0,7.0,4,7.0,7.0,9
Noah Galloway_S20,Noah Galloway,20,2,27.0,6.75,4,6.0,7.0,10
Charlotte McKinney_S20,Charlotte McKinney,20,2,26.0,6.5,4,6.0,7.0,11
Chris Soules_S20,Chris Soules,20,2,21.0,5.25,4,5.0,6.0,12
Nastia Liukin_S20,Nastia Liukin,20,3,34.0,8.5,4,8.0,9.0,1
Riker Lynch_S20,Riker Lynch,20,3,34.0,8.5,4,7.0,9.0,2
Rumer Willis_S20,Rumer Willis,20,3,33.0,8.25,4,8.0,9.0,3
Willow Shields_S20,Willow Shields,20,3,32.0,8.0,4,8.0,8.0,4
Noah Galloway_S20,Noah Galloway,20,3,30.0,7.5,4,7.0,8.0,5
Robert Herjavec_S20,Robert Herjavec,20,3,29.0,7.25,4,7.0,8.0,6
Chris Soules_S20,Chris Soules,20,3,28.0,7.0,4,7.0,7.0,7
Suzanne Somers_S20,Suzanne Somers,20,3,25.0,6.25,4,6.0,7.0,8
Michael Sam_S20,Michael Sam,20,3,24.0,6.0,4,6.0,6.0,9
Charlotte McKinney_S20,Charlotte McKinney,20,3,22.0,5.5,4,5.0,6.0,10
Patti LaBelle_S20,Patti LaBelle,20,3,22.0,5.5,4,5.0,6.0,11
Willow Shields_S20,Willow Shields,20,4,39.0,9.75,4,9.0,10.0,1
Nastia Liukin_S20,Nastia Liukin,20,4,36.0,9.0,4,8.0,10.0,2
Rumer Willis_S20,Rumer Willis,20,4,35.0,8.75,4,8.0,9.0,3
Robert Herjavec_S20,Robert Herjavec,20,4,34.0,8.5,4,8.0,9.0,4
Riker Lynch_S20,Riker Lynch,20,4,34.0,8.5,4,8.0,9.0,5
Noah Galloway_S20,Noah Galloway,20,4,32.0,8.0,4,8.0,8.0,6
Michael Sam_S20,Michael Sam,20,4,30.0,7.5,4,7.0,8.0,7
Patti LaBelle_S20,Patti LaBelle,20,4,30.0,7.5,4,7.0,8.0,8
Suzanne Somers_S20,Suzanne Somers,20,4,28.0,7.0,4,7.0,7.0,9
Chris Soules_S20,Chris Soules,20,4,27.0,6.75,4,6.0,7.0,10
Rumer Willis_S20,Rumer Willis,20,5,39.0,9.75,4,9.0,10.0,1
Nastia Liukin_S20,Nastia Liukin,20,5,38.0,9.5,4,9.0,10.0,2
Riker Lynch_S20,Riker Lynch,20,5,38.0,9.5,4,9.0,10.0,3
Willow Shields_S20,Willow Shields,20,5,34.0,8.5,4,8.0,9.0,4
Suzanne Somers_S20,Suzanne Somers,20,5,28.0,7.0,4,7.0,7.0,5
Noah Galloway_S20,Noah Galloway,20,5,28.0,7.0,4,7.0,7.0,6
Chris Soules_S20,Chris Soules,20,5,27.0,6.75,4,6.0,7.0,7
Patti LaBelle_S20,Patti LaBelle,20,5,27.0,6.75,4,6.0,7.0,8
Robert Herjavec_S20,Robert Herjavec,20,5,24.0,6.0,4,6.0,6.0,9
Riker Lynch_S20,Riker Lynch,20,6,38.0,9.5,4,8.5,10.0,1
Willow Shields_S20,Willow Shields,20,6,36.5,9.125,4,8.5,9.5,2
Nastia Liukin_S20,Nastia Liukin,20,6,36.5,9.125,4,8.5,9.5,3
Rumer Willis_S20,Rumer Willis,20,6,35.5,8.875,4,8.5,9.5,4
Chris Soules_S20,Chris Soules,20,6,35.0,8.75,4,8.0,9.0,5
Noah Galloway_S20,Noah Galloway,20,6,34.0,8.5,4,8.0,9.0,6
Patti LaBelle_S20,Patti LaBelle,20,6,34.0,8.5,4,8.0,9.0,7
Robert Herjavec_S20,Robert Herjavec,20,6,33.5,8.375,4,8.0,8.5,8
Nastia Liukin_S20,Nastia Liukin,20,7,41.0,10.25,4,9.75,10.75,1
Willow Shields_S20,Willow Shields,20,7,39.0,9.75,4,9.5,10.5,2
Noah Galloway_S20,Noah Galloway,20,7,38.0,9.5,4,8.5,10.5,3
Riker Lynch_S20,Riker Lynch,20,7,37.0,9.25,4,9.0,10.0,4
Rumer Willis_S20,Rumer Willis,20,7,37.0,9.25,4,8.5,9.5,5
Robert Herjavec_S20,Robert Herjavec,20,7,31.0,7.75,4,7.0,8.0,6
Chris Soules_S20,Chris Soules,20,7,31.0,7.75,4,7.0,8.0,7
Rumer Willis_S20,Rumer Willis,20,8,40.0,10.0,4,10.0,10.0,1
Riker Lynch_S20,Riker Lynch,20,8,39.0,9.75,4,9.0,10.0,2
Nastia Liukin_S20,Nastia Liukin,20,8,38.0,9.5,4,9.5,9.5,3
Chris Soules_S20,Chris Soules,20,8,32.0,8.0,4,7.5,8.5,4
Noah Galloway_S20,Noah Galloway,20,8,31.5,7.875,4,7.5,8.0,5
Robert Herjavec_S20,Robert Herjavec,20,8,31.0,7.75,4,7.5,8.5,6
Riker Lynch_S20,Riker Lynch,20,9,40.0,10.0,4,10.0,10.0,1
Nastia Liukin_S20,Nastia Liukin,20,9,40.0,10.0,4,10.0,10.0,2
Rumer Willis_S20,Rumer Willis,20,9,39.0,9.75,4,9.5,10.0,3
Noah Galloway_S20,Noah Galloway,20,9,38.0,9.5,4,9.5,9.5,4
Rumer Willis_S20,Rumer Willis,20,10,40.0,10.0,4,10.0,10.0,1
Riker Lynch_S20,Riker Lynch,20,10,40.0,10.0,4,10.0,10.0,2
Noah Galloway_S20,Noah Galloway,20,10,36.0,9.0,4,9.0,9.0,3
Bindi Irwin_S21,Bindi Irwin,21,1,24.0,8.0,3,8.0,8.0,1
Nick Carter_S21,Nick Carter,21,1,24.0,8.0,3,8.0,8.0,2
Tamar Braxton_S21,Tamar Braxton,21,1,23.0,7.666666666666667,3,7.0,8.0,3
Carlos PenaVega_S21,Carlos PenaVega,21,1,23.0,7.666666666666667,3,7.0,8.0,4
Alek Skarlatos_S21,Alek Skarlatos,21,1,22.0,7.333333333333333,3,7.0,8.0,5
Alexa PenaVega_S21,Alexa PenaVega,21,1,22.0,7.333333333333333,3,7.0,8.0,6
Andy Grammer_S21,Andy Grammer,21,1,21.0,7.0,3,7.0,7.0,7
Hayes Grier_S21,Hayes Grier,21,1,21.0,7.0,3,7.0,7.0,8
Gary Busey_S21,Gary Busey,21,1,15.0,5.0,3,5.0,5.0,9
Paula Deen_S21,Paula Deen,21,1,15.0,5.0,3,5.0,5.0,10
Victor Espinoza_S21,Victor Espinoza,21,1,15.0,5.0,3,5.0,5.0,11
Chaka Khan_S21,Chaka Khan,21,1,13.0,4.333333333333333,3,4.0,5.0,12
Kim Zolciak-Biermann_S21,Kim Zolciak-Biermann,21,1,12.0,4.0,3,4.0,4.0,13
Tamar Braxton_S21,Tamar Braxton,21,2,24.5,8.166666666666666,3,8.0,8.5,1
Bindi Irwin_S21,Bindi Irwin,21,2,24.0,8.0,3,8.0,8.0,2
Alexa PenaVega_S21,Alexa PenaVega,21,2,23.0,7.666666666666667,3,7.5,8.0,3
Hayes Grier_S21,Hayes Grier,21,2,22.5,7.5,3,7.0,8.0,4
Alek Skarlatos_S21,Alek Skarlatos,21,2,22.5,7.5,3,7.0,8.0,5
Carlos PenaVega_S21,Carlos PenaVega,21,2,22.5,7.5,3,7.5,7.5,6
Nick Carter_S21,Nick Carter,21,2,22.5,7.5,3,7.5,7.5,7
Andy Grammer_S21,Andy Grammer,21,2,22.0,7.333333333333333,3,7.0,7.5,8
Paula Deen_S21,Paula Deen,21,2,18.5,6.166666666666667,3,6.0,6.5,9
Victor Espinoza_S21,Victor Espinoza,21,2,18.5,6.166666666666667,3,5.5,6.5,10
Kim Zolciak-Biermann_S21,Kim Zolciak-Biermann,21,2,18.5,6.166666666666667,3,6.0,6.5,11
Gary Busey_S21,Gary Busey,21,2,16.5,5.5,3,5.5,5.5,12
Chaka Khan_S21,Chaka Khan,21,2,15.0,5.0,3,5.0,5.0,13
Nick Carter_S21,Nick Carter,21,3,36.0,9.0,4,9.0,9.0,1
Alexa PenaVega_S21,Alexa PenaVega,21,3,36.0,9.0,4,9.0,9.0,2
Tamar Braxton_S21,Tamar Braxton,21,3,33.0,8.25,4,8.0,9.0,3
Alek Skarlatos_S21,Alek Skarlatos,21,3,33.0,8.25,4,8.0,9.0,4
Bindi Irwin_S21,Bindi Irwin,21,3,32.0,8.0,4,8.0,8.0,5
Carlos PenaVega_S21,Carlos PenaVega,21,3,31.0,7.75,4,7.0,8.0,6
Hayes Grier_S21,Hayes Grier,21,3,30.0,7.5,4,7.0,8.0,7
Andy Grammer_S21,Andy Grammer,21,3,29.0,7.25,4,7.0,8.0,8
Gary Busey_S21,Gary Busey,21,3,25.0,6.25,4,6.0,7.0,9
Paula Deen_S21,Paula Deen,21,3,20.0,5.0,4,5.0,5.0,10
Bindi Irwin_S21,Bindi Irwin,21,4,28.0,9.333333333333334,3,9.0,10.0,1
Hayes Grier_S21,Hayes Grier,21,4,27.0,9.0,3,9.0,9.0,2
Tamar Braxton_S21,Tamar Braxton,21,4,27.0,9.0,3,9.0,9.0,3
Nick Carter_S21,Nick Carter,21,4,27.0,9.0,3,9.0,9.0,4
Carlos PenaVega_S21,Carlos PenaVega,21,4,25.0,8.333333333333334,3,8.0,9.0,5
Alek Skarlatos_S21,Alek Skarlatos,21,4,24.0,8.0,3,8.0,8.0,6
Andy Grammer_S21,Andy Grammer,21,4,23.0,7.666666666666667,3,7.0,8.0,7
Alexa PenaVega_S21,Alexa PenaVega,21,4,21.0,7.0,3,7.0,7.0,8
Paula Deen_S21,Paula Deen,21,4,18.0,6.0,3,6.0,6.0,9
Gary Busey_S21,Gary Busey,21,4,16.0,5.333333333333333,3,5.0,6.0,10
Alexa PenaVega_S21,Alexa PenaVega,21,5,40.0,10.0,4,10.0,10.0,1
Carlos PenaVega_S21,Carlos PenaVega,21,5,39.0,9.75,4,9.0,10.0,2
Bindi Irwin_S21,Bindi Irwin,21,5,37.0,9.25,4,9.0,10.0,3
Andy Grammer_S21,Andy Grammer,21,5,36.0,9.0,4,9.0,9.0,4
Nick Carter_S21,Nick Carter,21,5,35.0,8.75,4,8.0,9.0,5
Hayes Grier_S21,Hayes Grier,21,5,30.0,7.5,4,7.0,8.0,6
Tamar Braxton_S21,Tamar Braxton,21,5,29.0,7.25,4,7.0,8.0,7
Alek Skarlatos_S21,Alek Skarlatos,21,5,29.0,7.25,4,7.0,8.0,8
Paula Deen_S21,Paula Deen,21,5,26.0,6.5,4,6.0,7.0,9
Bindi Irwin_S21,Bindi Irwin,21,6,40.0,10.0,4,10.0,10.0,1
Andy Grammer_S21,Andy Grammer,21,6,40.0,10.0,4,10.0,10.0,2
Tamar Braxton_S21,Tamar Braxton,21,6,40.0,10.0,4,10.0,10.0,3
Nick Carter_S21,Nick Carter,21,6,39.0,9.75,4,9.0,10.0,4
Carlos PenaVega_S21,Carlos PenaVega,21,6,38.0,9.5,4,9.0,10.0,5
Hayes Grier_S21,Hayes Grier,21,6,32.0,8.0,4,8.0,8.0,6
Alek Skarlatos_S21,Alek Skarlatos,21,6,30.0,7.5,4,7.0,8.0,7
Alexa PenaVega_S21,Alexa PenaVega,21,6,30.0,7.5,4,7.0,8.0,8
Paula Deen_S21,Paula Deen,21,6,24.0,6.0,4,6.0,6.0,9
Bindi Irwin_S21,Bindi Irwin,21,7,29.0,9.666666666666666,3,9.5,10.0,1
Andy Grammer_S21,Andy Grammer,21,7,28.0,9.333333333333334,3,9.0,9.5,2
Carlos PenaVega_S21,Carlos PenaVega,21,7,28.0,9.333333333333334,3,9.0,10.0,3
Hayes Grier_S21,Hayes Grier,21,7,28.0,9.333333333333334,3,9.0,9.5,4
Alexa PenaVega_S21,Alexa PenaVega,21,7,27.5,9.166666666666666,3,9.0,9.5,5
Tamar Braxton_S21,Tamar Braxton,21,7,27.0,9.0,3,9.0,9.0,6
Nick Carter_S21,Nick Carter,21,7,27.0,9.0,3,9.0,9.0,7
Alek Skarlatos_S21,Alek Skarlatos,21,7,26.5,8.833333333333334,3,8.5,9.0,8
Nick Carter_S21,Nick Carter,21,8,33.0,11.0,3,11.0,11.0,1
Carlos PenaVega_S21,Carlos PenaVega,21,8,28.9998,9.6666,3,9.6666,9.6666,2
Tamar Braxton_S21,Tamar Braxton,21,8,28.0,9.333333333333334,3,9.0,10.0,3
Bindi Irwin_S21,Bindi Irwin,21,8,28.0,9.333333333333334,3,9.0,10.0,4
Alexa PenaVega_S21,Alexa PenaVega,21,8,26.9998,8.999933333333333,3,8.6666,9.6666,5
Alek Skarlatos_S21,Alek Skarlatos,21,8,25.0,8.333333333333334,3,8.0,9.0,6
Andy Grammer_S21,Andy Grammer,21,8,23.9998,7.999933333333334,3,7.6666,8.6666,7
Bindi Irwin_S21,Bindi Irwin,21,9,30.0,10.0,3,10.0,10.0,1
Alexa PenaVega_S21,Alexa PenaVega,21,9,30.0,10.0,3,10.0,10.0,2
Nick Carter_S21,Nick Carter,21,9,27.5,9.166666666666666,3,9.0,9.5,3
Carlos PenaVega_S21,Carlos PenaVega,21,9,27.0,9.0,3,9.0,9.0,4
Alek Skarlatos_S21,Alek Skarlatos,21,9,25.5,8.5,3,8.5,8.5,5
Tamar Braxton_S21,Tamar Braxton,21,9,24.5,8.166666666666666,3,8.0,8.5,6
Carlos PenaVega_S21,Carlos PenaVega,21,10,31.5,10.5,3,10.0,11.0,1
Bindi Irwin_S21,Bindi Irwin,21,10,31.5,10.5,3,10.5,10.5,2
Alek Skarlatos_S21,Alek Skarlatos,21,10,28.5,9.5,3,9.5,9.5,3
Nick Carter_S21,Nick Carter,21,10,27.0,9.0,3,9.0,9.0,4
Carlos PenaVega_S21,Carlos PenaVega,21,11,30.0,10.0,3,10.0,10.0,1
Bindi Irwin_S21,Bindi Irwin,21,11,30.0,10.0,3,10.0,10.0,2
Nick Carter_S21,Nick Carter,21,11,30.0,10.0,3,10.0,10.0,3
Alek Skarlatos_S21,Alek Skarlatos,21,11,27.999899999999997,9.3333,3,9.3333,9.3333,4
Nyle DiMarco_S22,Nyle DiMarco,22,1,23.0,7.666666666666667,3,7.0,8.0,1
Wanya Morris_S22,Wanya Morris,22,1,23.0,7.666666666666667,3,7.0,8.0,2
Ginger Zee_S22,Ginger Zee,22,1,23.0,7.666666666666667,3,7.0,8.0,3
Antonio Brown_S22,Antonio Brown,22,1,21.0,7.0,3,6.0,8.0,4
Paige VanZant_S22,Paige VanZant,22,1,21.0,7.0,3,7.0,7.0,5
Von Miller_S22,Von Miller,22,1,21.0,7.0,3,6.0,8.0,6
Marla Maples_S22,Marla Maples,22,1,21.0,7.0,3,7.0,7.0,7
Jodie Sweetin_S22,Jodie Sweetin,22,1,20.0,6.666666666666667,3,6.0,7.0,8
Kim Fields_S22,Kim Fields,22,1,20.0,6.666666666666667,3,6.0,7.0,9
Mischa Barton_S22,Mischa Barton,22,1,16.0,5.333333333333333,3,5.0,6.0,10
Doug Flutie_S22,Doug Flutie,22,1,15.0,5.0,3,5.0,5.0,11
Geraldo Rivera_S22,Geraldo Rivera,22,1,13.0,4.333333333333333,3,4.0,5.0,12
Paige VanZant_S22,Paige VanZant,22,2,24.0,8.0,3,8.0,8.0,1
Wanya Morris_S22,Wanya Morris,22,2,24.0,8.0,3,8.0,8.0,2
Ginger Zee_S22,Ginger Zee,22,2,21.0,7.0,3,7.0,7.0,3
Jodie Sweetin_S22,Jodie Sweetin,22,2,21.0,7.0,3,7.0,7.0,4
Von Miller_S22,Von Miller,22,2,20.0,6.666666666666667,3,6.0,7.0,5
Doug Flutie_S22,Doug Flutie,22,2,20.0,6.666666666666667,3,6.0,7.0,6
Marla Maples_S22,Marla Maples,22,2,20.0,6.666666666666667,3,6.0,7.0,7
Nyle DiMarco_S22,Nyle DiMarco,22,2,20.0,6.666666666666667,3,6.0,7.0,8
Antonio Brown_S22,Antonio Brown,22,2,19.0,6.333333333333333,3,6.0,7.0,9
Kim Fields_S22,Kim Fields,22,2,19.0,6.333333333333333,3,6.0,7.0,10
Mischa Barton_S22,Mischa Barton,22,2,15.0,5.0,3,5.0,5.0,11
Geraldo Rivera_S22,Geraldo Rivera,22,2,13.0,4.333333333333333,3,4.0,5.0,12
Nyle DiMarco_S22,Nyle DiMarco,22,3,25.0,8.333333333333334,3,8.0,9.0,1
Wanya Morris_S22,Wanya Morris,22,3,24.0,8.0,3,8.0,8.0,2
Paige VanZant_S22,Paige VanZant,22,3,23.0,7.666666666666667,3,7.0,8.0,3
Jodie Sweetin_S22,Jodie Sweetin,22,3,23.0,7.666666666666667,3,7.0,8.0,4
Kim Fields_S22,Kim Fields,22,3,22.0,7.333333333333333,3,7.0,8.0,5
Ginger Zee_S22,Ginger Zee,22,3,21.0,7.0,3,7.0,7.0,6
Marla Maples_S22,Marla Maples,22,3,21.0,7.0,3,7.0,7.0,7
Antonio Brown_S22,Antonio Brown,22,3,20.0,6.666666666666667,3,6.0,7.0,8
Von Miller_S22,Von Miller,22,3,20.0,6.666666666666667,3,6.0,7.0,9
Doug Flutie_S22,Doug Flutie,22,3,20.0,6.666666666666667,3,6.0,7.0,10
Mischa Barton_S22,Mischa Barton,22,3,18.0,6.0,3,6.0,6.0,11
Paige VanZant_S22,Paige VanZant,22,4,36.0,9.0,4,9.0,9.0,1
Ginger Zee_S22,Ginger Zee,22,4,36.0,9.0,4,9.0,9.0,2
Wanya Morris_S22,Wanya Morris,22,4,35.0,8.75,4,8.0,9.0,3
Antonio Brown_S22,Antonio Brown,22,4,35.0,8.75,4,8.0,9.0,4
Nyle DiMarco_S22,Nyle DiMarco,22,4,34.0,8.5,4,8.0,9.0,5
Kim Fields_S22,Kim Fields,22,4,32.0,8.0,4,8.0,8.0,6
Von Miller_S22,Von Miller,22,4,32.0,8.0,4,8.0,8.0,7
Marla Maples_S22,Marla Maples,22,4,28.0,7.0,4,7.0,7.0,8
Jodie Sweetin_S22,Jodie Sweetin,22,4,27.0,6.75,4,6.0,7.0,9
Doug Flutie_S22,Doug Flutie,22,4,24.0,6.0,4,6.0,6.0,10
Nyle DiMarco_S22,Nyle DiMarco,22,5,37.0,9.25,4,9.0,10.0,1
Jodie Sweetin_S22,Jodie Sweetin,22,5,35.0,8.75,4,8.0,9.0,2
Ginger Zee_S22,Ginger Zee,22,5,32.0,8.0,4,8.0,8.0,3
Paige VanZant_S22,Paige VanZant,22,5,31.0,7.75,4,7.0,8.0,4
Wanya Morris_S22,Wanya Morris,22,5,30.0,7.5,4,7.0,8.0,5
Von Miller_S22,Von Miller,22,5,29.0,7.25,4,7.0,8.0,6
Kim Fields_S22,Kim Fields,22,5,28.0,7.0,4,6.0,8.0,7
Doug Flutie_S22,Doug Flutie,22,5,28.0,7.0,4,7.0,7.0,8
Antonio Brown_S22,Antonio Brown,22,5,26.0,6.5,4,6.0,7.0,9
Wanya Morris_S22,Wanya Morris,22,6,29.0,9.666666666666666,3,9.0,10.0,1
Paige VanZant_S22,Paige VanZant,22,6,28.0,9.333333333333334,3,9.0,10.0,2
Antonio Brown_S22,Antonio Brown,22,6,27.0,9.0,3,9.0,9.0,3
Nyle DiMarco_S22,Nyle DiMarco,22,6,25.0,8.333333333333334,3,8.0,9.0,4
Jodie Sweetin_S22,Jodie Sweetin,22,6,25.0,8.333333333333334,3,8.0,9.0,5
Von Miller_S22,Von Miller,22,6,24.0,8.0,3,8.0,8.0,6
Kim Fields_S22,Kim Fields,22,6,24.0,8.0,3,8.0,8.0,7
Ginger Zee_S22,Ginger Zee,22,6,24.0,8.0,3,8.0,8.0,8
Doug Flutie_S22,Doug Flutie,22,6,21.0,7.0,3,7.0,7.0,9
Nyle DiMarco_S22,Nyle DiMarco,22,7,28.0,9.333333333333334,3,9.0,9.5,1
Ginger Zee_S22,Ginger Zee,22,7,27.5,9.166666666666666,3,9.0,9.5,2
Paige VanZant_S22,Paige VanZant,22,7,27.5,9.166666666666666,3,9.0,9.5,3
Wanya Morris_S22,Wanya Morris,22,7,27.5,9.166666666666666,3,9.0,9.5,4
Antonio Brown_S22,Antonio Brown,22,7,26.0,8.666666666666666,3,8.5,9.0,5
Kim Fields_S22,Kim Fields,22,7,26.0,8.666666666666666,3,8.5,9.0,6
Von Miller_S22,Von Miller,22,7,26.0,8.666666666666666,3,8.5,9.0,7
Jodie Sweetin_S22,Jodie Sweetin,22,7,25.5,8.5,3,8.0,9.0,8
Jodie Sweetin_S22,Jodie Sweetin,22,8,30.0,10.0,3,10.0,10.0,1
Ginger Zee_S22,Ginger Zee,22,8,30.0,10.0,3,10.0,10.0,2
Nyle DiMarco_S22,Nyle DiMarco,22,8,29.0,9.666666666666666,3,9.0,10.0,3
Paige VanZant_S22,Paige VanZant,22,8,28.0,9.333333333333334,3,9.0,10.0,4
Antonio Brown_S22,Antonio Brown,22,8,27.0,9.0,3,9.0,9.0,5
Wanya Morris_S22,Wanya Morris,22,8,25.0,8.333333333333334,3,8.0,9.0,6
Wanya Morris_S22,Wanya Morris,22,9,30.0,10.0,3,10.0,10.0,1
Paige VanZant_S22,Paige VanZant,22,9,29.5,9.833333333333334,3,9.5,10.0,2
Nyle DiMarco_S22,Nyle DiMarco,22,9,28.5,9.5,3,9.5,9.5,3
Ginger Zee_S22,Ginger Zee,22,9,28.0,9.333333333333334,3,9.0,9.5,4
Antonio Brown_S22,Antonio Brown,22,9,27.5,9.166666666666666,3,9.0,9.5,5
Paige VanZant_S22,Paige VanZant,22,10,29.666600000000003,9.888866666666667,3,9.6666,10.0,1
Nyle DiMarco_S22,Nyle DiMarco,22,10,28.9998,9.6666,3,9.6666,9.6666,2
Ginger Zee_S22,Ginger Zee,22,10,28.333199999999998,9.4444,3,9.3333,9.6666,3
James Hinchcliffe_S23,James Hinchcliffe,23,1,31.0,7.75,4,7.0,8.0,1
Laurie Hernandez_S23,Laurie Hernandez,23,1,31.0,7.75,4,7.0,8.0,2
Marilu Henner_S23,Marilu Henner,23,1,27.0,6.75,4,6.0,7.0,3
Jana Kramer_S23,Jana Kramer,23,1,27.0,6.75,4,6.0,8.0,4
Calvin Johnson Jr._S23,Calvin Johnson Jr.,23,1,26.0,6.5,4,6.0,7.0,5
Babyface_S23,Babyface,23,1,26.0,6.5,4,6.0,7.0,6
Vanilla Ice_S23,Vanilla Ice,23,1,25.0,6.25,4,5.0,7.0,7
Terra Jole_S23,Terra Jole,23,1,25.0,6.25,4,6.0,7.0,8
Amber Rose_S23,Amber Rose,23,1,24.0,6.0,4,6.0,6.0,9
Ryan Lochte_S23,Ryan Lochte,23,1,24.0,6.0,4,6.0,6.0,10
Jake T. Austin_S23,Jake T. Austin,23,1,22.0,5.5,4,5.0,6.0,11
Maureen McCormick_S23,Maureen McCormick,23,1,22.0,5.5,4,5.0,6.0,12
Rick Perry_S23,Rick Perry,23,1,20.0,5.0,4,5.0,5.0,13
Laurie Hernandez_S23,Laurie Hernandez,23,2,32.0,8.0,4,8.0,8.0,1
Terra Jole_S23,Terra Jole,23,2,31.0,7.75,4,7.0,8.0,2
Babyface_S23,Babyface,23,2,30.0,7.5,4,7.0,8.0,3
James Hinchcliffe_S23,James Hinchcliffe,23,2,29.0,7.25,4,7.0,8.0,4
Jana Kramer_S23,Jana Kramer,23,2,29.0,7.25,4,7.0,8.0,5
Calvin Johnson Jr._S23,Calvin Johnson Jr.,23,2,28.0,7.0,4,7.0,7.0,6
Marilu Henner_S23,Marilu Henner,23,2,27.0,6.75,4,6.0,7.0,7
Vanilla Ice_S23,Vanilla Ice,23,2,26.0,6.5,4,6.0,7.0,8
Maureen McCormick_S23,Maureen McCormick,23,2,26.0,6.5,4,6.0,7.0,9
Jake T. Austin_S23,Jake T. Austin,23,2,24.0,6.0,4,6.0,6.0,10
Amber Rose_S23,Amber Rose,23,2,24.0,6.0,4,6.0,6.0,11
Ryan Lochte_S23,Ryan Lochte,23,2,24.0,6.0,4,6.0,6.0,12
Rick Perry_S23,Rick Perry,23,2,22.0,5.5,4,5.0,6.0,13
Calvin Johnson Jr._S23,Calvin Johnson Jr.,23,3,32.0,8.0,4,8.0,8.0,1
Laurie Hernandez_S23,Laurie Hernandez,23,3,31.0,7.75,4,7.0,8.0,2
Terra Jole_S23,Terra Jole,23,3,30.0,7.5,4,7.0,8.0,3
James Hinchcliffe_S23,James Hinchcliffe,23,3,29.0,7.25,4,7.0,8.0,4
Maureen McCormick_S23,Maureen McCormick,23,3,28.0,7.0,4,7.0,7.0,5
Marilu Henner_S23,Marilu Henner,23,3,28.0,7.0,4,7.0,7.0,6
Jana Kramer_S23,Jana Kramer,23,3,26.0,6.5,4,6.0,7.0,7
Amber Rose_S23,Amber Rose,23,3,25.0,6.25,4,6.0,7.0,8
Ryan Lochte_S23,Ryan Lochte,23,3,25.0,6.25,4,6.0,7.0,9
Babyface_S23,Babyface,23,3,25.0,6.25,4,6.0,7.0,10
Vanilla Ice_S23,Vanilla Ice,23,3,23.0,5.75,4,5.0,6.0,11
Rick Perry_S23,Rick Perry,23,3,23.0,5.75,4,5.0,6.0,12
Laurie Hernandez_S23,Laurie Hernandez,23,4,30.0,10.0,3,10.0,10.0,1
James Hinchcliffe_S23,James Hinchcliffe,23,4,28.0,9.333333333333334,3,9.0,10.0,2
Terra Jole_S23,Terra Jole,23,4,25.0,8.333333333333334,3,8.0,9.0,3
Amber Rose_S23,Amber Rose,23,4,24.0,8.0,3,8.0,8.0,4
Maureen McCormick_S23,Maureen McCormick,23,4,24.0,8.0,3,8.0,8.0,5
Vanilla Ice_S23,Vanilla Ice,23,4,23.0,7.666666666666667,3,7.0,8.0,6
Calvin Johnson Jr._S23,Calvin Johnson Jr.,23,4,23.0,7.666666666666667,3,7.0,8.0,7
Jana Kramer_S23,Jana Kramer,23,4,23.0,7.666666666666667,3,7.0,8.0,8
Ryan Lochte_S23,Ryan Lochte,23,4,22.0,7.333333333333333,3,7.0,8.0,9
Marilu Henner_S23,Marilu Henner,23,4,21.0,7.0,3,7.0,7.0,10
Babyface_S23,Babyface,23,4,18.0,6.0,3,6.0,6.0,11
James Hinchcliffe_S23,James Hinchcliffe,23,5,29.0,9.666666666666666,3,9.0,10.0,1
Marilu Henner_S23,Marilu Henner,23,5,27.0,9.0,3,9.0,9.0,2
Terra Jole_S23,Terra Jole,23,5,27.0,9.0,3,9.0,9.0,3
Jana Kramer_S23,Jana Kramer,23,5,26.0,8.666666666666666,3,8.0,9.0,4
Laurie Hernandez_S23,Laurie Hernandez,23,5,25.0,8.333333333333334,3,8.0,9.0,5
Calvin Johnson Jr._S23,Calvin Johnson Jr.,23,5,24.0,8.0,3,8.0,8.0,6
Ryan Lochte_S23,Ryan Lochte,23,5,24.0,8.0,3,8.0,8.0,7
Maureen McCormick_S23,Maureen McCormick,23,5,24.0,8.0,3,8.0,8.0,8
Amber Rose_S23,Amber Rose,23,5,24.0,8.0,3,8.0,8.0,9
Jana Kramer_S23,Jana Kramer,23,6,40.0,10.0,4,10.0,10.0,1
James Hinchcliffe_S23,James Hinchcliffe,23,6,38.0,9.5,4,9.0,10.0,2
Laurie Hernandez_S23,Laurie Hernandez,23,6,37.0,9.25,4,9.0,10.0,3
Calvin Johnson Jr._S23,Calvin Johnson Jr.,23,6,37.0,9.25,4,9.0,10.0,4
Marilu Henner_S23,Marilu Henner,23,6,34.0,8.5,4,8.0,9.0,5
Maureen McCormick_S23,Maureen McCormick,23,6,31.0,7.75,4,7.0,8.0,6
Terra Jole_S23,Terra Jole,23,6,30.0,7.5,4,7.0,8.0,7
Ryan Lochte_S23,Ryan Lochte,23,6,30.0,7.5,4,7.0,8.0,8
Amber Rose_S23,Amber Rose,23,6,28.0,7.0,4,7.0,7.0,9
James Hinchcliffe_S23,James Hinchcliffe,23,7,37.0,9.25,4,9.0,9.5,1
Calvin Johnson Jr._S23,Calvin Johnson Jr.,23,7,37.0,9.25,4,9.0,9.5,2
Terra Jole_S23,Terra Jole,23,7,34.5,8.625,4,8.5,9.0,3
Jana Kramer_S23,Jana Kramer,23,7,34.5,8.625,4,8.0,9.0,4
Laurie Hernandez_S23,Laurie Hernandez,23,7,34.5,8.625,4,8.0,9.0,5
Maureen McCormick_S23,Maureen McCormick,23,7,33.0,8.25,4,8.0,8.5,6
Ryan Lochte_S23,Ryan Lochte,23,7,33.0,8.25,4,8.0,8.5,7
Marilu Henner_S23,Marilu Henner,23,7,32.0,8.0,4,7.5,8.5,8
James Hinchcliffe_S23,James Hinchcliffe,23,8,34.9998,11.6666,3,11.6666,11.6666,1
Laurie Hernandez_S23,Laurie Hernandez,23,8,33.0,11.0,3,11.0,11.0,2
Jana Kramer_S23,Jana Kramer,23,8,30.0,10.0,3,10.0,10.0,3
Calvin Johnson Jr._S23,Calvin Johnson Jr.,23,8,30.0,10.0,3,10.0,10.0,4
Ryan Lochte_S23,Ryan Lochte,23,8,26.0,8.666666666666666,3,8.0,9.0,5
Terra Jole_S23,Terra Jole,23,8,24.0,8.0,3,8.0,8.0,6
Marilu Henner_S23,Marilu Henner,23,8,23.0,7.666666666666667,3,7.0,8.0,7
Jana Kramer_S23,Jana Kramer,23,9,40.0,10.0,4,10.0,10.0,1
Laurie Hernandez_S23,Laurie Hernandez,23,9,40.0,10.0,4,10.0,10.0,2
Terra Jole_S23,Terra Jole,23,9,38.0,9.5,4,9.0,10.0,3
Calvin Johnson Jr._S23,Calvin Johnson Jr.,23,9,37.0,9.25,4,9.0,10.0,4
Marilu Henner_S23,Marilu Henner,23,9,36.0,9.0,4,9.0,9.0,5
James Hinchcliffe_S23,James Hinchcliffe,23,9,36.0,9.0,4,9.0,9.0,6
Terra Jole_S23,Terra Jole,23,10,30.0,10.0,3,10.0,10.0,1
Laurie Hernandez_S23,Laurie Hernandez,23,10,30.0,10.0,3,10.0,10.0,2
James Hinchcliffe_S23,James Hinchcliffe,23,10,29.5,9.833333333333334,3,9.5,10.0,3
Jana Kramer_S23,Jana Kramer,23,10,29.0,9.666666666666666,3,9.5,10.0,4
Calvin Johnson Jr._S23,Calvin Johnson Jr.,23,10,28.0,9.333333333333334,3,9.0,9.5,5
Laurie Hernandez_S23,Laurie Hernandez,23,11,39.333200000000005,9.833300000000001,4,9.6666,10.0,1
James Hinchcliffe_S23,James Hinchcliffe,23,11,38.9998,9.74995,4,9.6666,10.0,2
Calvin Johnson Jr._S23,Calvin Johnson Jr.,23,11,38.3331,9.583275,4,9.3333,9.6666,3
Jana Kramer_S23,Jana Kramer,23,11,35.5,8.875,4,8.5,9.0,4
Simone Biles_S24,Simone Biles,24,1,32.0,8.0,4,8.0,8.0,1
Rashad Jennings_S24,Rashad Jennings,24,1,31.0,7.75,4,7.0,8.0,2
Heather Morris_S24,Heather Morris,24,1,28.0,7.0,4,7.0,7.0,3
David Ross_S24,David Ross,24,1,28.0,7.0,4,7.0,7.0,4
Nancy Kerrigan_S24,Nancy Kerrigan,24,1,28.0,7.0,4,7.0,7.0,5
Normani_S24,Normani,24,1,27.0,6.75,4,6.0,7.0,6
Nick Viall_S24,Nick Viall,24,1,24.0,6.0,4,6.0,6.0,7
Erika Jayne_S24,Erika Jayne,24,1,24.0,6.0,4,6.0,6.0,8
Bonner Bolton_S24,Bonner Bolton,24,1,22.0,5.5,4,5.0,6.0,9
Charo_S24,Charo,24,1,21.0,5.25,4,5.0,6.0,10
Mr. T_S24,Mr. T,24,1,20.0,5.0,4,5.0,5.0,11
Chris Kattan_S24,Chris Kattan,24,1,17.0,4.25,4,4.0,5.0,12
Normani_S24,Normani,24,2,32.0,8.0,4,8.0,8.0,1
Rashad Jennings_S24,Rashad Jennings,24,2,32.0,8.0,4,8.0,8.0,2
Heather Morris_S24,Heather Morris,24,2,30.0,7.5,4,6.0,8.0,3
Simone Biles_S24,Simone Biles,24,2,29.0,7.25,4,7.0,8.0,4
Erika Jayne_S24,Erika Jayne,24,2,28.0,7.0,4,7.0,7.0,5
Nancy Kerrigan_S24,Nancy Kerrigan,24,2,28.0,7.0,4,7.0,7.0,6
Bonner Bolton_S24,Bonner Bolton,24,2,28.0,7.0,4,5.0,8.0,7
David Ross_S24,David Ross,24,2,27.0,6.75,4,6.0,7.0,8
Nick Viall_S24,Nick Viall,24,2,25.0,6.25,4,5.0,7.0,9
Charo_S24,Charo,24,2,25.0,6.25,4,6.0,7.0,10
Chris Kattan_S24,Chris Kattan,24,2,22.0,5.5,4,5.0,6.0,11
Mr. T_S24,Mr. T,24,2,22.0,5.5,4,5.0,6.0,12
Normani_S24,Normani,24,3,34.0,8.5,4,8.0,9.0,1
Nancy Kerrigan_S24,Nancy Kerrigan,24,3,33.0,8.25,4,8.0,9.0,2
Heather Morris_S24,Heather Morris,24,3,33.0,8.25,4,8.0,9.0,3
Simone Biles_S24,Simone Biles,24,3,32.0,8.0,4,7.0,9.0,4
David Ross_S24,David Ross,24,3,31.0,7.75,4,7.0,8.0,5
Rashad Jennings_S24,Rashad Jennings,24,3,28.0,7.0,4,7.0,7.0,6
Erika Jayne_S24,Erika Jayne,24,3,26.0,6.5,4,6.0,7.0,7
Nick Viall_S24,Nick Viall,24,3,26.0,6.5,4,6.0,7.0,8
Bonner Bolton_S24,Bonner Bolton,24,3,24.0,6.0,4,6.0,6.0,9
Charo_S24,Charo,24,3,24.0,6.0,4,6.0,6.0,10
Mr. T_S24,Mr. T,24,3,24.0,6.0,4,6.0,6.0,11
Rashad Jennings_S24,Rashad Jennings,24,4,39.0,9.75,4,9.0,10.0,1
Simone Biles_S24,Simone Biles,24,4,36.0,9.0,4,9.0,9.0,2
Heather Morris_S24,Heather Morris,24,4,35.0,8.75,4,8.0,9.0,3
Nancy Kerrigan_S24,Nancy Kerrigan,24,4,33.0,8.25,4,8.0,9.0,4
Normani_S24,Normani,24,4,32.0,8.0,4,7.0,9.0,5
Bonner Bolton_S24,Bonner Bolton,24,4,32.0,8.0,4,8.0,8.0,6
David Ross_S24,David Ross,24,4,31.0,7.75,4,7.0,8.0,7
Nick Viall_S24,Nick Viall,24,4,30.0,7.5,4,7.0,8.0,8
Erika Jayne_S24,Erika Jayne,24,4,30.0,7.5,4,7.0,8.0,9
Mr. T_S24,Mr. T,24,4,28.0,7.0,4,7.0,7.0,10
Normani_S24,Normani,24,5,39.0,9.75,4,9.0,10.0,1
Simone Biles_S24,Simone Biles,24,5,38.0,9.5,4,9.0,10.0,2
Nancy Kerrigan_S24,Nancy Kerrigan,24,5,36.0,9.0,4,9.0,9.0,3
Heather Morris_S24,Heather Morris,24,5,34.0,8.5,4,8.0,9.0,4
Nick Viall_S24,Nick Viall,24,5,34.0,8.5,4,8.0,9.0,5
Erika Jayne_S24,Erika Jayne,24,5,32.0,8.0,4,8.0,8.0,6
Rashad Jennings_S24,Rashad Jennings,24,5,32.0,8.0,4,7.0,9.0,7
Bonner Bolton_S24,Bonner Bolton,24,5,30.0,7.5,4,7.0,8.0,8
David Ross_S24,David Ross,24,5,29.0,7.25,4,7.0,8.0,9
Heather Morris_S24,Heather Morris,24,6,37.0,9.25,4,9.0,9.5,1
Normani_S24,Normani,24,6,36.0,9.0,4,8.0,9.5,2
Rashad Jennings_S24,Rashad Jennings,24,6,35.0,8.75,4,8.5,9.5,3
Simone Biles_S24,Simone Biles,24,6,34.5,8.625,4,8.5,9.0,4
Nancy Kerrigan_S24,Nancy Kerrigan,24,6,33.5,8.375,4,8.0,8.5,5
Bonner Bolton_S24,Bonner Bolton,24,6,31.5,7.875,4,7.5,8.5,6
David Ross_S24,David Ross,24,6,31.0,7.75,4,7.5,8.5,7
Nick Viall_S24,Nick Viall,24,6,30.5,7.625,4,7.5,8.0,8
Normani_S24,Normani,24,7,42.0,10.5,4,10.5,10.5,1
Rashad Jennings_S24,Rashad Jennings,24,7,39.0,9.75,4,9.5,10.5,2
Simone Biles_S24,Simone Biles,24,7,39.0,9.75,4,9.5,10.5,3
Nancy Kerrigan_S24,Nancy Kerrigan,24,7,36.0,9.0,4,9.0,9.0,4
Nick Viall_S24,Nick Viall,24,7,34.0,8.5,4,8.0,9.0,5
David Ross_S24,David Ross,24,7,32.0,8.0,4,8.0,8.0,6
Bonner Bolton_S24,Bonner Bolton,24,7,31.0,7.75,4,7.5,8.5,7
Normani_S24,Normani,24,8,39.5,9.875,4,9.5,10.0,1
Rashad Jennings_S24,Rashad Jennings,24,8,37.5,9.375,4,9.0,9.5,2
Simone Biles_S24,Simone Biles,24,8,36.0,9.0,4,9.0,9.0,3
David Ross_S24,David Ross,24,8,32.5,8.125,4,8.0,8.5,4
Bonner Bolton_S24,Bonner Bolton,24,8,29.0,7.25,4,7.0,7.5,5
Simone Biles_S24,Simone Biles,24,9,40.0,10.0,4,10.0,10.0,1
Rashad Jennings_S24,Rashad Jennings,24,9,38.5,9.625,4,9.0,10.0,2
Normani_S24,Normani,24,9,38.0,9.5,4,9.5,9.5,3
David Ross_S24,David Ross,24,9,35.0,8.75,4,8.5,9.0,4
Rashad Jennings_S24,Rashad Jennings,24,10,39.6666,9.91665,4,9.6666,10.0,1
Normani_S24,Normani,24,10,39.333200000000005,9.833300000000001,4,9.6666,10.0,2
David Ross_S24,David Ross,24,10,36.3333,9.083325,4,9.0,9.3333,3
Jordan Fisher_S25,Jordan Fisher,25,1,22.0,7.333333333333333,3,7.0,8.0,1
Lindsey Stirling_S25,Lindsey Stirling,25,1,22.0,7.333333333333333,3,7.0,8.0,2
Vanessa Lachey_S25,Vanessa Lachey,25,1,21.0,7.0,3,7.0,7.0,3
Nikki Bella_S25,Nikki Bella,25,1,20.0,6.666666666666667,3,6.0,7.0,4
Victoria Arlen_S25,Victoria Arlen,25,1,19.0,6.333333333333333,3,6.0,7.0,5
Frankie Muniz_S25,Frankie Muniz,25,1,19.0,6.333333333333333,3,6.0,7.0,6
Sasha Pieterse_S25,Sasha Pieterse,25,1,18.0,6.0,3,6.0,6.0,7
Derek Fisher_S25,Derek Fisher,25,1,18.0,6.0,3,6.0,6.0,8
Nick Lachey_S25,Nick Lachey,25,1,18.0,6.0,3,6.0,6.0,9
Debbie Gibson_S25,Debbie Gibson,25,1,17.0,5.666666666666667,3,5.0,6.0,10
Drew Scott_S25,Drew Scott,25,1,16.0,5.333333333333333,3,5.0,6.0,11
Terrell Owens_S25,Terrell Owens,25,1,15.0,5.0,3,5.0,5.0,12
Barbara Corcoran_S25,Barbara Corcoran,25,1,14.0,4.666666666666667,3,4.0,5.0,13
Jordan Fisher_S25,Jordan Fisher,25,2,24.0,8.0,3,8.0,8.0,1
Frankie Muniz_S25,Frankie Muniz,25,2,24.0,8.0,3,7.5,8.5,2
Vanessa Lachey_S25,Vanessa Lachey,25,2,23.5,7.833333333333333,3,7.5,8.0,3
Lindsey Stirling_S25,Lindsey Stirling,25,2,22.5,7.5,3,7.5,7.5,4
Sasha Pieterse_S25,Sasha Pieterse,25,2,22.5,7.5,3,7.0,8.0,5
Victoria Arlen_S25,Victoria Arlen,25,2,22.0,7.333333333333333,3,7.0,7.5,6
Drew Scott_S25,Drew Scott,25,2,20.5,6.833333333333333,3,6.5,7.0,7
Debbie Gibson_S25,Debbie Gibson,25,2,20.5,6.833333333333333,3,6.5,7.0,8
Nikki Bella_S25,Nikki Bella,25,2,19.5,6.5,3,6.5,6.5,9
Terrell Owens_S25,Terrell Owens,25,2,19.5,6.5,3,6.0,7.0,10
Nick Lachey_S25,Nick Lachey,25,2,19.0,6.333333333333333,3,6.0,7.0,11
Derek Fisher_S25,Derek Fisher,25,2,19.0,6.333333333333333,3,6.0,6.5,12
Barbara Corcoran_S25,Barbara Corcoran,25,2,17.0,5.666666666666667,3,5.0,6.0,13
Lindsey Stirling_S25,Lindsey Stirling,25,3,27.0,9.0,3,9.0,9.0,1
Jordan Fisher_S25,Jordan Fisher,25,3,25.0,8.333333333333334,3,7.0,9.0,2
Drew Scott_S25,Drew Scott,25,3,23.0,7.666666666666667,3,7.0,8.0,3
Vanessa Lachey_S25,Vanessa Lachey,25,3,23.0,7.666666666666667,3,7.0,8.0,4
Victoria Arlen_S25,Victoria Arlen,25,3,22.0,7.333333333333333,3,7.0,8.0,5
Derek Fisher_S25,Derek Fisher,25,3,21.0,7.0,3,7.0,7.0,6
Frankie Muniz_S25,Frankie Muniz,25,3,21.0,7.0,3,7.0,7.0,7
Nikki Bella_S25,Nikki Bella,25,3,21.0,7.0,3,7.0,7.0,8
Nick Lachey_S25,Nick Lachey,25,3,21.0,7.0,3,7.0,7.0,9
Terrell Owens_S25,Terrell Owens,25,3,21.0,7.0,3,7.0,7.0,10
Sasha Pieterse_S25,Sasha Pieterse,25,3,19.0,6.333333333333333,3,6.0,7.0,11
Jordan Fisher_S25,Jordan Fisher,25,4,29.0,9.666666666666666,3,9.0,10.0,1
Victoria Arlen_S25,Victoria Arlen,25,4,27.0,9.0,3,9.0,9.0,2
Lindsey Stirling_S25,Lindsey Stirling,25,4,26.0,8.666666666666666,3,8.0,9.0,3
Sasha Pieterse_S25,Sasha Pieterse,25,4,24.0,8.0,3,8.0,8.0,4
Vanessa Lachey_S25,Vanessa Lachey,25,4,24.0,8.0,3,8.0,8.0,5
Frankie Muniz_S25,Frankie Muniz,25,4,24.0,8.0,3,8.0,8.0,6
Nikki Bella_S25,Nikki Bella,25,4,24.0,8.0,3,8.0,8.0,7
Drew Scott_S25,Drew Scott,25,4,24.0,8.0,3,8.0,8.0,8
Terrell Owens_S25,Terrell Owens,25,4,24.0,8.0,3,8.0,8.0,9
Derek Fisher_S25,Derek Fisher,25,4,23.0,7.666666666666667,3,7.0,8.0,10
Nick Lachey_S25,Nick Lachey,25,4,22.0,7.333333333333333,3,7.0,8.0,11
Jordan Fisher_S25,Jordan Fisher,25,5,30.0,10.0,3,10.0,10.0,1
Frankie Muniz_S25,Frankie Muniz,25,5,29.0,9.666666666666666,3,9.0,10.0,2
Lindsey Stirling_S25,Lindsey Stirling,25,5,28.0,9.333333333333334,3,9.0,10.0,3
Victoria Arlen_S25,Victoria Arlen,25,5,27.0,9.0,3,9.0,9.0,4
Nikki Bella_S25,Nikki Bella,25,5,27.0,9.0,3,9.0,9.0,5
Terrell Owens_S25,Terrell Owens,25,5,25.0,8.333333333333334,3,8.0,9.0,6
Drew Scott_S25,Drew Scott,25,5,25.0,8.333333333333334,3,8.0,9.0,7
Sasha Pieterse_S25,Sasha Pieterse,25,5,24.0,8.0,3,8.0,8.0,8
Vanessa Lachey_S25,Vanessa Lachey,25,5,24.0,8.0,3,8.0,8.0,9
Nick Lachey_S25,Nick Lachey,25,5,22.0,7.333333333333333,3,7.0,8.0,10
Lindsey Stirling_S25,Lindsey Stirling,25,6,40.0,10.0,4,10.0,10.0,1
Jordan Fisher_S25,Jordan Fisher,25,6,39.0,9.75,4,9.0,10.0,2
Terrell Owens_S25,Terrell Owens,25,6,37.0,9.25,4,9.0,10.0,3
Vanessa Lachey_S25,Vanessa Lachey,25,6,36.0,9.0,4,9.0,9.0,4
Nikki Bella_S25,Nikki Bella,25,6,36.0,9.0,4,9.0,9.0,5
Victoria Arlen_S25,Victoria Arlen,25,6,31.0,7.75,4,7.0,8.0,6
Frankie Muniz_S25,Frankie Muniz,25,6,31.0,7.75,4,7.0,8.0,7
Drew Scott_S25,Drew Scott,25,6,30.0,7.5,4,7.0,9.0,8
Nick Lachey_S25,Nick Lachey,25,6,26.0,6.5,4,6.0,7.0,9
Frankie Muniz_S25,Frankie Muniz,25,7,30.0,10.0,3,10.0,10.0,1
Victoria Arlen_S25,Victoria Arlen,25,7,28.5,9.5,3,9.5,9.5,2
Drew Scott_S25,Drew Scott,25,7,28.5,9.5,3,9.5,9.5,3
Jordan Fisher_S25,Jordan Fisher,25,7,27.0,9.0,3,9.0,9.0,4
Vanessa Lachey_S25,Vanessa Lachey,25,7,27.0,9.0,3,9.0,9.0,5
Lindsey Stirling_S25,Lindsey Stirling,25,7,25.5,8.5,3,8.5,8.5,6
Terrell Owens_S25,Terrell Owens,25,7,24.5,8.166666666666666,3,8.0,8.5,7
Nikki Bella_S25,Nikki Bella,25,7,24.0,8.0,3,8.0,8.0,8
Jordan Fisher_S25,Jordan Fisher,25,8,30.0,10.0,3,10.0,10.0,1
Lindsey Stirling_S25,Lindsey Stirling,25,8,27.0,9.0,3,8.5,9.5,2
Frankie Muniz_S25,Frankie Muniz,25,8,26.5,8.833333333333334,3,8.5,9.0,3
Terrell Owens_S25,Terrell Owens,25,8,25.5,8.5,3,8.5,8.5,4
Victoria Arlen_S25,Victoria Arlen,25,8,24.0,8.0,3,8.0,8.0,5
Drew Scott_S25,Drew Scott,25,8,23.5,7.833333333333333,3,7.5,8.0,6
Jordan Fisher_S25,Jordan Fisher,25,9,29.0,9.666666666666666,3,9.5,10.0,1
Lindsey Stirling_S25,Lindsey Stirling,25,9,28.5,9.5,3,9.0,10.0,2
Victoria Arlen_S25,Victoria Arlen,25,9,28.0,9.333333333333334,3,9.0,9.5,3
Frankie Muniz_S25,Frankie Muniz,25,9,25.5,8.5,3,8.0,9.0,4
Drew Scott_S25,Drew Scott,25,9,24.0,8.0,3,8.0,8.0,5
Jordan Fisher_S25,Jordan Fisher,25,10,40.0,10.0,4,10.0,10.0,1
Lindsey Stirling_S25,Lindsey Stirling,25,10,40.0,10.0,4,10.0,10.0,2
Frankie Muniz_S25,Frankie Muniz,25,10,38.8887,9.722175,4,9.3333,10.0,3
Drew Scott_S25,Drew Scott,25,10,37.5,9.375,4,9.0,9.5,4
Josh Norman_S26,Josh Norman,26,1,24.0,8.0,3,8.0,8.0,1
Adam Rippon_S26,Adam Rippon,26,1,24.0,8.0,3,8.0,8.0,2
Tonya Harding_S26,Tonya Harding,26,1,23.0,7.666666666666667,3,7.0,8.0,3
Mirai Nagasu_S26,Mirai Nagasu,26,1,23.0,7.666666666666667,3,7.0,8.0,4
Chris Mazdzer_S26,Chris Mazdzer,26,1,21.0,7.0,3,7.0,7.0,5
Jennie Finch Daigle_S26,Jennie Finch Daigle,26,1,21.0,7.0,3,7.0,7.0,6
Arike Ogunbowale_S26,Arike Ogunbowale,26,1,20.0,6.666666666666667,3,6.0,7.0,7
Jamie Anderson_S26,Jamie Anderson,26,1,19.0,6.333333333333333,3,6.0,7.0,8
Johnny Damon_S26,Johnny Damon,26,1,18.0,6.0,3,6.0,6.0,9
Kareem Abdul-Jabbar_S26,Kareem Abdul-Jabbar,26,1,17.0,5.666666666666667,3,5.0,6.0,10
Mirai Nagasu_S26,Mirai Nagasu,26,2,37.0,9.25,4,9.0,10.0,1
Adam Rippon_S26,Adam Rippon,26,2,37.0,9.25,4,9.0,9.5,2
Arike Ogunbowale_S26,Arike Ogunbowale,26,2,35.0,8.75,4,8.5,9.5,3
Tonya Harding_S26,Tonya Harding,26,2,33.0,8.25,4,8.0,9.0,4
Chris Mazdzer_S26,Chris Mazdzer,26,2,33.0,8.25,4,8.0,8.5,5
Jennie Finch Daigle_S26,Jennie Finch Daigle,26,2,31.5,7.875,4,7.5,8.5,6
Josh Norman_S26,Josh Norman,26,2,31.5,7.875,4,7.5,8.0,7
Kareem Abdul-Jabbar_S26,Kareem Abdul-Jabbar,26,2,29.5,7.375,4,7.0,8.0,8
Adam Rippon_S26,Adam Rippon,26,3,41.0,10.25,4,9.5,10.5,1
Josh Norman_S26,Josh Norman,26,3,38.0,9.5,4,9.5,9.5,2
Mirai Nagasu_S26,Mirai Nagasu,26,3,35.0,8.75,4,8.0,9.0,3
Tonya Harding_S26,Tonya Harding,26,3,35.0,8.75,4,8.5,9.5,4
Chris Mazdzer_S26,Chris Mazdzer,26,3,33.0,8.25,4,7.0,9.0,5
Jennie Finch Daigle_S26,Jennie Finch Daigle,26,3,29.0,7.25,4,7.0,8.0,6
Adam Rippon_S26,Adam Rippon,26,4,29.0,9.666666666666666,3,9.5,10.0,1
Josh Norman_S26,Josh Norman,26,4,28.5,9.5,3,9.5,9.5,2
Tonya Harding_S26,Tonya Harding,26,4,28.0,9.333333333333334,3,9.0,9.5,3
Tinashe_S27,Tinashe,27,1,23.0,7.666666666666667,3,7.0,8.0,1
DeMarcus Ware_S27,DeMarcus Ware,27,1,23.0,7.666666666666667,3,7.0,8.0,2
Juan Pablo Di Pace_S27,Juan Pablo Di Pace,27,1,22.0,7.333333333333333,3,7.0,8.0,3
Alexis Ren_S27,Alexis Ren,27,1,22.0,7.333333333333333,3,7.0,7.5,4
Bobby Bones_S27,Bobby Bones,27,1,20.0,6.666666666666667,3,6.0,7.0,5
Milo Manheim_S27,Milo Manheim,27,1,20.0,6.666666666666667,3,6.0,7.0,6
Mary Lou Retton_S27,Mary Lou Retton,27,1,20.0,6.666666666666667,3,6.5,7.0,7
Nancy McKeon_S27,Nancy McKeon,27,1,19.5,6.5,3,6.5,6.5,8
Evanna Lynch_S27,Evanna Lynch,27,1,18.0,6.0,3,5.0,7.0,9
Danelle Umstead_S27,Danelle Umstead,27,1,18.0,6.0,3,6.0,6.0,10
John Schneider_S27,John Schneider,27,1,18.0,6.0,3,5.0,7.0,11
Nikki Glaser_S27,Nikki Glaser,27,1,17.5,5.833333333333333,3,5.5,6.0,12
Joe Amabile_S27,Joe Amabile,27,1,14.0,4.666666666666667,3,4.0,5.0,13
Tinashe_S27,Tinashe,27,2,26.0,8.666666666666666,3,8.0,9.0,1
Juan Pablo Di Pace_S27,Juan Pablo Di Pace,27,2,26.0,8.666666666666666,3,8.0,9.0,2
Milo Manheim_S27,Milo Manheim,27,2,26.0,8.666666666666666,3,8.0,9.0,3
Alexis Ren_S27,Alexis Ren,27,2,24.5,8.166666666666666,3,8.0,8.5,4
Evanna Lynch_S27,Evanna Lynch,27,2,24.0,8.0,3,8.0,8.0,5
DeMarcus Ware_S27,DeMarcus Ware,27,2,23.5,7.833333333333333,3,7.5,8.0,6
Mary Lou Retton_S27,Mary Lou Retton,27,2,23.0,7.666666666666667,3,7.5,8.0,7
John Schneider_S27,John Schneider,27,2,21.5,7.166666666666667,3,6.5,7.5,8
Nancy McKeon_S27,Nancy McKeon,27,2,20.5,6.833333333333333,3,6.5,7.0,9
Bobby Bones_S27,Bobby Bones,27,2,19.5,6.5,3,6.0,7.0,10
Danelle Umstead_S27,Danelle Umstead,27,2,18.5,6.166666666666667,3,6.0,6.5,11
Joe Amabile_S27,Joe Amabile,27,2,17.5,5.833333333333333,3,5.5,6.0,12
Juan Pablo Di Pace_S27,Juan Pablo Di Pace,27,3,30.0,10.0,3,10.0,10.0,1
Evanna Lynch_S27,Evanna Lynch,27,3,27.0,9.0,3,9.0,9.0,2
Milo Manheim_S27,Milo Manheim,27,3,27.0,9.0,3,9.0,9.0,3
Tinashe_S27,Tinashe,27,3,27.0,9.0,3,9.0,9.0,4
DeMarcus Ware_S27,DeMarcus Ware,27,3,26.0,8.666666666666666,3,8.0,9.0,5
Alexis Ren_S27,Alexis Ren,27,3,26.0,8.666666666666666,3,8.0,9.0,6
Mary Lou Retton_S27,Mary Lou Retton,27,3,24.0,8.0,3,8.0,8.0,7
Bobby Bones_S27,Bobby Bones,27,3,23.0,7.666666666666667,3,7.0,8.0,8
Nancy McKeon_S27,Nancy McKeon,27,3,22.0,7.333333333333333,3,7.0,8.0,9
John Schneider_S27,John Schneider,27,3,21.0,7.0,3,7.0,7.0,10
Joe Amabile_S27,Joe Amabile,27,3,18.0,6.0,3,6.0,6.0,11
Milo Manheim_S27,Milo Manheim,27,4,29.0,9.666666666666666,3,9.0,10.0,1
Tinashe_S27,Tinashe,27,4,26.0,8.666666666666666,3,8.0,9.0,2
Mary Lou Retton_S27,Mary Lou Retton,27,4,26.0,8.666666666666666,3,8.0,9.0,3
Alexis Ren_S27,Alexis Ren,27,4,25.0,8.333333333333334,3,8.0,9.0,4
Evanna Lynch_S27,Evanna Lynch,27,4,24.0,8.0,3,8.0,8.0,5
Juan Pablo Di Pace_S27,Juan Pablo Di Pace,27,4,24.0,8.0,3,8.0,8.0,6
DeMarcus Ware_S27,DeMarcus Ware,27,4,22.0,7.333333333333333,3,7.0,8.0,7
John Schneider_S27,John Schneider,27,4,21.0,7.0,3,7.0,7.0,8
Bobby Bones_S27,Bobby Bones,27,4,20.0,6.666666666666667,3,6.0,7.0,9
Joe Amabile_S27,Joe Amabile,27,4,15.0,5.0,3,5.0,5.0,10
Alexis Ren_S27,Alexis Ren,27,5,29.0,9.666666666666666,3,9.0,10.0,1
Juan Pablo Di Pace_S27,Juan Pablo Di Pace,27,5,29.0,9.666666666666666,3,9.0,10.0,2
Milo Manheim_S27,Milo Manheim,27,5,27.0,9.0,3,8.0,10.0,3
DeMarcus Ware_S27,DeMarcus Ware,27,5,26.0,8.666666666666666,3,8.0,9.0,4
Mary Lou Retton_S27,Mary Lou Retton,27,5,25.0,8.333333333333334,3,8.0,9.0,5
Evanna Lynch_S27,Evanna Lynch,27,5,24.0,8.0,3,8.0,8.0,6
John Schneider_S27,John Schneider,27,5,24.0,8.0,3,8.0,8.0,7
Bobby Bones_S27,Bobby Bones,27,5,21.0,7.0,3,7.0,7.0,8
Joe Amabile_S27,Joe Amabile,27,5,17.0,5.666666666666667,3,5.0,6.0,9
Juan Pablo Di Pace_S27,Juan Pablo Di Pace,27,6,30.0,10.0,3,10.0,10.0,1
Milo Manheim_S27,Milo Manheim,27,6,30.0,10.0,3,10.0,10.0,2
Evanna Lynch_S27,Evanna Lynch,27,6,29.0,9.666666666666666,3,9.0,10.0,3
Alexis Ren_S27,Alexis Ren,27,6,27.0,9.0,3,9.0,9.0,4
DeMarcus Ware_S27,DeMarcus Ware,27,6,26.0,8.666666666666666,3,8.0,9.0,5
Mary Lou Retton_S27,Mary Lou Retton,27,6,24.0,8.0,3,8.0,8.0,6
Bobby Bones_S27,Bobby Bones,27,6,22.0,7.333333333333333,3,7.0,8.0,7
Joe Amabile_S27,Joe Amabile,27,6,22.0,7.333333333333333,3,7.0,8.0,8
John Schneider_S27,John Schneider,27,6,19.0,6.333333333333333,3,6.0,7.0,9
Evanna Lynch_S27,Evanna Lynch,27,7,29.5,9.833333333333334,3,9.5,10.0,1
Milo Manheim_S27,Milo Manheim,27,7,29.0,9.666666666666666,3,9.0,10.0,2
Juan Pablo Di Pace_S27,Juan Pablo Di Pace,27,7,28.0,9.333333333333334,3,9.0,9.5,3
Alexis Ren_S27,Alexis Ren,27,7,27.5,9.166666666666666,3,9.0,9.5,4
John Schneider_S27,John Schneider,27,7,27.0,9.0,3,9.0,9.0,5
DeMarcus Ware_S27,DeMarcus Ware,27,7,26.5,8.833333333333334,3,8.5,9.0,6
Bobby Bones_S27,Bobby Bones,27,7,26.5,8.833333333333334,3,8.5,9.0,7
Joe Amabile_S27,Joe Amabile,27,7,23.5,7.833333333333333,3,7.5,8.0,8
Juan Pablo Di Pace_S27,Juan Pablo Di Pace,27,8,30.0,10.0,3,10.0,10.0,1
Alexis Ren_S27,Alexis Ren,27,8,29.0,9.666666666666666,3,9.5,10.0,2
Evanna Lynch_S27,Evanna Lynch,27,8,29.0,9.666666666666666,3,9.5,10.0,3
Milo Manheim_S27,Milo Manheim,27,8,27.5,9.166666666666666,3,9.0,9.5,4
Joe Amabile_S27,Joe Amabile,27,8,23.0,7.666666666666667,3,7.5,8.0,5
Bobby Bones_S27,Bobby Bones,27,8,22.5,7.5,3,7.5,7.5,6
Evanna Lynch_S27,Evanna Lynch,27,9,30.0,10.0,3,10.0,10.0,1
Milo Manheim_S27,Milo Manheim,27,9,30.0,10.0,3,10.0,10.0,2
Alexis Ren_S27,Alexis Ren,27,9,28.5,9.5,3,9.5,9.5,3
Bobby Bones_S27,Bobby Bones,27,9,27.0,9.0,3,9.0,9.0,4
James Van Der Beek_S28,James Van Der Beek,28,1,21.0,7.0,3,7.0,7.0,1
Hannah Brown_S28,Hannah Brown,28,1,20.0,6.666666666666667,3,6.0,7.0,2
Lauren Alaina_S28,Lauren Alaina,28,1,19.0,6.333333333333333,3,6.0,7.0,3
Sailor Brinkley-Cook_S28,Sailor Brinkley-Cook,28,1,18.0,6.0,3,6.0,6.0,4
Karamo Brown_S28,Karamo Brown,28,1,17.0,5.666666666666667,3,5.0,6.0,5
Mary Wilson_S28,Mary Wilson,28,1,17.0,5.666666666666667,3,5.0,6.0,6
Kel Mitchell_S28,Kel Mitchell,28,1,16.0,5.333333333333333,3,5.0,6.0,7
Ally Brooke_S28,Ally Brooke,28,1,16.0,5.333333333333333,3,5.0,6.0,8
Kate Flannery_S28,Kate Flannery,28,1,15.0,5.0,3,5.0,5.0,9
Ray Lewis_S28,Ray Lewis,28,1,15.0,5.0,3,5.0,5.0,10
Sean Spicer_S28,Sean Spicer,28,1,12.0,4.0,3,4.0,4.0,11
Lamar Odom_S28,Lamar Odom,28,1,11.0,3.6666666666666665,3,3.0,5.0,12
Hannah Brown_S28,Hannah Brown,28,2,24.0,8.0,3,8.0,8.0,1
Kate Flannery_S28,Kate Flannery,28,2,21.0,7.0,3,7.0,7.0,2
Ally Brooke_S28,Ally Brooke,28,2,20.0,6.666666666666667,3,6.0,7.0,3
Kel Mitchell_S28,Kel Mitchell,28,2,20.0,6.666666666666667,3,6.0,7.0,4
James Van Der Beek_S28,James Van Der Beek,28,2,20.0,6.666666666666667,3,6.0,7.0,5
Karamo Brown_S28,Karamo Brown,28,2,19.0,6.333333333333333,3,5.0,7.0,6
Lauren Alaina_S28,Lauren Alaina,28,2,19.0,6.333333333333333,3,6.0,7.0,7
Sailor Brinkley-Cook_S28,Sailor Brinkley-Cook,28,2,18.0,6.0,3,6.0,6.0,8
Sean Spicer_S28,Sean Spicer,28,2,16.0,5.333333333333333,3,5.0,6.0,9
Mary Wilson_S28,Mary Wilson,28,2,15.0,5.0,3,5.0,5.0,10
Ray Lewis_S28,Ray Lewis,28,2,15.0,5.0,3,5.0,5.0,11
Lamar Odom_S28,Lamar Odom,28,2,12.0,4.0,3,4.0,4.0,12
Ally Brooke_S28,Ally Brooke,28,3,24.0,8.0,3,8.0,8.0,1
Kate Flannery_S28,Kate Flannery,28,3,24.0,8.0,3,8.0,8.0,2
James Van Der Beek_S28,James Van Der Beek,28,3,23.0,7.666666666666667,3,7.0,8.0,3
Sailor Brinkley-Cook_S28,Sailor Brinkley-Cook,28,3,23.0,7.666666666666667,3,7.0,8.0,4
Hannah Brown_S28,Hannah Brown,28,3,21.0,7.0,3,7.0,7.0,5
Kel Mitchell_S28,Kel Mitchell,28,3,20.0,6.666666666666667,3,6.0,7.0,6
Lauren Alaina_S28,Lauren Alaina,28,3,20.0,6.666666666666667,3,6.0,7.0,7
Karamo Brown_S28,Karamo Brown,28,3,16.0,5.333333333333333,3,5.0,6.0,8
Sean Spicer_S28,Sean Spicer,28,3,15.0,5.0,3,5.0,5.0,9
Lamar Odom_S28,Lamar Odom,28,3,12.0,4.0,3,4.0,4.0,10
Kel Mitchell_S28,Kel Mitchell,28,4,32.0,8.0,4,8.0,8.0,1
Ally Brooke_S28,Ally Brooke,28,4,32.0,8.0,4,8.0,8.0,2
Lauren Alaina_S28,Lauren Alaina,28,4,32.0,8.0,4,8.0,8.0,3
Hannah Brown_S28,Hannah Brown,28,4,32.0,8.0,4,8.0,8.0,4
Sailor Brinkley-Cook_S28,Sailor Brinkley-Cook,28,4,31.0,7.75,4,7.0,8.0,5
James Van Der Beek_S28,James Van Der Beek,28,4,28.0,7.0,4,7.0,7.0,6
Karamo Brown_S28,Karamo Brown,28,4,28.0,7.0,4,7.0,7.0,7
Kate Flannery_S28,Kate Flannery,28,4,26.0,6.5,4,6.0,7.0,8
Sean Spicer_S28,Sean Spicer,28,4,21.0,5.25,4,5.0,6.0,9
Lamar Odom_S28,Lamar Odom,28,4,20.0,5.0,4,4.0,7.0,10
Ally Brooke_S28,Ally Brooke,28,5,27.0,9.0,3,9.0,9.0,1
James Van Der Beek_S28,James Van Der Beek,28,5,26.0,8.666666666666666,3,8.0,9.0,2
Kel Mitchell_S28,Kel Mitchell,28,5,26.0,8.666666666666666,3,8.0,9.0,3
Hannah Brown_S28,Hannah Brown,28,5,25.0,8.333333333333334,3,7.0,9.0,4
Kate Flannery_S28,Kate Flannery,28,5,24.0,8.0,3,8.0,8.0,5
Sailor Brinkley-Cook_S28,Sailor Brinkley-Cook,28,5,24.0,8.0,3,8.0,8.0,6
Lauren Alaina_S28,Lauren Alaina,28,5,23.0,7.666666666666667,3,7.0,8.0,7
Karamo Brown_S28,Karamo Brown,28,5,21.0,7.0,3,7.0,7.0,8
Sean Spicer_S28,Sean Spicer,28,5,19.0,6.333333333333333,3,6.0,7.0,9
Sailor Brinkley-Cook_S28,Sailor Brinkley-Cook,28,6,27.0,9.0,3,9.0,9.0,1
Kate Flannery_S28,Kate Flannery,28,6,27.0,9.0,3,9.0,9.0,2
James Van Der Beek_S28,James Van Der Beek,28,6,27.0,9.0,3,9.0,9.0,3
Kel Mitchell_S28,Kel Mitchell,28,6,26.0,8.666666666666666,3,8.0,9.0,4
Lauren Alaina_S28,Lauren Alaina,28,6,26.0,8.666666666666666,3,8.0,9.0,5
Ally Brooke_S28,Ally Brooke,28,6,25.0,8.333333333333334,3,8.0,9.0,6
Karamo Brown_S28,Karamo Brown,28,6,25.0,8.333333333333334,3,8.0,9.0,7
Hannah Brown_S28,Hannah Brown,28,6,24.0,8.0,3,8.0,8.0,8
Sean Spicer_S28,Sean Spicer,28,6,21.0,7.0,3,7.0,7.0,9
James Van Der Beek_S28,James Van Der Beek,28,7,27.0,9.0,3,9.0,9.0,1
Ally Brooke_S28,Ally Brooke,28,7,27.0,9.0,3,9.0,9.0,2
Lauren Alaina_S28,Lauren Alaina,28,7,27.0,9.0,3,9.0,9.0,3
Hannah Brown_S28,Hannah Brown,28,7,26.0,8.666666666666666,3,8.5,9.0,4
Kel Mitchell_S28,Kel Mitchell,28,7,25.5,8.5,3,8.5,8.5,5
Karamo Brown_S28,Karamo Brown,28,7,24.5,8.166666666666666,3,8.0,8.5,6
Kate Flannery_S28,Kate Flannery,28,7,24.0,8.0,3,8.0,8.0,7
Sean Spicer_S28,Sean Spicer,28,7,21.0,7.0,3,7.0,7.0,8
James Van Der Beek_S28,James Van Der Beek,28,8,31.9998,10.6666,3,10.6666,10.6666,1
Hannah Brown_S28,Hannah Brown,28,8,30.9998,10.333266666666667,3,9.6666,10.6666,2
Ally Brooke_S28,Ally Brooke,28,8,30.0,10.0,3,10.0,10.0,3
Kel Mitchell_S28,Kel Mitchell,28,8,29.9998,9.999933333333333,3,9.6666,10.6666,4
Kate Flannery_S28,Kate Flannery,28,8,25.9998,8.6666,3,8.6666,8.6666,5
Lauren Alaina_S28,Lauren Alaina,28,8,24.0,8.0,3,8.0,8.0,6
Sean Spicer_S28,Sean Spicer,28,8,20.0,6.666666666666667,3,6.0,7.0,7
Ally Brooke_S28,Ally Brooke,28,9,40.0,10.0,4,10.0,10.0,1
Kel Mitchell_S28,Kel Mitchell,28,9,37.0,9.25,4,9.0,9.5,2
James Van Der Beek_S28,James Van Der Beek,28,9,36.0,9.0,4,8.5,9.5,3
Hannah Brown_S28,Hannah Brown,28,9,35.5,8.875,4,8.5,9.0,4
Lauren Alaina_S28,Lauren Alaina,28,9,35.0,8.75,4,8.5,9.0,5
Sean Spicer_S28,Sean Spicer,28,9,25.0,6.25,4,6.0,6.5,6
Ally Brooke_S28,Ally Brooke,28,10,29.5,9.833333333333334,3,9.5,10.0,1
Kel Mitchell_S28,Kel Mitchell,28,10,28.5,9.5,3,9.5,9.5,2
Hannah Brown_S28,Hannah Brown,28,10,27.0,9.0,3,9.0,9.0,3
Lauren Alaina_S28,Lauren Alaina,28,10,27.0,9.0,3,9.0,9.0,4
James Van Der Beek_S28,James Van Der Beek,28,10,25.5,8.5,3,8.5,8.5,5
Ally Brooke_S28,Ally Brooke,28,11,30.0,10.0,3,10.0,10.0,1
Kel Mitchell_S28,Kel Mitchell,28,11,29.5,9.833333333333334,3,9.5,10.0,2
Hannah Brown_S28,Hannah Brown,28,11,29.0,9.666666666666666,3,9.5,10.0,3
Lauren Alaina_S28,Lauren Alaina,28,11,28.5,9.5,3,9.5,9.5,4
Skai Jackson_S29,Skai Jackson,29,1,21.0,7.0,3,7.0,7.0,1
Justina Machado_S29,Justina Machado,29,1,21.0,7.0,3,7.0,7.0,2
Nev Schulman_S29,Nev Schulman,29,1,20.0,6.666666666666667,3,6.0,7.0,3
Kaitlyn Bristowe_S29,Kaitlyn Bristowe,29,1,20.0,6.666666666666667,3,6.0,7.0,4
Monica Aldama_S29,Monica Aldama,29,1,19.0,6.333333333333333,3,6.0,7.0,5
Johnny Weir_S29,Johnny Weir,29,1,18.0,6.0,3,6.0,6.0,6
Anne Heche_S29,Anne Heche,29,1,18.0,6.0,3,6.0,6.0,7
Jeannie Mai_S29,Jeannie Mai,29,1,18.0,6.0,3,6.0,6.0,8
Jesse Metcalfe_S29,Jesse Metcalfe,29,1,18.0,6.0,3,6.0,6.0,9
AJ McLean_S29,AJ McLean,29,1,18.0,6.0,3,6.0,6.0,10
Veron Davis_S29,Veron Davis,29,1,17.0,5.666666666666667,3,5.0,6.0,11
Nelly_S29,Nelly,29,1,16.0,5.333333333333333,3,5.0,6.0,12
Chrishell Stause_S29,Chrishell Stause,29,1,13.0,4.333333333333333,3,4.0,5.0,13
Charles Oakley_S29,Charles Oakley,29,1,12.0,4.0,3,4.0,4.0,14
Carole Baskin_S29,Carole Baskin,29,1,11.0,3.6666666666666665,3,3.0,4.0,15
Kaitlyn Bristowe_S29,Kaitlyn Bristowe,29,2,22.0,7.333333333333333,3,7.0,8.0,1
Nev Schulman_S29,Nev Schulman,29,2,21.0,7.0,3,7.0,7.0,2
Justina Machado_S29,Justina Machado,29,2,21.0,7.0,3,7.0,7.0,3
Jesse Metcalfe_S29,Jesse Metcalfe,29,2,20.0,6.666666666666667,3,6.0,7.0,4
AJ McLean_S29,AJ McLean,29,2,19.0,6.333333333333333,3,6.0,7.0,5
Nelly_S29,Nelly,29,2,18.0,6.0,3,6.0,6.0,6
Jeannie Mai_S29,Jeannie Mai,29,2,18.0,6.0,3,6.0,6.0,7
Chrishell Stause_S29,Chrishell Stause,29,2,18.0,6.0,3,6.0,6.0,8
Anne Heche_S29,Anne Heche,29,2,18.0,6.0,3,6.0,6.0,9
Veron Davis_S29,Veron Davis,29,2,18.0,6.0,3,6.0,6.0,10
Johnny Weir_S29,Johnny Weir,29,2,18.0,6.0,3,6.0,6.0,11
Carole Baskin_S29,Carole Baskin,29,2,16.0,5.333333333333333,3,5.0,6.0,12
Monica Aldama_S29,Monica Aldama,29,2,16.0,5.333333333333333,3,5.0,6.0,13
Charles Oakley_S29,Charles Oakley,29,2,15.0,5.0,3,5.0,5.0,14
Skai Jackson_S29,Skai Jackson,29,2,15.0,5.0,3,5.0,5.0,15
Nev Schulman_S29,Nev Schulman,29,3,24.0,8.0,3,8.0,8.0,1
Johnny Weir_S29,Johnny Weir,29,3,24.0,8.0,3,8.0,8.0,2
Kaitlyn Bristowe_S29,Kaitlyn Bristowe,29,3,23.0,7.666666666666667,3,7.0,8.0,3
Chrishell Stause_S29,Chrishell Stause,29,3,22.0,7.333333333333333,3,7.0,8.0,4
Veron Davis_S29,Veron Davis,29,3,22.0,7.333333333333333,3,7.0,8.0,5
Jeannie Mai_S29,Jeannie Mai,29,3,22.0,7.333333333333333,3,7.0,8.0,6
Monica Aldama_S29,Monica Aldama,29,3,21.0,7.0,3,7.0,7.0,7
AJ McLean_S29,AJ McLean,29,3,21.0,7.0,3,7.0,7.0,8
Jesse Metcalfe_S29,Jesse Metcalfe,29,3,20.0,6.666666666666667,3,6.0,7.0,9
Justina Machado_S29,Justina Machado,29,3,19.0,6.333333333333333,3,6.0,7.0,10
Skai Jackson_S29,Skai Jackson,29,3,18.0,6.0,3,6.0,6.0,11
Nelly_S29,Nelly,29,3,18.0,6.0,3,6.0,6.0,12
Anne Heche_S29,Anne Heche,29,3,15.0,5.0,3,5.0,5.0,13
Carole Baskin_S29,Carole Baskin,29,3,12.0,4.0,3,3.0,5.0,14
Skai Jackson_S29,Skai Jackson,29,4,28.0,9.333333333333334,3,9.0,10.0,1
Kaitlyn Bristowe_S29,Kaitlyn Bristowe,29,4,25.0,8.333333333333334,3,8.0,9.0,2
Johnny Weir_S29,Johnny Weir,29,4,24.0,8.0,3,8.0,8.0,3
Nev Schulman_S29,Nev Schulman,29,4,24.0,8.0,3,8.0,8.0,4
AJ McLean_S29,AJ McLean,29,4,24.0,8.0,3,8.0,8.0,5
Monica Aldama_S29,Monica Aldama,29,4,24.0,8.0,3,8.0,8.0,6
Justina Machado_S29,Justina Machado,29,4,24.0,8.0,3,8.0,8.0,7
Chrishell Stause_S29,Chrishell Stause,29,4,22.0,7.333333333333333,3,7.0,8.0,8
Veron Davis_S29,Veron Davis,29,4,22.0,7.333333333333333,3,7.0,8.0,9
Nelly_S29,Nelly,29,4,21.0,7.0,3,7.0,7.0,10
Jesse Metcalfe_S29,Jesse Metcalfe,29,4,21.0,7.0,3,7.0,7.0,11
Jeannie Mai_S29,Jeannie Mai,29,4,21.0,7.0,3,7.0,7.0,12
Anne Heche_S29,Anne Heche,29,4,21.0,7.0,3,7.0,7.0,13
Johnny Weir_S29,Johnny Weir,29,5,29.0,9.666666666666666,3,9.0,10.0,1
Kaitlyn Bristowe_S29,Kaitlyn Bristowe,29,5,27.0,9.0,3,9.0,9.0,2
Monica Aldama_S29,Monica Aldama,29,5,26.0,8.666666666666666,3,8.0,9.0,3
Nev Schulman_S29,Nev Schulman,29,5,26.0,8.666666666666666,3,8.0,9.0,4
Nelly_S29,Nelly,29,5,24.0,8.0,3,8.0,8.0,5
Jeannie Mai_S29,Jeannie Mai,29,5,24.0,8.0,3,8.0,8.0,6
AJ McLean_S29,AJ McLean,29,5,24.0,8.0,3,8.0,8.0,7
Justina Machado_S29,Justina Machado,29,5,24.0,8.0,3,8.0,8.0,8
Skai Jackson_S29,Skai Jackson,29,5,24.0,8.0,3,8.0,8.0,9
Veron Davis_S29,Veron Davis,29,5,21.0,7.0,3,7.0,7.0,10
Jesse Metcalfe_S29,Jesse Metcalfe,29,5,19.0,6.333333333333333,3,6.0,7.0,11
Chrishell Stause_S29,Chrishell Stause,29,5,19.0,6.333333333333333,3,6.0,7.0,12
Justina Machado_S29,Justina Machado,29,6,27.0,9.0,3,9.0,9.0,1
Monica Aldama_S29,Monica Aldama,29,6,27.0,9.0,3,9.0,9.0,2
AJ McLean_S29,AJ McLean,29,6,27.0,9.0,3,9.0,9.0,3
Kaitlyn Bristowe_S29,Kaitlyn Bristowe,29,6,27.0,9.0,3,9.0,9.0,4
Nev Schulman_S29,Nev Schulman,29,6,26.0,8.666666666666666,3,8.0,9.0,5
Jeannie Mai_S29,Jeannie Mai,29,6,25.0,8.333333333333334,3,8.0,9.0,6
Nelly_S29,Nelly,29,6,24.0,8.0,3,8.0,8.0,7
Chrishell Stause_S29,Chrishell Stause,29,6,24.0,8.0,3,8.0,8.0,8
Johnny Weir_S29,Johnny Weir,29,6,22.0,7.333333333333333,3,7.0,8.0,9
Veron Davis_S29,Veron Davis,29,6,21.0,7.0,3,7.0,7.0,10
Skai Jackson_S29,Skai Jackson,29,6,18.0,6.0,3,6.0,6.0,11
Nev Schulman_S29,Nev Schulman,29,7,30.0,10.0,3,10.0,10.0,1
Skai Jackson_S29,Skai Jackson,29,7,27.0,9.0,3,9.0,9.0,2
Nelly_S29,Nelly,29,7,27.0,9.0,3,9.0,9.0,3
Johnny Weir_S29,Johnny Weir,29,7,27.0,9.0,3,9.0,9.0,4
AJ McLean_S29,AJ McLean,29,7,26.0,8.666666666666666,3,8.0,9.0,5
Justina Machado_S29,Justina Machado,29,7,26.0,8.666666666666666,3,8.0,9.0,6
Chrishell Stause_S29,Chrishell Stause,29,7,26.0,8.666666666666666,3,8.0,9.0,7
Jeannie Mai_S29,Jeannie Mai,29,7,25.0,8.333333333333334,3,8.0,9.0,8
Kaitlyn Bristowe_S29,Kaitlyn Bristowe,29,7,24.0,8.0,3,7.0,9.0,9
Monica Aldama_S29,Monica Aldama,29,7,22.0,7.333333333333333,3,7.0,8.0,10
Nev Schulman_S29,Nev Schulman,29,8,30.0,10.0,3,10.0,10.0,1
Johnny Weir_S29,Johnny Weir,29,8,30.0,10.0,3,10.0,10.0,2
Justina Machado_S29,Justina Machado,29,8,28.9998,9.6666,3,9.6666,9.6666,3
Kaitlyn Bristowe_S29,Kaitlyn Bristowe,29,8,28.0,9.333333333333334,3,9.0,10.0,4
AJ McLean_S29,AJ McLean,29,8,27.0,9.0,3,9.0,9.0,5
Chrishell Stause_S29,Chrishell Stause,29,8,27.0,9.0,3,9.0,9.0,6
Skai Jackson_S29,Skai Jackson,29,8,26.9998,8.999933333333333,3,8.6666,9.6666,7
Nelly_S29,Nelly,29,8,24.0,8.0,3,8.0,8.0,8
Johnny Weir_S29,Johnny Weir,29,9,30.0,10.0,3,10.0,10.0,1
Kaitlyn Bristowe_S29,Kaitlyn Bristowe,29,9,30.0,10.0,3,10.0,10.0,2
Skai Jackson_S29,Skai Jackson,29,9,28.9998,9.6666,3,9.6666,9.6666,3
Nev Schulman_S29,Nev Schulman,29,9,28.9998,9.6666,3,9.6666,9.6666,4
Justina Machado_S29,Justina Machado,29,9,25.9998,8.6666,3,8.6666,8.6666,5
AJ McLean_S29,AJ McLean,29,9,24.9998,8.333266666666667,3,7.6666,8.6666,6
Nelly_S29,Nelly,29,9,24.0,8.0,3,8.0,8.0,7
Nev Schulman_S29,Nev Schulman,29,10,30.0,10.0,3,10.0,10.0,1
Kaitlyn Bristowe_S29,Kaitlyn Bristowe,29,10,30.0,10.0,3,10.0,10.0,2
Justina Machado_S29,Justina Machado,29,10,29.0,9.666666666666666,3,9.5,10.0,3
Johnny Weir_S29,Johnny Weir,29,10,28.5,9.5,3,9.5,9.5,4
Skai Jackson_S29,Skai Jackson,29,10,28.5,9.5,3,9.5,9.5,5
Nelly_S29,Nelly,29,10,28.0,9.333333333333334,3,9.0,9.5,6
Nev Schulman_S29,Nev Schulman,29,11,30.0,10.0,3,10.0,10.0,1
Kaitlyn Bristowe_S29,Kaitlyn Bristowe,29,11,30.0,10.0,3,10.0,10.0,2
Justina Machado_S29,Justina Machado,29,11,30.0,10.0,3,10.0,10.0,3
Nelly_S29,Nelly,29,11,28.5,9.5,3,9.5,9.5,4
JoJo Siwa_S30,JoJo Siwa,30,1,29.0,7.25,4,7.0,8.0,1
Suni Lee_S30,Suni Lee,30,1,28.0,7.0,4,7.0,7.0,2
Amanda Kloots_S30,Amanda Kloots,30,1,28.0,7.0,4,7.0,7.0,3
Melanie C_S30,Melanie C,30,1,27.0,6.75,4,6.0,7.0,4
Melora Hardin_S30,Melora Hardin,30,1,26.0,6.5,4,6.0,7.0,5
Kenya Moore_S30,Kenya Moore,30,1,26.0,6.5,4,6.0,7.0,6
Christine Chiu_S30,Christine Chiu,30,1,25.0,6.25,4,6.0,7.0,7
Olivia Jade_S30,Olivia Jade,30,1,25.0,6.25,4,6.0,7.0,8
"Mike ""The Miz"" Mizanin_S30","Mike ""The Miz"" Mizanin",30,1,24.0,6.0,4,6.0,6.0,9
Matt James_S30,Matt James,30,1,24.0,6.0,4,6.0,6.0,10
Brian Austin Green_S30,Brian Austin Green,30,1,24.0,6.0,4,6.0,6.0,11
Cody Rigsby_S30,Cody Rigsby,30,1,24.0,6.0,4,6.0,6.0,12
Jimmie Allen_S30,Jimmie Allen,30,1,22.0,5.5,4,5.0,6.0,13
Iman Shumpert_S30,Iman Shumpert,30,1,21.0,5.25,4,4.0,7.0,14
Martin Kove_S30,Martin Kove,30,1,13.0,3.25,4,3.0,4.0,15
Amanda Kloots_S30,Amanda Kloots,30,2,32.0,8.0,4,8.0,8.0,1
JoJo Siwa_S30,JoJo Siwa,30,2,31.0,7.75,4,7.0,8.0,2
Melanie C_S30,Melanie C,30,2,30.0,7.5,4,7.0,8.0,3
Suni Lee_S30,Suni Lee,30,2,28.0,7.0,4,7.0,7.0,4
Jimmie Allen_S30,Jimmie Allen,30,2,27.0,6.75,4,6.0,7.0,5
Melora Hardin_S30,Melora Hardin,30,2,27.0,6.75,4,6.0,7.0,6
Olivia Jade_S30,Olivia Jade,30,2,27.0,6.75,4,6.0,7.0,7
"Mike ""The Miz"" Mizanin_S30","Mike ""The Miz"" Mizanin",30,2,26.0,6.5,4,5.0,7.0,8
Iman Shumpert_S30,Iman Shumpert,30,2,25.0,6.25,4,6.0,7.0,9
Kenya Moore_S30,Kenya Moore,30,2,24.0,6.0,4,6.0,6.0,10
Cody Rigsby_S30,Cody Rigsby,30,2,24.0,6.0,4,6.0,6.0,11
Christine Chiu_S30,Christine Chiu,30,2,24.0,6.0,4,6.0,6.0,12
Brian Austin Green_S30,Brian Austin Green,30,2,23.0,5.75,4,5.0,6.0,13
Matt James_S30,Matt James,30,2,22.0,5.5,4,5.0,6.0,14
Martin Kove_S30,Martin Kove,30,2,15.0,3.75,4,3.0,4.0,15
Olivia Jade_S30,Olivia Jade,30,3,24.0,8.0,3,8.0,8.0,1
Amanda Kloots_S30,Amanda Kloots,30,3,24.0,8.0,3,8.0,8.0,2
JoJo Siwa_S30,JoJo Siwa,30,3,24.0,8.0,3,8.0,8.0,3
Melora Hardin_S30,Melora Hardin,30,3,23.0,7.666666666666667,3,7.0,8.0,4
"Mike ""The Miz"" Mizanin_S30","Mike ""The Miz"" Mizanin",30,3,22.0,7.333333333333333,3,7.0,8.0,5
Melanie C_S30,Melanie C,30,3,22.0,7.333333333333333,3,7.0,8.0,6
Kenya Moore_S30,Kenya Moore,30,3,21.0,7.0,3,7.0,7.0,7
Suni Lee_S30,Suni Lee,30,3,21.0,7.0,3,7.0,7.0,8
Christine Chiu_S30,Christine Chiu,30,3,21.0,7.0,3,7.0,7.0,9
Matt James_S30,Matt James,30,3,20.0,6.666666666666667,3,6.0,7.0,10
Jimmie Allen_S30,Jimmie Allen,30,3,20.0,6.666666666666667,3,6.0,8.0,11
Brian Austin Green_S30,Brian Austin Green,30,3,19.0,6.333333333333333,3,6.0,7.0,12
Iman Shumpert_S30,Iman Shumpert,30,3,19.0,6.333333333333333,3,6.0,7.0,13
Cody Rigsby_S30,Cody Rigsby,30,3,18.0,6.0,3,6.0,6.0,14
Melora Hardin_S30,Melora Hardin,30,4,36.5,9.125,4,9.0,9.5,1
Olivia Jade_S30,Olivia Jade,30,4,35.0,8.75,4,8.0,9.0,2
JoJo Siwa_S30,JoJo Siwa,30,4,35.0,8.75,4,8.5,9.0,3
Amanda Kloots_S30,Amanda Kloots,30,4,34.0,8.5,4,8.5,8.5,4
Suni Lee_S30,Suni Lee,30,4,34.0,8.5,4,8.0,9.0,5
Melanie C_S30,Melanie C,30,4,33.0,8.25,4,8.0,8.5,6
Jimmie Allen_S30,Jimmie Allen,30,4,32.5,8.125,4,7.5,8.5,7
"Mike ""The Miz"" Mizanin_S30","Mike ""The Miz"" Mizanin",30,4,32.5,8.125,4,7.5,8.5,8
Iman Shumpert_S30,Iman Shumpert,30,4,31.5,7.875,4,6.5,8.5,9
Kenya Moore_S30,Kenya Moore,30,4,29.5,7.375,4,7.0,8.0,10
Cody Rigsby_S30,Cody Rigsby,30,4,29.0,7.25,4,6.5,7.5,11
Matt James_S30,Matt James,30,4,28.5,7.125,4,6.5,7.5,12
Brian Austin Green_S30,Brian Austin Green,30,4,26.0,6.5,4,6.0,7.0,13
JoJo Siwa_S30,JoJo Siwa,30,5,40.0,10.0,4,10.0,10.0,1
Amanda Kloots_S30,Amanda Kloots,30,5,39.0,9.75,4,9.0,10.0,2
Olivia Jade_S30,Olivia Jade,30,5,36.0,9.0,4,9.0,9.0,3
Suni Lee_S30,Suni Lee,30,5,36.0,9.0,4,9.0,9.0,4
Melanie C_S30,Melanie C,30,5,36.0,9.0,4,9.0,9.0,5
Kenya Moore_S30,Kenya Moore,30,5,36.0,9.0,4,9.0,9.0,6
Melora Hardin_S30,Melora Hardin,30,5,36.0,9.0,4,9.0,9.0,7
Jimmie Allen_S30,Jimmie Allen,30,5,34.0,8.5,4,8.0,9.0,8
"Mike ""The Miz"" Mizanin_S30","Mike ""The Miz"" Mizanin",30,5,32.0,8.0,4,8.0,8.0,9
Cody Rigsby_S30,Cody Rigsby,30,5,32.0,8.0,4,8.0,8.0,10
Iman Shumpert_S30,Iman Shumpert,30,5,28.0,7.0,4,7.0,7.0,11
JoJo Siwa_S30,JoJo Siwa,30,6,40.0,10.0,4,10.0,10.0,1
Iman Shumpert_S30,Iman Shumpert,30,6,40.0,10.0,4,10.0,10.0,2
Jimmie Allen_S30,Jimmie Allen,30,6,38.0,9.5,4,9.0,10.0,3
Amanda Kloots_S30,Amanda Kloots,30,6,38.0,9.5,4,9.0,10.0,4
Suni Lee_S30,Suni Lee,30,6,36.0,9.0,4,9.0,9.0,5
Olivia Jade_S30,Olivia Jade,30,6,36.0,9.0,4,9.0,9.0,6
Cody Rigsby_S30,Cody Rigsby,30,6,36.0,9.0,4,9.0,9.0,7
Melora Hardin_S30,Melora Hardin,30,6,34.0,8.5,4,8.0,9.0,8
"Mike ""The Miz"" Mizanin_S30","Mike ""The Miz"" Mizanin",30,6,34.0,8.5,4,8.0,9.0,9
Kenya Moore_S30,Kenya Moore,30,6,32.0,8.0,4,8.0,8.0,10
Olivia Jade_S30,Olivia Jade,30,7,42.0,10.5,4,9.0,11.0,1
JoJo Siwa_S30,JoJo Siwa,30,7,39.0,9.75,4,9.0,10.0,2
Melora Hardin_S30,Melora Hardin,30,7,38.0,9.5,4,9.5,9.5,3
Jimmie Allen_S30,Jimmie Allen,30,7,38.0,9.5,4,9.0,10.0,4
Cody Rigsby_S30,Cody Rigsby,30,7,36.0,9.0,4,8.5,9.5,5
Iman Shumpert_S30,Iman Shumpert,30,7,34.0,8.5,4,7.5,9.5,6
Suni Lee_S30,Suni Lee,30,7,34.0,8.5,4,8.25,9.25,7
Amanda Kloots_S30,Amanda Kloots,30,7,34.0,8.5,4,8.25,9.25,8
"Mike ""The Miz"" Mizanin_S30","Mike ""The Miz"" Mizanin",30,7,32.0,8.0,4,8.0,8.0,9
Amanda Kloots_S30,Amanda Kloots,30,8,42.0,10.5,4,10.5,10.5,1
Suni Lee_S30,Suni Lee,30,8,42.0,10.5,4,10.5,10.5,2
Melora Hardin_S30,Melora Hardin,30,8,42.0,10.5,4,10.5,10.5,3
JoJo Siwa_S30,JoJo Siwa,30,8,41.0,10.25,4,9.5,10.5,4
Cody Rigsby_S30,Cody Rigsby,30,8,38.0,9.5,4,9.0,10.0,5
Olivia Jade_S30,Olivia Jade,30,8,36.0,9.0,4,9.0,9.0,6
Iman Shumpert_S30,Iman Shumpert,30,8,35.0,8.75,4,8.0,9.0,7
Jimmie Allen_S30,Jimmie Allen,30,8,32.0,8.0,4,8.0,8.0,8
JoJo Siwa_S30,JoJo Siwa,30,9,40.0,10.0,4,10.0,10.0,1
Amanda Kloots_S30,Amanda Kloots,30,9,39.5,9.875,4,9.5,10.0,2
Suni Lee_S30,Suni Lee,30,9,37.5,9.375,4,9.0,10.0,3
Iman Shumpert_S30,Iman Shumpert,30,9,37.5,9.375,4,9.0,10.0,4
Melora Hardin_S30,Melora Hardin,30,9,36.0,9.0,4,8.5,9.5,5
Cody Rigsby_S30,Cody Rigsby,30,9,35.5,8.875,4,8.5,9.0,6
JoJo Siwa_S30,JoJo Siwa,30,10,40.0,10.0,4,10.0,10.0,1
Iman Shumpert_S30,Iman Shumpert,30,10,40.0,10.0,4,10.0,10.0,2
Amanda Kloots_S30,Amanda Kloots,30,10,39.0,9.75,4,9.5,10.0,3
Cody Rigsby_S30,Cody Rigsby,30,10,38.0,9.5,4,9.5,9.5,4
Charli D'Amelio_S31,Charli D'Amelio,31,1,32.0,8.0,4,8.0,8.0,1
Wayne Brady_S31,Wayne Brady,31,1,29.0,7.25,4,7.0,8.0,2
Selma Blair_S31,Selma Blair,31,1,28.0,7.0,4,7.0,7.0,3
Shangela_S31,Shangela,31,1,28.0,7.0,4,7.0,7.0,4
Gabby Windey_S31,Gabby Windey,31,1,28.0,7.0,4,7.0,7.0,5
Daniel Durant_S31,Daniel Durant,31,1,27.0,6.75,4,6.0,7.0,6
Jordin Sparks_S31,Jordin Sparks,31,1,26.0,6.5,4,6.0,7.0,7
Heidi D'Amelio_S31,Heidi D'Amelio,31,1,24.0,6.0,4,6.0,6.0,8
Joseph Baena_S31,Joseph Baena,31,1,23.0,5.75,4,5.0,6.0,9
Cheryl Ladd_S31,Cheryl Ladd,31,1,21.0,5.25,4,5.0,6.0,10
Trevor Donovan_S31,Trevor Donovan,31,1,21.0,5.25,4,5.0,6.0,11
Jessie James Decker_S31,Jessie James Decker,31,1,20.0,5.0,4,5.0,5.0,12
Teresa Giudice_S31,Teresa Giudice,31,1,20.0,5.0,4,5.0,5.0,13
Sam Champion_S31,Sam Champion,31,1,20.0,5.0,4,5.0,5.0,14
Jason Lewis_S31,Jason Lewis,31,1,18.0,4.5,4,4.0,5.0,15
Vinny Guadagnino_S31,Vinny Guadagnino,31,1,17.0,4.25,4,4.0,5.0,16
Gabby Windey_S31,Gabby Windey,31,2,32.0,8.0,4,8.0,8.0,1
Wayne Brady_S31,Wayne Brady,31,2,32.0,8.0,4,8.0,8.0,2
Charli D'Amelio_S31,Charli D'Amelio,31,2,32.0,8.0,4,8.0,8.0,3
Trevor Donovan_S31,Trevor Donovan,31,2,30.0,7.5,4,7.0,8.0,4
Daniel Durant_S31,Daniel Durant,31,2,29.0,7.25,4,7.0,8.0,5
Heidi D'Amelio_S31,Heidi D'Amelio,31,2,28.0,7.0,4,7.0,7.0,6
Shangela_S31,Shangela,31,2,28.0,7.0,4,7.0,7.0,7
Selma Blair_S31,Selma Blair,31,2,28.0,7.0,4,7.0,7.0,8
Vinny Guadagnino_S31,Vinny Guadagnino,31,2,27.0,6.75,4,6.0,7.0,9
Jordin Sparks_S31,Jordin Sparks,31,2,27.0,6.75,4,6.0,7.0,10
Sam Champion_S31,Sam Champion,31,2,26.0,6.5,4,6.0,7.0,11
Jessie James Decker_S31,Jessie James Decker,31,2,25.0,6.25,4,6.0,7.0,12
Joseph Baena_S31,Joseph Baena,31,2,24.0,6.0,4,6.0,6.0,13
Teresa Giudice_S31,Teresa Giudice,31,2,23.0,5.75,4,5.0,6.0,14
Cheryl Ladd_S31,Cheryl Ladd,31,2,21.0,5.25,4,5.0,6.0,15
Gabby Windey_S31,Gabby Windey,31,3,33.0,8.25,4,8.0,9.0,1
Wayne Brady_S31,Wayne Brady,31,3,33.0,8.25,4,8.0,9.0,2
Charli D'Amelio_S31,Charli D'Amelio,31,3,33.0,8.25,4,8.0,9.0,3
Heidi D'Amelio_S31,Heidi D'Amelio,31,3,32.0,8.0,4,8.0,8.0,4
Daniel Durant_S31,Daniel Durant,31,3,31.0,7.75,4,7.0,8.0,5
Shangela_S31,Shangela,31,3,30.0,7.5,4,7.0,8.0,6
Joseph Baena_S31,Joseph Baena,31,3,29.0,7.25,4,7.0,8.0,7
Jordin Sparks_S31,Jordin Sparks,31,3,29.0,7.25,4,7.0,8.0,8
Selma Blair_S31,Selma Blair,31,3,28.0,7.0,4,7.0,7.0,9
Trevor Donovan_S31,Trevor Donovan,31,3,27.0,6.75,4,6.0,7.0,10
Jessie James Decker_S31,Jessie James Decker,31,3,26.0,6.5,4,6.0,7.0,11
Sam Champion_S31,Sam Champion,31,3,25.0,6.25,4,6.0,7.0,12
Cheryl Ladd_S31,Cheryl Ladd,31,3,24.0,6.0,4,6.0,6.0,13
Vinny Guadagnino_S31,Vinny Guadagnino,31,3,23.0,5.75,4,5.0,6.0,14
Gabby Windey_S31,Gabby Windey,31,4,36.0,9.0,4,9.0,9.0,1
Wayne Brady_S31,Wayne Brady,31,4,36.0,9.0,4,9.0,9.0,2
Charli D'Amelio_S31,Charli D'Amelio,31,4,36.0,9.0,4,9.0,9.0,3
Jordin Sparks_S31,Jordin Sparks,31,4,34.0,8.5,4,8.0,9.0,4
Heidi D'Amelio_S31,Heidi D'Amelio,31,4,34.0,8.5,4,8.0,9.0,5
Selma Blair_S31,Selma Blair,31,4,32.0,8.0,4,8.0,8.0,6
Shangela_S31,Shangela,31,4,32.0,8.0,4,8.0,8.0,7
Jessie James Decker_S31,Jessie James Decker,31,4,31.0,7.75,4,7.0,8.0,8
Vinny Guadagnino_S31,Vinny Guadagnino,31,4,29.0,7.25,4,7.0,8.0,9
Daniel Durant_S31,Daniel Durant,31,4,29.0,7.25,4,7.0,8.0,10
Trevor Donovan_S31,Trevor Donovan,31,4,28.0,7.0,4,7.0,7.0,11
Joseph Baena_S31,Joseph Baena,31,4,28.0,7.0,4,7.0,7.0,12
Sam Champion_S31,Sam Champion,31,4,25.0,6.25,4,6.0,7.0,13
Charli D'Amelio_S31,Charli D'Amelio,31,5,42.0,10.5,4,10.375,10.875,1
Gabby Windey_S31,Gabby Windey,31,5,41.0,10.25,4,10.25,10.25,2
Wayne Brady_S31,Wayne Brady,31,5,41.0,10.25,4,10.125,10.625,3
Selma Blair_S31,Selma Blair,31,5,40.0,10.0,4,10.0,10.0,4
Heidi D'Amelio_S31,Heidi D'Amelio,31,5,39.0,9.75,4,9.625,10.125,5
Shangela_S31,Shangela,31,5,38.5,9.625,4,9.25,9.75,6
Trevor Donovan_S31,Trevor Donovan,31,5,36.0,9.0,4,9.0,9.0,7
Jessie James Decker_S31,Jessie James Decker,31,5,36.0,9.0,4,8.875,9.375,8
Jordin Sparks_S31,Jordin Sparks,31,5,35.5,8.875,4,8.375,9.375,9
Joseph Baena_S31,Joseph Baena,31,5,35.0,8.75,4,8.5,9.0,10
Daniel Durant_S31,Daniel Durant,31,5,33.5,8.375,4,8.125,8.625,11
Vinny Guadagnino_S31,Vinny Guadagnino,31,5,31.0,7.75,4,7.75,7.75,12
Charli D'Amelio_S31,Charli D'Amelio,31,6,40.0,10.0,4,10.0,10.0,1
Gabby Windey_S31,Gabby Windey,31,6,37.0,9.25,4,9.0,10.0,2
Shangela_S31,Shangela,31,6,36.0,9.0,4,9.0,9.0,3
Heidi D'Amelio_S31,Heidi D'Amelio,31,6,36.0,9.0,4,9.0,9.0,4
Trevor Donovan_S31,Trevor Donovan,31,6,34.0,8.5,4,8.0,9.0,5
Wayne Brady_S31,Wayne Brady,31,6,34.0,8.5,4,8.0,9.0,6
Daniel Durant_S31,Daniel Durant,31,6,34.0,8.5,4,8.0,9.0,7
Jordin Sparks_S31,Jordin Sparks,31,6,34.0,8.5,4,8.0,9.0,8
Jessie James Decker_S31,Jessie James Decker,31,6,32.0,8.0,4,8.0,8.0,9
Vinny Guadagnino_S31,Vinny Guadagnino,31,6,28.0,7.0,4,7.0,7.0,10
Charli D'Amelio_S31,Charli D'Amelio,31,7,39.0,9.75,4,9.5,10.0,1
Trevor Donovan_S31,Trevor Donovan,31,7,39.0,9.75,4,9.0,10.0,2
Wayne Brady_S31,Wayne Brady,31,7,38.0,9.5,4,9.0,10.0,3
Shangela_S31,Shangela,31,7,36.5,9.125,4,9.0,9.5,4
Daniel Durant_S31,Daniel Durant,31,7,36.5,9.125,4,8.5,9.5,5
Gabby Windey_S31,Gabby Windey,31,7,35.5,8.875,4,8.5,9.0,6
Heidi D'Amelio_S31,Heidi D'Amelio,31,7,35.0,8.75,4,8.5,9.0,7
Jordin Sparks_S31,Jordin Sparks,31,7,34.5,8.625,4,8.5,9.0,8
Vinny Guadagnino_S31,Vinny Guadagnino,31,7,31.5,7.875,4,7.5,8.0,9
Charli D'Amelio_S31,Charli D'Amelio,31,8,45.0,11.25,4,11.25,11.25,1
Wayne Brady_S31,Wayne Brady,31,8,45.0,11.25,4,11.25,11.25,2
Shangela_S31,Shangela,31,8,42.0,10.5,4,10.25,11.25,3
Gabby Windey_S31,Gabby Windey,31,8,40.0,10.0,4,10.0,10.0,4
Daniel Durant_S31,Daniel Durant,31,8,39.0,9.75,4,9.0,10.0,5
Trevor Donovan_S31,Trevor Donovan,31,8,39.0,9.75,4,9.25,10.25,6
Heidi D'Amelio_S31,Heidi D'Amelio,31,8,35.0,8.75,4,8.0,9.0,7
Vinny Guadagnino_S31,Vinny Guadagnino,31,8,29.0,7.25,4,7.0,8.0,8
Charli D'Amelio_S31,Charli D'Amelio,31,9,40.0,10.0,4,10.0,10.0,1
Gabby Windey_S31,Gabby Windey,31,9,40.0,10.0,4,10.0,10.0,2
Shangela_S31,Shangela,31,9,36.5,9.125,4,9.0,9.5,3
Wayne Brady_S31,Wayne Brady,31,9,36.5,9.125,4,9.0,9.5,4
Daniel Durant_S31,Daniel Durant,31,9,34.5,8.625,4,8.0,9.0,5
Trevor Donovan_S31,Trevor Donovan,31,9,32.5,8.125,4,8.0,8.5,6
Charli D'Amelio_S31,Charli D'Amelio,31,10,40.0,10.0,4,10.0,10.0,1
Gabby Windey_S31,Gabby Windey,31,10,40.0,10.0,4,10.0,10.0,2
Shangela_S31,Shangela,31,10,38.0,9.5,4,9.5,9.5,3
Wayne Brady_S31,Wayne Brady,31,10,38.0,9.5,4,9.5,9.5,4
Charity Lawson_S32,Charity Lawson,32,1,22.0,7.333333333333333,3,7.0,8.0,1
Ariana Madix_S32,Ariana Madix,32,1,21.0,7.0,3,7.0,7.0,2
Jason Mraz_S32,Jason Mraz,32,1,21.0,7.0,3,7.0,7.0,3
Lele Pons_S32,Lele Pons,32,1,19.0,6.333333333333333,3,6.0,7.0,4
Adrian Peterson_S32,Adrian Peterson,32,1,18.0,6.0,3,6.0,6.0,5
Xochitl Gomez_S32,Xochitl Gomez,32,1,18.0,6.0,3,6.0,6.0,6
Mira Sorvino_S32,Mira Sorvino,32,1,17.0,5.666666666666667,3,5.0,6.0,7
Barry Williams_S32,Barry Williams,32,1,16.0,5.333333333333333,3,5.0,6.0,8
Jamie Lynn Spears_S32,Jamie Lynn Spears,32,1,15.0,5.0,3,5.0,5.0,9
Mauricio Umansky_S32,Mauricio Umansky,32,1,15.0,5.0,3,5.0,5.0,10
Alyson Hannigan_S32,Alyson Hannigan,32,1,13.0,4.333333333333333,3,4.0,5.0,11
Tyson Beckford_S32,Tyson Beckford,32,1,12.0,4.0,3,4.0,4.0,12
Matt Walsh_S32,Matt Walsh,32,1,12.0,4.0,3,4.0,4.0,13
Harry Jowsey_S32,Harry Jowsey,32,1,12.0,4.0,3,4.0,4.0,14
Jason Mraz_S32,Jason Mraz,32,2,24.0,8.0,3,8.0,8.0,1
Xochitl Gomez_S32,Xochitl Gomez,32,2,24.0,8.0,3,8.0,8.0,2
Charity Lawson_S32,Charity Lawson,32,2,21.0,7.0,3,7.0,7.0,3
Lele Pons_S32,Lele Pons,32,2,21.0,7.0,3,7.0,7.0,4
Ariana Madix_S32,Ariana Madix,32,2,20.0,6.666666666666667,3,6.0,7.0,5
Alyson Hannigan_S32,Alyson Hannigan,32,2,19.0,6.333333333333333,3,6.0,7.0,6
Mira Sorvino_S32,Mira Sorvino,32,2,18.0,6.0,3,6.0,6.0,7
Tyson Beckford_S32,Tyson Beckford,32,2,18.0,6.0,3,6.0,6.0,8
Jamie Lynn Spears_S32,Jamie Lynn Spears,32,2,16.0,5.333333333333333,3,5.0,6.0,9
Barry Williams_S32,Barry Williams,32,2,15.0,5.0,3,5.0,5.0,10
Adrian Peterson_S32,Adrian Peterson,32,2,15.0,5.0,3,5.0,5.0,11
Harry Jowsey_S32,Harry Jowsey,32,2,15.0,5.0,3,5.0,5.0,12
Mauricio Umansky_S32,Mauricio Umansky,32,2,12.0,4.0,3,4.0,4.0,13
Ariana Madix_S32,Ariana Madix,32,3,34.0,8.5,4,8.0,9.0,1
Jason Mraz_S32,Jason Mraz,32,3,34.0,8.5,4,8.0,9.0,2
Charity Lawson_S32,Charity Lawson,32,3,32.0,8.0,4,8.0,8.0,3
Xochitl Gomez_S32,Xochitl Gomez,32,3,32.0,8.0,4,8.0,8.0,4
Lele Pons_S32,Lele Pons,32,3,27.0,6.75,4,6.0,7.0,5
Mira Sorvino_S32,Mira Sorvino,32,3,26.0,6.5,4,6.0,7.0,6
Barry Williams_S32,Barry Williams,32,3,25.0,6.25,4,6.0,7.0,7
Harry Jowsey_S32,Harry Jowsey,32,3,24.0,6.0,4,5.0,7.0,8
Alyson Hannigan_S32,Alyson Hannigan,32,3,24.0,6.0,4,6.0,6.0,9
Mauricio Umansky_S32,Mauricio Umansky,32,3,23.0,5.75,4,5.0,7.0,10
Adrian Peterson_S32,Adrian Peterson,32,3,22.0,5.5,4,5.0,6.0,11
Tyson Beckford_S32,Tyson Beckford,32,3,20.0,5.0,4,5.0,5.0,12
Xochitl Gomez_S32,Xochitl Gomez,32,4,27.0,9.0,3,9.0,9.0,1
Ariana Madix_S32,Ariana Madix,32,4,25.0,8.333333333333334,3,8.0,9.0,2
Charity Lawson_S32,Charity Lawson,32,4,24.0,8.0,3,8.0,8.0,3
Jason Mraz_S32,Jason Mraz,32,4,24.0,8.0,3,8.0,8.0,4
Lele Pons_S32,Lele Pons,32,4,22.0,7.333333333333333,3,7.0,8.0,5
Adrian Peterson_S32,Adrian Peterson,32,4,21.0,7.0,3,7.0,7.0,6
Harry Jowsey_S32,Harry Jowsey,32,4,21.0,7.0,3,7.0,7.0,7
Mira Sorvino_S32,Mira Sorvino,32,4,21.0,7.0,3,7.0,7.0,8
Mauricio Umansky_S32,Mauricio Umansky,32,4,19.0,6.333333333333333,3,6.0,7.0,9
Alyson Hannigan_S32,Alyson Hannigan,32,4,18.0,6.0,3,6.0,6.0,10
Barry Williams_S32,Barry Williams,32,4,18.0,6.0,3,6.0,6.0,11
Xochitl Gomez_S32,Xochitl Gomez,32,5,28.0,9.333333333333334,3,9.0,10.0,1
Charity Lawson_S32,Charity Lawson,32,5,28.0,9.333333333333334,3,9.0,10.0,2
Jason Mraz_S32,Jason Mraz,32,5,27.0,9.0,3,9.0,9.0,3
Lele Pons_S32,Lele Pons,32,5,24.0,8.0,3,8.0,8.0,4
Barry Williams_S32,Barry Williams,32,5,24.0,8.0,3,8.0,8.0,5
Ariana Madix_S32,Ariana Madix,32,5,24.0,8.0,3,8.0,8.0,6
Mauricio Umansky_S32,Mauricio Umansky,32,5,24.0,8.0,3,8.0,8.0,7
Mira Sorvino_S32,Mira Sorvino,32,5,22.0,7.333333333333333,3,7.0,8.0,8
Alyson Hannigan_S32,Alyson Hannigan,32,5,21.0,7.0,3,7.0,7.0,9
Harry Jowsey_S32,Harry Jowsey,32,5,18.0,6.0,3,6.0,6.0,10
Xochitl Gomez_S32,Xochitl Gomez,32,6,42.0,10.5,4,10.25,11.25,1
Ariana Madix_S32,Ariana Madix,32,6,41.0,10.25,4,10.0,11.0,2
Jason Mraz_S32,Jason Mraz,32,6,39.0,9.75,4,9.75,9.75,3
Charity Lawson_S32,Charity Lawson,32,6,38.0,9.5,4,8.75,9.75,4
Lele Pons_S32,Lele Pons,32,6,37.0,9.25,4,9.0,10.0,5
Mauricio Umansky_S32,Mauricio Umansky,32,6,33.0,8.25,4,7.5,8.5,6
Barry Williams_S32,Barry Williams,32,6,32.0,8.0,4,7.25,8.25,7
Alyson Hannigan_S32,Alyson Hannigan,32,6,31.0,7.75,4,7.5,8.5,8
Harry Jowsey_S32,Harry Jowsey,32,6,29.0,7.25,4,7.25,7.25,9
Xochitl Gomez_S32,Xochitl Gomez,32,7,37.0,9.25,4,9.0,9.5,1
Ariana Madix_S32,Ariana Madix,32,7,37.0,9.25,4,9.0,10.0,2
Lele Pons_S32,Lele Pons,32,7,36.5,9.125,4,9.0,9.5,3
Jason Mraz_S32,Jason Mraz,32,7,36.0,9.0,4,8.5,10.0,4
Charity Lawson_S32,Charity Lawson,32,7,36.0,9.0,4,9.0,9.0,5
Alyson Hannigan_S32,Alyson Hannigan,32,7,35.0,8.75,4,8.5,9.5,6
Barry Williams_S32,Barry Williams,32,7,32.5,8.125,4,8.0,8.5,7
Harry Jowsey_S32,Harry Jowsey,32,7,32.0,8.0,4,8.0,8.0,8
Ariana Madix_S32,Ariana Madix,32,8,42.0,10.5,4,9.75,10.75,1
Xochitl Gomez_S32,Xochitl Gomez,32,8,40.0,10.0,4,10.0,10.0,2
Charity Lawson_S32,Charity Lawson,32,8,39.0,9.75,4,9.75,9.75,3
Alyson Hannigan_S32,Alyson Hannigan,32,8,36.0,9.0,4,8.75,9.75,4
Barry Williams_S32,Barry Williams,32,8,35.0,8.75,4,8.75,8.75,5
Jason Mraz_S32,Jason Mraz,32,8,33.0,8.25,4,8.0,9.0,6
Harry Jowsey_S32,Harry Jowsey,32,8,28.0,7.0,4,7.0,7.0,7
Jason Mraz_S32,Jason Mraz,32,9,43.0,10.75,4,10.75,10.75,1
Xochitl Gomez_S32,Xochitl Gomez,32,9,41.0,10.25,4,9.75,10.75,2
Charity Lawson_S32,Charity Lawson,32,9,38.0,9.5,4,9.0,10.0,3
Ariana Madix_S32,Ariana Madix,32,9,37.0,9.25,4,9.0,10.0,4
Alyson Hannigan_S32,Alyson Hannigan,32,9,32.0,8.0,4,7.75,8.75,5
Harry Jowsey_S32,Harry Jowsey,32,9,30.0,7.5,4,7.0,8.0,6
Xochitl Gomez_S32,Xochitl Gomez,32,10,30.0,10.0,3,10.0,10.0,1
Charity Lawson_S32,Charity Lawson,32,10,29.5,9.833333333333334,3,9.5,10.0,2
Ariana Madix_S32,Ariana Madix,32,10,29.0,9.666666666666666,3,9.5,10.0,3
Jason Mraz_S32,Jason Mraz,32,10,28.5,9.5,3,9.5,9.5,4
Alyson Hannigan_S32,Alyson Hannigan,32,10,25.5,8.5,3,8.5,8.5,5
Xochitl Gomez_S32,Xochitl Gomez,32,11,30.0,10.0,3,10.0,10.0,1
Jason Mraz_S32,Jason Mraz,32,11,30.0,10.0,3,10.0,10.0,2
Ariana Madix_S32,Ariana Madix,32,11,29.5,9.833333333333334,3,9.5,10.0,3
Charity Lawson_S32,Charity Lawson,32,11,29.5,9.833333333333334,3,9.5,10.0,4
Alyson Hannigan_S32,Alyson Hannigan,32,11,26.5,8.833333333333334,3,8.5,9.0,5
Chandler Kinney_S33,Chandler Kinney,33,1,23.0,7.666666666666667,3,7.0,8.0,1
Dwight Howard _S33,Dwight Howard ,33,1,22.0,7.333333333333333,3,7.0,8.0,2
Stephen Nedoroscik_S33,Stephen Nedoroscik,33,1,21.0,7.0,3,7.0,7.0,3
Joey Graziadei_S33,Joey Graziadei,33,1,21.0,7.0,3,7.0,7.0,4
Danny Amendola_S33,Danny Amendola,33,1,20.0,6.666666666666667,3,6.0,7.0,5
Jenn Tran_S33,Jenn Tran,33,1,19.0,6.333333333333333,3,6.0,7.0,6
Phaedra Parks_S33,Phaedra Parks,33,1,19.0,6.333333333333333,3,6.0,7.0,7
Anna Delvey_S33,Anna Delvey,33,1,18.0,6.0,3,6.0,6.0,8
Ilona Maher_S33,Ilona Maher,33,1,18.0,6.0,3,6.0,6.0,9
Brooks Nader_S33,Brooks Nader,33,1,18.0,6.0,3,6.0,6.0,10
Tori Spelling_S33,Tori Spelling,33,1,17.0,5.666666666666667,3,5.0,6.0,11
Reginald VelJohnson_S33,Reginald VelJohnson,33,1,16.0,5.333333333333333,3,5.0,6.0,12
Eric Roberts_S33,Eric Roberts,33,1,15.0,5.0,3,5.0,5.0,13
Chandler Kinney_S33,Chandler Kinney,33,2,24.0,8.0,3,8.0,8.0,1
Stephen Nedoroscik_S33,Stephen Nedoroscik,33,2,22.0,7.333333333333333,3,7.0,8.0,2
Dwight Howard _S33,Dwight Howard ,33,2,22.0,7.333333333333333,3,7.0,8.0,3
Joey Graziadei_S33,Joey Graziadei,33,2,22.0,7.333333333333333,3,7.0,8.0,4
Ilona Maher_S33,Ilona Maher,33,2,21.0,7.0,3,7.0,7.0,5
Phaedra Parks_S33,Phaedra Parks,33,2,21.0,7.0,3,7.0,7.0,6
Danny Amendola_S33,Danny Amendola,33,2,21.0,7.0,3,7.0,7.0,7
Brooks Nader_S33,Brooks Nader,33,2,20.0,6.666666666666667,3,6.0,7.0,8
Jenn Tran_S33,Jenn Tran,33,2,19.0,6.333333333333333,3,6.0,7.0,9
Tori Spelling_S33,Tori Spelling,33,2,19.0,6.333333333333333,3,6.0,7.0,10
Anna Delvey_S33,Anna Delvey,33,2,17.0,5.666666666666667,3,5.0,6.0,11
Eric Roberts_S33,Eric Roberts,33,2,15.0,5.0,3,4.0,6.0,12
Reginald VelJohnson_S33,Reginald VelJohnson,33,2,15.0,5.0,3,4.0,6.0,13
Joey Graziadei_S33,Joey Graziadei,33,3,35.0,8.75,4,8.5,9.0,1
Chandler Kinney_S33,Chandler Kinney,33,3,34.5,8.625,4,8.5,9.0,2
Stephen Nedoroscik_S33,Stephen Nedoroscik,33,3,31.0,7.75,4,7.5,8.0,3
Jenn Tran_S33,Jenn Tran,33,3,31.0,7.75,4,7.0,8.0,4
Brooks Nader_S33,Brooks Nader,33,3,30.5,7.625,4,7.5,8.0,5
Danny Amendola_S33,Danny Amendola,33,3,30.0,7.5,4,7.0,8.0,6
Phaedra Parks_S33,Phaedra Parks,33,3,28.0,7.0,4,6.0,7.5,7
Ilona Maher_S33,Ilona Maher,33,3,28.0,7.0,4,6.5,7.5,8
Dwight Howard _S33,Dwight Howard ,33,3,26.0,6.5,4,6.0,7.0,9
Eric Roberts_S33,Eric Roberts,33,3,23.0,5.75,4,5.5,6.5,10
Reginald VelJohnson_S33,Reginald VelJohnson,33,3,21.0,5.25,4,5.0,6.0,11
Danny Amendola_S33,Danny Amendola,33,4,36.0,9.0,4,9.0,9.0,1
Joey Graziadei_S33,Joey Graziadei,33,4,36.0,9.0,4,9.0,9.0,2
Stephen Nedoroscik_S33,Stephen Nedoroscik,33,4,33.0,8.25,4,8.0,9.0,3
Jenn Tran_S33,Jenn Tran,33,4,32.0,8.0,4,8.0,8.0,4
Brooks Nader_S33,Brooks Nader,33,4,32.0,8.0,4,8.0,8.0,5
Phaedra Parks_S33,Phaedra Parks,33,4,32.0,8.0,4,8.0,8.0,6
Chandler Kinney_S33,Chandler Kinney,33,4,32.0,8.0,4,8.0,8.0,7
Ilona Maher_S33,Ilona Maher,33,4,32.0,8.0,4,8.0,8.0,8
Dwight Howard _S33,Dwight Howard ,33,4,29.0,7.25,4,7.0,8.0,9
Chandler Kinney_S33,Chandler Kinney,33,5,27.0,9.0,3,9.0,9.0,1
Ilona Maher_S33,Ilona Maher,33,5,26.0,8.666666666666666,3,8.5,9.0,2
Joey Graziadei_S33,Joey Graziadei,33,5,26.0,8.666666666666666,3,8.5,9.0,3
Jenn Tran_S33,Jenn Tran,33,5,25.5,8.5,3,8.5,8.5,4
Danny Amendola_S33,Danny Amendola,33,5,25.5,8.5,3,8.5,8.5,5
Dwight Howard _S33,Dwight Howard ,33,5,24.0,8.0,3,8.0,8.0,6
Stephen Nedoroscik_S33,Stephen Nedoroscik,33,5,24.0,8.0,3,8.0,8.0,7
Phaedra Parks_S33,Phaedra Parks,33,5,24.0,8.0,3,8.0,8.0,8
Chandler Kinney_S33,Chandler Kinney,33,6,32.0,10.666666666666666,3,10.0,11.0,1
Joey Graziadei_S33,Joey Graziadei,33,6,32.0,10.666666666666666,3,10.0,11.0,2
Jenn Tran_S33,Jenn Tran,33,6,31.0,10.333333333333334,3,10.0,11.0,3
Dwight Howard _S33,Dwight Howard ,33,6,31.0,10.333333333333334,3,10.0,11.0,4
Danny Amendola_S33,Danny Amendola,33,6,28.0,9.333333333333334,3,9.0,10.0,5
Stephen Nedoroscik_S33,Stephen Nedoroscik,33,6,28.0,9.333333333333334,3,9.0,10.0,6
Ilona Maher_S33,Ilona Maher,33,6,24.0,8.0,3,8.0,8.0,7
Chandler Kinney_S33,Chandler Kinney,33,7,30.0,10.0,3,10.0,10.0,1
Joey Graziadei_S33,Joey Graziadei,33,7,27.5,9.166666666666666,3,9.0,9.5,2
Stephen Nedoroscik_S33,Stephen Nedoroscik,33,7,27.0,9.0,3,8.5,9.5,3
Ilona Maher_S33,Ilona Maher,33,7,26.0,8.666666666666666,3,8.5,9.0,4
Danny Amendola_S33,Danny Amendola,33,7,25.5,8.5,3,8.5,8.5,5
Dwight Howard _S33,Dwight Howard ,33,7,24.0,8.0,3,8.0,8.0,6
Chandler Kinney_S33,Chandler Kinney,33,8,29.0,9.666666666666666,3,9.5,10.0,1
Joey Graziadei_S33,Joey Graziadei,33,8,29.0,9.666666666666666,3,9.5,10.0,2
Ilona Maher_S33,Ilona Maher,33,8,28.5,9.5,3,9.5,9.5,3
Danny Amendola_S33,Danny Amendola,33,8,27.0,9.0,3,9.0,9.0,4
Stephen Nedoroscik_S33,Stephen Nedoroscik,33,8,26.5,8.833333333333334,3,8.5,9.0,5
Chandler Kinney_S33,Chandler Kinney,33,9,30.0,10.0,3,10.0,10.0,1
Stephen Nedoroscik_S33,Stephen Nedoroscik,33,9,29.5,9.833333333333334,3,9.5,10.0,2
Joey Graziadei_S33,Joey Graziadei,33,9,29.5,9.833333333333334,3,9.5,10.0,3
Ilona Maher_S33,Ilona Maher,33,9,28.5,9.5,3,9.5,9.5,4
Danny Amendola_S33,Danny Amendola,33,9,28.0,9.333333333333334,3,9.0,9.5,5
Robert Irwin_S34,Robert Irwin,34,1,15.0,7.5,2,7.0,8.0,1
Whitney Leavitt_S34,Whitney Leavitt,34,1,15.0,7.5,2,7.0,8.0,2
Hilaria Baldwin_S34,Hilaria Baldwin,34,1,14.0,7.0,2,7.0,7.0,3
Alix Earle_S34,Alix Earle,34,1,13.0,6.5,2,6.0,7.0,4
Lauren Jauregui_S34,Lauren Jauregui,34,1,13.0,6.5,2,6.0,7.0,5
Elaine Hendrix_S34,Elaine Hendrix,34,1,12.0,6.0,2,6.0,6.0,6
Danielle Fishel_S34,Danielle Fishel,34,1,12.0,6.0,2,6.0,6.0,7
Jen Affleck_S34,Jen Affleck,34,1,12.0,6.0,2,6.0,6.0,8
Baron Davis_S34,Baron Davis,34,1,10.0,5.0,2,5.0,5.0,9
Jordan Chiles_S34,Jordan Chiles,34,1,10.0,5.0,2,5.0,5.0,10
Dylan Efron_S34,Dylan Efron,34,1,10.0,5.0,2,5.0,5.0,11
Scott Hoying_S34,Scott Hoying,34,1,10.0,5.0,2,5.0,5.0,12
Andy Richter_S34,Andy Richter,34,1,9.0,4.5,2,4.0,5.0,13
Corey Feldman_S34,Corey Feldman,34,1,9.0,4.5,2,4.0,5.0,14
Robert Irwin_S34,Robert Irwin,34,2,22.0,7.333333333333333,3,7.0,8.0,1
Jordan Chiles_S34,Jordan Chiles,34,2,22.0,7.333333333333333,3,7.0,8.0,2
Whitney Leavitt_S34,Whitney Leavitt,34,2,22.0,7.333333333333333,3,7.0,8.0,3
Jen Affleck_S34,Jen Affleck,34,2,22.0,7.333333333333333,3,7.0,8.0,4
Elaine Hendrix_S34,Elaine Hendrix,34,2,21.0,7.0,3,7.0,7.0,5
Lauren Jauregui_S34,Lauren Jauregui,34,2,21.0,7.0,3,7.0,7.0,6
Hilaria Baldwin_S34,Hilaria Baldwin,34,2,21.0,7.0,3,7.0,7.0,7
Alix Earle_S34,Alix Earle,34,2,21.0,7.0,3,7.0,7.0,8
Dylan Efron_S34,Dylan Efron,34,2,20.0,6.666666666666667,3,6.0,7.0,9
Danielle Fishel_S34,Danielle Fishel,34,2,19.0,6.333333333333333,3,6.0,7.0,10
Scott Hoying_S34,Scott Hoying,34,2,18.0,6.0,3,6.0,6.0,11
Baron Davis_S34,Baron Davis,34,2,18.0,6.0,3,6.0,6.0,12
Andy Richter_S34,Andy Richter,34,2,16.0,5.333333333333333,3,5.0,6.0,13
Corey Feldman_S34,Corey Feldman,34,2,15.0,5.0,3,5.0,5.0,14
Whitney Leavitt_S34,Whitney Leavitt,34,3,24.0,8.0,3,8.0,8.0,1
Jordan Chiles_S34,Jordan Chiles,34,3,24.0,8.0,3,8.0,8.0,2
Alix Earle_S34,Alix Earle,34,3,23.0,7.666666666666667,3,7.0,8.0,3
Dylan Efron_S34,Dylan Efron,34,3,23.0,7.666666666666667,3,7.0,8.0,4
Hilaria Baldwin_S34,Hilaria Baldwin,34,3,22.0,7.333333333333333,3,7.0,8.0,5
Robert Irwin_S34,Robert Irwin,34,3,22.0,7.333333333333333,3,7.0,8.0,6
Scott Hoying_S34,Scott Hoying,34,3,22.0,7.333333333333333,3,7.0,8.0,7
Elaine Hendrix_S34,Elaine Hendrix,34,3,21.0,7.0,3,7.0,7.0,8
Danielle Fishel_S34,Danielle Fishel,34,3,21.0,7.0,3,7.0,7.0,9
Jen Affleck_S34,Jen Affleck,34,3,19.0,6.333333333333333,3,6.0,7.0,10
Lauren Jauregui_S34,Lauren Jauregui,34,3,18.0,6.0,3,6.0,6.0,11
Andy Richter_S34,Andy Richter,34,3,18.0,6.0,3,6.0,6.0,12
Whitney Leavitt_S34,Whitney Leavitt,34,4,25.0,8.333333333333334,3,8.0,9.0,1
Alix Earle_S34,Alix Earle,34,4,24.0,8.0,3,8.0,8.0,2
Jordan Chiles_S34,Jordan Chiles,34,4,24.0,8.0,3,8.0,8.0,3
Elaine Hendrix_S34,Elaine Hendrix,34,4,24.0,8.0,3,8.0,8.0,4
Dylan Efron_S34,Dylan Efron,34,4,23.0,7.666666666666667,3,7.0,8.0,5
Hilaria Baldwin_S34,Hilaria Baldwin,34,4,23.0,7.666666666666667,3,7.0,8.0,6
Jen Affleck_S34,Jen Affleck,34,4,23.0,7.666666666666667,3,7.0,8.0,7
Robert Irwin_S34,Robert Irwin,34,4,22.0,7.333333333333333,3,7.0,8.0,8
Scott Hoying_S34,Scott Hoying,34,4,21.0,7.0,3,7.0,7.0,9
Danielle Fishel_S34,Danielle Fishel,34,4,21.0,7.0,3,7.0,7.0,10
Andy Richter_S34,Andy Richter,34,4,18.0,6.0,3,6.0,6.0,11
Dylan Efron_S34,Dylan Efron,34,5,36.0,9.0,4,9.0,9.0,1
Alix Earle_S34,Alix Earle,34,5,35.0,8.75,4,8.0,9.0,2
Robert Irwin_S34,Robert Irwin,34,5,35.0,8.75,4,8.0,9.0,3
Whitney Leavitt_S34,Whitney Leavitt,34,5,33.0,8.25,4,8.0,9.0,4
Jordan Chiles_S34,Jordan Chiles,34,5,32.0,8.0,4,8.0,8.0,5
Elaine Hendrix_S34,Elaine Hendrix,34,5,30.0,7.5,4,7.0,8.0,6
Scott Hoying_S34,Scott Hoying,34,5,30.0,7.5,4,7.0,8.0,7
Jen Affleck_S34,Jen Affleck,34,5,29.0,7.25,4,7.0,8.0,8
Danielle Fishel_S34,Danielle Fishel,34,5,29.0,7.25,4,7.0,8.0,9
Andy Richter_S34,Andy Richter,34,5,24.0,6.0,4,6.0,6.0,10
Jordan Chiles_S34,Jordan Chiles,34,6,39.0,9.75,4,9.0,10.0,1
Whitney Leavitt_S34,Whitney Leavitt,34,6,39.0,9.75,4,9.0,10.0,2
Danielle Fishel_S34,Danielle Fishel,34,6,36.0,9.0,4,9.0,9.0,3
Robert Irwin_S34,Robert Irwin,34,6,36.0,9.0,4,9.0,9.0,4
Elaine Hendrix_S34,Elaine Hendrix,34,6,36.0,9.0,4,9.0,9.0,5
Alix Earle_S34,Alix Earle,34,6,35.0,8.75,4,8.0,9.0,6
Jen Affleck_S34,Jen Affleck,34,6,32.0,8.0,4,8.0,8.0,7
Dylan Efron_S34,Dylan Efron,34,6,32.0,8.0,4,8.0,8.0,8
Scott Hoying_S34,Scott Hoying,34,6,28.0,7.0,4,7.0,7.0,9
Andy Richter_S34,Andy Richter,34,6,27.0,6.75,4,6.0,7.0,10
Alix Earle_S34,Alix Earle,34,7,43.0,10.75,4,10.0,11.0,1
Whitney Leavitt_S34,Whitney Leavitt,34,7,42.0,10.5,4,10.25,11.25,2
Robert Irwin_S34,Robert Irwin,34,7,41.0,10.25,4,9.75,10.75,3
Dylan Efron_S34,Dylan Efron,34,7,38.0,9.5,4,8.75,9.75,4
Jordan Chiles_S34,Jordan Chiles,34,7,38.0,9.5,4,9.0,10.0,5
Danielle Fishel_S34,Danielle Fishel,34,7,35.0,8.75,4,8.5,9.5,6
Jen Affleck_S34,Jen Affleck,34,7,34.0,8.5,4,8.5,8.5,7
Elaine Hendrix_S34,Elaine Hendrix,34,7,32.0,8.0,4,8.0,8.0,8
Andy Richter_S34,Andy Richter,34,7,29.0,7.25,4,7.25,7.25,9
Whitney Leavitt_S34,Whitney Leavitt,34,8,39.5,9.875,4,9.5,10.0,1
Jordan Chiles_S34,Jordan Chiles,34,8,39.0,9.75,4,9.5,10.0,2
Alix Earle_S34,Alix Earle,34,8,38.5,9.625,4,9.5,10.0,3
Dylan Efron_S34,Dylan Efron,34,8,38.0,9.5,4,9.0,10.0,4
Robert Irwin_S34,Robert Irwin,34,8,38.0,9.5,4,9.0,10.0,5
Elaine Hendrix_S34,Elaine Hendrix,34,8,37.5,9.375,4,9.0,10.0,6
Danielle Fishel_S34,Danielle Fishel,34,8,37.0,9.25,4,9.0,9.5,7
Andy Richter_S34,Andy Richter,34,8,34.0,8.5,4,8.0,9.5,8
Whitney Leavitt_S34,Whitney Leavitt,34,9,42.0,10.5,4,10.5,10.5,1
Dylan Efron_S34,Dylan Efron,34,9,42.0,10.5,4,10.5,10.5,2
Robert Irwin_S34,Robert Irwin,34,9,42.0,10.5,4,10.5,10.5,3
Alix Earle_S34,Alix Earle,34,9,40.0,10.0,4,10.0,10.0,4
Jordan Chiles_S34,Jordan Chiles,34,9,39.0,9.75,4,9.5,10.5,5
Elaine Hendrix_S34,Elaine Hendrix,34,9,36.0,9.0,4,9.0,9.0,6
Andy Richter_S34,Andy Richter,34,9,29.0,7.25,4,7.0,8.0,7
Robert Irwin_S34,Robert Irwin,34,10,29.5,9.833333333333334,3,9.5,10.0,1
Alix Earle_S34,Alix Earle,34,10,29.0,9.666666666666666,3,9.5,10.0,2
Whitney Leavitt_S34,Whitney Leavitt,34,10,29.0,9.666666666666666,3,9.0,10.0,3
Jordan Chiles_S34,Jordan Chiles,34,10,28.5,9.5,3,9.5,9.5,4
Elaine Hendrix_S34,Elaine Hendrix,34,10,28.5,9.5,3,9.5,9.5,5
Dylan Efron_S34,Dylan Efron,34,10,27.5,9.166666666666666,3,9.0,9.5,6
Alix Earle_S34,Alix Earle,34,11,30.0,10.0,3,10.0,10.0,1
Robert Irwin_S34,Robert Irwin,34,11,29.666600000000003,9.888866666666667,3,9.6666,10.0,2
Jordan Chiles_S34,Jordan Chiles,34,11,29.666600000000003,9.888866666666667,3,9.6666,10.0,3
Dylan Efron_S34,Dylan Efron,34,11,29.3332,9.777733333333334,3,9.6666,10.0,4
Elaine Hendrix_S34,Elaine Hendrix,34,11,28.9998,9.6666,3,9.6666,9.6666,5
