season,week,contestant_id,judges_score
1,1,Evander Holyfield_S1,18.0
1,1,Joey McIntyre_S1,20.0
1,1,John O'Hurley_S1,20.0
1,1,Kelly Monaco_S1,13.0
1,1,Rachel Hunter_S1,20.0
1,1,Trista Sutter_S1,18.0
1,2,Evander Holyfield_S1,14.0
1,2,Joey McIntyre_S1,21.0
1,2,John O'Hurley_S1,26.0
1,2,Kelly Monaco_S1,17.0
1,2,Rachel Hunter_S1,24.0
1,2,Trista Sutter_S1,19.0
1,3,Evander Holyfield_S1,13.0
1,3,Joey McIntyre_S1,22.0
1,3,John O'Hurley_S1,24.0
1,3,Kelly Monaco_S1,21.0
1,3,Rachel Hunter_S1,26.0
1,3,Trista Sutter_S1,0.0
1,4,Evander Holyfield_S1,0.0
1,4,Joey McIntyre_S1,20.0
1,4,John O'Hurley_S1,21.0
1,4,Kelly Monaco_S1,26.0
1,4,Rachel Hunter_S1,25.0
1,4,Trista Sutter_S1,0.0
1,5,Evander Holyfield_S1,0.0
1,5,Joey McIntyre_S1,22.5
1,5,John O'Hurley_S1,27.0
1,5,Kelly Monaco_S1,23.5
1,5,Rachel Hunter_S1,0.0
1,5,Trista Sutter_S1,0.0
1,6,Evander Holyfield_S1,0.0
1,6,Joey McIntyre_S1,0.0
1,6,John O'Hurley_S1,27.0
1,6,Kelly Monaco_S1,27.5
1,6,Rachel Hunter_S1,0.0
1,6,Trista Sutter_S1,0.0
2,1,Drew Lachey_S2,24.0
2,1,George Hamilton_S2,18.0
2,1,Giselle Fernandez_S2,23.0
2,1,Jerry Rice_S2,21.0
2,1,Kenny Mayne_S2,13.0
2,1,Lisa Rinna_S2,19.0
2,1,Master P_S2,12.0
2,1,Stacy Keibler_S2,22.0
2,1,Tatum O'Neal_S2,23.0
2,1,Tia Carrere_S2,20.0
2,2,Drew Lachey_S2,27.0
2,2,George Hamilton_S2,22.0
2,2,Giselle Fernandez_S2,24.0
2,2,Jerry Rice_S2,23.0
2,2,Kenny Mayne_S2,0.0
2,2,Lisa Rinna_S2,20.0
2,2,Master P_S2,16.0
2,2,Stacy Keibler_S2,29.0
2,2,Tatum O'Neal_S2,17.0
2,2,Tia Carrere_S2,22.0
2,3,Drew Lachey_S2,27.0
2,3,George Hamilton_S2,22.0
2,3,Giselle Fernandez_S2,22.0
2,3,Jerry Rice_S2,19.0
2,3,Kenny Mayne_S2,0.0
2,3,Lisa Rinna_S2,25.0
2,3,Master P_S2,14.0
2,3,Stacy Keibler_S2,27.0
2,3,Tatum O'Neal_S2,0.0
2,3,Tia Carrere_S2,26.0
2,4,Drew Lachey_S2,28.0
2,4,George Hamilton_S2,21.0
2,4,Giselle Fernandez_S2,0.0
2,4,Jerry Rice_S2,24.0
2,4,Kenny Mayne_S2,0.0
2,4,Lisa Rinna_S2,26.0
2,4,Master P_S2,8.0
2,4,Stacy Keibler_S2,26.0
2,4,Tatum O'Neal_S2,0.0
2,4,Tia Carrere_S2,25.0
2,5,Drew Lachey_S2,27.0
2,5,George Hamilton_S2,24.0
2,5,Giselle Fernandez_S2,0.0
2,5,Jerry Rice_S2,23.0
2,5,Kenny Mayne_S2,0.0
2,5,Lisa Rinna_S2,25.0
2,5,Master P_S2,0.0
2,5,Stacy Keibler_S2,30.0
2,5,Tatum O'Neal_S2,0.0
2,5,Tia Carrere_S2,22.0
2,6,Drew Lachey_S2,30.0
2,6,George Hamilton_S2,23.0
2,6,Giselle Fernandez_S2,0.0
2,6,Jerry Rice_S2,23.0
2,6,Kenny Mayne_S2,0.0
2,6,Lisa Rinna_S2,27.0
2,6,Master P_S2,0.0
2,6,Stacy Keibler_S2,30.0
2,6,Tatum O'Neal_S2,0.0
2,6,Tia Carrere_S2,0.0
2,7,Drew Lachey_S2,27.5
2,7,George Hamilton_S2,0.0
2,7,Giselle Fernandez_S2,0.0
2,7,Jerry Rice_S2,20.5
2,7,Kenny Mayne_S2,0.0
2,7,Lisa Rinna_S2,26.5
2,7,Master P_S2,0.0
2,7,Stacy Keibler_S2,27.5
2,7,Tatum O'Neal_S2,0.0
2,7,Tia Carrere_S2,0.0
2,8,Drew Lachey_S2,28.9998
2,8,George Hamilton_S2,0.0
2,8,Giselle Fernandez_S2,0.0
2,8,Jerry Rice_S2,26.666600000000003
2,8,Kenny Mayne_S2,0.0
2,8,Lisa Rinna_S2,0.0
2,8,Master P_S2,0.0
2,8,Stacy Keibler_S2,28.6665
2,8,Tatum O'Neal_S2,0.0
2,8,Tia Carrere_S2,0.0
3,1,Emmitt Smith_S3,24.0
3,1,Harry Hamlin_S3,17.0
3,1,Jerry Springer_S3,16.0
3,1,Joey Lawrence_S3,21.0
3,1,Mario Lopez_S3,26.0
3,1,Monique Coleman_S3,19.0
3,1,Sara Evans_S3,15.0
3,1,Shanna Moakler_S3,18.0
3,1,Tucker Carlson_S3,12.0
3,1,Vivica A. Fox_S3,22.0
3,1,Willa Ford_S3,22.0
3,2,Emmitt Smith_S3,24.0
3,2,Harry Hamlin_S3,21.0
3,2,Jerry Springer_S3,19.0
3,2,Joey Lawrence_S3,29.0
3,2,Mario Lopez_S3,21.0
3,2,Monique Coleman_S3,26.0
3,2,Sara Evans_S3,21.0
3,2,Shanna Moakler_S3,22.0
3,2,Tucker Carlson_S3,0.0
3,2,Vivica A. Fox_S3,24.0
3,2,Willa Ford_S3,23.0
3,3,Emmitt Smith_S3,19.0
3,3,Harry Hamlin_S3,22.0
3,3,Jerry Springer_S3,21.0
3,3,Joey Lawrence_S3,22.0
3,3,Mario Lopez_S3,22.0
3,3,Monique Coleman_S3,27.0
3,3,Sara Evans_S3,25.0
3,3,Shanna Moakler_S3,0.0
3,3,Tucker Carlson_S3,0.0
3,3,Vivica A. Fox_S3,27.0
3,3,Willa Ford_S3,22.0
3,4,Emmitt Smith_S3,24.0
3,4,Harry Hamlin_S3,0.0
3,4,Jerry Springer_S3,22.0
3,4,Joey Lawrence_S3,27.0
3,4,Mario Lopez_S3,29.0
3,4,Monique Coleman_S3,24.0
3,4,Sara Evans_S3,20.0
3,4,Shanna Moakler_S3,0.0
3,4,Tucker Carlson_S3,0.0
3,4,Vivica A. Fox_S3,24.0
3,4,Willa Ford_S3,28.0
3,5,Emmitt Smith_S3,27.0
3,5,Harry Hamlin_S3,0.0
3,5,Jerry Springer_S3,24.0
3,5,Joey Lawrence_S3,25.0
3,5,Mario Lopez_S3,27.0
3,5,Monique Coleman_S3,27.0
3,5,Sara Evans_S3,24.0
3,5,Shanna Moakler_S3,0.0
3,5,Tucker Carlson_S3,0.0
3,5,Vivica A. Fox_S3,0.0
3,5,Willa Ford_S3,27.0
3,6,Emmitt Smith_S3,25.0
3,6,Harry Hamlin_S3,0.0
3,6,Jerry Springer_S3,18.0
3,6,Joey Lawrence_S3,24.0
3,6,Mario Lopez_S3,28.0
3,6,Monique Coleman_S3,23.0
3,6,Sara Evans_S3,0.0
3,6,Shanna Moakler_S3,0.0
3,6,Tucker Carlson_S3,0.0
3,6,Vivica A. Fox_S3,0.0
3,6,Willa Ford_S3,0.0
3,7,Emmitt Smith_S3,28.5
3,7,Harry Hamlin_S3,0.0
3,7,Jerry Springer_S3,23.0
3,7,Joey Lawrence_S3,28.5
3,7,Mario Lopez_S3,28.0
3,7,Monique Coleman_S3,27.0
3,7,Sara Evans_S3,0.0
3,7,Shanna Moakler_S3,0.0
3,7,Tucker Carlson_S3,0.0
3,7,Vivica A. Fox_S3,0.0
3,7,Willa Ford_S3,0.0
3,8,Emmitt Smith_S3,27.0
3,8,Harry Hamlin_S3,0.0
3,8,Jerry Springer_S3,0.0
3,8,Joey Lawrence_S3,27.0
3,8,Mario Lopez_S3,28.5
3,8,Monique Coleman_S3,26.5
3,8,Sara Evans_S3,0.0
3,8,Shanna Moakler_S3,0.0
3,8,Tucker Carlson_S3,0.0
3,8,Vivica A. Fox_S3,0.0
3,8,Willa Ford_S3,0.0
3,9,Emmitt Smith_S3,29.5
3,9,Harry Hamlin_S3,0.0
3,9,Jerry Springer_S3,0.0
3,9,Joey Lawrence_S3,29.5
3,9,Mario Lopez_S3,29.5
3,9,Monique Coleman_S3,0.0
3,9,Sara Evans_S3,0.0
3,9,Shanna Moakler_S3,0.0
3,9,Tucker Carlson_S3,0.0
3,9,Vivica A. Fox_S3,0.0
3,9,Willa Ford_S3,0.0
3,10,Emmitt Smith_S3,29.666600000000003
3,10,Harry Hamlin_S3,0.0
3,10,Jerry Springer_S3,0.0
3,10,Joey Lawrence_S3,0.0
3,10,Mario Lopez_S3,29.666600000000003
3,10,Monique Coleman_S3,0.0
3,10,Sara Evans_S3,0.0
3,10,Shanna Moakler_S3,0.0
3,10,Tucker Carlson_S3,0.0
3,10,Vivica A. Fox_S3,0.0
3,10,Willa Ford_S3,0.0
4,1,Apolo Anton Ohno_S4,21.0
4,1,Billy Ray Cyrus_S4,13.0
4,1,Clyde Drexler_S4,16.0
4,1,Heather Mills_S4,18.0
4,1,Ian Ziering_S4,21.0
4,1,Joey Fatone_S4,24.0
4,1,John Ratzenberger_S4,17.0
4,1,Laila Ali_S4,23.0
4,1,Leeza Gibbons_S4,15.0
4,1,Paulina Porizkova_S4,19.0
4,1,Shandi Finnessey_S4,19.0
4,2,Apolo Anton Ohno_S4,26.0
4,2,Billy Ray Cyrus_S4,21.0
4,2,Clyde Drexler_S4,18.0
4,2,Heather Mills_S4,24.0
4,2,Ian Ziering_S4,22.0
4,2,Joey Fatone_S4,24.0
4,2,John Ratzenberger_S4,21.0
4,2,Laila Ali_S4,27.0
4,2,Leeza Gibbons_S4,21.0
4,2,Paulina Porizkova_S4,21.0
4,2,Shandi Finnessey_S4,20.0
4,3,Apolo Anton Ohno_S4,23.0
4,3,Billy Ray Cyrus_S4,21.0
4,3,Clyde Drexler_S4,16.0
4,3,Heather Mills_S4,24.0
4,3,Ian Ziering_S4,24.0
4,3,Joey Fatone_S4,24.0
4,3,John Ratzenberger_S4,20.0
4,3,Laila Ali_S4,21.0
4,3,Leeza Gibbons_S4,24.0
4,3,Paulina Porizkova_S4,0.0
4,3,Shandi Finnessey_S4,21.0
4,4,Apolo Anton Ohno_S4,26.0
4,4,Billy Ray Cyrus_S4,21.0
4,4,Clyde Drexler_S4,15.0
4,4,Heather Mills_S4,23.0
4,4,Ian Ziering_S4,24.0
4,4,Joey Fatone_S4,28.0
4,4,John Ratzenberger_S4,16.0
4,4,Laila Ali_S4,21.0
4,4,Leeza Gibbons_S4,16.0
4,4,Paulina Porizkova_S4,0.0
4,4,Shandi Finnessey_S4,0.0
4,5,Apolo Anton Ohno_S4,30.0
4,5,Billy Ray Cyrus_S4,17.0
4,5,Clyde Drexler_S4,13.0
4,5,Heather Mills_S4,21.0
4,5,Ian Ziering_S4,24.0
4,5,Joey Fatone_S4,25.0
4,5,John Ratzenberger_S4,18.0
4,5,Laila Ali_S4,28.0
4,5,Leeza Gibbons_S4,0.0
4,5,Paulina Porizkova_S4,0.0
4,5,Shandi Finnessey_S4,0.0
4,6,Apolo Anton Ohno_S4,28.0
4,6,Billy Ray Cyrus_S4,21.0
4,6,Clyde Drexler_S4,0.0
4,6,Heather Mills_S4,23.0
4,6,Ian Ziering_S4,24.0
4,6,Joey Fatone_S4,27.0
4,6,John Ratzenberger_S4,19.0
4,6,Laila Ali_S4,28.0
4,6,Leeza Gibbons_S4,0.0
4,6,Paulina Porizkova_S4,0.0
4,6,Shandi Finnessey_S4,0.0
4,7,Apolo Anton Ohno_S4,27.0
4,7,Billy Ray Cyrus_S4,19.0
4,7,Clyde Drexler_S4,0.0
4,7,Heather Mills_S4,0.0
4,7,Ian Ziering_S4,27.0
4,7,Joey Fatone_S4,29.5
4,7,John Ratzenberger_S4,22.5
4,7,Laila Ali_S4,29.5
4,7,Leeza Gibbons_S4,0.0
4,7,Paulina Porizkova_S4,0.0
4,7,Shandi Finnessey_S4,0.0
4,8,Apolo Anton Ohno_S4,29.0
4,8,Billy Ray Cyrus_S4,19.0
4,8,Clyde Drexler_S4,0.0
4,8,Heather Mills_S4,0.0
4,8,Ian Ziering_S4,23.5
4,8,Joey Fatone_S4,27.5
4,8,John Ratzenberger_S4,0.0
4,8,Laila Ali_S4,26.5
4,8,Leeza Gibbons_S4,0.0
4,8,Paulina Porizkova_S4,0.0
4,8,Shandi Finnessey_S4,0.0
4,9,Apolo Anton Ohno_S4,29.5
4,9,Billy Ray Cyrus_S4,0.0
4,9,Clyde Drexler_S4,0.0
4,9,Heather Mills_S4,0.0
4,9,Ian Ziering_S4,29.0
4,9,Joey Fatone_S4,30.0
4,9,John Ratzenberger_S4,0.0
4,9,Laila Ali_S4,30.0
4,9,Leeza Gibbons_S4,0.0
4,9,Paulina Porizkova_S4,0.0
4,9,Shandi Finnessey_S4,0.0
4,10,Apolo Anton Ohno_S4,29.3332
4,10,Billy Ray Cyrus_S4,0.0
4,10,Clyde Drexler_S4,0.0
4,10,Heather Mills_S4,0.0
4,10,Ian Ziering_S4,0.0
4,10,Joey Fatone_S4,28.6665
4,10,John Ratzenberger_S4,0.0
4,10,Laila Ali_S4,28.3332
4,10,Leeza Gibbons_S4,0.0
4,10,Paulina Porizkova_S4,0.0
4,10,Shandi Finnessey_S4,0.0
5,1,Albert Reed_S5,21.0
5,1,Cameron Mathison_S5,21.0
5,1,Floyd Mayweather Jr. _S5,18.0
5,1,Helio Castroneves_S5,25.0
5,1,Jane Seymour_S5,24.0
5,1,Jennie Garth_S5,21.0
5,1,Josie Maran_S5,16.0
5,1,Marie Osmond_S5,21.0
5,1,Mark Cuban_S5,21.0
5,1,Mel B_S5,24.0
5,1,Sabrina Bryan_S5,26.0
5,1,Wayne Newton_S5,19.0
5,2,Albert Reed_S5,21.0
5,2,Cameron Mathison_S5,21.0
5,2,Floyd Mayweather Jr. _S5,21.0
5,2,Helio Castroneves_S5,27.0
5,2,Jane Seymour_S5,21.0
5,2,Jennie Garth_S5,21.0
5,2,Josie Maran_S5,0.0
5,2,Marie Osmond_S5,24.0
5,2,Mark Cuban_S5,18.0
5,2,Mel B_S5,23.0
5,2,Sabrina Bryan_S5,26.0
5,2,Wayne Newton_S5,15.0
5,3,Albert Reed_S5,0.0
5,3,Cameron Mathison_S5,23.0
5,3,Floyd Mayweather Jr. _S5,21.0
5,3,Helio Castroneves_S5,24.0
5,3,Jane Seymour_S5,27.0
5,3,Jennie Garth_S5,26.0
5,3,Josie Maran_S5,0.0
5,3,Marie Osmond_S5,26.0
5,3,Mark Cuban_S5,20.0
5,3,Mel B_S5,27.0
5,3,Sabrina Bryan_S5,27.0
5,3,Wayne Newton_S5,18.0
5,4,Albert Reed_S5,0.0
5,4,Cameron Mathison_S5,27.0
5,4,Floyd Mayweather Jr. _S5,23.0
5,4,Helio Castroneves_S5,27.0
5,4,Jane Seymour_S5,26.0
5,4,Jennie Garth_S5,27.0
5,4,Josie Maran_S5,0.0
5,4,Marie Osmond_S5,26.0
5,4,Mark Cuban_S5,22.0
5,4,Mel B_S5,26.0
5,4,Sabrina Bryan_S5,30.0
5,4,Wayne Newton_S5,0.0
5,5,Albert Reed_S5,0.0
5,5,Cameron Mathison_S5,26.0
5,5,Floyd Mayweather Jr. _S5,0.0
5,5,Helio Castroneves_S5,23.0
5,5,Jane Seymour_S5,26.0
5,5,Jennie Garth_S5,25.0
5,5,Josie Maran_S5,0.0
5,5,Marie Osmond_S5,21.0
5,5,Mark Cuban_S5,21.0
5,5,Mel B_S5,29.0
5,5,Sabrina Bryan_S5,28.0
5,5,Wayne Newton_S5,0.0
5,6,Albert Reed_S5,0.0
5,6,Cameron Mathison_S5,25.0
5,6,Floyd Mayweather Jr. _S5,0.0
5,6,Helio Castroneves_S5,28.0
5,6,Jane Seymour_S5,22.0
5,6,Jennie Garth_S5,27.0
5,6,Josie Maran_S5,0.0
5,6,Marie Osmond_S5,23.0
5,6,Mark Cuban_S5,0.0
5,6,Mel B_S5,30.0
5,6,Sabrina Bryan_S5,25.0
5,6,Wayne Newton_S5,0.0
5,7,Albert Reed_S5,0.0
5,7,Cameron Mathison_S5,25.5
5,7,Floyd Mayweather Jr. _S5,0.0
5,7,Helio Castroneves_S5,26.0
5,7,Jane Seymour_S5,25.0
5,7,Jennie Garth_S5,26.5
5,7,Josie Maran_S5,0.0
5,7,Marie Osmond_S5,26.0
5,7,Mark Cuban_S5,0.0
5,7,Mel B_S5,27.0
5,7,Sabrina Bryan_S5,0.0
5,7,Wayne Newton_S5,0.0
5,8,Albert Reed_S5,0.0
5,8,Cameron Mathison_S5,25.5
5,8,Floyd Mayweather Jr. _S5,0.0
5,8,Helio Castroneves_S5,28.5
5,8,Jane Seymour_S5,0.0
5,8,Jennie Garth_S5,25.0
5,8,Josie Maran_S5,0.0
5,8,Marie Osmond_S5,24.5
5,8,Mark Cuban_S5,0.0
5,8,Mel B_S5,28.0
5,8,Sabrina Bryan_S5,0.0
5,8,Wayne Newton_S5,0.0
5,9,Albert Reed_S5,0.0
5,9,Cameron Mathison_S5,0.0
5,9,Floyd Mayweather Jr. _S5,0.0
5,9,Helio Castroneves_S5,30.0
5,9,Jane Seymour_S5,0.0
5,9,Jennie Garth_S5,29.0
5,9,Josie Maran_S5,0.0
5,9,Marie Osmond_S5,28.0
5,9,Mark Cuban_S5,0.0
5,9,Mel B_S5,30.0
5,9,Sabrina Bryan_S5,0.0
5,9,Wayne Newton_S5,0.0
5,10,Albert Reed_S5,0.0
5,10,Cameron Mathison_S5,0.0
5,10,Floyd Mayweather Jr. _S5,0.0
5,10,Helio Castroneves_S5,27.9999
5,10,Jane Seymour_S5,0.0
5,10,Jennie Garth_S5,0.0
5,10,Josie Maran_S5,0.0
5,10,Marie Osmond_S5,23.0
5,10,Mark Cuban_S5,0.0
5,10,Mel B_S5,28.333199999999998
5,10,Sabrina Bryan_S5,0.0
5,10,Wayne Newton_S5,0.0
6,1,Adam Carolla_S6,15.0
6,1,Cristian de la Fuente_S6,21.0
6,1,Jason Taylor_S6,22.0
6,1,Kristi Yamaguchi_S6,27.0
6,1,Mario_S6,24.0
6,1,Marissa Jaret Winokur_S6,18.0
6,1,Marlee Matlin_S6,22.0
6,1,Monica Seles_S6,15.0
6,1,Penn Jillette_S6,16.0
6,1,Priscilla Presley_S6,24.0
6,1,Shannon Elizabeth_S6,21.0
6,1,Steve Guttenberg_S6,18.0
6,2,Adam Carolla_S6,19.0
6,2,Cristian de la Fuente_S6,20.0
6,2,Jason Taylor_S6,27.0
6,2,Kristi Yamaguchi_S6,27.0
6,2,Mario_S6,26.0
6,2,Marissa Jaret Winokur_S6,21.0
6,2,Marlee Matlin_S6,24.0
6,2,Monica Seles_S6,15.0
6,2,Penn Jillette_S6,17.0
6,2,Priscilla Presley_S6,21.0
6,2,Shannon Elizabeth_S6,24.0
6,2,Steve Guttenberg_S6,16.0
6,3,Adam Carolla_S6,21.0
6,3,Cristian de la Fuente_S6,25.0
6,3,Jason Taylor_S6,23.0
6,3,Kristi Yamaguchi_S6,27.0
6,3,Mario_S6,21.0
6,3,Marissa Jaret Winokur_S6,19.0
6,3,Marlee Matlin_S6,21.0
6,3,Monica Seles_S6,0.0
6,3,Penn Jillette_S6,0.0
6,3,Priscilla Presley_S6,26.0
6,3,Shannon Elizabeth_S6,24.0
6,3,Steve Guttenberg_S6,21.0
6,4,Adam Carolla_S6,19.0
6,4,Cristian de la Fuente_S6,26.0
6,4,Jason Taylor_S6,29.0
6,4,Kristi Yamaguchi_S6,29.0
6,4,Mario_S6,24.0
6,4,Marissa Jaret Winokur_S6,24.0
6,4,Marlee Matlin_S6,24.0
6,4,Monica Seles_S6,0.0
6,4,Penn Jillette_S6,0.0
6,4,Priscilla Presley_S6,22.0
6,4,Shannon Elizabeth_S6,28.0
6,4,Steve Guttenberg_S6,0.0
6,5,Adam Carolla_S6,0.0
6,5,Cristian de la Fuente_S6,23.0
6,5,Jason Taylor_S6,27.0
6,5,Kristi Yamaguchi_S6,29.0
6,5,Mario_S6,27.0
6,5,Marissa Jaret Winokur_S6,24.0
6,5,Marlee Matlin_S6,22.0
6,5,Monica Seles_S6,0.0
6,5,Penn Jillette_S6,0.0
6,5,Priscilla Presley_S6,21.0
6,5,Shannon Elizabeth_S6,23.0
6,5,Steve Guttenberg_S6,0.0
6,6,Adam Carolla_S6,0.0
6,6,Cristian de la Fuente_S6,27.0
6,6,Jason Taylor_S6,24.0
6,6,Kristi Yamaguchi_S6,30.0
6,6,Mario_S6,28.0
6,6,Marissa Jaret Winokur_S6,26.0
6,6,Marlee Matlin_S6,21.0
6,6,Monica Seles_S6,0.0
6,6,Penn Jillette_S6,0.0
6,6,Priscilla Presley_S6,0.0
6,6,Shannon Elizabeth_S6,24.0
6,6,Steve Guttenberg_S6,0.0
6,7,Adam Carolla_S6,0.0
6,7,Cristian de la Fuente_S6,23.0
6,7,Jason Taylor_S6,27.5
6,7,Kristi Yamaguchi_S6,27.0
6,7,Mario_S6,25.5
6,7,Marissa Jaret Winokur_S6,26.0
6,7,Marlee Matlin_S6,0.0
6,7,Monica Seles_S6,0.0
6,7,Penn Jillette_S6,0.0
6,7,Priscilla Presley_S6,0.0
6,7,Shannon Elizabeth_S6,25.5
6,7,Steve Guttenberg_S6,0.0
6,8,Adam Carolla_S6,0.0
6,8,Cristian de la Fuente_S6,28.5
6,8,Jason Taylor_S6,26.0
6,8,Kristi Yamaguchi_S6,27.5
6,8,Mario_S6,26.5
6,8,Marissa Jaret Winokur_S6,25.0
6,8,Marlee Matlin_S6,0.0
6,8,Monica Seles_S6,0.0
6,8,Penn Jillette_S6,0.0
6,8,Priscilla Presley_S6,0.0
6,8,Shannon Elizabeth_S6,0.0
6,8,Steve Guttenberg_S6,0.0
6,9,Adam Carolla_S6,0.0
6,9,Cristian de la Fuente_S6,28.0
6,9,Jason Taylor_S6,27.5
6,9,Kristi Yamaguchi_S6,28.5
6,9,Mario_S6,0.0
6,9,Marissa Jaret Winokur_S6,26.0
6,9,Marlee Matlin_S6,0.0
6,9,Monica Seles_S6,0.0
6,9,Penn Jillette_S6,0.0
6,9,Priscilla Presley_S6,0.0
6,9,Shannon Elizabeth_S6,0.0
6,9,Steve Guttenberg_S6,0.0
6,10,Adam Carolla_S6,0.0
6,10,Cristian de la Fuente_S6,26.0
6,10,Jason Taylor_S6,28.5
6,10,Kristi Yamaguchi_S6,30.0
6,10,Mario_S6,0.0
6,10,Marissa Jaret Winokur_S6,0.0
6,10,Marlee Matlin_S6,0.0
6,10,Monica Seles_S6,0.0
6,10,Penn Jillette_S6,0.0
6,10,Priscilla Presley_S6,0.0
6,10,Shannon Elizabeth_S6,0.0
6,10,Steve Guttenberg_S6,0.0
7,1,Brooke Burke_S7,24.5
7,1,Cloris Leachman_S7,16.0
7,1,Cody Linley_S7,20.5
7,1,Jeffrey Ross_S7,12.0
7,1,Kim Kardashian_S7,18.5
7,1,Lance Bass_S7,21.5
7,1,Maurice Greene_S7,19.5
7,1,Misty May-Treanor_S7,21.0
7,1,Rocco DiSpirito_S7,17.5
7,1,Susan Lucci_S7,18.5
7,1,Ted McGinley_S7,18.5
7,1,Toni Braxton_S7,22.5
7,1,Warren Sapp_S7,21.5
7,2,Brooke Burke_S7,24.0
7,2,Cloris Leachman_S7,15.0
7,2,Cody Linley_S7,21.0
7,2,Jeffrey Ross_S7,0.0
7,2,Kim Kardashian_S7,17.0
7,2,Lance Bass_S7,20.0
7,2,Maurice Greene_S7,19.0
7,2,Misty May-Treanor_S7,21.0
7,2,Rocco DiSpirito_S7,16.0
7,2,Susan Lucci_S7,21.0
7,2,Ted McGinley_S7,0.0
7,2,Toni Braxton_S7,23.0
7,2,Warren Sapp_S7,24.0
7,3,Brooke Burke_S7,28.0
7,3,Cloris Leachman_S7,16.0
7,3,Cody Linley_S7,21.0
7,3,Jeffrey Ross_S7,0.0
7,3,Kim Kardashian_S7,0.0
7,3,Lance Bass_S7,22.0
7,3,Maurice Greene_S7,24.0
7,3,Misty May-Treanor_S7,0.0
7,3,Rocco DiSpirito_S7,20.0
7,3,Susan Lucci_S7,21.0
7,3,Ted McGinley_S7,0.0
7,3,Toni Braxton_S7,22.0
7,3,Warren Sapp_S7,25.0
7,4,Brooke Burke_S7,26.0
7,4,Cloris Leachman_S7,22.0
7,4,Cody Linley_S7,23.0
7,4,Jeffrey Ross_S7,0.0
7,4,Kim Kardashian_S7,0.0
7,4,Lance Bass_S7,26.0
7,4,Maurice Greene_S7,20.0
7,4,Misty May-Treanor_S7,0.0
7,4,Rocco DiSpirito_S7,18.0
7,4,Susan Lucci_S7,24.0
7,4,Ted McGinley_S7,0.0
7,4,Toni Braxton_S7,22.0
7,4,Warren Sapp_S7,22.0
7,5,Brooke Burke_S7,29.0
7,5,Cloris Leachman_S7,21.0
7,5,Cody Linley_S7,28.0
7,5,Jeffrey Ross_S7,0.0
7,5,Kim Kardashian_S7,0.0
7,5,Lance Bass_S7,21.0
7,5,Maurice Greene_S7,27.0
7,5,Misty May-Treanor_S7,0.0
7,5,Rocco DiSpirito_S7,0.0
7,5,Susan Lucci_S7,22.0
7,5,Ted McGinley_S7,0.0
7,5,Toni Braxton_S7,22.0
7,5,Warren Sapp_S7,25.0
7,6,Brooke Burke_S7,26.0
7,6,Cloris Leachman_S7,15.0
7,6,Cody Linley_S7,23.0
7,6,Jeffrey Ross_S7,0.0
7,6,Kim Kardashian_S7,0.0
7,6,Lance Bass_S7,27.0
7,6,Maurice Greene_S7,21.0
7,6,Misty May-Treanor_S7,0.0
7,6,Rocco DiSpirito_S7,0.0
7,6,Susan Lucci_S7,23.0
7,6,Ted McGinley_S7,0.0
7,6,Toni Braxton_S7,0.0
7,6,Warren Sapp_S7,25.0
7,7,Brooke Burke_S7,30.0
7,7,Cloris Leachman_S7,0.0
7,7,Cody Linley_S7,22.0
7,7,Jeffrey Ross_S7,0.0
7,7,Kim Kardashian_S7,0.0
7,7,Lance Bass_S7,25.0
7,7,Maurice Greene_S7,25.0
7,7,Misty May-Treanor_S7,0.0
7,7,Rocco DiSpirito_S7,0.0
7,7,Susan Lucci_S7,24.0
7,7,Ted McGinley_S7,0.0
7,7,Toni Braxton_S7,0.0
7,7,Warren Sapp_S7,21.0
7,8,Brooke Burke_S7,27.5
7,8,Cloris Leachman_S7,0.0
7,8,Cody Linley_S7,24.0
7,8,Jeffrey Ross_S7,0.0
7,8,Kim Kardashian_S7,0.0
7,8,Lance Bass_S7,25.0
7,8,Maurice Greene_S7,24.0
7,8,Misty May-Treanor_S7,0.0
7,8,Rocco DiSpirito_S7,0.0
7,8,Susan Lucci_S7,0.0
7,8,Ted McGinley_S7,0.0
7,8,Toni Braxton_S7,0.0
7,8,Warren Sapp_S7,27.0
7,9,Brooke Burke_S7,24.5
7,9,Cloris Leachman_S7,0.0
7,9,Cody Linley_S7,23.0
7,9,Jeffrey Ross_S7,0.0
7,9,Kim Kardashian_S7,0.0
7,9,Lance Bass_S7,28.5
7,9,Maurice Greene_S7,0.0
7,9,Misty May-Treanor_S7,0.0
7,9,Rocco DiSpirito_S7,0.0
7,9,Susan Lucci_S7,0.0
7,9,Ted McGinley_S7,0.0
7,9,Toni Braxton_S7,0.0
7,9,Warren Sapp_S7,24.5
7,10,Brooke Burke_S7,30.0
7,10,Cloris Leachman_S7,0.0
7,10,Cody Linley_S7,0.0
7,10,Jeffrey Ross_S7,0.0
7,10,Kim Kardashian_S7,0.0
7,10,Lance Bass_S7,27.5
7,10,Maurice Greene_S7,0.0
7,10,Misty May-Treanor_S7,0.0
7,10,Rocco DiSpirito_S7,0.0
7,10,Susan Lucci_S7,0.0
7,10,Ted McGinley_S7,0.0
7,10,Toni Braxton_S7,0.0
7,10,Warren Sapp_S7,27.5
8,1,Belinda Carlisle_S8,17.0
8,1,Chuck Wicks_S8,20.0
8,1,David Alan Grier_S8,19.0
8,1,Denise Richards_S8,18.0
8,1,Gilles Marini_S8,24.0
8,1,Holly Madison_S8,18.0
8,1,Lawrence Taylor_S8,16.0
8,1,Lil' Kim_S8,21.0
8,1,Melissa Rycroft_S8,23.0
8,1,Shawn Johnson_S8,23.0
8,1,Steve Wozniak_S8,13.0
8,1,Steve-O_S8,17.0
8,1,Ty Murray_S8,14.0
8,2,Belinda Carlisle_S8,18.0
8,2,Chuck Wicks_S8,20.0
8,2,David Alan Grier_S8,17.0
8,2,Denise Richards_S8,21.0
8,2,Gilles Marini_S8,27.0
8,2,Holly Madison_S8,18.0
8,2,Lawrence Taylor_S8,20.0
8,2,Lil' Kim_S8,23.0
8,2,Melissa Rycroft_S8,26.0
8,2,Shawn Johnson_S8,24.0
8,2,Steve Wozniak_S8,17.0
8,2,Steve-O_S8,14.0
8,2,Ty Murray_S8,20.0
8,3,Belinda Carlisle_S8,0.0
8,3,Chuck Wicks_S8,23.0
8,3,David Alan Grier_S8,24.0
8,3,Denise Richards_S8,16.0
8,3,Gilles Marini_S8,27.0
8,3,Holly Madison_S8,17.0
8,3,Lawrence Taylor_S8,20.0
8,3,Lil' Kim_S8,25.0
8,3,Melissa Rycroft_S8,27.0
8,3,Shawn Johnson_S8,27.0
8,3,Steve Wozniak_S8,10.0
8,3,Steve-O_S8,15.0
8,3,Ty Murray_S8,23.0
8,4,Belinda Carlisle_S8,0.0
8,4,Chuck Wicks_S8,22.0
8,4,David Alan Grier_S8,22.0
8,4,Denise Richards_S8,0.0
8,4,Gilles Marini_S8,30.0
8,4,Holly Madison_S8,16.0
8,4,Lawrence Taylor_S8,19.0
8,4,Lil' Kim_S8,27.0
8,4,Melissa Rycroft_S8,29.0
8,4,Shawn Johnson_S8,25.0
8,4,Steve Wozniak_S8,12.0
8,4,Steve-O_S8,15.0
8,4,Ty Murray_S8,25.0
8,5,Belinda Carlisle_S8,0.0
8,5,Chuck Wicks_S8,23.0
8,5,David Alan Grier_S8,22.0
8,5,Denise Richards_S8,0.0
8,5,Gilles Marini_S8,29.0
8,5,Holly Madison_S8,0.0
8,5,Lawrence Taylor_S8,20.0
8,5,Lil' Kim_S8,26.0
8,5,Melissa Rycroft_S8,25.0
8,5,Shawn Johnson_S8,26.0
8,5,Steve Wozniak_S8,0.0
8,5,Steve-O_S8,18.0
8,5,Ty Murray_S8,21.0
8,6,Belinda Carlisle_S8,0.0
8,6,Chuck Wicks_S8,23.0
8,6,David Alan Grier_S8,0.0
8,6,Denise Richards_S8,0.0
8,6,Gilles Marini_S8,26.0
8,6,Holly Madison_S8,0.0
8,6,Lawrence Taylor_S8,22.0
8,6,Lil' Kim_S8,28.0
8,6,Melissa Rycroft_S8,27.0
8,6,Shawn Johnson_S8,26.0
8,6,Steve Wozniak_S8,0.0
8,6,Steve-O_S8,16.0
8,6,Ty Murray_S8,18.0
8,7,Belinda Carlisle_S8,0.0
8,7,Chuck Wicks_S8,27.0
8,7,David Alan Grier_S8,0.0
8,7,Denise Richards_S8,0.0
8,7,Gilles Marini_S8,27.0
8,7,Holly Madison_S8,0.0
8,7,Lawrence Taylor_S8,21.0
8,7,Lil' Kim_S8,26.0
8,7,Melissa Rycroft_S8,29.0
8,7,Shawn Johnson_S8,28.0
8,7,Steve Wozniak_S8,0.0
8,7,Steve-O_S8,0.0
8,7,Ty Murray_S8,24.0
8,8,Belinda Carlisle_S8,0.0
8,8,Chuck Wicks_S8,25.5
8,8,David Alan Grier_S8,0.0
8,8,Denise Richards_S8,0.0
8,8,Gilles Marini_S8,27.5
8,8,Holly Madison_S8,0.0
8,8,Lawrence Taylor_S8,0.0
8,8,Lil' Kim_S8,28.0
8,8,Melissa Rycroft_S8,23.0
8,8,Shawn Johnson_S8,26.0
8,8,Steve Wozniak_S8,0.0
8,8,Steve-O_S8,0.0
8,8,Ty Murray_S8,26.0
8,9,Belinda Carlisle_S8,0.0
8,9,Chuck Wicks_S8,0.0
8,9,David Alan Grier_S8,0.0
8,9,Denise Richards_S8,0.0
8,9,Gilles Marini_S8,28.0
8,9,Holly Madison_S8,0.0
8,9,Lawrence Taylor_S8,0.0
8,9,Lil' Kim_S8,26.0
8,9,Melissa Rycroft_S8,28.5
8,9,Shawn Johnson_S8,28.0
8,9,Steve Wozniak_S8,0.0
8,9,Steve-O_S8,0.0
8,9,Ty Murray_S8,23.0
8,10,Belinda Carlisle_S8,0.0
8,10,Chuck Wicks_S8,0.0
8,10,David Alan Grier_S8,0.0
8,10,Denise Richards_S8,0.0
8,10,Gilles Marini_S8,30.0
8,10,Holly Madison_S8,0.0
8,10,Lawrence Taylor_S8,0.0
8,10,Lil' Kim_S8,0.0
8,10,Melissa Rycroft_S8,27.5
8,10,Shawn Johnson_S8,28.0
8,10,Steve Wozniak_S8,0.0
8,10,Steve-O_S8,0.0
8,10,Ty Murray_S8,24.0
8,11,Belinda Carlisle_S8,0.0
8,11,Chuck Wicks_S8,0.0
8,11,David Alan Grier_S8,0.0
8,11,Denise Richards_S8,0.0
8,11,Gilles Marini_S8,29.0
8,11,Holly Madison_S8,0.0
8,11,Lawrence Taylor_S8,0.0
8,11,Lil' Kim_S8,0.0
8,11,Melissa Rycroft_S8,28.5
8,11,Shawn Johnson_S8,30.0
8,11,Steve Wozniak_S8,0.0
8,11,Steve-O_S8,0.0
8,11,Ty Murray_S8,0.0
9,1,Aaron Carter_S9,31.999899999999997
9,1,Ashley Hamiliton_S9,18.9999
9,1,Chuck Liddell_S9,22.0
9,1,Debi Mazar_S9,22.0
9,1,Donny Osmond_S9,29.999899999999997
9,1,Joanna Krupa_S9,33.9999
9,1,Kathy Ireland_S9,19.9999
9,1,Kelly Osbourne_S9,30.9998
9,1,Louie Vito_S9,26.9998
9,1,Macy Gray_S9,18.9999
9,1,Mark Dacascos_S9,28.9998
9,1,Melissa Joan Hart_S9,24.0
9,1,Michael Irvin_S9,19.0
9,1,Mya_S9,30.999899999999997
9,1,Natalie Coughlin_S9,26.9998
9,1,Tom DeLay_S9,19.9999
9,2,Aaron Carter_S9,27.0
9,2,Ashley Hamiliton_S9,0.0
9,2,Chuck Liddell_S9,19.0
9,2,Debi Mazar_S9,21.0
9,2,Donny Osmond_S9,25.0
9,2,Joanna Krupa_S9,20.0
9,2,Kathy Ireland_S9,18.0
9,2,Kelly Osbourne_S9,19.0
9,2,Louie Vito_S9,19.0
9,2,Macy Gray_S9,0.0
9,2,Mark Dacascos_S9,21.0
9,2,Melissa Joan Hart_S9,19.0
9,2,Michael Irvin_S9,20.0
9,2,Mya_S9,27.0
9,2,Natalie Coughlin_S9,21.0
9,2,Tom DeLay_S9,18.0
9,3,Aaron Carter_S9,21.0
9,3,Ashley Hamiliton_S9,0.0
9,3,Chuck Liddell_S9,17.0
9,3,Debi Mazar_S9,17.0
9,3,Donny Osmond_S9,21.0
9,3,Joanna Krupa_S9,23.0
9,3,Kathy Ireland_S9,0.0
9,3,Kelly Osbourne_S9,20.0
9,3,Louie Vito_S9,20.0
9,3,Macy Gray_S9,0.0
9,3,Mark Dacascos_S9,18.0
9,3,Melissa Joan Hart_S9,19.0
9,3,Michael Irvin_S9,14.0
9,3,Mya_S9,27.0
9,3,Natalie Coughlin_S9,26.0
9,3,Tom DeLay_S9,15.0
9,4,Aaron Carter_S9,18.0
9,4,Ashley Hamiliton_S9,0.0
9,4,Chuck Liddell_S9,17.0
9,4,Debi Mazar_S9,0.0
9,4,Donny Osmond_S9,24.0
9,4,Joanna Krupa_S9,26.0
9,4,Kathy Ireland_S9,0.0
9,4,Kelly Osbourne_S9,23.0
9,4,Louie Vito_S9,16.0
9,4,Macy Gray_S9,0.0
9,4,Mark Dacascos_S9,22.0
9,4,Melissa Joan Hart_S9,28.0
9,4,Michael Irvin_S9,16.0
9,4,Mya_S9,28.0
9,4,Natalie Coughlin_S9,24.0
9,4,Tom DeLay_S9,0.0
9,5,Aaron Carter_S9,24.0
9,5,Ashley Hamiliton_S9,0.0
9,5,Chuck Liddell_S9,0.0
9,5,Debi Mazar_S9,0.0
9,5,Donny Osmond_S9,29.0
9,5,Joanna Krupa_S9,24.0
9,5,Kathy Ireland_S9,0.0
9,5,Kelly Osbourne_S9,24.0
9,5,Louie Vito_S9,22.0
9,5,Macy Gray_S9,0.0
9,5,Mark Dacascos_S9,26.0
9,5,Melissa Joan Hart_S9,23.0
9,5,Michael Irvin_S9,21.0
9,5,Mya_S9,27.0
9,5,Natalie Coughlin_S9,22.0
9,5,Tom DeLay_S9,0.0
9,6,Aaron Carter_S9,32.9998
9,6,Ashley Hamiliton_S9,0.0
9,6,Chuck Liddell_S9,0.0
9,6,Debi Mazar_S9,0.0
9,6,Donny Osmond_S9,30.999899999999997
9,6,Joanna Krupa_S9,35.9999
9,6,Kathy Ireland_S9,0.0
9,6,Kelly Osbourne_S9,24.9998
9,6,Louie Vito_S9,24.0
9,6,Macy Gray_S9,0.0
9,6,Mark Dacascos_S9,32.0
9,6,Melissa Joan Hart_S9,23.9999
9,6,Michael Irvin_S9,21.9998
9,6,Mya_S9,33.0
9,6,Natalie Coughlin_S9,0.0
9,6,Tom DeLay_S9,0.0
9,7,Aaron Carter_S9,26.5
9,7,Ashley Hamiliton_S9,0.0
9,7,Chuck Liddell_S9,0.0
9,7,Debi Mazar_S9,0.0
9,7,Donny Osmond_S9,26.0
9,7,Joanna Krupa_S9,27.5
9,7,Kathy Ireland_S9,0.0
9,7,Kelly Osbourne_S9,26.0
9,7,Louie Vito_S9,0.0
9,7,Macy Gray_S9,0.0
9,7,Mark Dacascos_S9,21.5
9,7,Melissa Joan Hart_S9,0.0
9,7,Michael Irvin_S9,23.5
9,7,Mya_S9,24.5
9,7,Natalie Coughlin_S9,0.0
9,7,Tom DeLay_S9,0.0
9,8,Aaron Carter_S9,25.0
9,8,Ashley Hamiliton_S9,0.0
9,8,Chuck Liddell_S9,0.0
9,8,Debi Mazar_S9,0.0
9,8,Donny Osmond_S9,25.0
9,8,Joanna Krupa_S9,26.0
9,8,Kathy Ireland_S9,0.0
9,8,Kelly Osbourne_S9,25.5
9,8,Louie Vito_S9,0.0
9,8,Macy Gray_S9,0.0
9,8,Mark Dacascos_S9,0.0
9,8,Melissa Joan Hart_S9,0.0
9,8,Michael Irvin_S9,0.0
9,8,Mya_S9,29.5
9,8,Natalie Coughlin_S9,0.0
9,8,Tom DeLay_S9,0.0
9,9,Aaron Carter_S9,0.0
9,9,Ashley Hamiliton_S9,0.0
9,9,Chuck Liddell_S9,0.0
9,9,Debi Mazar_S9,0.0
9,9,Donny Osmond_S9,24.6666
9,9,Joanna Krupa_S9,27.0
9,9,Kathy Ireland_S9,0.0
9,9,Kelly Osbourne_S9,25.9998
9,9,Louie Vito_S9,0.0
9,9,Macy Gray_S9,0.0
9,9,Mark Dacascos_S9,0.0
9,9,Melissa Joan Hart_S9,0.0
9,9,Michael Irvin_S9,0.0
9,9,Mya_S9,28.9999
9,9,Natalie Coughlin_S9,0.0
9,9,Tom DeLay_S9,0.0
9,10,Aaron Carter_S9,0.0
9,10,Ashley Hamiliton_S9,0.0
9,10,Chuck Liddell_S9,0.0
9,10,Debi Mazar_S9,0.0
9,10,Donny Osmond_S9,28.9998
9,10,Joanna Krupa_S9,0.0
9,10,Kathy Ireland_S9,0.0
9,10,Kelly Osbourne_S9,25.2222
9,10,Louie Vito_S9,0.0
9,10,Macy Gray_S9,0.0
9,10,Mark Dacascos_S9,0.0
9,10,Melissa Joan Hart_S9,0.0
9,10,Michael Irvin_S9,0.0
9,10,Mya_S9,28.333199999999998
9,10,Natalie Coughlin_S9,0.0
9,10,Tom DeLay_S9,0.0
10,1,Aiden Turner_S10,15.0
10,1,Buzz Aldrin_S10,14.0
10,1,Chad Ochocinco_S10,18.0
10,1,Erin Andrews_S10,21.0
10,1,Evan Lysacek_S10,23.0
10,1,Jake Pavelka_S10,20.0
10,1,Kate Gosselin_S10,16.0
10,1,Nicole Scherzinger_S10,25.0
10,1,Niecy Nash_S10,18.0
10,1,Pamela Anderson_S10,21.0
10,1,Shannen Doherty_S10,18.0
10,2,Aiden Turner_S10,19.0
10,2,Buzz Aldrin_S10,12.0
10,2,Chad Ochocinco_S10,16.0
10,2,Erin Andrews_S10,23.0
10,2,Evan Lysacek_S10,24.0
10,2,Jake Pavelka_S10,20.0
10,2,Kate Gosselin_S10,15.0
10,2,Nicole Scherzinger_S10,28.0
10,2,Niecy Nash_S10,21.0
10,2,Pamela Anderson_S10,22.0
10,2,Shannen Doherty_S10,20.0
10,3,Aiden Turner_S10,20.0
10,3,Buzz Aldrin_S10,13.0
10,3,Chad Ochocinco_S10,20.0
10,3,Erin Andrews_S10,23.0
10,3,Evan Lysacek_S10,26.0
10,3,Jake Pavelka_S10,21.0
10,3,Kate Gosselin_S10,15.0
10,3,Nicole Scherzinger_S10,23.0
10,3,Niecy Nash_S10,21.0
10,3,Pamela Anderson_S10,21.0
10,3,Shannen Doherty_S10,0.0
10,4,Aiden Turner_S10,16.5
10,4,Buzz Aldrin_S10,0.0
10,4,Chad Ochocinco_S10,22.0
10,4,Erin Andrews_S10,19.5
10,4,Evan Lysacek_S10,26.0
10,4,Jake Pavelka_S10,19.0
10,4,Kate Gosselin_S10,16.0
10,4,Nicole Scherzinger_S10,25.0
10,4,Niecy Nash_S10,18.0
10,4,Pamela Anderson_S10,23.5
10,4,Shannen Doherty_S10,0.0
10,5,Aiden Turner_S10,0.0
10,5,Buzz Aldrin_S10,0.0
10,5,Chad Ochocinco_S10,18.0
10,5,Erin Andrews_S10,22.0
10,5,Evan Lysacek_S10,27.0
10,5,Jake Pavelka_S10,23.0
10,5,Kate Gosselin_S10,15.0
10,5,Nicole Scherzinger_S10,29.0
10,5,Niecy Nash_S10,18.0
10,5,Pamela Anderson_S10,21.0
10,5,Shannen Doherty_S10,0.0
10,6,Aiden Turner_S10,0.0
10,6,Buzz Aldrin_S10,0.0
10,6,Chad Ochocinco_S10,30.999899999999997
10,6,Erin Andrews_S10,34.0
10,6,Evan Lysacek_S10,27.0
10,6,Jake Pavelka_S10,24.999899999999997
10,6,Kate Gosselin_S10,0.0
10,6,Nicole Scherzinger_S10,35.9999
10,6,Niecy Nash_S10,25.9998
10,6,Pamela Anderson_S10,29.9998
10,6,Shannen Doherty_S10,0.0
10,7,Aiden Turner_S10,0.0
10,7,Buzz Aldrin_S10,0.0
10,7,Chad Ochocinco_S10,26.0
10,7,Erin Andrews_S10,25.5
10,7,Evan Lysacek_S10,27.0
10,7,Jake Pavelka_S10,0.0
10,7,Kate Gosselin_S10,0.0
10,7,Nicole Scherzinger_S10,27.0
10,7,Niecy Nash_S10,24.5
10,7,Pamela Anderson_S10,25.5
10,7,Shannen Doherty_S10,0.0
10,8,Aiden Turner_S10,0.0
10,8,Buzz Aldrin_S10,0.0
10,8,Chad Ochocinco_S10,22.5
10,8,Erin Andrews_S10,26.5
10,8,Evan Lysacek_S10,26.5
10,8,Jake Pavelka_S10,0.0
10,8,Kate Gosselin_S10,0.0
10,8,Nicole Scherzinger_S10,29.5
10,8,Niecy Nash_S10,21.5
10,8,Pamela Anderson_S10,0.0
10,8,Shannen Doherty_S10,0.0
10,9,Aiden Turner_S10,0.0
10,9,Buzz Aldrin_S10,0.0
10,9,Chad Ochocinco_S10,26.0
10,9,Erin Andrews_S10,28.0
10,9,Evan Lysacek_S10,29.5
10,9,Jake Pavelka_S10,0.0
10,9,Kate Gosselin_S10,0.0
10,9,Nicole Scherzinger_S10,29.5
10,9,Niecy Nash_S10,0.0
10,9,Pamela Anderson_S10,0.0
10,9,Shannen Doherty_S10,0.0
10,10,Aiden Turner_S10,0.0
10,10,Buzz Aldrin_S10,0.0
10,10,Chad Ochocinco_S10,0.0
10,10,Erin Andrews_S10,26.9998
10,10,Evan Lysacek_S10,26.8887
10,10,Jake Pavelka_S10,0.0
10,10,Kate Gosselin_S10,0.0
10,10,Nicole Scherzinger_S10,28.7777
10,10,Niecy Nash_S10,0.0
10,10,Pamela Anderson_S10,0.0
10,10,Shannen Doherty_S10,0.0
11,1,Audrina Patridge_S11,19.0
11,1,Brandy_S11,23.0
11,1,Bristol Palin_S11,18.0
11,1,David Hasselhoff_S11,15.0
11,1,Florence Henderson_S11,18.0
11,1,Jennifer Grey_S11,24.0
11,1,Kurt Warner_S11,19.0
11,1,Kyle Massey_S11,23.0
11,1,Margaret Cho_S11,15.0
11,1,Michael Bolton_S11,16.0
11,1,Rick Fox_S11,22.0
11,1,The Situation_S11,15.0
11,2,Audrina Patridge_S11,23.0
11,2,Brandy_S11,21.0
11,2,Bristol Palin_S11,22.0
11,2,David Hasselhoff_S11,0.0
11,2,Florence Henderson_S11,19.0
11,2,Jennifer Grey_S11,24.0
11,2,Kurt Warner_S11,21.0
11,2,Kyle Massey_S11,22.0
11,2,Margaret Cho_S11,18.0
11,2,Michael Bolton_S11,12.0
11,2,Rick Fox_S11,21.0
11,2,The Situation_S11,18.0
11,3,Audrina Patridge_S11,26.0
11,3,Brandy_S11,24.0
11,3,Bristol Palin_S11,19.0
11,3,David Hasselhoff_S11,0.0
11,3,Florence Henderson_S11,20.0
11,3,Jennifer Grey_S11,24.0
11,3,Kurt Warner_S11,23.0
11,3,Kyle Massey_S11,23.0
11,3,Margaret Cho_S11,18.0
11,3,Michael Bolton_S11,0.0
11,3,Rick Fox_S11,24.0
11,3,The Situation_S11,20.0
11,4,Audrina Patridge_S11,23.0
11,4,Brandy_S11,24.0
11,4,Bristol Palin_S11,16.0
11,4,David Hasselhoff_S11,0.0
11,4,Florence Henderson_S11,17.5
11,4,Jennifer Grey_S11,28.0
11,4,Kurt Warner_S11,17.0
11,4,Kyle Massey_S11,20.0
11,4,Margaret Cho_S11,0.0
11,4,Michael Bolton_S11,0.0
11,4,Rick Fox_S11,19.5
11,4,The Situation_S11,14.0
11,5,Audrina Patridge_S11,23.0
11,5,Brandy_S11,27.0
11,5,Bristol Palin_S11,18.0
11,5,David Hasselhoff_S11,0.0
11,5,Florence Henderson_S11,21.0
11,5,Jennifer Grey_S11,25.0
11,5,Kurt Warner_S11,24.0
11,5,Kyle Massey_S11,20.0
11,5,Margaret Cho_S11,0.0
11,5,Michael Bolton_S11,0.0
11,5,Rick Fox_S11,24.0
11,5,The Situation_S11,0.0
11,6,Audrina Patridge_S11,31.9998
11,6,Brandy_S11,35.9999
11,6,Bristol Palin_S11,27.9998
11,6,David Hasselhoff_S11,0.0
11,6,Florence Henderson_S11,0.0
11,6,Jennifer Grey_S11,29.0
11,6,Kurt Warner_S11,21.9999
11,6,Kyle Massey_S11,29.999899999999997
11,6,Margaret Cho_S11,0.0
11,6,Michael Bolton_S11,0.0
11,6,Rick Fox_S11,30.0
11,6,The Situation_S11,0.0
11,7,Audrina Patridge_S11,0.0
11,7,Brandy_S11,36.5
11,7,Bristol Palin_S11,32.5
11,7,David Hasselhoff_S11,0.0
11,7,Florence Henderson_S11,0.0
11,7,Jennifer Grey_S11,36.5
11,7,Kurt Warner_S11,35.0
11,7,Kyle Massey_S11,33.5
11,7,Margaret Cho_S11,0.0
11,7,Michael Bolton_S11,0.0
11,7,Rick Fox_S11,34.5
11,7,The Situation_S11,0.0
11,8,Audrina Patridge_S11,0.0
11,8,Brandy_S11,28.5
11,8,Bristol Palin_S11,23.5
11,8,David Hasselhoff_S11,0.0
11,8,Florence Henderson_S11,0.0
11,8,Jennifer Grey_S11,28.5
11,8,Kurt Warner_S11,24.0
11,8,Kyle Massey_S11,28.0
11,8,Margaret Cho_S11,0.0
11,8,Michael Bolton_S11,0.0
11,8,Rick Fox_S11,0.0
11,8,The Situation_S11,0.0
11,9,Audrina Patridge_S11,0.0
11,9,Brandy_S11,28.5
11,9,Bristol Palin_S11,26.5
11,9,David Hasselhoff_S11,0.0
11,9,Florence Henderson_S11,0.0
11,9,Jennifer Grey_S11,30.0
11,9,Kurt Warner_S11,0.0
11,9,Kyle Massey_S11,29.0
11,9,Margaret Cho_S11,0.0
11,9,Michael Bolton_S11,0.0
11,9,Rick Fox_S11,0.0
11,9,The Situation_S11,0.0
11,10,Audrina Patridge_S11,0.0
11,10,Brandy_S11,0.0
11,10,Bristol Palin_S11,25.6666
11,10,David Hasselhoff_S11,0.0
11,10,Florence Henderson_S11,0.0
11,10,Jennifer Grey_S11,30.0
11,10,Kurt Warner_S11,0.0
11,10,Kyle Massey_S11,27.333199999999998
11,10,Margaret Cho_S11,0.0
11,10,Michael Bolton_S11,0.0
11,10,Rick Fox_S11,0.0
11,10,The Situation_S11,0.0
12,1,Chelsea Kane_S12,21.0
12,1,Chris Jericho_S12,19.0
12,1,Hines Ward_S12,21.0
12,1,Kendra Wilkinson_S12,18.0
12,1,Kirstie Alley_S12,23.0
12,1,Mike Catherwood_S12,13.0
12,1,Petra Nemcova_S12,18.0
12,1,Ralph Macchio_S12,24.0
12,1,Romeo_S12,19.0
12,1,Sugar Ray Leonard_S12,17.0
12,1,Wendy Williams_S12,14.0
12,2,Chelsea Kane_S12,18.0
12,2,Chris Jericho_S12,23.0
12,2,Hines Ward_S12,23.0
12,2,Kendra Wilkinson_S12,19.0
12,2,Kirstie Alley_S12,20.0
12,2,Mike Catherwood_S12,17.0
12,2,Petra Nemcova_S12,18.0
12,2,Ralph Macchio_S12,21.0
12,2,Romeo_S12,23.0
12,2,Sugar Ray Leonard_S12,17.0
12,2,Wendy Williams_S12,17.0
12,3,Chelsea Kane_S12,23.0
12,3,Chris Jericho_S12,21.0
12,3,Hines Ward_S12,25.0
12,3,Kendra Wilkinson_S12,23.0
12,3,Kirstie Alley_S12,21.0
12,3,Mike Catherwood_S12,0.0
12,3,Petra Nemcova_S12,25.0
12,3,Ralph Macchio_S12,21.0
12,3,Romeo_S12,20.0
12,3,Sugar Ray Leonard_S12,20.0
12,3,Wendy Williams_S12,15.0
12,4,Chelsea Kane_S12,26.0
12,4,Chris Jericho_S12,23.0
12,4,Hines Ward_S12,25.0
12,4,Kendra Wilkinson_S12,18.0
12,4,Kirstie Alley_S12,22.0
12,4,Mike Catherwood_S12,0.0
12,4,Petra Nemcova_S12,23.0
12,4,Ralph Macchio_S12,25.0
12,4,Romeo_S12,23.0
12,4,Sugar Ray Leonard_S12,21.0
12,4,Wendy Williams_S12,0.0
12,5,Chelsea Kane_S12,26.0
12,5,Chris Jericho_S12,26.0
12,5,Hines Ward_S12,27.0
12,5,Kendra Wilkinson_S12,22.0
12,5,Kirstie Alley_S12,23.0
12,5,Mike Catherwood_S12,0.0
12,5,Petra Nemcova_S12,22.0
12,5,Ralph Macchio_S12,22.0
12,5,Romeo_S12,26.0
12,5,Sugar Ray Leonard_S12,0.0
12,5,Wendy Williams_S12,0.0
12,6,Chelsea Kane_S12,28.0
12,6,Chris Jericho_S12,22.0
12,6,Hines Ward_S12,27.0
12,6,Kendra Wilkinson_S12,25.0
12,6,Kirstie Alley_S12,26.0
12,6,Mike Catherwood_S12,0.0
12,6,Petra Nemcova_S12,0.0
12,6,Ralph Macchio_S12,24.0
12,6,Romeo_S12,28.0
12,6,Sugar Ray Leonard_S12,0.0
12,6,Wendy Williams_S12,0.0
12,7,Chelsea Kane_S12,32.0
12,7,Chris Jericho_S12,0.0
12,7,Hines Ward_S12,33.0
12,7,Kendra Wilkinson_S12,30.5
12,7,Kirstie Alley_S12,30.0
12,7,Mike Catherwood_S12,0.0
12,7,Petra Nemcova_S12,0.0
12,7,Ralph Macchio_S12,33.0
12,7,Romeo_S12,30.0
12,7,Sugar Ray Leonard_S12,0.0
12,7,Wendy Williams_S12,0.0
12,8,Chelsea Kane_S12,27.5
12,8,Chris Jericho_S12,0.0
12,8,Hines Ward_S12,27.0
12,8,Kendra Wilkinson_S12,0.0
12,8,Kirstie Alley_S12,26.5
12,8,Mike Catherwood_S12,0.0
12,8,Petra Nemcova_S12,0.0
12,8,Ralph Macchio_S12,23.0
12,8,Romeo_S12,26.0
12,8,Sugar Ray Leonard_S12,0.0
12,8,Wendy Williams_S12,0.0
12,9,Chelsea Kane_S12,36.5
12,9,Chris Jericho_S12,0.0
12,9,Hines Ward_S12,30.0
12,9,Kendra Wilkinson_S12,0.0
12,9,Kirstie Alley_S12,27.0
12,9,Mike Catherwood_S12,0.0
12,9,Petra Nemcova_S12,0.0
12,9,Ralph Macchio_S12,24.0
12,9,Romeo_S12,0.0
12,9,Sugar Ray Leonard_S12,0.0
12,9,Wendy Williams_S12,0.0
12,10,Chelsea Kane_S12,29.666600000000003
12,10,Chris Jericho_S12,0.0
12,10,Hines Ward_S12,29.666600000000003
12,10,Kendra Wilkinson_S12,0.0
12,10,Kirstie Alley_S12,27.999899999999997
12,10,Mike Catherwood_S12,0.0
12,10,Petra Nemcova_S12,0.0
12,10,Ralph Macchio_S12,0.0
12,10,Romeo_S12,0.0
12,10,Sugar Ray Leonard_S12,0.0
12,10,Wendy Williams_S12,0.0
13,1,Carson Kressley_S13,17.0
13,1,Chaz Bono_S13,17.0
13,1,Chynna Phillips_S13,22.0
13,1,David Arquette_S13,18.0
13,1,Elisabetta Canalis_S13,15.0
13,1,Hope Solo_S13,21.0
13,1,J.R. Martinez_S13,22.0
13,1,Kristin Cavallari_S13,19.0
13,1,Metta World Peace (Ron)_S13,14.0
13,1,Nancy Grace_S13,16.0
13,1,Ricki Lake_S13,20.0
13,1,Rob Kardashian_S13,16.0
13,2,Carson Kressley_S13,18.0
13,2,Chaz Bono_S13,17.0
13,2,Chynna Phillips_S13,21.0
13,2,David Arquette_S13,18.0
13,2,Elisabetta Canalis_S13,21.0
13,2,Hope Solo_S13,19.0
13,2,J.R. Martinez_S13,22.0
13,2,Kristin Cavallari_S13,22.0
13,2,Metta World Peace (Ron)_S13,0.0
13,2,Nancy Grace_S13,21.0
13,2,Ricki Lake_S13,23.0
13,2,Rob Kardashian_S13,21.0
13,3,Carson Kressley_S13,23.0
13,3,Chaz Bono_S13,18.0
13,3,Chynna Phillips_S13,26.0
13,3,David Arquette_S13,24.0
13,3,Elisabetta Canalis_S13,0.0
13,3,Hope Solo_S13,24.0
13,3,J.R. Martinez_S13,26.0
13,3,Kristin Cavallari_S13,24.0
13,3,Metta World Peace (Ron)_S13,0.0
13,3,Nancy Grace_S13,21.0
13,3,Ricki Lake_S13,27.0
13,3,Rob Kardashian_S13,24.0
13,4,Carson Kressley_S13,20.0
13,4,Chaz Bono_S13,21.0
13,4,Chynna Phillips_S13,21.0
13,4,David Arquette_S13,23.0
13,4,Elisabetta Canalis_S13,0.0
13,4,Hope Solo_S13,24.0
13,4,J.R. Martinez_S13,26.0
13,4,Kristin Cavallari_S13,0.0
13,4,Metta World Peace (Ron)_S13,0.0
13,4,Nancy Grace_S13,21.0
13,4,Ricki Lake_S13,29.0
13,4,Rob Kardashian_S13,24.0
13,5,Carson Kressley_S13,19.0
13,5,Chaz Bono_S13,21.0
13,5,Chynna Phillips_S13,0.0
13,5,David Arquette_S13,25.0
13,5,Elisabetta Canalis_S13,0.0
13,5,Hope Solo_S13,24.0
13,5,J.R. Martinez_S13,28.0
13,5,Kristin Cavallari_S13,0.0
13,5,Metta World Peace (Ron)_S13,0.0
13,5,Nancy Grace_S13,22.0
13,5,Ricki Lake_S13,24.0
13,5,Rob Kardashian_S13,25.0
13,6,Carson Kressley_S13,0.0
13,6,Chaz Bono_S13,19.0
13,6,Chynna Phillips_S13,0.0
13,6,David Arquette_S13,23.0
13,6,Elisabetta Canalis_S13,0.0
13,6,Hope Solo_S13,20.0
13,6,J.R. Martinez_S13,29.0
13,6,Kristin Cavallari_S13,0.0
13,6,Metta World Peace (Ron)_S13,0.0
13,6,Nancy Grace_S13,24.0
13,6,Ricki Lake_S13,29.0
13,6,Rob Kardashian_S13,22.0
13,7,Carson Kressley_S13,0.0
13,7,Chaz Bono_S13,0.0
13,7,Chynna Phillips_S13,0.0
13,7,David Arquette_S13,23.5
13,7,Elisabetta Canalis_S13,0.0
13,7,Hope Solo_S13,25.0
13,7,J.R. Martinez_S13,24.0
13,7,Kristin Cavallari_S13,0.0
13,7,Metta World Peace (Ron)_S13,0.0
13,7,Nancy Grace_S13,22.0
13,7,Ricki Lake_S13,26.5
13,7,Rob Kardashian_S13,25.5
13,8,Carson Kressley_S13,0.0
13,8,Chaz Bono_S13,0.0
13,8,Chynna Phillips_S13,0.0
13,8,David Arquette_S13,0.0
13,8,Elisabetta Canalis_S13,0.0
13,8,Hope Solo_S13,26.0
13,8,J.R. Martinez_S13,30.0
13,8,Kristin Cavallari_S13,0.0
13,8,Metta World Peace (Ron)_S13,0.0
13,8,Nancy Grace_S13,22.0
13,8,Ricki Lake_S13,26.0
13,8,Rob Kardashian_S13,25.5
13,9,Carson Kressley_S13,0.0
13,9,Chaz Bono_S13,0.0
13,9,Chynna Phillips_S13,0.0
13,9,David Arquette_S13,0.0
13,9,Elisabetta Canalis_S13,0.0
13,9,Hope Solo_S13,24.4998
13,9,J.R. Martinez_S13,28.0
13,9,Kristin Cavallari_S13,0.0
13,9,Metta World Peace (Ron)_S13,0.0
13,9,Nancy Grace_S13,0.0
13,9,Ricki Lake_S13,33.4999
13,9,Rob Kardashian_S13,32.4998
13,10,Carson Kressley_S13,0.0
13,10,Chaz Bono_S13,0.0
13,10,Chynna Phillips_S13,0.0
13,10,David Arquette_S13,0.0
13,10,Elisabetta Canalis_S13,0.0
13,10,Hope Solo_S13,0.0
13,10,J.R. Martinez_S13,28.1665
13,10,Kristin Cavallari_S13,0.0
13,10,Metta World Peace (Ron)_S13,0.0
13,10,Nancy Grace_S13,0.0
13,10,Ricki Lake_S13,27.999899999999997
13,10,Rob Kardashian_S13,28.333199999999998
14,1,Donald Driver_S14,21.0
14,1,Gavin DeGraw_S14,20.0
14,1,Gladys Knight_S14,23.0
14,1,Jack Wagner_S14,23.0
14,1,Jaleel White_S14,26.0
14,1,Katherine Jenkins_S14,26.0
14,1,Maria Menounos_S14,21.0
14,1,Martina Navratilova_S14,20.0
14,1,Melissa Gilbert_S14,20.0
14,1,Roshon Fegan_S14,23.0
14,1,Sherri Sheperd_S14,23.0
14,1,William Levy_S14,24.0
14,2,Donald Driver_S14,24.0
14,2,Gavin DeGraw_S14,21.0
14,2,Gladys Knight_S14,19.0
14,2,Jack Wagner_S14,21.0
14,2,Jaleel White_S14,22.0
14,2,Katherine Jenkins_S14,26.0
14,2,Maria Menounos_S14,25.0
14,2,Martina Navratilova_S14,17.0
14,2,Melissa Gilbert_S14,20.0
14,2,Roshon Fegan_S14,26.0
14,2,Sherri Sheperd_S14,23.0
14,2,William Levy_S14,25.0
14,3,Donald Driver_S14,26.0
14,3,Gavin DeGraw_S14,24.0
14,3,Gladys Knight_S14,24.0
14,3,Jack Wagner_S14,24.0
14,3,Jaleel White_S14,25.0
14,3,Katherine Jenkins_S14,29.0
14,3,Maria Menounos_S14,27.0
14,3,Martina Navratilova_S14,0.0
14,3,Melissa Gilbert_S14,24.0
14,3,Roshon Fegan_S14,25.0
14,3,Sherri Sheperd_S14,24.0
14,3,William Levy_S14,28.0
14,4,Donald Driver_S14,27.0
14,4,Gavin DeGraw_S14,23.0
14,4,Gladys Knight_S14,20.0
14,4,Jack Wagner_S14,0.0
14,4,Jaleel White_S14,22.0
14,4,Katherine Jenkins_S14,24.0
14,4,Maria Menounos_S14,26.0
14,4,Martina Navratilova_S14,0.0
14,4,Melissa Gilbert_S14,22.0
14,4,Roshon Fegan_S14,26.0
14,4,Sherri Sheperd_S14,21.0
14,4,William Levy_S14,22.0
14,5,Donald Driver_S14,27.0
14,5,Gavin DeGraw_S14,19.0
14,5,Gladys Knight_S14,22.0
14,5,Jack Wagner_S14,0.0
14,5,Jaleel White_S14,24.0
14,5,Katherine Jenkins_S14,29.0
14,5,Maria Menounos_S14,27.0
14,5,Martina Navratilova_S14,0.0
14,5,Melissa Gilbert_S14,21.0
14,5,Roshon Fegan_S14,26.0
14,5,Sherri Sheperd_S14,0.0
14,5,William Levy_S14,29.0
14,6,Donald Driver_S14,33.9999
14,6,Gavin DeGraw_S14,0.0
14,6,Gladys Knight_S14,24.0
14,6,Jack Wagner_S14,0.0
14,6,Jaleel White_S14,36.9998
14,6,Katherine Jenkins_S14,38.9999
14,6,Maria Menounos_S14,29.999899999999997
14,6,Martina Navratilova_S14,0.0
14,6,Melissa Gilbert_S14,30.0
14,6,Roshon Fegan_S14,27.9998
14,6,Sherri Sheperd_S14,0.0
14,6,William Levy_S14,36.0
14,7,Donald Driver_S14,26.5
14,7,Gavin DeGraw_S14,0.0
14,7,Gladys Knight_S14,0.0
14,7,Jack Wagner_S14,0.0
14,7,Jaleel White_S14,25.5
14,7,Katherine Jenkins_S14,27.0
14,7,Maria Menounos_S14,28.5
14,7,Martina Navratilova_S14,0.0
14,7,Melissa Gilbert_S14,23.5
14,7,Roshon Fegan_S14,26.0
14,7,Sherri Sheperd_S14,0.0
14,7,William Levy_S14,26.5
14,8,Donald Driver_S14,27.5
14,8,Gavin DeGraw_S14,0.0
14,8,Gladys Knight_S14,0.0
14,8,Jack Wagner_S14,0.0
14,8,Jaleel White_S14,0.0
14,8,Katherine Jenkins_S14,27.5
14,8,Maria Menounos_S14,26.5
14,8,Martina Navratilova_S14,0.0
14,8,Melissa Gilbert_S14,25.5
14,8,Roshon Fegan_S14,28.0
14,8,Sherri Sheperd_S14,0.0
14,8,William Levy_S14,28.5
14,9,Donald Driver_S14,28.5
14,9,Gavin DeGraw_S14,0.0
14,9,Gladys Knight_S14,0.0
14,9,Jack Wagner_S14,0.0
14,9,Jaleel White_S14,0.0
14,9,Katherine Jenkins_S14,28.0
14,9,Maria Menounos_S14,29.5
14,9,Martina Navratilova_S14,0.0
14,9,Melissa Gilbert_S14,0.0
14,9,Roshon Fegan_S14,0.0
14,9,Sherri Sheperd_S14,0.0
14,9,William Levy_S14,29.0
14,10,Donald Driver_S14,29.666600000000003
14,10,Gavin DeGraw_S14,0.0
14,10,Gladys Knight_S14,0.0
14,10,Jack Wagner_S14,0.0
14,10,Jaleel White_S14,0.0
14,10,Katherine Jenkins_S14,30.0
14,10,Maria Menounos_S14,0.0
14,10,Martina Navratilova_S14,0.0
14,10,Melissa Gilbert_S14,0.0
14,10,Roshon Fegan_S14,0.0
14,10,Sherri Sheperd_S14,0.0
14,10,William Levy_S14,29.666600000000003
15,1,Apolo Anton Ohno_S15,22.0
15,1,Bristol Palin_S15,19.5
15,1,Drew Lachey_S15,21.5
15,1,Emmitt Smith_S15,24.5
15,1,Gilles Marini_S15,24.0
15,1,Helio Castroneves_S15,21.5
15,1,Joey Fatone_S15,20.5
15,1,Kelly Monaco_S15,21.5
15,1,Kirstie Alley_S15,19.0
15,1,Melissa Rycroft_S15,21.0
15,1,Pamela Anderson_S15,17.0
15,1,Sabrina Bryan_S15,22.5
15,1,Shawn Johnson_S15,22.0
15,2,Apolo Anton Ohno_S15,24.5
15,2,Bristol Palin_S15,18.0
15,2,Drew Lachey_S15,22.5
15,2,Emmitt Smith_S15,22.5
15,2,Gilles Marini_S15,25.5
15,2,Helio Castroneves_S15,23.0
15,2,Joey Fatone_S15,22.5
15,2,Kelly Monaco_S15,22.0
15,2,Kirstie Alley_S15,21.0
15,2,Melissa Rycroft_S15,23.5
15,2,Pamela Anderson_S15,0.0
15,2,Sabrina Bryan_S15,26.0
15,2,Shawn Johnson_S15,25.0
15,3,Apolo Anton Ohno_S15,25.5
15,3,Bristol Palin_S15,22.5
15,3,Drew Lachey_S15,24.0
15,3,Emmitt Smith_S15,25.0
15,3,Gilles Marini_S15,25.5
15,3,Helio Castroneves_S15,25.5
15,3,Joey Fatone_S15,0.0
15,3,Kelly Monaco_S15,27.0
15,3,Kirstie Alley_S15,24.0
15,3,Melissa Rycroft_S15,27.0
15,3,Pamela Anderson_S15,0.0
15,3,Sabrina Bryan_S15,25.5
15,3,Shawn Johnson_S15,26.5
15,4,Apolo Anton Ohno_S15,34.5
15,4,Bristol Palin_S15,32.0
15,4,Drew Lachey_S15,0.0
15,4,Emmitt Smith_S15,36.0
15,4,Gilles Marini_S15,39.5
15,4,Helio Castroneves_S15,0.0
15,4,Joey Fatone_S15,0.0
15,4,Kelly Monaco_S15,37.5
15,4,Kirstie Alley_S15,30.0
15,4,Melissa Rycroft_S15,37.0
15,4,Pamela Anderson_S15,0.0
15,4,Sabrina Bryan_S15,35.5
15,4,Shawn Johnson_S15,39.5
15,5,Apolo Anton Ohno_S15,28.25
15,5,Bristol Palin_S15,0.0
15,5,Drew Lachey_S15,0.0
15,5,Emmitt Smith_S15,28.0
15,5,Gilles Marini_S15,28.25
15,5,Helio Castroneves_S15,0.0
15,5,Joey Fatone_S15,0.0
15,5,Kelly Monaco_S15,25.75
15,5,Kirstie Alley_S15,26.25
15,5,Melissa Rycroft_S15,28.25
15,5,Pamela Anderson_S15,0.0
15,5,Sabrina Bryan_S15,29.25
15,5,Shawn Johnson_S15,28.25
15,6,Apolo Anton Ohno_S15,30.0
15,6,Bristol Palin_S15,0.0
15,6,Drew Lachey_S15,0.0
15,6,Emmitt Smith_S15,26.5
15,6,Gilles Marini_S15,27.5
15,6,Helio Castroneves_S15,0.0
15,6,Joey Fatone_S15,0.0
15,6,Kelly Monaco_S15,27.0
15,6,Kirstie Alley_S15,27.5
15,6,Melissa Rycroft_S15,29.5
15,6,Pamela Anderson_S15,0.0
15,6,Sabrina Bryan_S15,30.0
15,6,Shawn Johnson_S15,28.0
15,7,Apolo Anton Ohno_S15,33.0
15,7,Bristol Palin_S15,0.0
15,7,Drew Lachey_S15,0.0
15,7,Emmitt Smith_S15,34.4999
15,7,Gilles Marini_S15,33.4998
15,7,Helio Castroneves_S15,0.0
15,7,Joey Fatone_S15,0.0
15,7,Kelly Monaco_S15,36.0
15,7,Kirstie Alley_S15,27.999899999999997
15,7,Melissa Rycroft_S15,38.9999
15,7,Pamela Anderson_S15,0.0
15,7,Sabrina Bryan_S15,0.0
15,7,Shawn Johnson_S15,37.9998
15,8,Apolo Anton Ohno_S15,29.2777
15,8,Bristol Palin_S15,0.0
15,8,Drew Lachey_S15,0.0
15,8,Emmitt Smith_S15,29.0554
15,8,Gilles Marini_S15,29.2777
15,8,Helio Castroneves_S15,0.0
15,8,Joey Fatone_S15,0.0
15,8,Kelly Monaco_S15,28.3333
15,8,Kirstie Alley_S15,25.5
15,8,Melissa Rycroft_S15,30.0
15,8,Pamela Anderson_S15,0.0
15,8,Sabrina Bryan_S15,0.0
15,8,Shawn Johnson_S15,27.8333
15,9,Apolo Anton Ohno_S15,28.610999999999997
15,9,Bristol Palin_S15,0.0
15,9,Drew Lachey_S15,0.0
15,9,Emmitt Smith_S15,27.0
15,9,Gilles Marini_S15,0.0
15,9,Helio Castroneves_S15,0.0
15,9,Joey Fatone_S15,0.0
15,9,Kelly Monaco_S15,27.110999999999997
15,9,Kirstie Alley_S15,0.0
15,9,Melissa Rycroft_S15,28.7777
15,9,Pamela Anderson_S15,0.0
15,9,Sabrina Bryan_S15,0.0
15,9,Shawn Johnson_S15,29.5
15,10,Apolo Anton Ohno_S15,0.0
15,10,Bristol Palin_S15,0.0
15,10,Drew Lachey_S15,0.0
15,10,Emmitt Smith_S15,0.0
15,10,Gilles Marini_S15,0.0
15,10,Helio Castroneves_S15,0.0
15,10,Joey Fatone_S15,0.0
15,10,Kelly Monaco_S15,29.1109
15,10,Kirstie Alley_S15,0.0
15,10,Melissa Rycroft_S15,29.333099999999998
15,10,Pamela Anderson_S15,0.0
15,10,Sabrina Bryan_S15,0.0
15,10,Shawn Johnson_S15,28.9443
16,1,Alexandra Raisman_S16,21.0
16,1,Andy Dick_S16,17.0
16,1,D. L. Hughley_S16,12.0
16,1,Dorothy Hamill_S16,21.0
16,1,Ingo Rademacher_S16,20.0
16,1,Jacoby Jones_S16,20.0
16,1,Kellie Pickler_S16,21.0
16,1,Lisa Vanderpump_S16,18.0
16,1,Sean Lowe_S16,19.0
16,1,Victor Ortiz_S16,18.0
16,1,Wynonna Judd_S16,18.0
16,1,Zendaya_S16,24.0
16,2,Alexandra Raisman_S16,24.0
16,2,Andy Dick_S16,20.0
16,2,D. L. Hughley_S16,16.0
16,2,Dorothy Hamill_S16,15.0
16,2,Ingo Rademacher_S16,20.0
16,2,Jacoby Jones_S16,23.0
16,2,Kellie Pickler_S16,26.0
16,2,Lisa Vanderpump_S16,18.0
16,2,Sean Lowe_S16,20.0
16,2,Victor Ortiz_S16,18.0
16,2,Wynonna Judd_S16,18.0
16,2,Zendaya_S16,26.0
16,3,Alexandra Raisman_S16,23.0
16,3,Andy Dick_S16,18.0
16,3,D. L. Hughley_S16,16.0
16,3,Dorothy Hamill_S16,0.0
16,3,Ingo Rademacher_S16,21.0
16,3,Jacoby Jones_S16,25.9998
16,3,Kellie Pickler_S16,25.0
16,3,Lisa Vanderpump_S16,21.0
16,3,Sean Lowe_S16,21.0
16,3,Victor Ortiz_S16,23.0
16,3,Wynonna Judd_S16,15.0
16,3,Zendaya_S16,25.9998
16,4,Alexandra Raisman_S16,27.0
16,4,Andy Dick_S16,21.0
16,4,D. L. Hughley_S16,21.0
16,4,Dorothy Hamill_S16,0.0
16,4,Ingo Rademacher_S16,23.0
16,4,Jacoby Jones_S16,24.0
16,4,Kellie Pickler_S16,26.0
16,4,Lisa Vanderpump_S16,18.0
16,4,Sean Lowe_S16,20.0
16,4,Victor Ortiz_S16,18.0
16,4,Wynonna Judd_S16,0.0
16,4,Zendaya_S16,26.0
16,5,Alexandra Raisman_S16,25.0
16,5,Andy Dick_S16,18.0
16,5,D. L. Hughley_S16,18.0
16,5,Dorothy Hamill_S16,0.0
16,5,Ingo Rademacher_S16,21.0
16,5,Jacoby Jones_S16,26.0
16,5,Kellie Pickler_S16,27.0
16,5,Lisa Vanderpump_S16,0.0
16,5,Sean Lowe_S16,24.0
16,5,Victor Ortiz_S16,21.0
16,5,Wynonna Judd_S16,0.0
16,5,Zendaya_S16,29.0
16,6,Alexandra Raisman_S16,26.0
16,6,Andy Dick_S16,21.5
16,6,D. L. Hughley_S16,0.0
16,6,Dorothy Hamill_S16,0.0
16,6,Ingo Rademacher_S16,23.0
16,6,Jacoby Jones_S16,22.5
16,6,Kellie Pickler_S16,27.0
16,6,Lisa Vanderpump_S16,0.0
16,6,Sean Lowe_S16,23.0
16,6,Victor Ortiz_S16,20.0
16,6,Wynonna Judd_S16,0.0
16,6,Zendaya_S16,25.5
16,7,Alexandra Raisman_S16,32.0
16,7,Andy Dick_S16,17.0
16,7,D. L. Hughley_S16,0.0
16,7,Dorothy Hamill_S16,0.0
16,7,Ingo Rademacher_S16,25.0
16,7,Jacoby Jones_S16,27.0
16,7,Kellie Pickler_S16,29.0
16,7,Lisa Vanderpump_S16,0.0
16,7,Sean Lowe_S16,24.0
16,7,Victor Ortiz_S16,0.0
16,7,Wynonna Judd_S16,0.0
16,7,Zendaya_S16,30.0
16,8,Alexandra Raisman_S16,28.0
16,8,Andy Dick_S16,0.0
16,8,D. L. Hughley_S16,0.0
16,8,Dorothy Hamill_S16,0.0
16,8,Ingo Rademacher_S16,24.0
16,8,Jacoby Jones_S16,26.0
16,8,Kellie Pickler_S16,27.5
16,8,Lisa Vanderpump_S16,0.0
16,8,Sean Lowe_S16,21.0
16,8,Victor Ortiz_S16,0.0
16,8,Wynonna Judd_S16,0.0
16,8,Zendaya_S16,29.0
16,9,Alexandra Raisman_S16,29.5
16,9,Andy Dick_S16,0.0
16,9,D. L. Hughley_S16,0.0
16,9,Dorothy Hamill_S16,0.0
16,9,Ingo Rademacher_S16,25.5
16,9,Jacoby Jones_S16,29.5
16,9,Kellie Pickler_S16,29.0
16,9,Lisa Vanderpump_S16,0.0
16,9,Sean Lowe_S16,0.0
16,9,Victor Ortiz_S16,0.0
16,9,Wynonna Judd_S16,0.0
16,9,Zendaya_S16,27.5
16,10,Alexandra Raisman_S16,29.0
16,10,Andy Dick_S16,0.0
16,10,D. L. Hughley_S16,0.0
16,10,Dorothy Hamill_S16,0.0
16,10,Ingo Rademacher_S16,0.0
16,10,Jacoby Jones_S16,27.999899999999997
16,10,Kellie Pickler_S16,30.0
16,10,Lisa Vanderpump_S16,0.0
16,10,Sean Lowe_S16,0.0
16,10,Victor Ortiz_S16,0.0
16,10,Wynonna Judd_S16,0.0
16,10,Zendaya_S16,30.0
17,1,Amber Riley_S17,27.0
17,1,Bill Engvall_S17,18.0
17,1,Bill Nye_S17,14.0
17,1,Brant Daugherty_S17,22.0
17,1,Christina Milian_S17,22.0
17,1,Corbin Bleu_S17,24.0
17,1,Elizabeth Berkley Lauren_S17,24.0
17,1,Jack Osbourne_S17,23.0
17,1,Keyshawn Johnson_S17,17.0
17,1,Leah Remini_S17,21.0
17,1,"Nicole ""Snooki"" Polizzi_S17",23.0
17,1,Valerie Harper_S17,21.0
17,2,Amber Riley_S17,24.0
17,2,Bill Engvall_S17,21.0
17,2,Bill Nye_S17,17.0
17,2,Brant Daugherty_S17,23.0
17,2,Christina Milian_S17,25.0
17,2,Corbin Bleu_S17,26.0
17,2,Elizabeth Berkley Lauren_S17,25.0
17,2,Jack Osbourne_S17,24.0
17,2,Keyshawn Johnson_S17,18.0
17,2,Leah Remini_S17,24.0
17,2,"Nicole ""Snooki"" Polizzi_S17",20.0
17,2,Valerie Harper_S17,19.0
17,3,Amber Riley_S17,24.0
17,3,Bill Engvall_S17,24.0
17,3,Bill Nye_S17,16.0
17,3,Brant Daugherty_S17,27.0
17,3,Christina Milian_S17,26.0
17,3,Corbin Bleu_S17,26.0
17,3,Elizabeth Berkley Lauren_S17,25.0
17,3,Jack Osbourne_S17,22.0
17,3,Keyshawn Johnson_S17,0.0
17,3,Leah Remini_S17,24.0
17,3,"Nicole ""Snooki"" Polizzi_S17",25.0
17,3,Valerie Harper_S17,16.0
17,4,Amber Riley_S17,27.0
17,4,Bill Engvall_S17,21.0
17,4,Bill Nye_S17,0.0
17,4,Brant Daugherty_S17,21.0
17,4,Christina Milian_S17,24.0
17,4,Corbin Bleu_S17,27.0
17,4,Elizabeth Berkley Lauren_S17,27.0
17,4,Jack Osbourne_S17,24.0
17,4,Keyshawn Johnson_S17,0.0
17,4,Leah Remini_S17,24.0
17,4,"Nicole ""Snooki"" Polizzi_S17",24.0
17,4,Valerie Harper_S17,18.0
17,5,Amber Riley_S17,26.0
17,5,Bill Engvall_S17,24.0
17,5,Bill Nye_S17,0.0
17,5,Brant Daugherty_S17,27.0
17,5,Christina Milian_S17,28.0
17,5,Corbin Bleu_S17,28.0
17,5,Elizabeth Berkley Lauren_S17,26.0
17,5,Jack Osbourne_S17,27.0
17,5,Keyshawn Johnson_S17,0.0
17,5,Leah Remini_S17,22.0
17,5,"Nicole ""Snooki"" Polizzi_S17",27.0
17,5,Valerie Harper_S17,0.0
17,6,Amber Riley_S17,31.999899999999997
17,6,Bill Engvall_S17,23.9999
17,6,Bill Nye_S17,0.0
17,6,Brant Daugherty_S17,31.0
17,6,Christina Milian_S17,0.0
17,6,Corbin Bleu_S17,26.999899999999997
17,6,Elizabeth Berkley Lauren_S17,31.9998
17,6,Jack Osbourne_S17,26.9998
17,6,Keyshawn Johnson_S17,0.0
17,6,Leah Remini_S17,27.999899999999997
17,6,"Nicole ""Snooki"" Polizzi_S17",30.0
17,6,Valerie Harper_S17,0.0
17,7,Amber Riley_S17,29.5
17,7,Bill Engvall_S17,25.0
17,7,Bill Nye_S17,0.0
17,7,Brant Daugherty_S17,28.5
17,7,Christina Milian_S17,0.0
17,7,Corbin Bleu_S17,29.5
17,7,Elizabeth Berkley Lauren_S17,27.0
17,7,Jack Osbourne_S17,28.5
17,7,Keyshawn Johnson_S17,0.0
17,7,Leah Remini_S17,26.5
17,7,"Nicole ""Snooki"" Polizzi_S17",27.0
17,7,Valerie Harper_S17,0.0
17,8,Amber Riley_S17,28.0
17,8,Bill Engvall_S17,24.0
17,8,Bill Nye_S17,0.0
17,8,Brant Daugherty_S17,27.0
17,8,Christina Milian_S17,0.0
17,8,Corbin Bleu_S17,30.0
17,8,Elizabeth Berkley Lauren_S17,25.0
17,8,Jack Osbourne_S17,30.0
17,8,Keyshawn Johnson_S17,0.0
17,8,Leah Remini_S17,28.0
17,8,"Nicole ""Snooki"" Polizzi_S17",0.0
17,8,Valerie Harper_S17,0.0
17,9,Amber Riley_S17,25.5
17,9,Bill Engvall_S17,21.0
17,9,Bill Nye_S17,0.0
17,9,Brant Daugherty_S17,0.0
17,9,Christina Milian_S17,0.0
17,9,Corbin Bleu_S17,29.0
17,9,Elizabeth Berkley Lauren_S17,28.0
17,9,Jack Osbourne_S17,27.0
17,9,Keyshawn Johnson_S17,0.0
17,9,Leah Remini_S17,27.0
17,9,"Nicole ""Snooki"" Polizzi_S17",0.0
17,9,Valerie Harper_S17,0.0
17,10,Amber Riley_S17,39.5
17,10,Bill Engvall_S17,30.0
17,10,Bill Nye_S17,0.0
17,10,Brant Daugherty_S17,0.0
17,10,Christina Milian_S17,0.0
17,10,Corbin Bleu_S17,37.5
17,10,Elizabeth Berkley Lauren_S17,0.0
17,10,Jack Osbourne_S17,35.5
17,10,Keyshawn Johnson_S17,0.0
17,10,Leah Remini_S17,32.5
17,10,"Nicole ""Snooki"" Polizzi_S17",0.0
17,10,Valerie Harper_S17,0.0
17,11,Amber Riley_S17,31.333199999999998
17,11,Bill Engvall_S17,25.499899999999997
17,11,Bill Nye_S17,0.0
17,11,Brant Daugherty_S17,0.0
17,11,Christina Milian_S17,0.0
17,11,Corbin Bleu_S17,29.6664
17,11,Elizabeth Berkley Lauren_S17,0.0
17,11,Jack Osbourne_S17,27.999899999999997
17,11,Keyshawn Johnson_S17,0.0
17,11,Leah Remini_S17,0.0
17,11,"Nicole ""Snooki"" Polizzi_S17",0.0
17,11,Valerie Harper_S17,0.0
18,1,Amy Purdy_S18,24.0
18,1,Billy Dee Williams_S18,15.0
18,1,Candace Cameron Bure_S18,25.0
18,1,Charlie White_S18,27.0
18,1,Cody Simpson_S18,22.0
18,1,Danica McKellar_S18,24.0
18,1,Diana Nyad_S18,18.0
18,1,Drew Carey_S18,21.0
18,1,James Maslow_S18,21.0
18,1,Meryl Davis_S18,24.0
18,1,NeNe Leakes_S18,21.0
18,1,Sean Avery_S18,20.0
18,2,Amy Purdy_S18,24.0
18,2,Billy Dee Williams_S18,15.0
18,2,Candace Cameron Bure_S18,21.0
18,2,Charlie White_S18,25.0
18,2,Cody Simpson_S18,22.0
18,2,Danica McKellar_S18,24.0
18,2,Diana Nyad_S18,0.0
18,2,Drew Carey_S18,21.0
18,2,James Maslow_S18,25.0
18,2,Meryl Davis_S18,25.0
18,2,NeNe Leakes_S18,21.0
18,2,Sean Avery_S18,21.0
18,3,Amy Purdy_S18,36.0
18,3,Billy Dee Williams_S18,0.0
18,3,Candace Cameron Bure_S18,32.0
18,3,Charlie White_S18,36.0
18,3,Cody Simpson_S18,35.0
18,3,Danica McKellar_S18,36.0
18,3,Diana Nyad_S18,0.0
18,3,Drew Carey_S18,30.0
18,3,James Maslow_S18,36.0
18,3,Meryl Davis_S18,39.0
18,3,NeNe Leakes_S18,31.0
18,3,Sean Avery_S18,0.0
18,4,Amy Purdy_S18,34.0
18,4,Billy Dee Williams_S18,0.0
18,4,Candace Cameron Bure_S18,28.0
18,4,Charlie White_S18,33.0
18,4,Cody Simpson_S18,31.0
18,4,Danica McKellar_S18,32.0
18,4,Diana Nyad_S18,0.0
18,4,Drew Carey_S18,33.0
18,4,James Maslow_S18,35.0
18,4,Meryl Davis_S18,39.0
18,4,NeNe Leakes_S18,32.0
18,4,Sean Avery_S18,0.0
18,5,Amy Purdy_S18,37.0
18,5,Billy Dee Williams_S18,0.0
18,5,Candace Cameron Bure_S18,35.0
18,5,Charlie White_S18,37.0
18,5,Cody Simpson_S18,34.0
18,5,Danica McKellar_S18,39.0
18,5,Diana Nyad_S18,0.0
18,5,Drew Carey_S18,28.0
18,5,James Maslow_S18,40.0
18,5,Meryl Davis_S18,36.0
18,5,NeNe Leakes_S18,36.0
18,5,Sean Avery_S18,0.0
18,6,Amy Purdy_S18,38.0
18,6,Billy Dee Williams_S18,0.0
18,6,Candace Cameron Bure_S18,32.0
18,6,Charlie White_S18,36.0
18,6,Cody Simpson_S18,0.0
18,6,Danica McKellar_S18,36.0
18,6,Diana Nyad_S18,0.0
18,6,Drew Carey_S18,32.0
18,6,James Maslow_S18,35.0
18,6,Meryl Davis_S18,40.0
18,6,NeNe Leakes_S18,33.0
18,6,Sean Avery_S18,0.0
18,7,Amy Purdy_S18,37.5
18,7,Billy Dee Williams_S18,0.0
18,7,Candace Cameron Bure_S18,37.0
18,7,Charlie White_S18,35.5
18,7,Cody Simpson_S18,0.0
18,7,Danica McKellar_S18,36.0
18,7,Diana Nyad_S18,0.0
18,7,Drew Carey_S18,0.0
18,7,James Maslow_S18,35.0
18,7,Meryl Davis_S18,39.0
18,7,NeNe Leakes_S18,33.0
18,7,Sean Avery_S18,0.0
18,8,Amy Purdy_S18,40.0
18,8,Billy Dee Williams_S18,0.0
18,8,Candace Cameron Bure_S18,36.0
18,8,Charlie White_S18,40.0
18,8,Cody Simpson_S18,0.0
18,8,Danica McKellar_S18,38.0
18,8,Diana Nyad_S18,0.0
18,8,Drew Carey_S18,0.0
18,8,James Maslow_S18,36.0
18,8,Meryl Davis_S18,36.0
18,8,NeNe Leakes_S18,0.0
18,8,Sean Avery_S18,0.0
18,9,Amy Purdy_S18,39.0
18,9,Billy Dee Williams_S18,0.0
18,9,Candace Cameron Bure_S18,36.0
18,9,Charlie White_S18,38.0
18,9,Cody Simpson_S18,0.0
18,9,Danica McKellar_S18,0.0
18,9,Diana Nyad_S18,0.0
18,9,Drew Carey_S18,0.0
18,9,James Maslow_S18,38.0
18,9,Meryl Davis_S18,40.0
18,9,NeNe Leakes_S18,0.0
18,9,Sean Avery_S18,0.0
18,10,Amy Purdy_S18,29.666600000000003
18,10,Billy Dee Williams_S18,0.0
18,10,Candace Cameron Bure_S18,25.9998
18,10,Charlie White_S18,0.0
18,10,Cody Simpson_S18,0.0
18,10,Danica McKellar_S18,0.0
18,10,Diana Nyad_S18,0.0
18,10,Drew Carey_S18,0.0
18,10,James Maslow_S18,29.0
18,10,Meryl Davis_S18,30.0
18,10,NeNe Leakes_S18,0.0
18,10,Sean Avery_S18,0.0
19,1,Alfonso Ribeiro_S19,36.0
19,1,Antonio Sabato Jr._S19,25.0
19,1,Bethany Mota_S19,32.0
19,1,Betsey Johnson_S19,20.0
19,1,Janel Parrish_S19,29.0
19,1,Jonathan Bennett_S19,30.0
19,1,Lea Thompson_S19,32.0
19,1,Lolo Jones_S19,22.0
19,1,Michael Waltrip_S19,25.0
19,1,Randy Couture_S19,31.0
19,1,Sadie Robertson_S19,34.0
19,1,Tavis Smiley_S19,29.0
19,1,Tommy Chong_S19,27.0
19,2,Alfonso Ribeiro_S19,32.0
19,2,Antonio Sabato Jr._S19,31.0
19,2,Bethany Mota_S19,33.0
19,2,Betsey Johnson_S19,28.0
19,2,Janel Parrish_S19,34.0
19,2,Jonathan Bennett_S19,30.0
19,2,Lea Thompson_S19,35.0
19,2,Lolo Jones_S19,0.0
19,2,Michael Waltrip_S19,24.0
19,2,Randy Couture_S19,28.0
19,2,Sadie Robertson_S19,31.0
19,2,Tavis Smiley_S19,28.0
19,2,Tommy Chong_S19,28.0
19,3,Alfonso Ribeiro_S19,32.0
19,3,Antonio Sabato Jr._S19,29.0
19,3,Bethany Mota_S19,40.0
19,3,Betsey Johnson_S19,29.0
19,3,Janel Parrish_S19,40.0
19,3,Jonathan Bennett_S19,32.0
19,3,Lea Thompson_S19,31.0
19,3,Lolo Jones_S19,0.0
19,3,Michael Waltrip_S19,28.0
19,3,Randy Couture_S19,26.0
19,3,Sadie Robertson_S19,32.0
19,3,Tavis Smiley_S19,0.0
19,3,Tommy Chong_S19,34.0
19,4,Alfonso Ribeiro_S19,40.0
19,4,Antonio Sabato Jr._S19,29.0
19,4,Bethany Mota_S19,33.0
19,4,Betsey Johnson_S19,29.0
19,4,Janel Parrish_S19,36.0
19,4,Jonathan Bennett_S19,24.0
19,4,Lea Thompson_S19,39.0
19,4,Lolo Jones_S19,0.0
19,4,Michael Waltrip_S19,25.0
19,4,Randy Couture_S19,0.0
19,4,Sadie Robertson_S19,37.0
19,4,Tavis Smiley_S19,0.0
19,4,Tommy Chong_S19,28.0
19,5,Alfonso Ribeiro_S19,34.0
19,5,Antonio Sabato Jr._S19,28.0
19,5,Bethany Mota_S19,32.0
19,5,Betsey Johnson_S19,0.0
19,5,Janel Parrish_S19,33.0
19,5,Jonathan Bennett_S19,24.0
19,5,Lea Thompson_S19,34.0
19,5,Lolo Jones_S19,0.0
19,5,Michael Waltrip_S19,20.0
19,5,Randy Couture_S19,0.0
19,5,Sadie Robertson_S19,36.0
19,5,Tavis Smiley_S19,0.0
19,5,Tommy Chong_S19,23.0
19,6,Alfonso Ribeiro_S19,39.0
19,6,Antonio Sabato Jr._S19,28.0
19,6,Bethany Mota_S19,36.0
19,6,Betsey Johnson_S19,0.0
19,6,Janel Parrish_S19,33.0
19,6,Jonathan Bennett_S19,32.0
19,6,Lea Thompson_S19,32.0
19,6,Lolo Jones_S19,0.0
19,6,Michael Waltrip_S19,30.0
19,6,Randy Couture_S19,0.0
19,6,Sadie Robertson_S19,35.0
19,6,Tavis Smiley_S19,0.0
19,6,Tommy Chong_S19,28.0
19,7,Alfonso Ribeiro_S19,34.0
19,7,Antonio Sabato Jr._S19,29.5
19,7,Bethany Mota_S19,37.5
19,7,Betsey Johnson_S19,0.0
19,7,Janel Parrish_S19,33.5
19,7,Jonathan Bennett_S19,0.0
19,7,Lea Thompson_S19,35.0
19,7,Lolo Jones_S19,0.0
19,7,Michael Waltrip_S19,28.0
19,7,Randy Couture_S19,0.0
19,7,Sadie Robertson_S19,31.0
19,7,Tavis Smiley_S19,0.0
19,7,Tommy Chong_S19,30.0
19,8,Alfonso Ribeiro_S19,41.0
19,8,Antonio Sabato Jr._S19,0.0
19,8,Bethany Mota_S19,40.0
19,8,Betsey Johnson_S19,0.0
19,8,Janel Parrish_S19,43.0
19,8,Jonathan Bennett_S19,0.0
19,8,Lea Thompson_S19,32.0
19,8,Lolo Jones_S19,0.0
19,8,Michael Waltrip_S19,25.0
19,8,Randy Couture_S19,0.0
19,8,Sadie Robertson_S19,38.0
19,8,Tavis Smiley_S19,0.0
19,8,Tommy Chong_S19,29.0
19,9,Alfonso Ribeiro_S19,38.5
19,9,Antonio Sabato Jr._S19,0.0
19,9,Bethany Mota_S19,37.0
19,9,Betsey Johnson_S19,0.0
19,9,Janel Parrish_S19,38.5
19,9,Jonathan Bennett_S19,0.0
19,9,Lea Thompson_S19,35.0
19,9,Lolo Jones_S19,0.0
19,9,Michael Waltrip_S19,0.0
19,9,Randy Couture_S19,0.0
19,9,Sadie Robertson_S19,36.5
19,9,Tavis Smiley_S19,0.0
19,9,Tommy Chong_S19,28.5
19,10,Alfonso Ribeiro_S19,37.5
19,10,Antonio Sabato Jr._S19,0.0
19,10,Bethany Mota_S19,38.0
19,10,Betsey Johnson_S19,0.0
19,10,Janel Parrish_S19,39.0
19,10,Jonathan Bennett_S19,0.0
19,10,Lea Thompson_S19,0.0
19,10,Lolo Jones_S19,0.0
19,10,Michael Waltrip_S19,0.0
19,10,Randy Couture_S19,0.0
19,10,Sadie Robertson_S19,37.0
19,10,Tavis Smiley_S19,0.0
19,10,Tommy Chong_S19,31.0
19,11,Alfonso Ribeiro_S19,40.0
19,11,Antonio Sabato Jr._S19,0.0
19,11,Bethany Mota_S19,38.0
19,11,Betsey Johnson_S19,0.0
19,11,Janel Parrish_S19,38.9998
19,11,Jonathan Bennett_S19,0.0
19,11,Lea Thompson_S19,0.0
19,11,Lolo Jones_S19,0.0
19,11,Michael Waltrip_S19,0.0
19,11,Randy Couture_S19,0.0
19,11,Sadie Robertson_S19,39.333200000000005
19,11,Tavis Smiley_S19,0.0
19,11,Tommy Chong_S19,0.0
20,1,Charlotte McKinney_S20,22.0
20,1,Chris Soules_S20,26.0
20,1,Michael Sam_S20,26.0
20,1,Nastia Liukin_S20,30.0
20,1,Noah Galloway_S20,26.0
20,1,Patti LaBelle_S20,25.0
20,1,Redfoo_S20,22.0
20,1,Riker Lynch_S20,31.0
20,1,Robert Herjavec_S20,28.0
20,1,Rumer Willis_S20,32.0
20,1,Suzanne Somers_S20,25.0
20,1,Willow Shields_S20,25.0
20,2,Charlotte McKinney_S20,26.0
20,2,Chris Soules_S20,21.0
20,2,Michael Sam_S20,28.0
20,2,Nastia Liukin_S20,34.0
20,2,Noah Galloway_S20,27.0
20,2,Patti LaBelle_S20,28.0
20,2,Redfoo_S20,31.0
20,2,Riker Lynch_S20,32.0
20,2,Robert Herjavec_S20,28.0
20,2,Rumer Willis_S20,32.0
20,2,Suzanne Somers_S20,28.0
20,2,Willow Shields_S20,32.0
20,3,Charlotte McKinney_S20,22.0
20,3,Chris Soules_S20,28.0
20,3,Michael Sam_S20,24.0
20,3,Nastia Liukin_S20,34.0
20,3,Noah Galloway_S20,30.0
20,3,Patti LaBelle_S20,22.0
20,3,Redfoo_S20,0.0
20,3,Riker Lynch_S20,34.0
20,3,Robert Herjavec_S20,29.0
20,3,Rumer Willis_S20,33.0
20,3,Suzanne Somers_S20,25.0
20,3,Willow Shields_S20,32.0
20,4,Charlotte McKinney_S20,0.0
20,4,Chris Soules_S20,27.0
20,4,Michael Sam_S20,30.0
20,4,Nastia Liukin_S20,36.0
20,4,Noah Galloway_S20,32.0
20,4,Patti LaBelle_S20,30.0
20,4,Redfoo_S20,0.0
20,4,Riker Lynch_S20,34.0
20,4,Robert Herjavec_S20,34.0
20,4,Rumer Willis_S20,35.0
20,4,Suzanne Somers_S20,28.0
20,4,Willow Shields_S20,39.0
20,5,Charlotte McKinney_S20,0.0
20,5,Chris Soules_S20,27.0
20,5,Michael Sam_S20,0.0
20,5,Nastia Liukin_S20,38.0
20,5,Noah Galloway_S20,28.0
20,5,Patti LaBelle_S20,27.0
20,5,Redfoo_S20,0.0
20,5,Riker Lynch_S20,38.0
20,5,Robert Herjavec_S20,24.0
20,5,Rumer Willis_S20,39.0
20,5,Suzanne Somers_S20,28.0
20,5,Willow Shields_S20,34.0
20,6,Charlotte McKinney_S20,0.0
20,6,Chris Soules_S20,35.0
20,6,Michael Sam_S20,0.0
20,6,Nastia Liukin_S20,36.5
20,6,Noah Galloway_S20,34.0
20,6,Patti LaBelle_S20,34.0
20,6,Redfoo_S20,0.0
20,6,Riker Lynch_S20,38.0
20,6,Robert Herjavec_S20,33.5
20,6,Rumer Willis_S20,35.5
20,6,Suzanne Somers_S20,0.0
20,6,Willow Shields_S20,36.5
20,7,Charlotte McKinney_S20,0.0
20,7,Chris Soules_S20,31.0
20,7,Michael Sam_S20,0.0
20,7,Nastia Liukin_S20,41.0
20,7,Noah Galloway_S20,38.0
20,7,Patti LaBelle_S20,0.0
20,7,Redfoo_S20,0.0
20,7,Riker Lynch_S20,37.0
20,7,Robert Herjavec_S20,31.0
20,7,Rumer Willis_S20,37.0
20,7,Suzanne Somers_S20,0.0
20,7,Willow Shields_S20,39.0
20,8,Charlotte McKinney_S20,0.0
20,8,Chris Soules_S20,32.0
20,8,Michael Sam_S20,0.0
20,8,Nastia Liukin_S20,38.0
20,8,Noah Galloway_S20,31.5
20,8,Patti LaBelle_S20,0.0
20,8,Redfoo_S20,0.0
20,8,Riker Lynch_S20,39.0
20,8,Robert Herjavec_S20,31.0
20,8,Rumer Willis_S20,40.0
20,8,Suzanne Somers_S20,0.0
20,8,Willow Shields_S20,0.0
20,9,Charlotte McKinney_S20,0.0
20,9,Chris Soules_S20,0.0
20,9,Michael Sam_S20,0.0
20,9,Nastia Liukin_S20,40.0
20,9,Noah Galloway_S20,38.0
20,9,Patti LaBelle_S20,0.0
20,9,Redfoo_S20,0.0
20,9,Riker Lynch_S20,40.0
20,9,Robert Herjavec_S20,0.0
20,9,Rumer Willis_S20,39.0
20,9,Suzanne Somers_S20,0.0
20,9,Willow Shields_S20,0.0
20,10,Charlotte McKinney_S20,0.0
20,10,Chris Soules_S20,0.0
20,10,Michael Sam_S20,0.0
20,10,Nastia Liukin_S20,0.0
20,10,Noah Galloway_S20,36.0
20,10,Patti LaBelle_S20,0.0
20,10,Redfoo_S20,0.0
20,10,Riker Lynch_S20,40.0
20,10,Robert Herjavec_S20,0.0
20,10,Rumer Willis_S20,40.0
20,10,Suzanne Somers_S20,0.0
20,10,Willow Shields_S20,0.0
21,1,Alek Skarlatos_S21,22.0
21,1,Alexa PenaVega_S21,22.0
21,1,Andy Grammer_S21,21.0
21,1,Bindi Irwin_S21,24.0
21,1,Carlos PenaVega_S21,23.0
21,1,Chaka Khan_S21,13.0
21,1,Gary Busey_S21,15.0
21,1,Hayes Grier_S21,21.0
21,1,Kim Zolciak-Biermann_S21,12.0
21,1,Nick Carter_S21,24.0
21,1,Paula Deen_S21,15.0
21,1,Tamar Braxton_S21,23.0
21,1,Victor Espinoza_S21,15.0
21,2,Alek Skarlatos_S21,22.5
21,2,Alexa PenaVega_S21,23.0
21,2,Andy Grammer_S21,22.0
21,2,Bindi Irwin_S21,24.0
21,2,Carlos PenaVega_S21,22.5
21,2,Chaka Khan_S21,15.0
21,2,Gary Busey_S21,16.5
21,2,Hayes Grier_S21,22.5
21,2,Kim Zolciak-Biermann_S21,18.5
21,2,Nick Carter_S21,22.5
21,2,Paula Deen_S21,18.5
21,2,Tamar Braxton_S21,24.5
21,2,Victor Espinoza_S21,18.5
21,3,Alek Skarlatos_S21,33.0
21,3,Alexa PenaVega_S21,36.0
21,3,Andy Grammer_S21,29.0
21,3,Bindi Irwin_S21,32.0
21,3,Carlos PenaVega_S21,31.0
21,3,Chaka Khan_S21,0.0
21,3,Gary Busey_S21,25.0
21,3,Hayes Grier_S21,30.0
21,3,Kim Zolciak-Biermann_S21,0.0
21,3,Nick Carter_S21,36.0
21,3,Paula Deen_S21,20.0
21,3,Tamar Braxton_S21,33.0
21,3,Victor Espinoza_S21,0.0
21,4,Alek Skarlatos_S21,24.0
21,4,Alexa PenaVega_S21,21.0
21,4,Andy Grammer_S21,23.0
21,4,Bindi Irwin_S21,28.0
21,4,Carlos PenaVega_S21,25.0
21,4,Chaka Khan_S21,0.0
21,4,Gary Busey_S21,16.0
21,4,Hayes Grier_S21,27.0
21,4,Kim Zolciak-Biermann_S21,0.0
21,4,Nick Carter_S21,27.0
21,4,Paula Deen_S21,18.0
21,4,Tamar Braxton_S21,27.0
21,4,Victor Espinoza_S21,0.0
21,5,Alek Skarlatos_S21,29.0
21,5,Alexa PenaVega_S21,40.0
21,5,Andy Grammer_S21,36.0
21,5,Bindi Irwin_S21,37.0
21,5,Carlos PenaVega_S21,39.0
21,5,Chaka Khan_S21,0.0
21,5,Gary Busey_S21,0.0
21,5,Hayes Grier_S21,30.0
21,5,Kim Zolciak-Biermann_S21,0.0
21,5,Nick Carter_S21,35.0
21,5,Paula Deen_S21,26.0
21,5,Tamar Braxton_S21,29.0
21,5,Victor Espinoza_S21,0.0
21,6,Alek Skarlatos_S21,30.0
21,6,Alexa PenaVega_S21,30.0
21,6,Andy Grammer_S21,40.0
21,6,Bindi Irwin_S21,40.0
21,6,Carlos PenaVega_S21,38.0
21,6,Chaka Khan_S21,0.0
21,6,Gary Busey_S21,0.0
21,6,Hayes Grier_S21,32.0
21,6,Kim Zolciak-Biermann_S21,0.0
21,6,Nick Carter_S21,39.0
21,6,Paula Deen_S21,24.0
21,6,Tamar Braxton_S21,40.0
21,6,Victor Espinoza_S21,0.0
21,7,Alek Skarlatos_S21,26.5
21,7,Alexa PenaVega_S21,27.5
21,7,Andy Grammer_S21,28.0
21,7,Bindi Irwin_S21,29.0
21,7,Carlos PenaVega_S21,28.0
21,7,Chaka Khan_S21,0.0
21,7,Gary Busey_S21,0.0
21,7,Hayes Grier_S21,28.0
21,7,Kim Zolciak-Biermann_S21,0.0
21,7,Nick Carter_S21,27.0
21,7,Paula Deen_S21,0.0
21,7,Tamar Braxton_S21,27.0
21,7,Victor Espinoza_S21,0.0
21,8,Alek Skarlatos_S21,25.0
21,8,Alexa PenaVega_S21,26.9998
21,8,Andy Grammer_S21,23.9998
21,8,Bindi Irwin_S21,28.0
21,8,Carlos PenaVega_S21,28.9998
21,8,Chaka Khan_S21,0.0
21,8,Gary Busey_S21,0.0
21,8,Hayes Grier_S21,0.0
21,8,Kim Zolciak-Biermann_S21,0.0
21,8,Nick Carter_S21,33.0
21,8,Paula Deen_S21,0.0
21,8,Tamar Braxton_S21,28.0
21,8,Victor Espinoza_S21,0.0
21,9,Alek Skarlatos_S21,25.5
21,9,Alexa PenaVega_S21,30.0
21,9,Andy Grammer_S21,0.0
21,9,Bindi Irwin_S21,30.0
21,9,Carlos PenaVega_S21,27.0
21,9,Chaka Khan_S21,0.0
21,9,Gary Busey_S21,0.0
21,9,Hayes Grier_S21,0.0
21,9,Kim Zolciak-Biermann_S21,0.0
21,9,Nick Carter_S21,27.5
21,9,Paula Deen_S21,0.0
21,9,Tamar Braxton_S21,24.5
21,9,Victor Espinoza_S21,0.0
21,10,Alek Skarlatos_S21,28.5
21,10,Alexa PenaVega_S21,0.0
21,10,Andy Grammer_S21,0.0
21,10,Bindi Irwin_S21,31.5
21,10,Carlos PenaVega_S21,31.5
21,10,Chaka Khan_S21,0.0
21,10,Gary Busey_S21,0.0
21,10,Hayes Grier_S21,0.0
21,10,Kim Zolciak-Biermann_S21,0.0
21,10,Nick Carter_S21,27.0
21,10,Paula Deen_S21,0.0
21,10,Tamar Braxton_S21,0.0
21,10,Victor Espinoza_S21,0.0
21,11,Alek Skarlatos_S21,27.999899999999997
21,11,Alexa PenaVega_S21,0.0
21,11,Andy Grammer_S21,0.0
21,11,Bindi Irwin_S21,30.0
21,11,Carlos PenaVega_S21,30.0
21,11,Chaka Khan_S21,0.0
21,11,Gary Busey_S21,0.0
21,11,Hayes Grier_S21,0.0
21,11,Kim Zolciak-Biermann_S21,0.0
21,11,Nick Carter_S21,30.0
21,11,Paula Deen_S21,0.0
21,11,Tamar Braxton_S21,0.0
21,11,Victor Espinoza_S21,0.0
22,1,Antonio Brown_S22,21.0
22,1,Doug Flutie_S22,15.0
22,1,Geraldo Rivera_S22,13.0
22,1,Ginger Zee_S22,23.0
22,1,Jodie Sweetin_S22,20.0
22,1,Kim Fields_S22,20.0
22,1,Marla Maples_S22,21.0
22,1,Mischa Barton_S22,16.0
22,1,Nyle DiMarco_S22,23.0
22,1,Paige VanZant_S22,21.0
22,1,Von Miller_S22,21.0
22,1,Wanya Morris_S22,23.0
22,2,Antonio Brown_S22,19.0
22,2,Doug Flutie_S22,20.0
22,2,Geraldo Rivera_S22,13.0
22,2,Ginger Zee_S22,21.0
22,2,Jodie Sweetin_S22,21.0
22,2,Kim Fields_S22,19.0
22,2,Marla Maples_S22,20.0
22,2,Mischa Barton_S22,15.0
22,2,Nyle DiMarco_S22,20.0
22,2,Paige VanZant_S22,24.0
22,2,Von Miller_S22,20.0
22,2,Wanya Morris_S22,24.0
22,3,Antonio Brown_S22,20.0
22,3,Doug Flutie_S22,20.0
22,3,Geraldo Rivera_S22,0.0
22,3,Ginger Zee_S22,21.0
22,3,Jodie Sweetin_S22,23.0
22,3,Kim Fields_S22,22.0
22,3,Marla Maples_S22,21.0
22,3,Mischa Barton_S22,18.0
22,3,Nyle DiMarco_S22,25.0
22,3,Paige VanZant_S22,23.0
22,3,Von Miller_S22,20.0
22,3,Wanya Morris_S22,24.0
22,4,Antonio Brown_S22,35.0
22,4,Doug Flutie_S22,24.0
22,4,Geraldo Rivera_S22,0.0
22,4,Ginger Zee_S22,36.0
22,4,Jodie Sweetin_S22,27.0
22,4,Kim Fields_S22,32.0
22,4,Marla Maples_S22,28.0
22,4,Mischa Barton_S22,0.0
22,4,Nyle DiMarco_S22,34.0
22,4,Paige VanZant_S22,36.0
22,4,Von Miller_S22,32.0
22,4,Wanya Morris_S22,35.0
22,5,Antonio Brown_S22,26.0
22,5,Doug Flutie_S22,28.0
22,5,Geraldo Rivera_S22,0.0
22,5,Ginger Zee_S22,32.0
22,5,Jodie Sweetin_S22,35.0
22,5,Kim Fields_S22,28.0
22,5,Marla Maples_S22,0.0
22,5,Mischa Barton_S22,0.0
22,5,Nyle DiMarco_S22,37.0
22,5,Paige VanZant_S22,31.0
22,5,Von Miller_S22,29.0
22,5,Wanya Morris_S22,30.0
22,6,Antonio Brown_S22,27.0
22,6,Doug Flutie_S22,21.0
22,6,Geraldo Rivera_S22,0.0
22,6,Ginger Zee_S22,24.0
22,6,Jodie Sweetin_S22,25.0
22,6,Kim Fields_S22,24.0
22,6,Marla Maples_S22,0.0
22,6,Mischa Barton_S22,0.0
22,6,Nyle DiMarco_S22,25.0
22,6,Paige VanZant_S22,28.0
22,6,Von Miller_S22,24.0
22,6,Wanya Morris_S22,29.0
22,7,Antonio Brown_S22,26.0
22,7,Doug Flutie_S22,0.0
22,7,Geraldo Rivera_S22,0.0
22,7,Ginger Zee_S22,27.5
22,7,Jodie Sweetin_S22,25.5
22,7,Kim Fields_S22,26.0
22,7,Marla Maples_S22,0.0
22,7,Mischa Barton_S22,0.0
22,7,Nyle DiMarco_S22,28.0
22,7,Paige VanZant_S22,27.5
22,7,Von Miller_S22,26.0
22,7,Wanya Morris_S22,27.5
22,8,Antonio Brown_S22,27.0
22,8,Doug Flutie_S22,0.0
22,8,Geraldo Rivera_S22,0.0
22,8,Ginger Zee_S22,30.0
22,8,Jodie Sweetin_S22,30.0
22,8,Kim Fields_S22,0.0
22,8,Marla Maples_S22,0.0
22,8,Mischa Barton_S22,0.0
22,8,Nyle DiMarco_S22,29.0
22,8,Paige VanZant_S22,28.0
22,8,Von Miller_S22,0.0
22,8,Wanya Morris_S22,25.0
22,9,Antonio Brown_S22,27.5
22,9,Doug Flutie_S22,0.0
22,9,Geraldo Rivera_S22,0.0
22,9,Ginger Zee_S22,28.0
22,9,Jodie Sweetin_S22,0.0
22,9,Kim Fields_S22,0.0
22,9,Marla Maples_S22,0.0
22,9,Mischa Barton_S22,0.0
22,9,Nyle DiMarco_S22,28.5
22,9,Paige VanZant_S22,29.5
22,9,Von Miller_S22,0.0
22,9,Wanya Morris_S22,30.0
22,10,Antonio Brown_S22,0.0
22,10,Doug Flutie_S22,0.0
22,10,Geraldo Rivera_S22,0.0
22,10,Ginger Zee_S22,28.333199999999998
22,10,Jodie Sweetin_S22,0.0
22,10,Kim Fields_S22,0.0
22,10,Marla Maples_S22,0.0
22,10,Mischa Barton_S22,0.0
22,10,Nyle DiMarco_S22,28.9998
22,10,Paige VanZant_S22,29.666600000000003
22,10,Von Miller_S22,0.0
22,10,Wanya Morris_S22,0.0
23,1,Amber Rose_S23,24.0
23,1,Babyface_S23,26.0
23,1,Calvin Johnson Jr._S23,26.0
23,1,Jake T. Austin_S23,22.0
23,1,James Hinchcliffe_S23,31.0
23,1,Jana Kramer_S23,27.0
23,1,Laurie Hernandez_S23,31.0
23,1,Marilu Henner_S23,27.0
23,1,Maureen McCormick_S23,22.0
23,1,Rick Perry_S23,20.0
23,1,Ryan Lochte_S23,24.0
23,1,Terra Jole_S23,25.0
23,1,Vanilla Ice_S23,25.0
23,2,Amber Rose_S23,24.0
23,2,Babyface_S23,30.0
23,2,Calvin Johnson Jr._S23,28.0
23,2,Jake T. Austin_S23,24.0
23,2,James Hinchcliffe_S23,29.0
23,2,Jana Kramer_S23,29.0
23,2,Laurie Hernandez_S23,32.0
23,2,Marilu Henner_S23,27.0
23,2,Maureen McCormick_S23,26.0
23,2,Rick Perry_S23,22.0
23,2,Ryan Lochte_S23,24.0
23,2,Terra Jole_S23,31.0
23,2,Vanilla Ice_S23,26.0
23,3,Amber Rose_S23,25.0
23,3,Babyface_S23,25.0
23,3,Calvin Johnson Jr._S23,32.0
23,3,Jake T. Austin_S23,0.0
23,3,James Hinchcliffe_S23,29.0
23,3,Jana Kramer_S23,26.0
23,3,Laurie Hernandez_S23,31.0
23,3,Marilu Henner_S23,28.0
23,3,Maureen McCormick_S23,28.0
23,3,Rick Perry_S23,23.0
23,3,Ryan Lochte_S23,25.0
23,3,Terra Jole_S23,30.0
23,3,Vanilla Ice_S23,23.0
23,4,Amber Rose_S23,24.0
23,4,Babyface_S23,18.0
23,4,Calvin Johnson Jr._S23,23.0
23,4,Jake T. Austin_S23,0.0
23,4,James Hinchcliffe_S23,28.0
23,4,Jana Kramer_S23,23.0
23,4,Laurie Hernandez_S23,30.0
23,4,Marilu Henner_S23,21.0
23,4,Maureen McCormick_S23,24.0
23,4,Rick Perry_S23,0.0
23,4,Ryan Lochte_S23,22.0
23,4,Terra Jole_S23,25.0
23,4,Vanilla Ice_S23,23.0
23,5,Amber Rose_S23,24.0
23,5,Babyface_S23,0.0
23,5,Calvin Johnson Jr._S23,24.0
23,5,Jake T. Austin_S23,0.0
23,5,James Hinchcliffe_S23,29.0
23,5,Jana Kramer_S23,26.0
23,5,Laurie Hernandez_S23,25.0
23,5,Marilu Henner_S23,27.0
23,5,Maureen McCormick_S23,24.0
23,5,Rick Perry_S23,0.0
23,5,Ryan Lochte_S23,24.0
23,5,Terra Jole_S23,27.0
23,5,Vanilla Ice_S23,0.0
23,6,Amber Rose_S23,28.0
23,6,Babyface_S23,0.0
23,6,Calvin Johnson Jr._S23,37.0
23,6,Jake T. Austin_S23,0.0
23,6,James Hinchcliffe_S23,38.0
23,6,Jana Kramer_S23,40.0
23,6,Laurie Hernandez_S23,37.0
23,6,Marilu Henner_S23,34.0
23,6,Maureen McCormick_S23,31.0
23,6,Rick Perry_S23,0.0
23,6,Ryan Lochte_S23,30.0
23,6,Terra Jole_S23,30.0
23,6,Vanilla Ice_S23,0.0
23,7,Amber Rose_S23,0.0
23,7,Babyface_S23,0.0
23,7,Calvin Johnson Jr._S23,37.0
23,7,Jake T. Austin_S23,0.0
23,7,James Hinchcliffe_S23,37.0
23,7,Jana Kramer_S23,34.5
23,7,Laurie Hernandez_S23,34.5
23,7,Marilu Henner_S23,32.0
23,7,Maureen McCormick_S23,33.0
23,7,Rick Perry_S23,0.0
23,7,Ryan Lochte_S23,33.0
23,7,Terra Jole_S23,34.5
23,7,Vanilla Ice_S23,0.0
23,8,Amber Rose_S23,0.0
23,8,Babyface_S23,0.0
23,8,Calvin Johnson Jr._S23,30.0
23,8,Jake T. Austin_S23,0.0
23,8,James Hinchcliffe_S23,34.9998
23,8,Jana Kramer_S23,30.0
23,8,Laurie Hernandez_S23,33.0
23,8,Marilu Henner_S23,23.0
23,8,Maureen McCormick_S23,0.0
23,8,Rick Perry_S23,0.0
23,8,Ryan Lochte_S23,26.0
23,8,Terra Jole_S23,24.0
23,8,Vanilla Ice_S23,0.0
23,9,Amber Rose_S23,0.0
23,9,Babyface_S23,0.0
23,9,Calvin Johnson Jr._S23,37.0
23,9,Jake T. Austin_S23,0.0
23,9,James Hinchcliffe_S23,36.0
23,9,Jana Kramer_S23,40.0
23,9,Laurie Hernandez_S23,40.0
23,9,Marilu Henner_S23,36.0
23,9,Maureen McCormick_S23,0.0
23,9,Rick Perry_S23,0.0
23,9,Ryan Lochte_S23,0.0
23,9,Terra Jole_S23,38.0
23,9,Vanilla Ice_S23,0.0
23,10,Amber Rose_S23,0.0
23,10,Babyface_S23,0.0
23,10,Calvin Johnson Jr._S23,28.0
23,10,Jake T. Austin_S23,0.0
23,10,James Hinchcliffe_S23,29.5
23,10,Jana Kramer_S23,29.0
23,10,Laurie Hernandez_S23,30.0
23,10,Marilu Henner_S23,0.0
23,10,Maureen McCormick_S23,0.0
23,10,Rick Perry_S23,0.0
23,10,Ryan Lochte_S23,0.0
23,10,Terra Jole_S23,30.0
23,10,Vanilla Ice_S23,0.0
23,11,Amber Rose_S23,0.0
23,11,Babyface_S23,0.0
23,11,Calvin Johnson Jr._S23,38.3331
23,11,Jake T. Austin_S23,0.0
23,11,James Hinchcliffe_S23,38.9998
23,11,Jana Kramer_S23,35.5
23,11,Laurie Hernandez_S23,39.333200000000005
23,11,Marilu Henner_S23,0.0
23,11,Maureen McCormick_S23,0.0
23,11,Rick Perry_S23,0.0
23,11,Ryan Lochte_S23,0.0
23,11,Terra Jole_S23,0.0
23,11,Vanilla Ice_S23,0.0
24,1,Bonner Bolton_S24,22.0
24,1,Charo_S24,21.0
24,1,Chris Kattan_S24,17.0
24,1,David Ross_S24,28.0
24,1,Erika Jayne_S24,24.0
24,1,Heather Morris_S24,28.0
24,1,Mr. T_S24,20.0
24,1,Nancy Kerrigan_S24,28.0
24,1,Nick Viall_S24,24.0
24,1,Normani_S24,27.0
24,1,Rashad Jennings_S24,31.0
24,1,Simone Biles_S24,32.0
24,2,Bonner Bolton_S24,28.0
24,2,Charo_S24,25.0
24,2,Chris Kattan_S24,22.0
24,2,David Ross_S24,27.0
24,2,Erika Jayne_S24,28.0
24,2,Heather Morris_S24,30.0
24,2,Mr. T_S24,22.0
24,2,Nancy Kerrigan_S24,28.0
24,2,Nick Viall_S24,25.0
24,2,Normani_S24,32.0
24,2,Rashad Jennings_S24,32.0
24,2,Simone Biles_S24,29.0
24,3,Bonner Bolton_S24,24.0
24,3,Charo_S24,24.0
24,3,Chris Kattan_S24,0.0
24,3,David Ross_S24,31.0
24,3,Erika Jayne_S24,26.0
24,3,Heather Morris_S24,33.0
24,3,Mr. T_S24,24.0
24,3,Nancy Kerrigan_S24,33.0
24,3,Nick Viall_S24,26.0
24,3,Normani_S24,34.0
24,3,Rashad Jennings_S24,28.0
24,3,Simone Biles_S24,32.0
24,4,Bonner Bolton_S24,32.0
24,4,Charo_S24,0.0
24,4,Chris Kattan_S24,0.0
24,4,David Ross_S24,31.0
24,4,Erika Jayne_S24,30.0
24,4,Heather Morris_S24,35.0
24,4,Mr. T_S24,28.0
24,4,Nancy Kerrigan_S24,33.0
24,4,Nick Viall_S24,30.0
24,4,Normani_S24,32.0
24,4,Rashad Jennings_S24,39.0
24,4,Simone Biles_S24,36.0
24,5,Bonner Bolton_S24,30.0
24,5,Charo_S24,0.0
24,5,Chris Kattan_S24,0.0
24,5,David Ross_S24,29.0
24,5,Erika Jayne_S24,32.0
24,5,Heather Morris_S24,34.0
24,5,Mr. T_S24,0.0
24,5,Nancy Kerrigan_S24,36.0
24,5,Nick Viall_S24,34.0
24,5,Normani_S24,39.0
24,5,Rashad Jennings_S24,32.0
24,5,Simone Biles_S24,38.0
24,6,Bonner Bolton_S24,31.5
24,6,Charo_S24,0.0
24,6,Chris Kattan_S24,0.0
24,6,David Ross_S24,31.0
24,6,Erika Jayne_S24,0.0
24,6,Heather Morris_S24,37.0
24,6,Mr. T_S24,0.0
24,6,Nancy Kerrigan_S24,33.5
24,6,Nick Viall_S24,30.5
24,6,Normani_S24,36.0
24,6,Rashad Jennings_S24,35.0
24,6,Simone Biles_S24,34.5
24,7,Bonner Bolton_S24,31.0
24,7,Charo_S24,0.0
24,7,Chris Kattan_S24,0.0
24,7,David Ross_S24,32.0
24,7,Erika Jayne_S24,0.0
24,7,Heather Morris_S24,0.0
24,7,Mr. T_S24,0.0
24,7,Nancy Kerrigan_S24,36.0
24,7,Nick Viall_S24,34.0
24,7,Normani_S24,42.0
24,7,Rashad Jennings_S24,39.0
24,7,Simone Biles_S24,39.0
24,8,Bonner Bolton_S24,29.0
24,8,Charo_S24,0.0
24,8,Chris Kattan_S24,0.0
24,8,David Ross_S24,32.5
24,8,Erika Jayne_S24,0.0
24,8,Heather Morris_S24,0.0
24,8,Mr. T_S24,0.0
24,8,Nancy Kerrigan_S24,0.0
24,8,Nick Viall_S24,0.0
24,8,Normani_S24,39.5
24,8,Rashad Jennings_S24,37.5
24,8,Simone Biles_S24,36.0
24,9,Bonner Bolton_S24,0.0
24,9,Charo_S24,0.0
24,9,Chris Kattan_S24,0.0
24,9,David Ross_S24,35.0
24,9,Erika Jayne_S24,0.0
24,9,Heather Morris_S24,0.0
24,9,Mr. T_S24,0.0
24,9,Nancy Kerrigan_S24,0.0
24,9,Nick Viall_S24,0.0
24,9,Normani_S24,38.0
24,9,Rashad Jennings_S24,38.5
24,9,Simone Biles_S24,40.0
24,10,Bonner Bolton_S24,0.0
24,10,Charo_S24,0.0
24,10,Chris Kattan_S24,0.0
24,10,David Ross_S24,36.3333
24,10,Erika Jayne_S24,0.0
24,10,Heather Morris_S24,0.0
24,10,Mr. T_S24,0.0
24,10,Nancy Kerrigan_S24,0.0
24,10,Nick Viall_S24,0.0
24,10,Normani_S24,39.333200000000005
24,10,Rashad Jennings_S24,39.6666
24,10,Simone Biles_S24,0.0
25,1,Barbara Corcoran_S25,14.0
25,1,Debbie Gibson_S25,17.0
25,1,Derek Fisher_S25,18.0
25,1,Drew Scott_S25,16.0
25,1,Frankie Muniz_S25,19.0
25,1,Jordan Fisher_S25,22.0
25,1,Lindsey Stirling_S25,22.0
25,1,Nick Lachey_S25,18.0
25,1,Nikki Bella_S25,20.0
25,1,Sasha Pieterse_S25,18.0
25,1,Terrell Owens_S25,15.0
25,1,Vanessa Lachey_S25,21.0
25,1,Victoria Arlen_S25,19.0
25,2,Barbara Corcoran_S25,17.0
25,2,Debbie Gibson_S25,20.5
25,2,Derek Fisher_S25,19.0
25,2,Drew Scott_S25,20.5
25,2,Frankie Muniz_S25,24.0
25,2,Jordan Fisher_S25,24.0
25,2,Lindsey Stirling_S25,22.5
25,2,Nick Lachey_S25,19.0
25,2,Nikki Bella_S25,19.5
25,2,Sasha Pieterse_S25,22.5
25,2,Terrell Owens_S25,19.5
25,2,Vanessa Lachey_S25,23.5
25,2,Victoria Arlen_S25,22.0
25,3,Barbara Corcoran_S25,0.0
25,3,Debbie Gibson_S25,0.0
25,3,Derek Fisher_S25,21.0
25,3,Drew Scott_S25,23.0
25,3,Frankie Muniz_S25,21.0
25,3,Jordan Fisher_S25,25.0
25,3,Lindsey Stirling_S25,27.0
25,3,Nick Lachey_S25,21.0
25,3,Nikki Bella_S25,21.0
25,3,Sasha Pieterse_S25,19.0
25,3,Terrell Owens_S25,21.0
25,3,Vanessa Lachey_S25,23.0
25,3,Victoria Arlen_S25,22.0
25,4,Barbara Corcoran_S25,0.0
25,4,Debbie Gibson_S25,0.0
25,4,Derek Fisher_S25,23.0
25,4,Drew Scott_S25,24.0
25,4,Frankie Muniz_S25,24.0
25,4,Jordan Fisher_S25,29.0
25,4,Lindsey Stirling_S25,26.0
25,4,Nick Lachey_S25,22.0
25,4,Nikki Bella_S25,24.0
25,4,Sasha Pieterse_S25,24.0
25,4,Terrell Owens_S25,24.0
25,4,Vanessa Lachey_S25,24.0
25,4,Victoria Arlen_S25,27.0
25,5,Barbara Corcoran_S25,0.0
25,5,Debbie Gibson_S25,0.0
25,5,Derek Fisher_S25,0.0
25,5,Drew Scott_S25,25.0
25,5,Frankie Muniz_S25,29.0
25,5,Jordan Fisher_S25,30.0
25,5,Lindsey Stirling_S25,28.0
25,5,Nick Lachey_S25,22.0
25,5,Nikki Bella_S25,27.0
25,5,Sasha Pieterse_S25,24.0
25,5,Terrell Owens_S25,25.0
25,5,Vanessa Lachey_S25,24.0
25,5,Victoria Arlen_S25,27.0
25,6,Barbara Corcoran_S25,0.0
25,6,Debbie Gibson_S25,0.0
25,6,Derek Fisher_S25,0.0
25,6,Drew Scott_S25,30.0
25,6,Frankie Muniz_S25,31.0
25,6,Jordan Fisher_S25,39.0
25,6,Lindsey Stirling_S25,40.0
25,6,Nick Lachey_S25,26.0
25,6,Nikki Bella_S25,36.0
25,6,Sasha Pieterse_S25,0.0
25,6,Terrell Owens_S25,37.0
25,6,Vanessa Lachey_S25,36.0
25,6,Victoria Arlen_S25,31.0
25,7,Barbara Corcoran_S25,0.0
25,7,Debbie Gibson_S25,0.0
25,7,Derek Fisher_S25,0.0
25,7,Drew Scott_S25,28.5
25,7,Frankie Muniz_S25,30.0
25,7,Jordan Fisher_S25,27.0
25,7,Lindsey Stirling_S25,25.5
25,7,Nick Lachey_S25,0.0
25,7,Nikki Bella_S25,24.0
25,7,Sasha Pieterse_S25,0.0
25,7,Terrell Owens_S25,24.5
25,7,Vanessa Lachey_S25,27.0
25,7,Victoria Arlen_S25,28.5
25,8,Barbara Corcoran_S25,0.0
25,8,Debbie Gibson_S25,0.0
25,8,Derek Fisher_S25,0.0
25,8,Drew Scott_S25,23.5
25,8,Frankie Muniz_S25,26.5
25,8,Jordan Fisher_S25,30.0
25,8,Lindsey Stirling_S25,27.0
25,8,Nick Lachey_S25,0.0
25,8,Nikki Bella_S25,0.0
25,8,Sasha Pieterse_S25,0.0
25,8,Terrell Owens_S25,25.5
25,8,Vanessa Lachey_S25,0.0
25,8,Victoria Arlen_S25,24.0
25,9,Barbara Corcoran_S25,0.0
25,9,Debbie Gibson_S25,0.0
25,9,Derek Fisher_S25,0.0
25,9,Drew Scott_S25,24.0
25,9,Frankie Muniz_S25,25.5
25,9,Jordan Fisher_S25,29.0
25,9,Lindsey Stirling_S25,28.5
25,9,Nick Lachey_S25,0.0
25,9,Nikki Bella_S25,0.0
25,9,Sasha Pieterse_S25,0.0
25,9,Terrell Owens_S25,0.0
25,9,Vanessa Lachey_S25,0.0
25,9,Victoria Arlen_S25,28.0
25,10,Barbara Corcoran_S25,0.0
25,10,Debbie Gibson_S25,0.0
25,10,Derek Fisher_S25,0.0
25,10,Drew Scott_S25,37.5
25,10,Frankie Muniz_S25,38.8887
25,10,Jordan Fisher_S25,40.0
25,10,Lindsey Stirling_S25,40.0
25,10,Nick Lachey_S25,0.0
25,10,Nikki Bella_S25,0.0
25,10,Sasha Pieterse_S25,0.0
25,10,Terrell Owens_S25,0.0
25,10,Vanessa Lachey_S25,0.0
25,10,Victoria Arlen_S25,0.0
26,1,Adam Rippon_S26,24.0
26,1,Arike Ogunbowale_S26,20.0
26,1,Chris Mazdzer_S26,21.0
26,1,Jamie Anderson_S26,19.0
26,1,Jennie Finch Daigle_S26,21.0
26,1,Johnny Damon_S26,18.0
26,1,Josh Norman_S26,24.0
26,1,Kareem Abdul-Jabbar_S26,17.0
26,1,Mirai Nagasu_S26,23.0
26,1,Tonya Harding_S26,23.0
26,2,Adam Rippon_S26,37.0
26,2,Arike Ogunbowale_S26,35.0
26,2,Chris Mazdzer_S26,33.0
26,2,Jamie Anderson_S26,0.0
26,2,Jennie Finch Daigle_S26,31.5
26,2,Johnny Damon_S26,0.0
26,2,Josh Norman_S26,31.5
26,2,Kareem Abdul-Jabbar_S26,29.5
26,2,Mirai Nagasu_S26,37.0
26,2,Tonya Harding_S26,33.0
26,3,Adam Rippon_S26,41.0
26,3,Arike Ogunbowale_S26,0.0
26,3,Chris Mazdzer_S26,33.0
26,3,Jamie Anderson_S26,0.0
26,3,Jennie Finch Daigle_S26,29.0
26,3,Johnny Damon_S26,0.0
26,3,Josh Norman_S26,38.0
26,3,Kareem Abdul-Jabbar_S26,0.0
26,3,Mirai Nagasu_S26,35.0
26,3,Tonya Harding_S26,35.0
26,4,Adam Rippon_S26,29.0
26,4,Arike Ogunbowale_S26,0.0
26,4,Chris Mazdzer_S26,0.0
26,4,Jamie Anderson_S26,0.0
26,4,Jennie Finch Daigle_S26,0.0
26,4,Johnny Damon_S26,0.0
26,4,Josh Norman_S26,28.5
26,4,Kareem Abdul-Jabbar_S26,0.0
26,4,Mirai Nagasu_S26,0.0
26,4,Tonya Harding_S26,28.0
27,1,Alexis Ren_S27,22.0
27,1,Bobby Bones_S27,20.0
27,1,Danelle Umstead_S27,18.0
27,1,DeMarcus Ware_S27,23.0
27,1,Evanna Lynch_S27,18.0
27,1,Joe Amabile_S27,14.0
27,1,John Schneider_S27,18.0
27,1,Juan Pablo Di Pace_S27,22.0
27,1,Mary Lou Retton_S27,20.0
27,1,Milo Manheim_S27,20.0
27,1,Nancy McKeon_S27,19.5
27,1,Nikki Glaser_S27,17.5
27,1,Tinashe_S27,23.0
27,2,Alexis Ren_S27,24.5
27,2,Bobby Bones_S27,19.5
27,2,Danelle Umstead_S27,18.5
27,2,DeMarcus Ware_S27,23.5
27,2,Evanna Lynch_S27,24.0
27,2,Joe Amabile_S27,17.5
27,2,John Schneider_S27,21.5
27,2,Juan Pablo Di Pace_S27,26.0
27,2,Mary Lou Retton_S27,23.0
27,2,Milo Manheim_S27,26.0
27,2,Nancy McKeon_S27,20.5
27,2,Nikki Glaser_S27,0.0
27,2,Tinashe_S27,26.0
27,3,Alexis Ren_S27,26.0
27,3,Bobby Bones_S27,23.0
27,3,Danelle Umstead_S27,0.0
27,3,DeMarcus Ware_S27,26.0
27,3,Evanna Lynch_S27,27.0
27,3,Joe Amabile_S27,18.0
27,3,John Schneider_S27,21.0
27,3,Juan Pablo Di Pace_S27,30.0
27,3,Mary Lou Retton_S27,24.0
27,3,Milo Manheim_S27,27.0
27,3,Nancy McKeon_S27,22.0
27,3,Nikki Glaser_S27,0.0
27,3,Tinashe_S27,27.0
27,4,Alexis Ren_S27,25.0
27,4,Bobby Bones_S27,20.0
27,4,Danelle Umstead_S27,0.0
27,4,DeMarcus Ware_S27,22.0
27,4,Evanna Lynch_S27,24.0
27,4,Joe Amabile_S27,15.0
27,4,John Schneider_S27,21.0
27,4,Juan Pablo Di Pace_S27,24.0
27,4,Mary Lou Retton_S27,26.0
27,4,Milo Manheim_S27,29.0
27,4,Nancy McKeon_S27,0.0
27,4,Nikki Glaser_S27,0.0
27,4,Tinashe_S27,26.0
27,5,Alexis Ren_S27,29.0
27,5,Bobby Bones_S27,21.0
27,5,Danelle Umstead_S27,0.0
27,5,DeMarcus Ware_S27,26.0
27,5,Evanna Lynch_S27,24.0
27,5,Joe Amabile_S27,17.0
27,5,John Schneider_S27,24.0
27,5,Juan Pablo Di Pace_S27,29.0
27,5,Mary Lou Retton_S27,25.0
27,5,Milo Manheim_S27,27.0
27,5,Nancy McKeon_S27,0.0
27,5,Nikki Glaser_S27,0.0
27,5,Tinashe_S27,0.0
27,6,Alexis Ren_S27,27.0
27,6,Bobby Bones_S27,22.0
27,6,Danelle Umstead_S27,0.0
27,6,DeMarcus Ware_S27,26.0
27,6,Evanna Lynch_S27,29.0
27,6,Joe Amabile_S27,22.0
27,6,John Schneider_S27,19.0
27,6,Juan Pablo Di Pace_S27,30.0
27,6,Mary Lou Retton_S27,24.0
27,6,Milo Manheim_S27,30.0
27,6,Nancy McKeon_S27,0.0
27,6,Nikki Glaser_S27,0.0
27,6,Tinashe_S27,0.0
27,7,Alexis Ren_S27,27.5
27,7,Bobby Bones_S27,26.5
27,7,Danelle Umstead_S27,0.0
27,7,DeMarcus Ware_S27,26.5
27,7,Evanna Lynch_S27,29.5
27,7,Joe Amabile_S27,23.5
27,7,John Schneider_S27,27.0
27,7,Juan Pablo Di Pace_S27,28.0
27,7,Mary Lou Retton_S27,0.0
27,7,Milo Manheim_S27,29.0
27,7,Nancy McKeon_S27,0.0
27,7,Nikki Glaser_S27,0.0
27,7,Tinashe_S27,0.0
27,8,Alexis Ren_S27,29.0
27,8,Bobby Bones_S27,22.5
27,8,Danelle Umstead_S27,0.0
27,8,DeMarcus Ware_S27,0.0
27,8,Evanna Lynch_S27,29.0
27,8,Joe Amabile_S27,23.0
27,8,John Schneider_S27,0.0
27,8,Juan Pablo Di Pace_S27,30.0
27,8,Mary Lou Retton_S27,0.0
27,8,Milo Manheim_S27,27.5
27,8,Nancy McKeon_S27,0.0
27,8,Nikki Glaser_S27,0.0
27,8,Tinashe_S27,0.0
27,9,Alexis Ren_S27,28.5
27,9,Bobby Bones_S27,27.0
27,9,Danelle Umstead_S27,0.0
27,9,DeMarcus Ware_S27,0.0
27,9,Evanna Lynch_S27,30.0
27,9,Joe Amabile_S27,0.0
27,9,John Schneider_S27,0.0
27,9,Juan Pablo Di Pace_S27,0.0
27,9,Mary Lou Retton_S27,0.0
27,9,Milo Manheim_S27,30.0
27,9,Nancy McKeon_S27,0.0
27,9,Nikki Glaser_S27,0.0
27,9,Tinashe_S27,0.0
28,1,Ally Brooke_S28,16.0
28,1,Hannah Brown_S28,20.0
28,1,James Van Der Beek_S28,21.0
28,1,Karamo Brown_S28,17.0
28,1,Kate Flannery_S28,15.0
28,1,Kel Mitchell_S28,16.0
28,1,Lamar Odom_S28,11.0
28,1,Lauren Alaina_S28,19.0
28,1,Mary Wilson_S28,17.0
28,1,Ray Lewis_S28,15.0
28,1,Sailor Brinkley-Cook_S28,18.0
28,1,Sean Spicer_S28,12.0
28,2,Ally Brooke_S28,20.0
28,2,Hannah Brown_S28,24.0
28,2,James Van Der Beek_S28,20.0
28,2,Karamo Brown_S28,19.0
28,2,Kate Flannery_S28,21.0
28,2,Kel Mitchell_S28,20.0
28,2,Lamar Odom_S28,12.0
28,2,Lauren Alaina_S28,19.0
28,2,Mary Wilson_S28,15.0
28,2,Ray Lewis_S28,15.0
28,2,Sailor Brinkley-Cook_S28,18.0
28,2,Sean Spicer_S28,16.0
28,3,Ally Brooke_S28,24.0
28,3,Hannah Brown_S28,21.0
28,3,James Van Der Beek_S28,23.0
28,3,Karamo Brown_S28,16.0
28,3,Kate Flannery_S28,24.0
28,3,Kel Mitchell_S28,20.0
28,3,Lamar Odom_S28,12.0
28,3,Lauren Alaina_S28,20.0
28,3,Mary Wilson_S28,0.0
28,3,Ray Lewis_S28,0.0
28,3,Sailor Brinkley-Cook_S28,23.0
28,3,Sean Spicer_S28,15.0
28,4,Ally Brooke_S28,32.0
28,4,Hannah Brown_S28,32.0
28,4,James Van Der Beek_S28,28.0
28,4,Karamo Brown_S28,28.0
28,4,Kate Flannery_S28,26.0
28,4,Kel Mitchell_S28,32.0
28,4,Lamar Odom_S28,20.0
28,4,Lauren Alaina_S28,32.0
28,4,Mary Wilson_S28,0.0
28,4,Ray Lewis_S28,0.0
28,4,Sailor Brinkley-Cook_S28,31.0
28,4,Sean Spicer_S28,21.0
28,5,Ally Brooke_S28,27.0
28,5,Hannah Brown_S28,25.0
28,5,James Van Der Beek_S28,26.0
28,5,Karamo Brown_S28,21.0
28,5,Kate Flannery_S28,24.0
28,5,Kel Mitchell_S28,26.0
28,5,Lamar Odom_S28,0.0
28,5,Lauren Alaina_S28,23.0
28,5,Mary Wilson_S28,0.0
28,5,Ray Lewis_S28,0.0
28,5,Sailor Brinkley-Cook_S28,24.0
28,5,Sean Spicer_S28,19.0
28,6,Ally Brooke_S28,25.0
28,6,Hannah Brown_S28,24.0
28,6,James Van Der Beek_S28,27.0
28,6,Karamo Brown_S28,25.0
28,6,Kate Flannery_S28,27.0
28,6,Kel Mitchell_S28,26.0
28,6,Lamar Odom_S28,0.0
28,6,Lauren Alaina_S28,26.0
28,6,Mary Wilson_S28,0.0
28,6,Ray Lewis_S28,0.0
28,6,Sailor Brinkley-Cook_S28,27.0
28,6,Sean Spicer_S28,21.0
28,7,Ally Brooke_S28,27.0
28,7,Hannah Brown_S28,26.0
28,7,James Van Der Beek_S28,27.0
28,7,Karamo Brown_S28,24.5
28,7,Kate Flannery_S28,24.0
28,7,Kel Mitchell_S28,25.5
28,7,Lamar Odom_S28,0.0
28,7,Lauren Alaina_S28,27.0
28,7,Mary Wilson_S28,0.0
28,7,Ray Lewis_S28,0.0
28,7,Sailor Brinkley-Cook_S28,0.0
28,7,Sean Spicer_S28,21.0
28,8,Ally Brooke_S28,30.0
28,8,Hannah Brown_S28,30.9998
28,8,James Van Der Beek_S28,31.9998
28,8,Karamo Brown_S28,0.0
28,8,Kate Flannery_S28,25.9998
28,8,Kel Mitchell_S28,29.9998
28,8,Lamar Odom_S28,0.0
28,8,Lauren Alaina_S28,24.0
28,8,Mary Wilson_S28,0.0
28,8,Ray Lewis_S28,0.0
28,8,Sailor Brinkley-Cook_S28,0.0
28,8,Sean Spicer_S28,20.0
28,9,Ally Brooke_S28,40.0
28,9,Hannah Brown_S28,35.5
28,9,James Van Der Beek_S28,36.0
28,9,Karamo Brown_S28,0.0
28,9,Kate Flannery_S28,0.0
28,9,Kel Mitchell_S28,37.0
28,9,Lamar Odom_S28,0.0
28,9,Lauren Alaina_S28,35.0
28,9,Mary Wilson_S28,0.0
28,9,Ray Lewis_S28,0.0
28,9,Sailor Brinkley-Cook_S28,0.0
28,9,Sean Spicer_S28,25.0
28,10,Ally Brooke_S28,29.5
28,10,Hannah Brown_S28,27.0
28,10,James Van Der Beek_S28,25.5
28,10,Karamo Brown_S28,0.0
28,10,Kate Flannery_S28,0.0
28,10,Kel Mitchell_S28,28.5
28,10,Lamar Odom_S28,0.0
28,10,Lauren Alaina_S28,27.0
28,10,Mary Wilson_S28,0.0
28,10,Ray Lewis_S28,0.0
28,10,Sailor Brinkley-Cook_S28,0.0
28,10,Sean Spicer_S28,0.0
28,11,Ally Brooke_S28,30.0
28,11,Hannah Brown_S28,29.0
28,11,James Van Der Beek_S28,0.0
28,11,Karamo Brown_S28,0.0
28,11,Kate Flannery_S28,0.0
28,11,Kel Mitchell_S28,29.5
28,11,Lamar Odom_S28,0.0
28,11,Lauren Alaina_S28,28.5
28,11,Mary Wilson_S28,0.0
28,11,Ray Lewis_S28,0.0
28,11,Sailor Brinkley-Cook_S28,0.0
28,11,Sean Spicer_S28,0.0
29,1,AJ McLean_S29,18.0
29,1,Anne Heche_S29,18.0
29,1,Carole Baskin_S29,11.0
29,1,Charles Oakley_S29,12.0
29,1,Chrishell Stause_S29,13.0
29,1,Jeannie Mai_S29,18.0
29,1,Jesse Metcalfe_S29,18.0
29,1,Johnny Weir_S29,18.0
29,1,Justina Machado_S29,21.0
29,1,Kaitlyn Bristowe_S29,20.0
29,1,Monica Aldama_S29,19.0
29,1,Nelly_S29,16.0
29,1,Nev Schulman_S29,20.0
29,1,Skai Jackson_S29,21.0
29,1,Veron Davis_S29,17.0
29,2,AJ McLean_S29,19.0
29,2,Anne Heche_S29,18.0
29,2,Carole Baskin_S29,16.0
29,2,Charles Oakley_S29,15.0
29,2,Chrishell Stause_S29,18.0
29,2,Jeannie Mai_S29,18.0
29,2,Jesse Metcalfe_S29,20.0
29,2,Johnny Weir_S29,18.0
29,2,Justina Machado_S29,21.0
29,2,Kaitlyn Bristowe_S29,22.0
29,2,Monica Aldama_S29,16.0
29,2,Nelly_S29,18.0
29,2,Nev Schulman_S29,21.0
29,2,Skai Jackson_S29,15.0
29,2,Veron Davis_S29,18.0
29,3,AJ McLean_S29,21.0
29,3,Anne Heche_S29,15.0
29,3,Carole Baskin_S29,12.0
29,3,Charles Oakley_S29,0.0
29,3,Chrishell Stause_S29,22.0
29,3,Jeannie Mai_S29,22.0
29,3,Jesse Metcalfe_S29,20.0
29,3,Johnny Weir_S29,24.0
29,3,Justina Machado_S29,19.0
29,3,Kaitlyn Bristowe_S29,23.0
29,3,Monica Aldama_S29,21.0
29,3,Nelly_S29,18.0
29,3,Nev Schulman_S29,24.0
29,3,Skai Jackson_S29,18.0
29,3,Veron Davis_S29,22.0
29,4,AJ McLean_S29,24.0
29,4,Anne Heche_S29,21.0
29,4,Carole Baskin_S29,0.0
29,4,Charles Oakley_S29,0.0
29,4,Chrishell Stause_S29,22.0
29,4,Jeannie Mai_S29,21.0
29,4,Jesse Metcalfe_S29,21.0
29,4,Johnny Weir_S29,24.0
29,4,Justina Machado_S29,24.0
29,4,Kaitlyn Bristowe_S29,25.0
29,4,Monica Aldama_S29,24.0
29,4,Nelly_S29,21.0
29,4,Nev Schulman_S29,24.0
29,4,Skai Jackson_S29,28.0
29,4,Veron Davis_S29,22.0
29,5,AJ McLean_S29,24.0
29,5,Anne Heche_S29,0.0
29,5,Carole Baskin_S29,0.0
29,5,Charles Oakley_S29,0.0
29,5,Chrishell Stause_S29,19.0
29,5,Jeannie Mai_S29,24.0
29,5,Jesse Metcalfe_S29,19.0
29,5,Johnny Weir_S29,29.0
29,5,Justina Machado_S29,24.0
29,5,Kaitlyn Bristowe_S29,27.0
29,5,Monica Aldama_S29,26.0
29,5,Nelly_S29,24.0
29,5,Nev Schulman_S29,26.0
29,5,Skai Jackson_S29,24.0
29,5,Veron Davis_S29,21.0
29,6,AJ McLean_S29,27.0
29,6,Anne Heche_S29,0.0
29,6,Carole Baskin_S29,0.0
29,6,Charles Oakley_S29,0.0
29,6,Chrishell Stause_S29,24.0
29,6,Jeannie Mai_S29,25.0
29,6,Jesse Metcalfe_S29,0.0
29,6,Johnny Weir_S29,22.0
29,6,Justina Machado_S29,27.0
29,6,Kaitlyn Bristowe_S29,27.0
29,6,Monica Aldama_S29,27.0
29,6,Nelly_S29,24.0
29,6,Nev Schulman_S29,26.0
29,6,Skai Jackson_S29,18.0
29,6,Veron Davis_S29,21.0
29,7,AJ McLean_S29,26.0
29,7,Anne Heche_S29,0.0
29,7,Carole Baskin_S29,0.0
29,7,Charles Oakley_S29,0.0
29,7,Chrishell Stause_S29,26.0
29,7,Jeannie Mai_S29,25.0
29,7,Jesse Metcalfe_S29,0.0
29,7,Johnny Weir_S29,27.0
29,7,Justina Machado_S29,26.0
29,7,Kaitlyn Bristowe_S29,24.0
29,7,Monica Aldama_S29,22.0
29,7,Nelly_S29,27.0
29,7,Nev Schulman_S29,30.0
29,7,Skai Jackson_S29,27.0
29,7,Veron Davis_S29,0.0
29,8,AJ McLean_S29,27.0
29,8,Anne Heche_S29,0.0
29,8,Carole Baskin_S29,0.0
29,8,Charles Oakley_S29,0.0
29,8,Chrishell Stause_S29,27.0
29,8,Jeannie Mai_S29,0.0
29,8,Jesse Metcalfe_S29,0.0
29,8,Johnny Weir_S29,30.0
29,8,Justina Machado_S29,28.9998
29,8,Kaitlyn Bristowe_S29,28.0
29,8,Monica Aldama_S29,0.0
29,8,Nelly_S29,24.0
29,8,Nev Schulman_S29,30.0
29,8,Skai Jackson_S29,26.9998
29,8,Veron Davis_S29,0.0
29,9,AJ McLean_S29,24.9998
29,9,Anne Heche_S29,0.0
29,9,Carole Baskin_S29,0.0
29,9,Charles Oakley_S29,0.0
29,9,Chrishell Stause_S29,0.0
29,9,Jeannie Mai_S29,0.0
29,9,Jesse Metcalfe_S29,0.0
29,9,Johnny Weir_S29,30.0
29,9,Justina Machado_S29,25.9998
29,9,Kaitlyn Bristowe_S29,30.0
29,9,Monica Aldama_S29,0.0
29,9,Nelly_S29,24.0
29,9,Nev Schulman_S29,28.9998
29,9,Skai Jackson_S29,28.9998
29,9,Veron Davis_S29,0.0
29,10,AJ McLean_S29,0.0
29,10,Anne Heche_S29,0.0
29,10,Carole Baskin_S29,0.0
29,10,Charles Oakley_S29,0.0
29,10,Chrishell Stause_S29,0.0
29,10,Jeannie Mai_S29,0.0
29,10,Jesse Metcalfe_S29,0.0
29,10,Johnny Weir_S29,28.5
29,10,Justina Machado_S29,29.0
29,10,Kaitlyn Bristowe_S29,30.0
29,10,Monica Aldama_S29,0.0
29,10,Nelly_S29,28.0
29,10,Nev Schulman_S29,30.0
29,10,Skai Jackson_S29,28.5
29,10,Veron Davis_S29,0.0
29,11,AJ McLean_S29,0.0
29,11,Anne Heche_S29,0.0
29,11,Carole Baskin_S29,0.0
29,11,Charles Oakley_S29,0.0
29,11,Chrishell Stause_S29,0.0
29,11,Jeannie Mai_S29,0.0
29,11,Jesse Metcalfe_S29,0.0
29,11,Johnny Weir_S29,0.0
29,11,Justina Machado_S29,30.0
29,11,Kaitlyn Bristowe_S29,30.0
29,11,Monica Aldama_S29,0.0
29,11,Nelly_S29,28.5
29,11,Nev Schulman_S29,30.0
29,11,Skai Jackson_S29,0.0
29,11,Veron Davis_S29,0.0
30,1,Amanda Kloots_S30,28.0
30,1,Brian Austin Green_S30,24.0
30,1,Christine Chiu_S30,25.0
30,1,Cody Rigsby_S30,24.0
30,1,Iman Shumpert_S30,21.0
30,1,Jimmie Allen_S30,22.0
30,1,JoJo Siwa_S30,29.0
30,1,Kenya Moore_S30,26.0
30,1,Martin Kove_S30,13.0
30,1,Matt James_S30,24.0
30,1,Melanie C_S30,27.0
30,1,Melora Hardin_S30,26.0
30,1,"Mike ""The Miz"" Mizanin_S30",24.0
30,1,Olivia Jade_S30,25.0
30,1,Suni Lee_S30,28.0
30,2,Amanda Kloots_S30,32.0
30,2,Brian Austin Green_S30,23.0
30,2,Christine Chiu_S30,24.0
30,2,Cody Rigsby_S30,24.0
30,2,Iman Shumpert_S30,25.0
30,2,Jimmie Allen_S30,27.0
30,2,JoJo Siwa_S30,31.0
30,2,Kenya Moore_S30,24.0
30,2,Martin Kove_S30,15.0
30,2,Matt James_S30,22.0
30,2,Melanie C_S30,30.0
30,2,Melora Hardin_S30,27.0
30,2,"Mike ""The Miz"" Mizanin_S30",26.0
30,2,Olivia Jade_S30,27.0
30,2,Suni Lee_S30,28.0
30,3,Amanda Kloots_S30,24.0
30,3,Brian Austin Green_S30,19.0
30,3,Christine Chiu_S30,21.0
30,3,Cody Rigsby_S30,18.0
30,3,Iman Shumpert_S30,19.0
30,3,Jimmie Allen_S30,20.0
30,3,JoJo Siwa_S30,24.0
30,3,Kenya Moore_S30,21.0
30,3,Martin Kove_S30,0.0
30,3,Matt James_S30,20.0
30,3,Melanie C_S30,22.0
30,3,Melora Hardin_S30,23.0
30,3,"Mike ""The Miz"" Mizanin_S30",22.0
30,3,Olivia Jade_S30,24.0
30,3,Suni Lee_S30,21.0
30,4,Amanda Kloots_S30,34.0
30,4,Brian Austin Green_S30,26.0
30,4,Christine Chiu_S30,0.0
30,4,Cody Rigsby_S30,29.0
30,4,Iman Shumpert_S30,31.5
30,4,Jimmie Allen_S30,32.5
30,4,JoJo Siwa_S30,35.0
30,4,Kenya Moore_S30,29.5
30,4,Martin Kove_S30,0.0
30,4,Matt James_S30,28.5
30,4,Melanie C_S30,33.0
30,4,Melora Hardin_S30,36.5
30,4,"Mike ""The Miz"" Mizanin_S30",32.5
30,4,Olivia Jade_S30,35.0
30,4,Suni Lee_S30,34.0
30,5,Amanda Kloots_S30,39.0
30,5,Brian Austin Green_S30,0.0
30,5,Christine Chiu_S30,0.0
30,5,Cody Rigsby_S30,32.0
30,5,Iman Shumpert_S30,28.0
30,5,Jimmie Allen_S30,34.0
30,5,JoJo Siwa_S30,40.0
30,5,Kenya Moore_S30,36.0
30,5,Martin Kove_S30,0.0
30,5,Matt James_S30,0.0
30,5,Melanie C_S30,36.0
30,5,Melora Hardin_S30,36.0
30,5,"Mike ""The Miz"" Mizanin_S30",32.0
30,5,Olivia Jade_S30,36.0
30,5,Suni Lee_S30,36.0
30,6,Amanda Kloots_S30,38.0
30,6,Brian Austin Green_S30,0.0
30,6,Christine Chiu_S30,0.0
30,6,Cody Rigsby_S30,36.0
30,6,Iman Shumpert_S30,40.0
30,6,Jimmie Allen_S30,38.0
30,6,JoJo Siwa_S30,40.0
30,6,Kenya Moore_S30,32.0
30,6,Martin Kove_S30,0.0
30,6,Matt James_S30,0.0
30,6,Melanie C_S30,0.0
30,6,Melora Hardin_S30,34.0
30,6,"Mike ""The Miz"" Mizanin_S30",34.0
30,6,Olivia Jade_S30,36.0
30,6,Suni Lee_S30,36.0
30,7,Amanda Kloots_S30,34.0
30,7,Brian Austin Green_S30,0.0
30,7,Christine Chiu_S30,0.0
30,7,Cody Rigsby_S30,36.0
30,7,Iman Shumpert_S30,34.0
30,7,Jimmie Allen_S30,38.0
30,7,JoJo Siwa_S30,39.0
30,7,Kenya Moore_S30,0.0
30,7,Martin Kove_S30,0.0
30,7,Matt James_S30,0.0
30,7,Melanie C_S30,0.0
30,7,Melora Hardin_S30,38.0
30,7,"Mike ""The Miz"" Mizanin_S30",32.0
30,7,Olivia Jade_S30,42.0
30,7,Suni Lee_S30,34.0
30,8,Amanda Kloots_S30,42.0
30,8,Brian Austin Green_S30,0.0
30,8,Christine Chiu_S30,0.0
30,8,Cody Rigsby_S30,38.0
30,8,Iman Shumpert_S30,35.0
30,8,Jimmie Allen_S30,32.0
30,8,JoJo Siwa_S30,41.0
30,8,Kenya Moore_S30,0.0
30,8,Martin Kove_S30,0.0
30,8,Matt James_S30,0.0
30,8,Melanie C_S30,0.0
30,8,Melora Hardin_S30,42.0
30,8,"Mike ""The Miz"" Mizanin_S30",0.0
30,8,Olivia Jade_S30,36.0
30,8,Suni Lee_S30,42.0
30,9,Amanda Kloots_S30,39.5
30,9,Brian Austin Green_S30,0.0
30,9,Christine Chiu_S30,0.0
30,9,Cody Rigsby_S30,35.5
30,9,Iman Shumpert_S30,37.5
30,9,Jimmie Allen_S30,0.0
30,9,JoJo Siwa_S30,40.0
30,9,Kenya Moore_S30,0.0
30,9,Martin Kove_S30,0.0
30,9,Matt James_S30,0.0
30,9,Melanie C_S30,0.0
30,9,Melora Hardin_S30,36.0
30,9,"Mike ""The Miz"" Mizanin_S30",0.0
30,9,Olivia Jade_S30,0.0
30,9,Suni Lee_S30,37.5
30,10,Amanda Kloots_S30,39.0
30,10,Brian Austin Green_S30,0.0
30,10,Christine Chiu_S30,0.0
30,10,Cody Rigsby_S30,38.0
30,10,Iman Shumpert_S30,40.0
30,10,Jimmie Allen_S30,0.0
30,10,JoJo Siwa_S30,40.0
30,10,Kenya Moore_S30,0.0
30,10,Martin Kove_S30,0.0
30,10,Matt James_S30,0.0
30,10,Melanie C_S30,0.0
30,10,Melora Hardin_S30,0.0
30,10,"Mike ""The Miz"" Mizanin_S30",0.0
30,10,Olivia Jade_S30,0.0
30,10,Suni Lee_S30,0.0
31,1,Charli D'Amelio_S31,32.0
31,1,Cheryl Ladd_S31,21.0
31,1,Daniel Durant_S31,27.0
31,1,Gabby Windey_S31,28.0
31,1,Heidi D'Amelio_S31,24.0
31,1,Jason Lewis_S31,18.0
31,1,Jessie James Decker_S31,20.0
31,1,Jordin Sparks_S31,26.0
31,1,Joseph Baena_S31,23.0
31,1,Sam Champion_S31,20.0
31,1,Selma Blair_S31,28.0
31,1,Shangela_S31,28.0
31,1,Teresa Giudice_S31,20.0
31,1,Trevor Donovan_S31,21.0
31,1,Vinny Guadagnino_S31,17.0
31,1,Wayne Brady_S31,29.0
31,2,Charli D'Amelio_S31,32.0
31,2,Cheryl Ladd_S31,21.0
31,2,Daniel Durant_S31,29.0
31,2,Gabby Windey_S31,32.0
31,2,Heidi D'Amelio_S31,28.0
31,2,Jason Lewis_S31,0.0
31,2,Jessie James Decker_S31,25.0
31,2,Jordin Sparks_S31,27.0
31,2,Joseph Baena_S31,24.0
31,2,Sam Champion_S31,26.0
31,2,Selma Blair_S31,28.0
31,2,Shangela_S31,28.0
31,2,Teresa Giudice_S31,23.0
31,2,Trevor Donovan_S31,30.0
31,2,Vinny Guadagnino_S31,27.0
31,2,Wayne Brady_S31,32.0
31,3,Charli D'Amelio_S31,33.0
31,3,Cheryl Ladd_S31,24.0
31,3,Daniel Durant_S31,31.0
31,3,Gabby Windey_S31,33.0
31,3,Heidi D'Amelio_S31,32.0
31,3,Jason Lewis_S31,0.0
31,3,Jessie James Decker_S31,26.0
31,3,Jordin Sparks_S31,29.0
31,3,Joseph Baena_S31,29.0
31,3,Sam Champion_S31,25.0
31,3,Selma Blair_S31,28.0
31,3,Shangela_S31,30.0
31,3,Teresa Giudice_S31,0.0
31,3,Trevor Donovan_S31,27.0
31,3,Vinny Guadagnino_S31,23.0
31,3,Wayne Brady_S31,33.0
31,4,Charli D'Amelio_S31,36.0
31,4,Cheryl Ladd_S31,0.0
31,4,Daniel Durant_S31,29.0
31,4,Gabby Windey_S31,36.0
31,4,Heidi D'Amelio_S31,34.0
31,4,Jason Lewis_S31,0.0
31,4,Jessie James Decker_S31,31.0
31,4,Jordin Sparks_S31,34.0
31,4,Joseph Baena_S31,28.0
31,4,Sam Champion_S31,25.0
31,4,Selma Blair_S31,32.0
31,4,Shangela_S31,32.0
31,4,Teresa Giudice_S31,0.0
31,4,Trevor Donovan_S31,28.0
31,4,Vinny Guadagnino_S31,29.0
31,4,Wayne Brady_S31,36.0
31,5,Charli D'Amelio_S31,42.0
31,5,Cheryl Ladd_S31,0.0
31,5,Daniel Durant_S31,33.5
31,5,Gabby Windey_S31,41.0
31,5,Heidi D'Amelio_S31,39.0
31,5,Jason Lewis_S31,0.0
31,5,Jessie James Decker_S31,36.0
31,5,Jordin Sparks_S31,35.5
31,5,Joseph Baena_S31,35.0
31,5,Sam Champion_S31,0.0
31,5,Selma Blair_S31,40.0
31,5,Shangela_S31,38.5
31,5,Teresa Giudice_S31,0.0
31,5,Trevor Donovan_S31,36.0
31,5,Vinny Guadagnino_S31,31.0
31,5,Wayne Brady_S31,41.0
31,6,Charli D'Amelio_S31,40.0
31,6,Cheryl Ladd_S31,0.0
31,6,Daniel Durant_S31,34.0
31,6,Gabby Windey_S31,37.0
31,6,Heidi D'Amelio_S31,36.0
31,6,Jason Lewis_S31,0.0
31,6,Jessie James Decker_S31,32.0
31,6,Jordin Sparks_S31,34.0
31,6,Joseph Baena_S31,0.0
31,6,Sam Champion_S31,0.0
31,6,Selma Blair_S31,0.0
31,6,Shangela_S31,36.0
31,6,Teresa Giudice_S31,0.0
31,6,Trevor Donovan_S31,34.0
31,6,Vinny Guadagnino_S31,28.0
31,6,Wayne Brady_S31,34.0
31,7,Charli D'Amelio_S31,39.0
31,7,Cheryl Ladd_S31,0.0
31,7,Daniel Durant_S31,36.5
31,7,Gabby Windey_S31,35.5
31,7,Heidi D'Amelio_S31,35.0
31,7,Jason Lewis_S31,0.0
31,7,Jessie James Decker_S31,0.0
31,7,Jordin Sparks_S31,34.5
31,7,Joseph Baena_S31,0.0
31,7,Sam Champion_S31,0.0
31,7,Selma Blair_S31,0.0
31,7,Shangela_S31,36.5
31,7,Teresa Giudice_S31,0.0
31,7,Trevor Donovan_S31,39.0
31,7,Vinny Guadagnino_S31,31.5
31,7,Wayne Brady_S31,38.0
31,8,Charli D'Amelio_S31,45.0
31,8,Cheryl Ladd_S31,0.0
31,8,Daniel Durant_S31,39.0
31,8,Gabby Windey_S31,40.0
31,8,Heidi D'Amelio_S31,35.0
31,8,Jason Lewis_S31,0.0
31,8,Jessie James Decker_S31,0.0
31,8,Jordin Sparks_S31,0.0
31,8,Joseph Baena_S31,0.0
31,8,Sam Champion_S31,0.0
31,8,Selma Blair_S31,0.0
31,8,Shangela_S31,42.0
31,8,Teresa Giudice_S31,0.0
31,8,Trevor Donovan_S31,39.0
31,8,Vinny Guadagnino_S31,29.0
31,8,Wayne Brady_S31,45.0
31,9,Charli D'Amelio_S31,40.0
31,9,Cheryl Ladd_S31,0.0
31,9,Daniel Durant_S31,34.5
31,9,Gabby Windey_S31,40.0
31,9,Heidi D'Amelio_S31,0.0
31,9,Jason Lewis_S31,0.0
31,9,Jessie James Decker_S31,0.0
31,9,Jordin Sparks_S31,0.0
31,9,Joseph Baena_S31,0.0
31,9,Sam Champion_S31,0.0
31,9,Selma Blair_S31,0.0
31,9,Shangela_S31,36.5
31,9,Teresa Giudice_S31,0.0
31,9,Trevor Donovan_S31,32.5
31,9,Vinny Guadagnino_S31,0.0
31,9,Wayne Brady_S31,36.5
31,10,Charli D'Amelio_S31,40.0
31,10,Cheryl Ladd_S31,0.0
31,10,Daniel Durant_S31,0.0
31,10,Gabby Windey_S31,40.0
31,10,Heidi D'Amelio_S31,0.0
31,10,Jason Lewis_S31,0.0
31,10,Jessie James Decker_S31,0.0
31,10,Jordin Sparks_S31,0.0
31,10,Joseph Baena_S31,0.0
31,10,Sam Champion_S31,0.0
31,10,Selma Blair_S31,0.0
31,10,Shangela_S31,38.0
31,10,Teresa Giudice_S31,0.0
31,10,Trevor Donovan_S31,0.0
31,10,Vinny Guadagnino_S31,0.0
31,10,Wayne Brady_S31,38.0
32,1,Adrian Peterson_S32,18.0
32,1,Alyson Hannigan_S32,13.0
32,1,Ariana Madix_S32,21.0
32,1,Barry Williams_S32,16.0
32,1,Charity Lawson_S32,22.0
32,1,Harry Jowsey_S32,12.0
32,1,Jamie Lynn Spears_S32,15.0
32,1,Jason Mraz_S32,21.0
32,1,Lele Pons_S32,19.0
32,1,Matt Walsh_S32,12.0
32,1,Mauricio Umansky_S32,15.0
32,1,Mira Sorvino_S32,17.0
32,1,Tyson Beckford_S32,12.0
32,1,Xochitl Gomez_S32,18.0
32,2,Adrian Peterson_S32,15.0
32,2,Alyson Hannigan_S32,19.0
32,2,Ariana Madix_S32,20.0
32,2,Barry Williams_S32,15.0
32,2,Charity Lawson_S32,21.0
32,2,Harry Jowsey_S32,15.0
32,2,Jamie Lynn Spears_S32,16.0
32,2,Jason Mraz_S32,24.0
32,2,Lele Pons_S32,21.0
32,2,Matt Walsh_S32,0.0
32,2,Mauricio Umansky_S32,12.0
32,2,Mira Sorvino_S32,18.0
32,2,Tyson Beckford_S32,18.0
32,2,Xochitl Gomez_S32,24.0
32,3,Adrian Peterson_S32,22.0
32,3,Alyson Hannigan_S32,24.0
32,3,Ariana Madix_S32,34.0
32,3,Barry Williams_S32,25.0
32,3,Charity Lawson_S32,32.0
32,3,Harry Jowsey_S32,24.0
32,3,Jamie Lynn Spears_S32,0.0
32,3,Jason Mraz_S32,34.0
32,3,Lele Pons_S32,27.0
32,3,Matt Walsh_S32,0.0
32,3,Mauricio Umansky_S32,23.0
32,3,Mira Sorvino_S32,26.0
32,3,Tyson Beckford_S32,20.0
32,3,Xochitl Gomez_S32,32.0
32,4,Adrian Peterson_S32,21.0
32,4,Alyson Hannigan_S32,18.0
32,4,Ariana Madix_S32,25.0
32,4,Barry Williams_S32,18.0
32,4,Charity Lawson_S32,24.0
32,4,Harry Jowsey_S32,21.0
32,4,Jamie Lynn Spears_S32,0.0
32,4,Jason Mraz_S32,24.0
32,4,Lele Pons_S32,22.0
32,4,Matt Walsh_S32,0.0
32,4,Mauricio Umansky_S32,19.0
32,4,Mira Sorvino_S32,21.0
32,4,Tyson Beckford_S32,0.0
32,4,Xochitl Gomez_S32,27.0
32,5,Adrian Peterson_S32,0.0
32,5,Alyson Hannigan_S32,21.0
32,5,Ariana Madix_S32,24.0
32,5,Barry Williams_S32,24.0
32,5,Charity Lawson_S32,28.0
32,5,Harry Jowsey_S32,18.0
32,5,Jamie Lynn Spears_S32,0.0
32,5,Jason Mraz_S32,27.0
32,5,Lele Pons_S32,24.0
32,5,Matt Walsh_S32,0.0
32,5,Mauricio Umansky_S32,24.0
32,5,Mira Sorvino_S32,22.0
32,5,Tyson Beckford_S32,0.0
32,5,Xochitl Gomez_S32,28.0
32,6,Adrian Peterson_S32,0.0
32,6,Alyson Hannigan_S32,31.0
32,6,Ariana Madix_S32,41.0
32,6,Barry Williams_S32,32.0
32,6,Charity Lawson_S32,38.0
32,6,Harry Jowsey_S32,29.0
32,6,Jamie Lynn Spears_S32,0.0
32,6,Jason Mraz_S32,39.0
32,6,Lele Pons_S32,37.0
32,6,Matt Walsh_S32,0.0
32,6,Mauricio Umansky_S32,33.0
32,6,Mira Sorvino_S32,0.0
32,6,Tyson Beckford_S32,0.0
32,6,Xochitl Gomez_S32,42.0
32,7,Adrian Peterson_S32,0.0
32,7,Alyson Hannigan_S32,35.0
32,7,Ariana Madix_S32,37.0
32,7,Barry Williams_S32,32.5
32,7,Charity Lawson_S32,36.0
32,7,Harry Jowsey_S32,32.0
32,7,Jamie Lynn Spears_S32,0.0
32,7,Jason Mraz_S32,36.0
32,7,Lele Pons_S32,36.5
32,7,Matt Walsh_S32,0.0
32,7,Mauricio Umansky_S32,0.0
32,7,Mira Sorvino_S32,0.0
32,7,Tyson Beckford_S32,0.0
32,7,Xochitl Gomez_S32,37.0
32,8,Adrian Peterson_S32,0.0
32,8,Alyson Hannigan_S32,36.0
32,8,Ariana Madix_S32,42.0
32,8,Barry Williams_S32,35.0
32,8,Charity Lawson_S32,39.0
32,8,Harry Jowsey_S32,28.0
32,8,Jamie Lynn Spears_S32,0.0
32,8,Jason Mraz_S32,33.0
32,8,Lele Pons_S32,0.0
32,8,Matt Walsh_S32,0.0
32,8,Mauricio Umansky_S32,0.0
32,8,Mira Sorvino_S32,0.0
32,8,Tyson Beckford_S32,0.0
32,8,Xochitl Gomez_S32,40.0
32,9,Adrian Peterson_S32,0.0
32,9,Alyson Hannigan_S32,32.0
32,9,Ariana Madix_S32,37.0
32,9,Barry Williams_S32,0.0
32,9,Charity Lawson_S32,38.0
32,9,Harry Jowsey_S32,30.0
32,9,Jamie Lynn Spears_S32,0.0
32,9,Jason Mraz_S32,43.0
32,9,Lele Pons_S32,0.0
32,9,Matt Walsh_S32,0.0
32,9,Mauricio Umansky_S32,0.0
32,9,Mira Sorvino_S32,0.0
32,9,Tyson Beckford_S32,0.0
32,9,Xochitl Gomez_S32,41.0
32,10,Adrian Peterson_S32,0.0
32,10,Alyson Hannigan_S32,25.5
32,10,Ariana Madix_S32,29.0
32,10,Barry Williams_S32,0.0
32,10,Charity Lawson_S32,29.5
32,10,Harry Jowsey_S32,0.0
32,10,Jamie Lynn Spears_S32,0.0
32,10,Jason Mraz_S32,28.5
32,10,Lele Pons_S32,0.0
32,10,Matt Walsh_S32,0.0
32,10,Mauricio Umansky_S32,0.0
32,10,Mira Sorvino_S32,0.0
32,10,Tyson Beckford_S32,0.0
32,10,Xochitl Gomez_S32,30.0
32,11,Adrian Peterson_S32,0.0
32,11,Alyson Hannigan_S32,26.5
32,11,Ariana Madix_S32,29.5
32,11,Barry Williams_S32,0.0
32,11,Charity Lawson_S32,29.5
32,11,Harry Jowsey_S32,0.0
32,11,Jamie Lynn Spears_S32,0.0
32,11,Jason Mraz_S32,30.0
32,11,Lele Pons_S32,0.0
32,11,Matt Walsh_S32,0.0
32,11,Mauricio Umansky_S32,0.0
32,11,Mira Sorvino_S32,0.0
32,11,Tyson Beckford_S32,0.0
32,11,Xochitl Gomez_S32,30.0
33,1,Anna Delvey_S33,18.0
33,1,Brooks Nader_S33,18.0
33,1,Chandler Kinney_S33,23.0
33,1,Danny Amendola_S33,20.0
33,1,Dwight Howard _S33,22.0
33,1,Eric Roberts_S33,15.0
33,1,Ilona Maher_S33,18.0
33,1,Jenn Tran_S33,19.0
33,1,Joey Graziadei_S33,21.0
33,1,Phaedra Parks_S33,19.0
33,1,Reginald VelJohnson_S33,16.0
33,1,Stephen Nedoroscik_S33,21.0
33,1,Tori Spelling_S33,17.0
33,2,Anna Delvey_S33,17.0
33,2,Brooks Nader_S33,20.0
33,2,Chandler Kinney_S33,24.0
33,2,Danny Amendola_S33,21.0
33,2,Dwight Howard _S33,22.0
33,2,Eric Roberts_S33,15.0
33,2,Ilona Maher_S33,21.0
33,2,Jenn Tran_S33,19.0
33,2,Joey Graziadei_S33,22.0
33,2,Phaedra Parks_S33,21.0
33,2,Reginald VelJohnson_S33,15.0
33,2,Stephen Nedoroscik_S33,22.0
33,2,Tori Spelling_S33,19.0
33,3,Anna Delvey_S33,0.0
33,3,Brooks Nader_S33,30.5
33,3,Chandler Kinney_S33,34.5
33,3,Danny Amendola_S33,30.0
33,3,Dwight Howard _S33,26.0
33,3,Eric Roberts_S33,23.0
33,3,Ilona Maher_S33,28.0
33,3,Jenn Tran_S33,31.0
33,3,Joey Graziadei_S33,35.0
33,3,Phaedra Parks_S33,28.0
33,3,Reginald VelJohnson_S33,21.0
33,3,Stephen Nedoroscik_S33,31.0
33,3,Tori Spelling_S33,0.0
33,4,Anna Delvey_S33,0.0
33,4,Brooks Nader_S33,32.0
33,4,Chandler Kinney_S33,32.0
33,4,Danny Amendola_S33,36.0
33,4,Dwight Howard _S33,29.0
33,4,Eric Roberts_S33,0.0
33,4,Ilona Maher_S33,32.0
33,4,Jenn Tran_S33,32.0
33,4,Joey Graziadei_S33,36.0
33,4,Phaedra Parks_S33,32.0
33,4,Reginald VelJohnson_S33,0.0
33,4,Stephen Nedoroscik_S33,33.0
33,4,Tori Spelling_S33,0.0
33,5,Anna Delvey_S33,0.0
33,5,Brooks Nader_S33,0.0
33,5,Chandler Kinney_S33,27.0
33,5,Danny Amendola_S33,25.5
33,5,Dwight Howard _S33,24.0
33,5,Eric Roberts_S33,0.0
33,5,Ilona Maher_S33,26.0
33,5,Jenn Tran_S33,25.5
33,5,Joey Graziadei_S33,26.0
33,5,Phaedra Parks_S33,24.0
33,5,Reginald VelJohnson_S33,0.0
33,5,Stephen Nedoroscik_S33,24.0
33,5,Tori Spelling_S33,0.0
33,6,Anna Delvey_S33,0.0
33,6,Brooks Nader_S33,0.0
33,6,Chandler Kinney_S33,32.0
33,6,Danny Amendola_S33,28.0
33,6,Dwight Howard _S33,31.0
33,6,Eric Roberts_S33,0.0
33,6,Ilona Maher_S33,24.0
33,6,Jenn Tran_S33,31.0
33,6,Joey Graziadei_S33,32.0
33,6,Phaedra Parks_S33,0.0
33,6,Reginald VelJohnson_S33,0.0
33,6,Stephen Nedoroscik_S33,28.0
33,6,Tori Spelling_S33,0.0
33,7,Anna Delvey_S33,0.0
33,7,Brooks Nader_S33,0.0
33,7,Chandler Kinney_S33,30.0
33,7,Danny Amendola_S33,25.5
33,7,Dwight Howard _S33,24.0
33,7,Eric Roberts_S33,0.0
33,7,Ilona Maher_S33,26.0
33,7,Jenn Tran_S33,0.0
33,7,Joey Graziadei_S33,27.5
33,7,Phaedra Parks_S33,0.0
33,7,Reginald VelJohnson_S33,0.0
33,7,Stephen Nedoroscik_S33,27.0
33,7,Tori Spelling_S33,0.0
33,8,Anna Delvey_S33,0.0
33,8,Brooks Nader_S33,0.0
33,8,Chandler Kinney_S33,29.0
33,8,Danny Amendola_S33,27.0
33,8,Dwight Howard _S33,0.0
33,8,Eric Roberts_S33,0.0
33,8,Ilona Maher_S33,28.5
33,8,Jenn Tran_S33,0.0
33,8,Joey Graziadei_S33,29.0
33,8,Phaedra Parks_S33,0.0
33,8,Reginald VelJohnson_S33,0.0
33,8,Stephen Nedoroscik_S33,26.5
33,8,Tori Spelling_S33,0.0
33,9,Anna Delvey_S33,0.0
33,9,Brooks Nader_S33,0.0
33,9,Chandler Kinney_S33,30.0
33,9,Danny Amendola_S33,28.0
33,9,Dwight Howard _S33,0.0
33,9,Eric Roberts_S33,0.0
33,9,Ilona Maher_S33,28.5
33,9,Jenn Tran_S33,0.0
33,9,Joey Graziadei_S33,29.5
33,9,Phaedra Parks_S33,0.0
33,9,Reginald VelJohnson_S33,0.0
33,9,Stephen Nedoroscik_S33,29.5
33,9,Tori Spelling_S33,0.0
34,1,Alix Earle_S34,13.0
34,1,Andy Richter_S34,9.0
34,1,Baron Davis_S34,10.0
34,1,Corey Feldman_S34,9.0
34,1,Danielle Fishel_S34,12.0
34,1,Dylan Efron_S34,10.0
34,1,Elaine Hendrix_S34,12.0
34,1,Hilaria Baldwin_S34,14.0
34,1,Jen Affleck_S34,12.0
34,1,Jordan Chiles_S34,10.0
34,1,Lauren Jauregui_S34,13.0
34,1,Robert Irwin_S34,15.0
34,1,Scott Hoying_S34,10.0
34,1,Whitney Leavitt_S34,15.0
34,2,Alix Earle_S34,21.0
34,2,Andy Richter_S34,16.0
34,2,Baron Davis_S34,18.0
34,2,Corey Feldman_S34,15.0
34,2,Danielle Fishel_S34,19.0
34,2,Dylan Efron_S34,20.0
34,2,Elaine Hendrix_S34,21.0
34,2,Hilaria Baldwin_S34,21.0
34,2,Jen Affleck_S34,22.0
34,2,Jordan Chiles_S34,22.0
34,2,Lauren Jauregui_S34,21.0
34,2,Robert Irwin_S34,22.0
34,2,Scott Hoying_S34,18.0
34,2,Whitney Leavitt_S34,22.0
34,3,Alix Earle_S34,23.0
34,3,Andy Richter_S34,18.0
34,3,Baron Davis_S34,0.0
34,3,Corey Feldman_S34,0.0
34,3,Danielle Fishel_S34,21.0
34,3,Dylan Efron_S34,23.0
34,3,Elaine Hendrix_S34,21.0
34,3,Hilaria Baldwin_S34,22.0
34,3,Jen Affleck_S34,19.0
34,3,Jordan Chiles_S34,24.0
34,3,Lauren Jauregui_S34,18.0
34,3,Robert Irwin_S34,22.0
34,3,Scott Hoying_S34,22.0
34,3,Whitney Leavitt_S34,24.0
34,4,Alix Earle_S34,24.0
34,4,Andy Richter_S34,18.0
34,4,Baron Davis_S34,0.0
34,4,Corey Feldman_S34,0.0
34,4,Danielle Fishel_S34,21.0
34,4,Dylan Efron_S34,23.0
34,4,Elaine Hendrix_S34,24.0
34,4,Hilaria Baldwin_S34,23.0
34,4,Jen Affleck_S34,23.0
34,4,Jordan Chiles_S34,24.0
34,4,Lauren Jauregui_S34,0.0
34,4,Robert Irwin_S34,22.0
34,4,Scott Hoying_S34,21.0
34,4,Whitney Leavitt_S34,25.0
34,5,Alix Earle_S34,35.0
34,5,Andy Richter_S34,24.0
34,5,Baron Davis_S34,0.0
34,5,Corey Feldman_S34,0.0
34,5,Danielle Fishel_S34,29.0
34,5,Dylan Efron_S34,36.0
34,5,Elaine Hendrix_S34,30.0
34,5,Hilaria Baldwin_S34,0.0
34,5,Jen Affleck_S34,29.0
34,5,Jordan Chiles_S34,32.0
34,5,Lauren Jauregui_S34,0.0
34,5,Robert Irwin_S34,35.0
34,5,Scott Hoying_S34,30.0
34,5,Whitney Leavitt_S34,33.0
34,6,Alix Earle_S34,35.0
34,6,Andy Richter_S34,27.0
34,6,Baron Davis_S34,0.0
34,6,Corey Feldman_S34,0.0
34,6,Danielle Fishel_S34,36.0
34,6,Dylan Efron_S34,32.0
34,6,Elaine Hendrix_S34,36.0
34,6,Hilaria Baldwin_S34,0.0
34,6,Jen Affleck_S34,32.0
34,6,Jordan Chiles_S34,39.0
34,6,Lauren Jauregui_S34,0.0
34,6,Robert Irwin_S34,36.0
34,6,Scott Hoying_S34,28.0
34,6,Whitney Leavitt_S34,39.0
34,7,Alix Earle_S34,43.0
34,7,Andy Richter_S34,29.0
34,7,Baron Davis_S34,0.0
34,7,Corey Feldman_S34,0.0
34,7,Danielle Fishel_S34,35.0
34,7,Dylan Efron_S34,38.0
34,7,Elaine Hendrix_S34,32.0
34,7,Hilaria Baldwin_S34,0.0
34,7,Jen Affleck_S34,34.0
34,7,Jordan Chiles_S34,38.0
34,7,Lauren Jauregui_S34,0.0
34,7,Robert Irwin_S34,41.0
34,7,Scott Hoying_S34,0.0
34,7,Whitney Leavitt_S34,42.0
34,8,Alix Earle_S34,38.5
34,8,Andy Richter_S34,34.0
34,8,Baron Davis_S34,0.0
34,8,Corey Feldman_S34,0.0
34,8,Danielle Fishel_S34,37.0
34,8,Dylan Efron_S34,38.0
34,8,Elaine Hendrix_S34,37.5
34,8,Hilaria Baldwin_S34,0.0
34,8,Jen Affleck_S34,0.0
34,8,Jordan Chiles_S34,39.0
34,8,Lauren Jauregui_S34,0.0
34,8,Robert Irwin_S34,38.0
34,8,Scott Hoying_S34,0.0
34,8,Whitney Leavitt_S34,39.5
34,9,Alix Earle_S34,40.0
34,9,Andy Richter_S34,29.0
34,9,Baron Davis_S34,0.0
34,9,Corey Feldman_S34,0.0
34,9,Danielle Fishel_S34,0.0
34,9,Dylan Efron_S34,42.0
34,9,Elaine Hendrix_S34,36.0
34,9,Hilaria Baldwin_S34,0.0
34,9,Jen Affleck_S34,0.0
34,9,Jordan Chiles_S34,39.0
34,9,Lauren Jauregui_S34,0.0
34,9,Robert Irwin_S34,42.0
34,9,Scott Hoying_S34,0.0
34,9,Whitney Leavitt_S34,42.0
34,10,Alix Earle_S34,29.0
34,10,Andy Richter_S34,0.0
34,10,Baron Davis_S34,0.0
34,10,Corey Feldman_S34,0.0
34,10,Danielle Fishel_S34,0.0
34,10,Dylan Efron_S34,27.5
34,10,Elaine Hendrix_S34,28.5
34,10,Hilaria Baldwin_S34,0.0
34,10,Jen Affleck_S34,0.0
34,10,Jordan Chiles_S34,28.5
34,10,Lauren Jauregui_S34,0.0
34,10,Robert Irwin_S34,29.5
34,10,Scott Hoying_S34,0.0
34,10,Whitney Leavitt_S34,29.0
34,11,Alix Earle_S34,30.0
34,11,Andy Richter_S34,0.0
34,11,Baron Davis_S34,0.0
34,11,Corey Feldman_S34,0.0
34,11,Danielle Fishel_S34,0.0
34,11,Dylan Efron_S34,29.3332
34,11,Elaine Hendrix_S34,28.9998
34,11,Hilaria Baldwin_S34,0.0
34,11,Jen Affleck_S34,0.0
34,11,Jordan Chiles_S34,29.666600000000003
34,11,Lauren Jauregui_S34,0.0
34,11,Robert Irwin_S34,29.666600000000003
34,11,Scott Hoying_S34,0.0
34,11,Whitney Leavitt_S34,0.0
