season,week,contestant_id,fan_percent,judge_percent,week_left,fan_rank,judge_rank,rank_rank,rev_rank_rank,percent_rank,rev_percent_rank,week_rank,season_weeks,voting_method,week_elim,max_week_in_season,rank_rank_is_eliminated,percent_rank_is_eliminated,placement_rank_rank,placement_percent_rank
1,1,Evander Holyfield_S1,0.17241961900573974,0.1651376146788991,6,3,4,3,4,3,4,5,6,rank_v1,0,6,false,false,,
1,1,Joey McIntyre_S1,0.16770444464477768,0.1834862385321101,6,5,2,3,4,2,5,3,6,rank_v1,0,6,false,false,,
1,1,John O'Hurley_S1,0.1726220271887241,0.1834862385321101,6,2,2,1,6,1,6,2,6,rank_v1,0,6,false,false,,
1,1,Kelly Monaco_S1,0.17328374973011942,0.11926605504587157,6,1,6,3,4,6,1,6,6,rank_v1,0,6,false,false,,
1,1,Rachel Hunter_S1,0.1451327927716438,0.1834862385321101,6,6,2,5,1,5,2,1,6,rank_v1,0,6,false,false,,
1,1,Trista Sutter_S1,0.16883736665899537,0.1651376146788991,6,4,4,5,1,4,3,4,6,rank_v1,0,6,false,false,,
1,2,Evander Holyfield_S1,0.20500052418654624,0.11570247933884298,6,1,6,4,3,5,2,6,6,rank_v1,1,6,false,false,,
1,2,Joey McIntyre_S1,0.17404392873611574,0.17355371900826447,6,3,3,2,5,2,5,3,6,rank_v1,1,6,false,false,,
1,2,John O'Hurley_S1,0.17087392153422762,0.21487603305785125,6,4,1,1,6,1,6,1,6,rank_v1,1,6,false,false,,
1,2,Kelly Monaco_S1,0.18826022841012094,0.14049586776859505,6,2,5,4,3,4,3,5,6,rank_v1,1,6,false,false,,
1,2,Rachel Hunter_S1,0.14033548122822698,0.19834710743801653,6,5,2,4,3,3,4,2,6,rank_v1,1,6,false,false,,
1,2,Trista Sutter_S1,0.12148591590476127,0.15702479338842976,6,6,4,6,1,6,1,4,6,rank_v1,1,6,true,true,,
1,3,Evander Holyfield_S1,0.18351336075987137,0.12264150943396226,5,4,5,5,1,5,1,5,6,rank_v1,1,6,true,true,,
1,3,Joey McIntyre_S1,0.20966288994042434,0.20754716981132076,5,2,3,2,4,4,2,3,6,rank_v1,1,6,false,false,,
1,3,John O'Hurley_S1,0.20756516212744583,0.22641509433962265,5,3,2,2,4,1,5,2,6,rank_v1,1,6,false,false,,
1,3,Kelly Monaco_S1,0.22219985985309187,0.19811320754716982,5,1,4,2,4,3,3,4,6,rank_v1,1,6,false,false,,
1,3,Rachel Hunter_S1,0.1770587273191666,0.24528301886792453,5,5,1,4,2,2,4,1,6,rank_v1,1,6,false,false,,
1,4,Joey McIntyre_S1,0.3170583631490104,0.21739130434782608,4,1,4,2,2,1,4,4,6,rank_v1,1,6,false,false,,
1,4,John O'Hurley_S1,0.27220634031508795,0.22826086956521738,4,2,3,2,2,3,2,3,6,rank_v1,1,6,false,false,,
1,4,Kelly Monaco_S1,0.2325943325735733,0.2826086956521739,4,3,1,1,4,2,3,1,6,rank_v1,1,6,false,false,,
1,4,Rachel Hunter_S1,0.17814096396232962,0.2717391304347826,4,4,2,4,1,4,1,2,6,rank_v1,1,6,true,true,,
1,5,Joey McIntyre_S1,0.31825280797712496,0.3082191780821918,3,3,3,3,1,3,1,3,6,rank_v1,1,6,true,true,,
1,5,John O'Hurley_S1,0.3326259641968195,0.3698630136986301,3,2,1,1,2,1,3,1,6,rank_v1,1,6,false,false,,
1,5,Kelly Monaco_S1,0.34912122782605537,0.3219178082191781,3,1,2,1,2,2,2,2,6,rank_v1,1,6,false,false,,
1,6,John O'Hurley_S1,0.4254459631813835,0.4954128440366973,2,2,2,2,1,2,1,2,6,rank_v1,2,6,true,true,2,2
1,6,Kelly Monaco_S1,0.574554036818616,0.5045871559633027,2,1,1,1,2,1,2,1,6,rank_v1,2,6,true,true,1,1
2,1,Drew Lachey_S2,0.1015467752569365,0.12307692307692308,10,7,1,2,9,1,10,1,8,rank_v1,1,8,false,false,,
2,1,George Hamilton_S2,0.10592644663823435,0.09230769230769231,10,3,8,6,5,8,3,8,8,rank_v1,1,8,false,false,,
2,1,Giselle Fernandez_S2,0.09758116914196349,0.11794871794871795,10,9,2,6,5,3,8,3,8,rank_v1,1,8,false,false,,
2,1,Jerry Rice_S2,0.10313272225176108,0.1076923076923077,10,5,5,4,7,5,6,5,8,rank_v1,1,8,false,false,,
2,1,Kenny Mayne_S2,0.06357907619585228,0.06666666666666667,10,10,9,10,1,10,1,9,8,rank_v1,1,8,true,true,,
2,1,Lisa Rinna_S2,0.10745779026696521,0.09743589743589744,10,2,7,3,8,7,4,7,8,rank_v1,1,8,false,false,,
2,1,Master P_S2,0.1134305098709769,0.06153846153846154,10,1,10,6,5,9,2,10,8,rank_v1,1,8,false,false,,
2,1,Stacy Keibler_S2,0.1013082740143744,0.11282051282051282,10,8,4,8,2,4,7,4,8,rank_v1,1,8,false,false,,
2,1,Tatum O'Neal_S2,0.10341912297986748,0.11794871794871795,10,4,2,1,10,2,9,2,8,rank_v1,1,8,false,false,,
2,1,Tia Carrere_S2,0.1026181133830704,0.10256410256410256,10,6,6,8,2,6,5,6,8,rank_v1,1,8,false,false,,
2,2,Drew Lachey_S2,0.11187225285967305,0.135,9,6,2,2,8,2,8,2,8,rank_v1,1,8,false,false,,
2,2,George Hamilton_S2,0.11589627169308035,0.11,9,4,5,5,5,5,5,6,8,rank_v1,1,8,false,false,,
2,2,Giselle Fernandez_S2,0.10520401788732456,0.12,9,8,3,8,2,6,4,3,8,rank_v1,1,8,false,false,,
2,2,Jerry Rice_S2,0.11387256185991346,0.115,9,5,4,5,5,3,7,4,8,rank_v1,1,8,false,false,,
2,2,Lisa Rinna_S2,0.11961440995940807,0.1,9,2,7,5,5,7,3,7,8,rank_v1,1,8,false,false,,
2,2,Master P_S2,0.12290500344232953,0.08,9,1,9,7,3,8,2,9,8,rank_v1,1,8,false,false,,
2,2,Stacy Keibler_S2,0.1107501298381871,0.145,9,7,1,2,8,1,9,1,8,rank_v1,1,8,false,false,,
2,2,Tatum O'Neal_S2,0.08384026734098829,0.085,9,9,8,9,1,9,1,8,8,rank_v1,1,8,true,true,,
2,2,Tia Carrere_S2,0.11604508511909849,0.11,9,3,5,2,8,4,6,5,8,rank_v1,1,8,false,false,,
2,3,Drew Lachey_S2,0.12447017792734814,0.14835164835164835,8,7,1,3,5,2,7,1,8,rank_v1,1,8,false,false,,
2,3,George Hamilton_S2,0.13076862988314075,0.12087912087912088,8,3,5,3,5,5,4,5,8,rank_v1,1,8,false,false,,
2,3,Giselle Fernandez_S2,0.08768440938542235,0.12087912087912088,8,8,5,8,1,8,1,6,8,rank_v1,1,8,true,true,,
2,3,Jerry Rice_S2,0.14110341427318487,0.1043956043956044,8,2,7,5,3,6,3,7,8,rank_v1,1,8,false,false,,
2,3,Lisa Rinna_S2,0.12464530326849572,0.13736263736263737,8,6,4,7,2,4,5,4,8,rank_v1,1,8,false,false,,
2,3,Master P_S2,0.14135380944135198,0.07692307692307693,8,1,8,5,3,7,2,8,8,rank_v1,1,8,false,false,,
2,3,Stacy Keibler_S2,0.12478944879244054,0.14835164835164835,8,5,1,1,8,1,8,2,8,rank_v1,1,8,false,false,,
2,3,Tia Carrere_S2,0.1251848070286152,0.14285714285714285,8,4,3,2,7,3,6,3,8,rank_v1,1,8,false,false,,
2,4,Drew Lachey_S2,0.14219752956419762,0.17721518987341772,7,6,1,4,4,1,7,1,8,rank_v1,1,8,false,false,,
2,4,George Hamilton_S2,0.1573562175886941,0.13291139240506328,7,1,6,4,4,6,2,6,8,rank_v1,1,8,false,false,,
2,4,Jerry Rice_S2,0.15210528556893457,0.1518987341772152,7,2,5,4,4,5,3,5,8,rank_v1,1,8,false,false,,
2,4,Lisa Rinna_S2,0.14294927711080394,0.16455696202531644,7,5,2,4,4,3,5,2,8,rank_v1,1,8,false,false,,
2,4,Master P_S2,0.11240875729638333,0.05063291139240506,7,7,7,7,1,7,1,7,8,rank_v1,1,8,true,true,,
2,4,Stacy Keibler_S2,0.14473346464143033,0.16455696202531644,7,4,2,1,7,2,6,3,8,rank_v1,1,8,false,false,,
2,4,Tia Carrere_S2,0.1482494682295582,0.15822784810126583,7,3,4,4,4,4,4,4,8,rank_v1,1,8,false,false,,
2,5,Drew Lachey_S2,0.16238567018108183,0.17880794701986755,6,5,2,5,2,2,5,2,8,rank_v1,1,8,false,false,,
2,5,George Hamilton_S2,0.1722800156445245,0.15894039735099338,6,2,4,3,4,5,2,4,8,rank_v1,1,8,false,false,,
2,5,Jerry Rice_S2,0.18745516991337755,0.152317880794702,6,1,5,3,4,3,4,5,8,rank_v1,1,8,false,false,,
2,5,Lisa Rinna_S2,0.1719144017955339,0.16556291390728478,6,3,3,3,4,4,3,3,8,rank_v1,1,8,false,false,,
2,5,Stacy Keibler_S2,0.1718375441654092,0.1986754966887417,6,4,1,1,6,1,6,1,8,rank_v1,1,8,false,false,,
2,5,Tia Carrere_S2,0.13412719830007214,0.1456953642384106,6,6,6,6,1,6,1,6,8,rank_v1,1,8,true,true,,
2,6,Drew Lachey_S2,0.20476517400605093,0.22556390977443608,5,3,1,1,5,1,5,2,8,rank_v1,1,8,false,false,,
2,6,George Hamilton_S2,0.16741900119469844,0.17293233082706766,5,5,4,5,1,5,1,4,8,rank_v1,1,8,true,true,,
2,6,Jerry Rice_S2,0.21462158344130422,0.17293233082706766,5,1,4,3,3,4,2,5,8,rank_v1,1,8,false,false,,
2,6,Lisa Rinna_S2,0.20997919847404697,0.20300751879699247,5,2,3,3,3,3,3,3,8,rank_v1,1,8,false,false,,
2,6,Stacy Keibler_S2,0.20321504288390047,0.22556390977443608,5,4,1,3,3,2,4,1,8,rank_v1,1,8,false,false,,
2,7,Drew Lachey_S2,0.2622276510541752,0.2696078431372549,4,2,1,1,4,1,4,1,8,rank_v1,1,8,false,false,,
2,7,Jerry Rice_S2,0.29790134530165235,0.20098039215686275,4,1,4,3,2,3,2,4,8,rank_v1,1,8,false,false,,
2,7,Lisa Rinna_S2,0.1918352151884179,0.25980392156862747,4,4,3,4,1,4,1,3,8,rank_v1,1,8,true,true,,
2,7,Stacy Keibler_S2,0.24803578845575408,0.2696078431372549,4,3,1,2,3,2,3,2,8,rank_v1,1,8,false,false,,
2,8,Drew Lachey_S2,0.32988927794060086,0.3438729131809768,3,2,1,1,3,2,2,1,8,rank_v1,3,8,true,true,1,2
2,8,Jerry Rice_S2,0.38455222598148237,0.3162063678588072,3,1,3,2,2,1,3,3,8,rank_v1,3,8,true,true,2,1
2,8,Stacy Keibler_S2,0.28555849607791683,0.339920718960216,3,3,2,3,1,3,1,2,8,rank_v1,3,8,true,true,3,3
3,1,Emmitt Smith_S3,0.09404155095847015,0.11320754716981132,11,5,2,1,11,2,10,2,10,percentage,1,10,false,false,,
3,1,Harry Hamlin_S3,0.09578529191088143,0.08018867924528301,11,2,8,4,8,7,5,8,10,percentage,1,10,false,false,,
3,1,Jerry Springer_S3,0.09564996776226015,0.07547169811320754,11,3,9,8,3,8,4,9,10,percentage,1,10,false,false,,
3,1,Joey Lawrence_S3,0.09237083455086174,0.09905660377358491,11,7,5,8,3,5,7,5,10,percentage,1,10,false,false,,
3,1,Mario Lopez_S3,0.0917836643954544,0.12264150943396226,11,9,1,4,8,1,11,1,10,percentage,1,10,false,false,,
3,1,Monique Coleman_S3,0.094834821817071,0.08962264150943396,11,4,6,4,8,6,6,6,10,percentage,1,10,false,false,,
3,1,Sara Evans_S3,0.09691492953461416,0.07075471698113207,11,1,10,6,5,9,3,10,10,percentage,1,10,false,false,,
3,1,Shanna Moakler_S3,0.08180594458695044,0.08490566037735849,11,10,7,10,2,10,2,7,10,percentage,1,10,false,false,,
3,1,Tucker Carlson_S3,0.07176913141951373,0.05660377358490566,11,11,11,11,1,11,1,11,10,percentage,1,10,true,true,,
3,1,Vivica A. Fox_S3,0.09322991342207201,0.10377358490566038,11,6,3,2,10,3,9,4,10,percentage,1,10,false,false,,
3,1,Willa Ford_S3,0.09181394964185101,0.10377358490566038,11,8,3,6,5,4,8,3,10,percentage,1,10,false,false,,
3,2,Emmitt Smith_S3,0.10595872292562279,0.10434782608695652,10,4,3,1,10,3,8,4,10,percentage,1,10,false,false,,
3,2,Harry Hamlin_S3,0.10558030751334924,0.09130434782608696,10,5,8,8,3,8,3,8,10,percentage,1,10,false,false,,
3,2,Jerry Springer_S3,0.10708272564774933,0.08260869565217391,10,2,10,7,4,9,2,10,10,percentage,1,10,false,false,,
3,2,Joey Lawrence_S3,0.1034528752140436,0.12608695652173912,10,7,1,2,8,1,10,1,10,percentage,1,10,false,false,,
3,2,Mario Lopez_S3,0.10737478855419343,0.09130434782608696,10,1,8,4,7,6,5,9,10,percentage,1,10,false,false,,
3,2,Monique Coleman_S3,0.10383251485046485,0.11304347826086956,10,6,2,2,8,2,9,2,10,percentage,1,10,false,false,,
3,2,Sara Evans_S3,0.10605965473674561,0.09130434782608696,10,3,8,5,5,7,4,7,10,percentage,1,10,false,false,,
3,2,Shanna Moakler_S3,0.05856873187040071,0.09565217391304348,10,10,6,10,1,10,1,6,10,percentage,1,10,true,true,,
3,2,Vivica A. Fox_S3,0.10160100911478699,0.10434782608695652,10,8,3,5,5,4,7,3,10,percentage,1,10,false,false,,
3,2,Willa Ford_S3,0.10048866957264367,0.1,10,9,5,9,2,5,6,5,10,percentage,1,10,false,false,,
3,3,Emmitt Smith_S3,0.12472649155533762,0.09178743961352658,9,1,9,6,4,8,2,9,10,percentage,1,10,false,false,,
3,3,Harry Hamlin_S3,0.0685247177728983,0.10628019323671498,9,9,5,9,1,9,1,6,10,percentage,1,10,true,true,,
3,3,Jerry Springer_S3,0.11545653393128179,0.10144927536231885,9,4,8,8,2,7,3,8,10,percentage,1,10,false,false,,
3,3,Joey Lawrence_S3,0.11788961815435534,0.10628019323671498,9,2,5,1,8,4,6,5,10,percentage,1,10,false,false,,
3,3,Mario Lopez_S3,0.1172366252034359,0.10628019323671498,9,3,5,3,7,5,5,7,10,percentage,1,10,false,false,,
3,3,Monique Coleman_S3,0.11320230474699661,0.13043478260869565,9,8,1,4,6,2,8,2,10,percentage,1,10,false,false,,
3,3,Sara Evans_S3,0.11345828548036523,0.12077294685990338,9,7,3,6,4,3,7,3,10,percentage,1,10,false,false,,
3,3,Vivica A. Fox_S3,0.1141702595476648,0.13043478260869565,9,6,1,1,8,1,9,1,10,percentage,1,10,false,false,,
3,3,Willa Ford_S3,0.11533516360766397,0.10628019323671498,9,5,5,6,4,6,4,4,10,percentage,1,10,false,false,,
3,4,Emmitt Smith_S3,0.13219142452399982,0.12121212121212122,8,3,5,2,6,4,5,4,10,percentage,1,10,false,false,,
3,4,Jerry Springer_S3,0.1370733348729415,0.1111111111111111,8,2,7,6,3,6,3,7,10,percentage,1,10,false,false,,
3,4,Joey Lawrence_S3,0.12889596141480614,0.13636363636363635,8,5,3,2,6,3,6,3,10,percentage,1,10,false,false,,
3,4,Mario Lopez_S3,0.12603451602907323,0.14646464646464646,8,7,1,2,6,1,8,1,10,percentage,1,10,false,false,,
3,4,Monique Coleman_S3,0.1302523747908351,0.12121212121212122,8,4,5,6,3,5,4,6,10,percentage,1,10,false,false,,
3,4,Sara Evans_S3,0.13766141844548938,0.10101010101010101,8,1,8,6,3,7,2,8,10,percentage,1,10,false,false,,
3,4,Vivica A. Fox_S3,0.08134895521840545,0.12121212121212122,8,8,5,8,1,8,1,5,10,percentage,1,10,true,true,,
3,4,Willa Ford_S3,0.12654201470444928,0.1414141414141414,8,6,2,2,6,2,7,2,10,percentage,1,10,false,false,,
3,5,Emmitt Smith_S3,0.15763834428009982,0.14917127071823205,7,3,2,1,7,1,7,1,10,percentage,2,10,false,false,,
3,5,Jerry Springer_S3,0.1612211787527212,0.13259668508287292,7,2,6,5,3,5,3,6,10,percentage,2,10,false,false,,
3,5,Joey Lawrence_S3,0.16152080962479823,0.13812154696132597,7,1,5,2,5,4,4,5,10,percentage,2,10,false,false,,
3,5,Mario Lopez_S3,0.15554309008843537,0.14917127071823205,7,4,2,2,5,2,6,2,10,percentage,2,10,false,false,,
3,5,Monique Coleman_S3,0.15412552158172352,0.14917127071823205,7,5,2,4,4,3,5,4,10,percentage,2,10,false,false,,
3,5,Sara Evans_S3,0.11123188840530954,0.13259668508287292,7,6,6,7,1,7,1,7,10,percentage,2,10,true,true,,
3,5,Willa Ford_S3,0.09871916726691214,0.14917127071823205,7,7,2,6,2,6,2,3,10,percentage,2,10,true,true,,
3,6,Emmitt Smith_S3,0.20434506495911162,0.211864406779661,5,1,2,1,4,2,4,2,10,percentage,0,10,false,false,,
3,6,Jerry Springer_S3,0.19450430555669052,0.15254237288135594,5,5,5,5,1,5,1,5,10,percentage,0,10,false,false,,
3,6,Joey Lawrence_S3,0.19819953956441613,0.2033898305084746,5,4,3,3,2,3,3,3,10,percentage,0,10,false,false,,
3,6,Mario Lopez_S3,0.2028177616512267,0.23728813559322035,5,2,1,1,4,1,5,1,10,percentage,0,10,false,false,,
3,6,Monique Coleman_S3,0.20013332826855484,0.19491525423728814,5,3,4,3,2,4,2,4,10,percentage,0,10,false,false,,
3,7,Emmitt Smith_S3,0.21267268620569593,0.2111111111111111,5,1,1,1,5,1,5,1,10,percentage,1,10,false,false,,
3,7,Jerry Springer_S3,0.15614508082484752,0.17037037037037037,5,5,5,5,1,5,1,5,10,percentage,1,10,true,true,,
3,7,Joey Lawrence_S3,0.20958171612109874,0.2111111111111111,5,4,1,2,4,2,4,2,10,percentage,1,10,false,false,,
3,7,Mario Lopez_S3,0.20964112724406034,0.2074074074074074,5,3,3,3,2,3,3,3,10,percentage,1,10,false,false,,
3,7,Monique Coleman_S3,0.21195938960429636,0.2,5,2,4,3,2,4,2,4,10,percentage,1,10,false,false,,
3,8,Emmitt Smith_S3,0.27110328007497847,0.24770642201834864,4,2,2,2,2,3,2,2,10,percentage,1,10,false,false,,
3,8,Joey Lawrence_S3,0.27514832994555694,0.24770642201834864,4,1,2,1,4,2,3,3,10,percentage,1,10,false,false,,
3,8,Mario Lopez_S3,0.2657938031652624,0.26146788990825687,4,3,1,2,2,1,4,1,10,percentage,1,10,false,false,,
3,8,Monique Coleman_S3,0.1879545868142017,0.24311926605504589,4,4,4,4,1,4,1,4,10,percentage,1,10,true,true,,
3,9,Emmitt Smith_S3,0.37307779027873184,0.3333333333333333,3,1,2,1,3,1,3,2,10,percentage,1,10,false,false,,
3,9,Joey Lawrence_S3,0.25828708245964416,0.3333333333333333,3,3,2,3,1,3,1,3,10,percentage,1,10,true,true,,
3,9,Mario Lopez_S3,0.3686351272616244,0.3333333333333333,3,2,2,2,2,2,2,1,10,percentage,1,10,false,false,,
3,10,Emmitt Smith_S3,0.5744646982709827,0.5,2,1,1,1,2,1,2,2,10,percentage,2,10,true,true,1,1
3,10,Mario Lopez_S3,0.42553530172901655,0.5,2,2,1,2,1,2,1,1,10,percentage,2,10,true,true,2,2
4,1,Apolo Anton Ohno_S4,0.093268798116699,0.10194174757281553,11,7,3,5,7,4,8,3,10,percentage,0,10,false,false,,
4,1,Billy Ray Cyrus_S4,0.09396926223657337,0.06310679611650485,11,5,11,9,3,11,1,11,10,percentage,0,10,false,false,,
4,1,Clyde Drexler_S4,0.09714979555677752,0.07766990291262135,11,1,9,5,7,7,5,9,10,percentage,0,10,false,false,,
4,1,Heather Mills_S4,0.07994132359649604,0.08737864077669903,11,10,7,11,1,9,3,7,10,percentage,0,10,false,false,,
4,1,Ian Ziering_S4,0.096231164409468,0.10194174757281553,11,3,3,1,10,3,9,4,10,percentage,0,10,false,false,,
4,1,Joey Fatone_S4,0.09215175579769667,0.11650485436893204,11,8,1,3,9,1,11,1,10,percentage,0,10,false,false,,
4,1,John Ratzenberger_S4,0.0964691321452302,0.0825242718446602,11,2,8,5,7,5,7,8,10,percentage,0,10,false,false,,
4,1,Laila Ali_S4,0.09620695434687583,0.11165048543689321,11,4,2,1,10,2,10,2,10,percentage,0,10,false,false,,
4,1,Leeza Gibbons_S4,0.0936527889699813,0.07281553398058252,11,6,10,9,3,10,2,10,10,percentage,0,10,false,false,,
4,1,Paulina Porizkova_S4,0.07831045870897628,0.09223300970873786,11,11,5,9,3,8,4,6,10,percentage,0,10,false,false,,
4,1,Shandi Finnessey_S4,0.08264856611522622,0.09223300970873786,11,9,5,7,5,6,6,5,10,percentage,0,10,false,false,,
4,2,Apolo Anton Ohno_S4,0.09468161404363766,0.10612244897959183,11,7,2,2,9,2,10,2,10,percentage,1,10,false,false,,
4,2,Billy Ray Cyrus_S4,0.09781463381365517,0.08571428571428572,11,2,7,2,9,5,7,7,10,percentage,1,10,false,false,,
4,2,Clyde Drexler_S4,0.09995833100367803,0.07346938775510205,11,1,11,8,4,9,3,11,10,percentage,1,10,false,false,,
4,2,Heather Mills_S4,0.08534013861572955,0.09795918367346938,11,10,3,9,3,6,6,3,10,percentage,1,10,false,false,,
4,2,Ian Ziering_S4,0.09655202700919338,0.08979591836734693,11,5,5,4,7,4,8,5,10,percentage,1,10,false,false,,
4,2,Joey Fatone_S4,0.09367341610795488,0.09795918367346938,11,8,3,6,5,3,9,4,10,percentage,1,10,false,false,,
4,2,John Ratzenberger_S4,0.09752313884976724,0.08571428571428572,11,3,7,4,7,7,5,6,10,percentage,1,10,false,false,,
4,2,Laila Ali_S4,0.09517712501502557,0.11020408163265306,11,6,1,1,11,1,11,1,10,percentage,1,10,false,false,,
4,2,Leeza Gibbons_S4,0.09745888983402966,0.08571428571428572,11,4,7,6,5,8,4,9,10,percentage,1,10,false,false,,
4,2,Paulina Porizkova_S4,0.05062285603122919,0.08571428571428572,11,11,7,10,2,11,1,8,10,percentage,1,10,false,true,,
4,2,Shandi Finnessey_S4,0.09119782967609952,0.08163265306122448,11,9,10,11,1,10,2,10,10,percentage,1,10,true,false,,
4,3,Apolo Anton Ohno_S4,0.10286895060350468,0.10550458715596331,10,8,5,8,3,4,7,5,10,percentage,1,10,false,false,,
4,3,Billy Ray Cyrus_S4,0.10637536224540428,0.0963302752293578,10,3,7,4,7,6,5,6,10,percentage,1,10,false,false,,
4,3,Clyde Drexler_S4,0.11533400178952312,0.07339449541284404,10,1,10,6,5,9,2,10,10,percentage,1,10,false,false,,
4,3,Heather Mills_S4,0.09301905452461029,0.11009174311926606,10,9,2,6,5,5,6,4,10,percentage,1,10,false,false,,
4,3,Ian Ziering_S4,0.10287361393031931,0.11009174311926606,10,7,2,3,8,3,8,1,10,percentage,1,10,false,false,,
4,3,Joey Fatone_S4,0.10304032107267569,0.11009174311926606,10,6,2,2,9,2,9,2,10,percentage,1,10,false,false,,
4,3,John Ratzenberger_S4,0.10614548505471835,0.09174311926605505,10,5,9,9,2,8,3,9,10,percentage,1,10,false,false,,
4,3,Laila Ali_S4,0.10624537311667161,0.0963302752293578,10,4,7,6,5,7,4,7,10,percentage,1,10,false,false,,
4,3,Leeza Gibbons_S4,0.10791458590439777,0.11009174311926606,10,2,2,1,10,1,10,3,10,percentage,1,10,false,false,,
4,3,Shandi Finnessey_S4,0.05618325175817516,0.0963302752293578,10,10,7,10,1,10,1,8,10,percentage,1,10,true,true,,
4,4,Apolo Anton Ohno_S4,0.11580676073030467,0.1368421052631579,9,5,2,2,8,2,8,2,10,percentage,1,10,false,false,,
4,4,Billy Ray Cyrus_S4,0.11404443246614707,0.11052631578947368,9,6,5,7,3,5,5,6,10,percentage,1,10,false,false,,
4,4,Clyde Drexler_S4,0.12451137114771303,0.07894736842105263,9,1,9,6,4,8,2,9,10,percentage,1,10,false,false,,
4,4,Heather Mills_S4,0.09988211373010338,0.12105263157894737,9,8,4,8,2,6,4,4,10,percentage,1,10,false,false,,
4,4,Ian Ziering_S4,0.11691797593966398,0.12631578947368421,9,3,3,1,9,3,7,3,10,percentage,1,10,false,false,,
4,4,Joey Fatone_S4,0.11128136674737472,0.14736842105263157,9,7,1,3,7,1,9,1,10,percentage,1,10,false,false,,
4,4,John Ratzenberger_S4,0.12105242096458851,0.08421052631578947,9,2,7,4,5,7,3,8,10,percentage,1,10,false,false,,
4,4,Laila Ali_S4,0.11625690393571982,0.11052631578947368,9,4,5,4,5,4,6,5,10,percentage,1,10,false,false,,
4,4,Leeza Gibbons_S4,0.08024665433838461,0.08421052631578947,9,9,7,9,1,9,1,7,10,percentage,1,10,true,true,,
4,5,Apolo Anton Ohno_S4,0.12474896565478766,0.17045454545454544,8,5,1,2,7,1,8,1,10,percentage,1,10,false,false,,
4,5,Billy Ray Cyrus_S4,0.13372889670639054,0.09659090909090909,8,1,7,4,5,7,2,7,10,percentage,1,10,false,false,,
4,5,Clyde Drexler_S4,0.10643119869229498,0.07386363636363637,8,8,8,8,1,8,1,8,10,percentage,1,10,true,true,,
4,5,Heather Mills_S4,0.1162002198204343,0.11931818181818182,8,7,5,7,2,5,4,5,10,percentage,1,10,false,false,,
4,5,Ian Ziering_S4,0.12980420065068565,0.13636363636363635,8,4,4,4,5,4,5,4,10,percentage,1,10,false,false,,
4,5,Joey Fatone_S4,0.12473233842917479,0.14204545454545456,8,6,3,6,3,3,6,3,10,percentage,1,10,false,false,,
4,5,John Ratzenberger_S4,0.13275299981699207,0.10227272727272728,8,2,6,4,5,6,3,6,10,percentage,1,10,false,false,,
4,5,Laila Ali_S4,0.13160118022923983,0.1590909090909091,8,3,2,1,8,2,7,2,10,percentage,1,10,false,false,,
4,6,Apolo Anton Ohno_S4,0.1454422281987189,0.16470588235294117,7,6,1,2,5,2,6,1,10,percentage,1,10,false,false,,
4,6,Billy Ray Cyrus_S4,0.15496356847282244,0.12352941176470589,7,2,6,5,3,5,3,6,10,percentage,1,10,false,false,,
4,6,Heather Mills_S4,0.08690596102784262,0.13529411764705881,7,7,5,7,1,7,1,5,10,percentage,1,10,true,true,,
4,6,Ian Ziering_S4,0.15371823404841872,0.1411764705882353,7,3,4,2,5,4,4,4,10,percentage,1,10,false,false,,
4,6,Joey Fatone_S4,0.14784629715076686,0.1588235294117647,7,5,3,5,3,3,5,3,10,percentage,1,10,false,false,,
4,6,John Ratzenberger_S4,0.16105421824040378,0.11176470588235295,7,1,7,5,3,6,2,7,10,percentage,1,10,false,false,,
4,6,Laila Ali_S4,0.15006949286102625,0.16470588235294117,7,4,1,1,7,1,7,2,10,percentage,1,10,false,false,,
4,7,Apolo Anton Ohno_S4,0.17242626451900883,0.17475728155339806,6,4,3,4,2,4,3,3,10,percentage,1,10,false,false,,
4,7,Billy Ray Cyrus_S4,0.1906948107176444,0.12297734627831715,6,1,6,4,2,5,2,6,10,percentage,1,10,false,false,,
4,7,Ian Ziering_S4,0.17425775549861577,0.17475728155339806,6,3,3,2,4,3,4,4,10,percentage,1,10,false,false,,
4,7,Joey Fatone_S4,0.165015588996774,0.19093851132686085,6,5,1,2,4,2,5,2,10,percentage,1,10,false,false,,
4,7,John Ratzenberger_S4,0.12154813327139617,0.14563106796116504,6,6,5,6,1,6,1,5,10,percentage,1,10,true,true,,
4,7,Laila Ali_S4,0.17605744699656123,0.19093851132686085,6,2,1,1,6,1,6,1,10,percentage,1,10,false,false,,
4,8,Apolo Anton Ohno_S4,0.20425572919566298,0.23107569721115537,5,3,1,1,5,1,5,1,10,percentage,1,10,false,false,,
4,8,Billy Ray Cyrus_S4,0.16521818718112108,0.15139442231075698,5,5,5,5,1,5,1,5,10,percentage,1,10,true,true,,
4,8,Ian Ziering_S4,0.21590555523870483,0.18725099601593626,5,1,4,2,3,4,2,4,10,percentage,1,10,false,false,,
4,8,Joey Fatone_S4,0.20418579199758716,0.21912350597609562,5,4,2,4,2,2,4,2,10,percentage,1,10,false,false,,
4,8,Laila Ali_S4,0.21043473638692328,0.21115537848605578,5,2,3,2,3,3,3,3,10,percentage,1,10,false,false,,
4,9,Apolo Anton Ohno_S4,0.27171521300415646,0.2489451476793249,4,1,3,2,2,3,2,3,10,percentage,1,10,false,false,,
4,9,Ian Ziering_S4,0.18780363044711693,0.24472573839662448,4,4,4,4,1,4,1,4,10,percentage,1,10,true,true,,
4,9,Joey Fatone_S4,0.26934268542336043,0.25316455696202533,4,3,1,2,2,2,3,2,10,percentage,1,10,false,false,,
4,9,Laila Ali_S4,0.271138471125366,0.25316455696202533,4,2,1,1,4,1,4,1,10,percentage,1,10,false,false,,
4,10,Apolo Anton Ohno_S4,0.40162738279392096,0.33976850076853665,3,1,1,1,3,1,3,1,10,percentage,3,10,true,true,1,1
4,10,Joey Fatone_S4,0.33261742116762993,0.3320460681848982,3,2,2,2,2,2,2,2,10,percentage,3,10,true,true,2,2
4,10,Laila Ali_S4,0.2657551960384498,0.32818543104656506,3,3,3,3,1,3,1,3,10,percentage,3,10,true,true,3,3
5,1,Albert Reed_S5,0.07737425934320946,0.08171206225680934,12,11,7,10,3,10,3,8,10,percentage,1,10,false,false,,
5,1,Cameron Mathison_S5,0.0888610955316347,0.08171206225680934,12,3,7,4,9,5,8,5,10,percentage,1,10,false,false,,
5,1,Floyd Mayweather Jr. _S5,0.09016951287332281,0.07003891050583658,12,1,11,7,6,9,4,11,10,percentage,1,10,false,false,,
5,1,Helio Castroneves_S5,0.08948384333247622,0.09727626459143969,12,2,2,1,12,1,12,2,10,percentage,1,10,false,false,,
5,1,Jane Seymour_S5,0.08663777312677541,0.0933852140077821,12,6,3,2,10,3,10,4,10,percentage,1,10,false,false,,
5,1,Jennie Garth_S5,0.0880637853957387,0.08171206225680934,12,4,7,5,8,6,7,6,10,percentage,1,10,false,false,,
5,1,Josie Maran_S5,0.05467476855678434,0.0622568093385214,12,12,12,12,1,12,1,12,10,percentage,1,10,true,true,,
5,1,Marie Osmond_S5,0.08761743593413952,0.08171206225680934,12,5,7,7,6,7,6,9,10,percentage,1,10,false,false,,
5,1,Mark Cuban_S5,0.0863597580858148,0.08171206225680934,12,7,7,9,4,8,5,7,10,percentage,1,10,false,false,,
5,1,Mel B_S5,0.08332952339706029,0.0933852140077821,12,9,3,7,6,4,9,3,10,percentage,1,10,false,false,,
5,1,Sabrina Bryan_S5,0.08531786829464999,0.10116731517509728,12,8,1,2,10,2,11,1,10,percentage,1,10,false,false,,
5,1,Wayne Newton_S5,0.08211037612839353,0.07392996108949416,12,10,10,11,2,11,2,10,10,percentage,1,10,false,false,,
5,2,Albert Reed_S5,0.046055442580563884,0.08823529411764706,11,11,7,11,1,11,1,8,10,percentage,1,10,true,true,,
5,2,Cameron Mathison_S5,0.09475137280432837,0.08823529411764706,11,6,7,8,3,7,5,6,10,percentage,1,10,false,false,,
5,2,Floyd Mayweather Jr. _S5,0.0967867730478389,0.08823529411764706,11,3,7,2,10,5,7,7,10,percentage,1,10,false,false,,
5,2,Helio Castroneves_S5,0.09608275800060823,0.1134453781512605,11,4,1,1,11,1,11,1,10,percentage,1,10,false,false,,
5,2,Jane Seymour_S5,0.09348224769475236,0.08823529411764706,11,7,7,10,2,8,4,5,10,percentage,1,10,false,false,,
5,2,Jennie Garth_S5,0.09532376726642679,0.08823529411764706,11,5,7,5,6,6,6,9,10,percentage,1,10,false,false,,
5,2,Marie Osmond_S5,0.09337244629920799,0.10084033613445378,11,8,3,3,9,3,9,3,10,percentage,1,10,false,false,,
5,2,Mark Cuban_S5,0.09720738801529656,0.07563025210084033,11,2,10,5,6,9,3,10,10,percentage,1,10,false,false,,
5,2,Mel B_S5,0.09303304792201905,0.09663865546218488,11,9,4,8,3,4,8,4,10,percentage,1,10,false,false,,
5,2,Sabrina Bryan_S5,0.09263989726873725,0.1092436974789916,11,10,2,5,6,2,10,2,10,percentage,1,10,false,false,,
5,2,Wayne Newton_S5,0.10126485910022034,0.06302521008403361,11,1,11,5,6,10,2,11,10,percentage,1,10,false,false,,
5,3,Cameron Mathison_S5,0.10164177147482858,0.09623430962343096,10,6,7,9,2,7,4,7,10,percentage,1,10,false,false,,
5,3,Floyd Mayweather Jr. _S5,0.10672384732031627,0.08786610878661087,10,1,8,4,7,8,3,8,10,percentage,1,10,false,false,,
5,3,Helio Castroneves_S5,0.10631092632557608,0.100418410041841,10,2,6,3,8,6,5,6,10,percentage,1,10,false,false,,
5,3,Jane Seymour_S5,0.10255872381197446,0.11297071129707113,10,4,2,1,10,1,10,1,10,percentage,1,10,false,false,,
5,3,Jennie Garth_S5,0.10157837156027229,0.1087866108786611,10,7,4,5,5,4,7,5,10,percentage,1,10,false,false,,
5,3,Marie Osmond_S5,0.10078113008675176,0.1087866108786611,10,8,4,7,3,5,6,4,10,percentage,1,10,false,false,,
5,3,Mark Cuban_S5,0.10551433399553889,0.08368200836820083,10,3,9,7,3,9,2,9,10,percentage,1,10,false,false,,
5,3,Mel B_S5,0.09879929412827845,0.11297071129707113,10,9,2,5,5,3,8,3,10,percentage,1,10,false,false,,
5,3,Sabrina Bryan_S5,0.10203366372168322,0.11297071129707113,10,5,2,2,9,2,9,2,10,percentage,1,10,false,false,,
5,3,Wayne Newton_S5,0.07405793757477991,0.07531380753138076,10,10,10,10,1,10,1,10,10,percentage,1,10,true,true,,
5,4,Cameron Mathison_S5,0.11558506741096491,0.11538461538461539,9,3,3,2,8,3,7,4,10,percentage,1,10,false,false,,
5,4,Floyd Mayweather Jr. _S5,0.07573410803680687,0.09829059829059829,9,9,8,9,1,9,1,8,10,percentage,1,10,true,true,,
5,4,Helio Castroneves_S5,0.1211708372127845,0.11538461538461539,9,1,3,1,9,2,8,3,10,percentage,1,10,false,false,,
5,4,Jane Seymour_S5,0.11400374708545838,0.1111111111111111,9,5,6,6,3,6,4,6,10,percentage,1,10,false,false,,
5,4,Jennie Garth_S5,0.11265156154634483,0.11538461538461539,9,7,3,4,5,4,6,2,10,percentage,1,10,false,false,,
5,4,Marie Osmond_S5,0.11377097477434633,0.1111111111111111,9,6,6,8,2,7,3,5,10,percentage,1,10,false,false,,
5,4,Mark Cuban_S5,0.12107969067071615,0.09401709401709402,9,2,9,6,3,8,2,9,10,percentage,1,10,false,false,,
5,4,Mel B_S5,0.11441011082457604,0.1111111111111111,9,4,6,4,5,5,5,7,10,percentage,1,10,false,false,,
5,4,Sabrina Bryan_S5,0.11159390243800164,0.1282051282051282,9,8,1,3,7,1,9,1,10,percentage,1,10,false,false,,
5,5,Cameron Mathison_S5,0.13015863191477825,0.1306532663316583,8,3,3,1,8,3,6,4,10,percentage,1,10,false,false,,
5,5,Helio Castroneves_S5,0.1372555604991899,0.11557788944723618,8,1,6,2,6,6,3,6,10,percentage,1,10,false,false,,
5,5,Jane Seymour_S5,0.12742285632148118,0.1306532663316583,8,5,3,4,5,4,5,3,10,percentage,1,10,false,false,,
5,5,Jennie Garth_S5,0.12858603766494736,0.12562814070351758,8,4,5,6,3,5,4,5,10,percentage,1,10,false,false,,
5,5,Marie Osmond_S5,0.1363882904818192,0.10552763819095477,8,2,7,6,3,7,2,8,10,percentage,1,10,false,false,,
5,5,Mark Cuban_S5,0.09102885320063746,0.10552763819095477,8,8,7,8,1,8,1,7,10,percentage,1,10,true,true,,
5,5,Mel B_S5,0.12634448054292388,0.1457286432160804,8,6,1,2,6,1,8,1,10,percentage,1,10,false,false,,
5,5,Sabrina Bryan_S5,0.12281528937422262,0.1407035175879397,8,7,2,6,3,2,7,2,10,percentage,1,10,false,false,,
5,6,Cameron Mathison_S5,0.1513342741119822,0.1388888888888889,7,4,4,4,3,4,4,5,10,percentage,1,10,false,false,,
5,6,Helio Castroneves_S5,0.15163929084340608,0.15555555555555556,7,3,2,1,7,2,6,2,10,percentage,1,10,false,false,,
5,6,Jane Seymour_S5,0.15739354512406584,0.12222222222222222,7,1,7,4,3,6,2,7,10,percentage,1,10,false,false,,
5,6,Jennie Garth_S5,0.1505437619457066,0.15,7,5,3,4,3,3,5,3,10,percentage,1,10,false,false,,
5,6,Marie Osmond_S5,0.15461843563444033,0.12777777777777777,7,2,6,4,3,5,3,6,10,percentage,1,10,false,false,,
5,6,Mel B_S5,0.14153503946169427,0.16666666666666666,7,6,1,2,6,1,7,1,10,percentage,1,10,false,false,,
5,6,Sabrina Bryan_S5,0.09293565287870592,0.1388888888888889,7,7,4,7,1,7,1,4,10,percentage,1,10,true,true,,
5,7,Cameron Mathison_S5,0.17888778361584606,0.16346153846153846,6,2,5,5,2,5,2,5,10,percentage,1,10,false,false,,
5,7,Helio Castroneves_S5,0.18451146409735264,0.16666666666666666,6,1,3,1,6,1,6,4,10,percentage,1,10,false,false,,
5,7,Jane Seymour_S5,0.11447568321228024,0.16025641025641027,6,6,6,6,1,6,1,6,10,percentage,1,10,true,true,,
5,7,Jennie Garth_S5,0.17463595271518148,0.16987179487179488,6,4,2,3,4,2,5,2,10,percentage,1,10,false,false,,
5,7,Marie Osmond_S5,0.1766004785053296,0.16666666666666666,6,3,3,3,4,4,3,3,10,percentage,1,10,false,false,,
5,7,Mel B_S5,0.17088863785401,0.17307692307692307,6,5,1,3,4,3,4,1,10,percentage,1,10,false,false,,
5,8,Cameron Mathison_S5,0.14178318515345906,0.19391634980988592,5,5,3,5,1,5,1,3,10,percentage,1,10,true,true,,
5,8,Helio Castroneves_S5,0.21833362070618545,0.21673003802281368,5,1,1,1,5,1,5,1,10,percentage,1,10,false,false,,
5,8,Jennie Garth_S5,0.21689673500789386,0.19011406844106463,5,3,4,3,2,3,3,4,10,percentage,1,10,false,false,,
5,8,Marie Osmond_S5,0.21742311711653795,0.18631178707224336,5,2,5,3,2,4,2,5,10,percentage,1,10,false,false,,
5,8,Mel B_S5,0.20556334201592388,0.21292775665399238,5,4,2,2,4,2,4,2,10,percentage,1,10,false,false,,
5,9,Helio Castroneves_S5,0.2779596925209756,0.2564102564102564,4,1,1,1,4,1,4,1,10,percentage,1,10,false,false,,
5,9,Jennie Garth_S5,0.18202320292831609,0.24786324786324787,4,4,3,4,1,4,1,3,10,percentage,1,10,true,true,,
5,9,Marie Osmond_S5,0.27372095127934165,0.23931623931623933,4,2,4,3,2,3,2,4,10,percentage,1,10,false,false,,
5,9,Mel B_S5,0.26629615327136735,0.2564102564102564,4,3,1,2,3,2,3,2,10,percentage,1,10,false,false,,
5,10,Helio Castroneves_S5,0.40513583028871153,0.35294095402801606,3,1,2,1,2,1,3,2,10,percentage,3,10,true,true,1,1
5,10,Marie Osmond_S5,0.2795836286900305,0.2899168190830813,3,3,3,3,1,3,1,3,10,percentage,3,10,true,true,3,3
5,10,Mel B_S5,0.31528054102125846,0.35714222688890257,3,2,1,1,2,2,2,1,10,percentage,3,10,true,true,1,2
6,1,Adam Carolla_S6,0.07306602402680289,0.06172839506172839,12,11,11,11,1,12,1,12,10,percentage,0,10,false,false,,
6,1,Cristian de la Fuente_S6,0.08491826829283526,0.08641975308641975,12,8,6,9,4,7,6,7,10,percentage,0,10,false,false,,
6,1,Jason Taylor_S6,0.08685556628526486,0.09053497942386832,12,2,4,1,12,4,9,4,10,percentage,0,10,false,false,,
6,1,Kristi Yamaguchi_S6,0.08563079452982927,0.1111111111111111,12,7,1,2,10,1,12,1,10,percentage,0,10,false,false,,
6,1,Mario_S6,0.08304947893928355,0.09876543209876543,12,9,2,6,7,2,11,3,10,percentage,0,10,false,false,,
6,1,Marissa Jaret Winokur_S6,0.08707388199930108,0.07407407407407407,12,1,8,4,9,8,5,8,10,percentage,0,10,false,false,,
6,1,Marlee Matlin_S6,0.08656064479444005,0.09053497942386832,12,4,4,2,10,5,8,5,10,percentage,0,10,false,false,,
6,1,Monica Seles_S6,0.08618462694133011,0.06172839506172839,12,6,11,10,3,10,3,11,10,percentage,0,10,false,false,,
6,1,Penn Jillette_S6,0.07054438147793587,0.06584362139917696,12,12,10,11,1,11,2,10,10,percentage,0,10,false,false,,
6,1,Priscilla Presley_S6,0.08301813668947534,0.09876543209876543,12,10,2,8,5,3,10,2,10,percentage,0,10,false,false,,
6,1,Shannon Elizabeth_S6,0.0864802226595221,0.08641975308641975,12,5,6,6,7,6,7,6,10,percentage,0,10,false,false,,
6,1,Steve Guttenberg_S6,0.08661797336397979,0.07407407407407407,12,3,8,6,7,9,4,9,10,percentage,0,10,false,false,,
6,2,Adam Carolla_S6,0.08202652073384094,0.07392996108949416,12,10,9,10,3,10,3,9,10,percentage,2,10,false,false,,
6,2,Cristian de la Fuente_S6,0.08937232782857168,0.07782101167315175,12,3,8,6,7,8,5,8,10,percentage,2,10,false,false,,
6,2,Jason Taylor_S6,0.08572051842869141,0.10505836575875487,12,8,1,4,8,2,11,1,10,percentage,2,10,false,false,,
6,2,Kristi Yamaguchi_S6,0.0858640421065239,0.10505836575875487,12,7,1,2,11,1,12,2,10,percentage,2,10,false,false,,
6,2,Mario_S6,0.08462576557864823,0.10116731517509728,12,9,3,8,5,3,10,3,10,percentage,2,10,false,false,,
6,2,Marissa Jaret Winokur_S6,0.08941341147418973,0.08171206225680934,12,2,6,2,11,6,7,7,10,percentage,2,10,false,false,,
6,2,Marlee Matlin_S6,0.0882444628055077,0.0933852140077821,12,5,4,4,8,5,8,5,10,percentage,2,10,false,false,,
6,2,Monica Seles_S6,0.06795409187307402,0.058365758754863814,12,11,12,12,1,11,2,12,10,percentage,2,10,true,true,,
6,2,Penn Jillette_S6,0.05680690908462425,0.06614785992217899,12,12,10,11,2,12,1,10,10,percentage,2,10,true,true,,
6,2,Priscilla Presley_S6,0.08716198015836275,0.08171206225680934,12,6,6,8,5,7,6,6,10,percentage,2,10,false,false,,
6,2,Shannon Elizabeth_S6,0.08860971470028026,0.0933852140077821,12,4,4,2,11,4,9,4,10,percentage,2,10,false,false,,
6,2,Steve Guttenberg_S6,0.09420025522768645,0.0622568093385214,12,1,11,8,5,9,4,11,10,percentage,2,10,false,false,,
6,3,Adam Carolla_S6,0.09853015883573385,0.09210526315789473,10,9,7,9,2,9,2,7,10,percentage,1,10,false,false,,
6,3,Cristian de la Fuente_S6,0.10058146498206458,0.10964912280701754,10,8,3,7,4,4,7,3,10,percentage,1,10,false,false,,
6,3,Jason Taylor_S6,0.10493153257269949,0.10087719298245613,10,5,5,5,6,5,6,5,10,percentage,1,10,false,false,,
6,3,Kristi Yamaguchi_S6,0.10331683476844161,0.11842105263157894,10,6,1,1,9,1,10,1,10,percentage,1,10,false,false,,
6,3,Mario_S6,0.10547158734212399,0.09210526315789473,10,4,7,7,4,7,4,6,10,percentage,1,10,false,false,,
6,3,Marissa Jaret Winokur_S6,0.1099673408586622,0.08333333333333333,10,1,10,7,4,8,3,10,10,percentage,1,10,false,false,,
6,3,Marlee Matlin_S6,0.10723206508187201,0.09210526315789473,10,2,7,3,7,6,5,9,10,percentage,1,10,false,false,,
6,3,Priscilla Presley_S6,0.10138782366753278,0.11403508771929824,10,7,2,3,7,2,9,2,10,percentage,1,10,false,false,,
6,3,Shannon Elizabeth_S6,0.10549179603532943,0.10526315789473684,10,3,4,1,9,3,8,4,10,percentage,1,10,false,false,,
6,3,Steve Guttenberg_S6,0.0630893958555401,0.09210526315789473,10,10,7,10,1,10,1,8,10,percentage,1,10,true,true,,
6,4,Adam Carolla_S6,0.07782464302586585,0.08444444444444445,9,9,9,9,1,9,1,9,10,percentage,1,10,true,true,,
6,4,Cristian de la Fuente_S6,0.1158200429337955,0.11555555555555555,9,3,4,1,8,4,6,4,10,percentage,1,10,false,false,,
6,4,Jason Taylor_S6,0.11301153343428268,0.1288888888888889,9,7,1,3,6,1,9,2,10,percentage,1,10,false,false,,
6,4,Kristi Yamaguchi_S6,0.11233637348409202,0.1288888888888889,9,8,1,5,4,2,8,1,10,percentage,1,10,false,false,,
6,4,Mario_S6,0.11582001166136384,0.10666666666666667,9,4,6,7,3,7,3,5,10,percentage,1,10,false,false,,
6,4,Marissa Jaret Winokur_S6,0.11664140508860779,0.10666666666666667,9,2,6,3,6,6,4,7,10,percentage,1,10,false,false,,
6,4,Marlee Matlin_S6,0.11940409817198194,0.10666666666666667,9,1,6,1,8,5,5,6,10,percentage,1,10,false,false,,
6,4,Priscilla Presley_S6,0.11467584195152197,0.09777777777777778,9,5,8,8,2,8,2,8,10,percentage,1,10,false,false,,
6,4,Shannon Elizabeth_S6,0.11446605024848797,0.12444444444444444,9,6,3,5,4,3,7,3,10,percentage,1,10,false,false,,
6,5,Cristian de la Fuente_S6,0.13354611208312456,0.11734693877551021,8,1,5,1,8,5,4,6,10,percentage,1,10,false,false,,
6,5,Jason Taylor_S6,0.1294182575028016,0.1377551020408163,8,5,2,2,6,2,7,3,10,percentage,1,10,false,false,,
6,5,Kristi Yamaguchi_S6,0.12922339372469072,0.14795918367346939,8,6,1,2,6,1,8,1,10,percentage,1,10,false,false,,
6,5,Mario_S6,0.12389893088674155,0.1377551020408163,8,7,2,6,2,3,6,2,10,percentage,1,10,false,false,,
6,5,Marissa Jaret Winokur_S6,0.1302383968271822,0.12244897959183673,8,4,4,4,4,4,5,4,10,percentage,1,10,false,false,,
6,5,Marlee Matlin_S6,0.1328035908068609,0.11224489795918367,8,2,7,6,2,7,2,7,10,percentage,1,10,false,false,,
6,5,Priscilla Presley_S6,0.08901744931463326,0.10714285714285714,8,8,8,8,1,8,1,8,10,percentage,1,10,true,true,,
6,5,Shannon Elizabeth_S6,0.1318538688539652,0.11734693877551021,8,3,5,4,4,6,3,5,10,percentage,1,10,false,false,,
6,6,Cristian de la Fuente_S6,0.14741420424353013,0.15,7,5,3,5,2,3,5,3,10,percentage,1,10,false,false,,
6,6,Jason Taylor_S6,0.15326076341331027,0.13333333333333333,7,1,5,2,6,5,3,5,10,percentage,1,10,false,false,,
6,6,Kristi Yamaguchi_S6,0.14844359844436078,0.16666666666666666,7,4,1,1,7,1,7,1,10,percentage,1,10,false,false,,
6,6,Mario_S6,0.14229209823995476,0.15555555555555556,7,6,2,5,2,2,6,2,10,percentage,1,10,false,false,,
6,6,Marissa Jaret Winokur_S6,0.14855708066813206,0.14444444444444443,7,3,4,3,4,4,4,4,10,percentage,1,10,false,false,,
6,6,Marlee Matlin_S6,0.10814287632040397,0.11666666666666667,7,7,7,7,1,7,1,7,10,percentage,1,10,true,true,,
6,6,Shannon Elizabeth_S6,0.15188937867030888,0.13333333333333333,7,2,5,3,4,6,2,6,10,percentage,1,10,false,false,,
6,7,Cristian de la Fuente_S6,0.18263160877973433,0.1488673139158576,6,1,6,4,3,5,2,6,10,percentage,1,10,false,false,,
6,7,Jason Taylor_S6,0.17385166326110024,0.1779935275080906,6,5,1,3,4,2,5,1,10,percentage,1,10,false,false,,
6,7,Kristi Yamaguchi_S6,0.17777904575814396,0.17475728155339806,6,3,2,1,5,1,6,2,10,percentage,1,10,false,false,,
6,7,Mario_S6,0.17555637095030174,0.1650485436893204,6,4,4,5,2,4,3,5,10,percentage,1,10,false,false,,
6,7,Marissa Jaret Winokur_S6,0.18142041199672623,0.16828478964401294,6,2,3,1,5,3,4,3,10,percentage,1,10,false,false,,
6,7,Shannon Elizabeth_S6,0.10876089925399438,0.1650485436893204,6,6,4,6,1,6,1,4,10,percentage,1,10,true,true,,
6,8,Cristian de la Fuente_S6,0.21239973395656236,0.21348314606741572,5,4,1,1,4,1,5,1,10,percentage,1,10,false,false,,
6,8,Jason Taylor_S6,0.21690137321718228,0.1947565543071161,5,2,4,3,2,3,3,4,10,percentage,1,10,false,false,,
6,8,Kristi Yamaguchi_S6,0.21593877885986057,0.20599250936329588,5,3,2,1,4,2,4,2,10,percentage,1,10,false,false,,
6,8,Mario_S6,0.13522938611785462,0.19850187265917604,5,5,3,5,1,5,1,3,10,percentage,1,10,true,true,,
6,8,Marissa Jaret Winokur_S6,0.2195307278485401,0.18726591760299627,5,1,5,3,2,4,2,5,10,percentage,1,10,false,false,,
6,9,Cristian de la Fuente_S6,0.2689080016883153,0.2545454545454545,4,2,2,2,3,2,3,2,10,percentage,1,10,false,false,,
6,9,Jason Taylor_S6,0.27261231077735587,0.25,4,1,3,2,3,3,2,3,10,percentage,1,10,false,false,,
6,9,Kristi Yamaguchi_S6,0.26807514384525166,0.2590909090909091,4,3,1,2,3,1,4,1,10,percentage,1,10,false,false,,
6,9,Marissa Jaret Winokur_S6,0.19040454368907636,0.23636363636363636,4,4,4,4,1,4,1,4,10,percentage,1,10,true,true,,
6,10,Cristian de la Fuente_S6,0.2745898480828635,0.3076923076923077,3,3,3,3,1,3,1,3,10,percentage,3,10,true,true,3,3
6,10,Jason Taylor_S6,0.3304562592227828,0.33727810650887574,3,2,2,2,2,2,2,2,10,percentage,3,10,true,true,2,2
6,10,Kristi Yamaguchi_S6,0.39495389269435366,0.35502958579881655,3,1,1,1,3,1,3,1,10,percentage,3,10,true,true,1,1
7,1,Brooke Burke_S7,0.08093529728843593,0.09722222222222222,13,6,1,1,13,1,13,1,10,percentage,2,10,false,false,,
7,1,Cloris Leachman_S7,0.0830937598192982,0.06349206349206349,13,3,12,10,4,11,3,12,10,percentage,2,10,false,false,,
7,1,Cody Linley_S7,0.07835831190238154,0.08134920634920635,13,9,6,10,4,7,7,6,10,percentage,2,10,false,false,,
7,1,Jeffrey Ross_S7,0.06510765105494905,0.047619047619047616,13,12,13,13,1,13,1,13,10,percentage,2,10,true,true,,
7,1,Kim Kardashian_S7,0.08131736682299849,0.07341269841269842,13,4,9,6,7,8,6,10,10,percentage,2,10,false,false,,
7,1,Lance Bass_S7,0.07879095332637556,0.08531746031746032,13,8,3,4,10,4,10,4,10,percentage,2,10,false,false,,
7,1,Maurice Greene_S7,0.08330783992210773,0.07738095238095238,13,2,7,2,12,6,8,7,10,percentage,2,10,false,false,,
7,1,Misty May-Treanor_S7,0.07764980429894966,0.08333333333333333,13,10,5,10,4,5,9,5,10,percentage,2,10,false,false,,
7,1,Rocco DiSpirito_S7,0.08408705558730674,0.06944444444444445,13,1,11,5,9,10,4,11,10,percentage,2,10,false,false,,
7,1,Susan Lucci_S7,0.0810977094990707,0.07341269841269842,13,5,9,8,6,9,5,8,10,percentage,2,10,false,false,,
7,1,Ted McGinley_S7,0.049371952906958165,0.07341269841269842,13,13,9,12,2,12,2,9,10,percentage,2,10,true,true,,
7,1,Toni Braxton_S7,0.07615633946686745,0.08928571428571429,13,11,2,6,7,3,11,2,10,percentage,2,10,false,false,,
7,1,Warren Sapp_S7,0.08072595810430033,0.08531746031746032,13,7,3,3,11,2,12,3,10,percentage,2,10,false,false,,
7,2,Brooke Burke_S7,0.09043398434788956,0.1085972850678733,11,9,1,3,8,2,10,1,10,percentage,2,10,false,false,,
7,2,Cloris Leachman_S7,0.10435110678852956,0.06787330316742081,11,2,11,9,3,9,3,11,10,percentage,2,10,false,false,,
7,2,Cody Linley_S7,0.09499304474019898,0.09502262443438914,11,5,5,3,8,4,8,5,10,percentage,2,10,false,false,,
7,2,Kim Kardashian_S7,0.06825410832019745,0.07692307692307693,11,10,9,11,1,11,1,9,10,percentage,2,10,true,true,,
7,2,Lance Bass_S7,0.09787037521352476,0.09049773755656108,11,4,7,6,6,6,6,7,10,percentage,2,10,false,false,,
7,2,Maurice Greene_S7,0.10076949136003235,0.08597285067873303,11,3,8,6,6,7,5,8,10,percentage,2,10,false,false,,
7,2,Misty May-Treanor_S7,0.05531119046652612,0.09502262443438914,11,11,5,10,2,10,2,6,10,percentage,2,10,true,true,,
7,2,Rocco DiSpirito_S7,0.10608431022030869,0.07239819004524888,11,1,10,6,6,8,4,10,10,percentage,2,10,false,false,,
7,2,Susan Lucci_S7,0.09376884238541539,0.09502262443438914,11,7,5,8,4,5,7,4,10,percentage,2,10,false,false,,
7,2,Toni Braxton_S7,0.09486425642964408,0.10407239819004525,11,6,3,1,10,3,9,3,10,percentage,2,10,false,false,,
7,2,Warren Sapp_S7,0.09329928972773305,0.1085972850678733,11,8,1,1,10,1,11,2,10,percentage,2,10,false,false,,
7,3,Brooke Burke_S7,0.1140971395209639,0.1407035175879397,9,1,1,1,9,1,9,1,10,percentage,0,10,false,false,,
7,3,Cloris Leachman_S7,0.10614348694475344,0.08040201005025126,9,9,9,9,1,9,1,9,10,percentage,0,10,false,false,,
7,3,Cody Linley_S7,0.11077300244683182,0.10552763819095477,9,5,6,5,5,6,4,6,10,percentage,0,10,false,false,,
7,3,Lance Bass_S7,0.10963247659650364,0.11055276381909548,9,8,4,6,4,5,5,4,10,percentage,0,10,false,false,,
7,3,Maurice Greene_S7,0.11391559911306359,0.12060301507537688,9,2,3,2,7,3,7,3,10,percentage,0,10,false,false,,
7,3,Rocco DiSpirito_S7,0.11028824378889787,0.10050251256281408,9,6,8,8,2,8,2,8,10,percentage,0,10,false,false,,
7,3,Susan Lucci_S7,0.10982287737744055,0.10552763819095477,9,7,6,7,3,7,3,7,10,percentage,0,10,false,false,,
7,3,Toni Braxton_S7,0.11160466046200812,0.11055276381909548,9,4,4,4,6,4,6,5,10,percentage,0,10,false,false,,
7,3,Warren Sapp_S7,0.11372251374953717,0.12562814070351758,9,3,2,2,7,2,8,2,10,percentage,0,10,false,false,,
7,4,Brooke Burke_S7,0.1160891874265725,0.12807881773399016,9,4,1,1,9,1,9,2,10,percentage,1,10,false,false,,
7,4,Cloris Leachman_S7,0.1107327644013887,0.10837438423645321,9,8,6,8,2,7,3,5,10,percentage,1,10,false,false,,
7,4,Cody Linley_S7,0.1115928355569964,0.11330049261083744,9,7,4,7,3,5,5,4,10,percentage,1,10,false,false,,
7,4,Lance Bass_S7,0.11311563977078035,0.12807881773399016,9,5,1,2,8,2,8,1,10,percentage,1,10,false,false,,
7,4,Maurice Greene_S7,0.1182258715467238,0.09852216748768473,9,1,8,5,5,8,2,8,10,percentage,1,10,false,false,,
7,4,Rocco DiSpirito_S7,0.08355539768806713,0.08866995073891626,9,9,9,9,1,9,1,9,10,percentage,1,10,true,true,,
7,4,Susan Lucci_S7,0.11247533046681728,0.11822660098522167,9,6,3,5,5,3,7,3,10,percentage,1,10,false,false,,
7,4,Toni Braxton_S7,0.11624984623179672,0.10837438423645321,9,3,6,5,5,6,4,7,10,percentage,1,10,false,false,,
7,4,Warren Sapp_S7,0.11796312691085703,0.10837438423645321,9,2,6,3,7,4,6,6,10,percentage,1,10,false,false,,
7,5,Brooke Burke_S7,0.12983985886131472,0.14871794871794872,8,6,1,1,7,1,8,1,10,percentage,1,10,false,false,,
7,5,Cloris Leachman_S7,0.1330143408678548,0.1076923076923077,8,2,7,6,3,7,2,8,10,percentage,1,10,false,false,,
7,5,Cody Linley_S7,0.12463986714816508,0.14358974358974358,8,7,2,6,3,3,6,2,10,percentage,1,10,false,false,,
7,5,Lance Bass_S7,0.13426276606628743,0.1076923076923077,8,1,7,3,5,6,3,7,10,percentage,1,10,false,false,,
7,5,Maurice Greene_S7,0.13082203423383698,0.13846153846153847,8,5,3,3,5,2,7,3,10,percentage,1,10,false,false,,
7,5,Susan Lucci_S7,0.13182743694174398,0.11282051282051282,8,4,5,6,3,5,4,5,10,percentage,1,10,false,false,,
7,5,Toni Braxton_S7,0.0830928283968876,0.11282051282051282,8,8,5,8,1,8,1,6,10,percentage,1,10,true,true,,
7,5,Warren Sapp_S7,0.13250086748391005,0.1282051282051282,8,3,4,1,7,4,5,4,10,percentage,1,10,false,false,,
7,6,Brooke Burke_S7,0.14592007670774956,0.1625,7,4,2,3,5,2,6,2,10,percentage,1,10,false,false,,
7,6,Cloris Leachman_S7,0.11857049758317248,0.09375,7,7,7,7,1,7,1,7,10,percentage,1,10,true,true,,
7,6,Cody Linley_S7,0.14552596002670654,0.14375,7,6,4,6,2,5,3,4,10,percentage,1,10,false,false,,
7,6,Lance Bass_S7,0.14632311805415843,0.16875,7,3,1,1,7,1,7,1,10,percentage,1,10,false,false,,
7,6,Maurice Greene_S7,0.14967324557448378,0.13125,7,1,6,4,4,6,2,6,10,percentage,1,10,false,false,,
7,6,Susan Lucci_S7,0.14580655524867145,0.14375,7,5,4,5,3,4,4,5,10,percentage,1,10,false,false,,
7,6,Warren Sapp_S7,0.14818054680505777,0.15625,7,2,3,2,6,3,5,3,10,percentage,1,10,false,false,,
7,7,Brooke Burke_S7,0.17048828476574865,0.20408163265306123,6,5,1,2,4,1,6,1,10,percentage,1,10,false,false,,
7,7,Cody Linley_S7,0.18078323458422232,0.14965986394557823,6,2,5,4,2,4,3,5,10,percentage,1,10,false,false,,
7,7,Lance Bass_S7,0.17438171515381679,0.17006802721088435,6,4,2,2,4,3,4,3,10,percentage,1,10,false,false,,
7,7,Maurice Greene_S7,0.18041640725867203,0.17006802721088435,6,3,2,1,6,2,5,2,10,percentage,1,10,false,false,,
7,7,Susan Lucci_S7,0.10915061916437431,0.16326530612244897,6,6,4,6,1,6,1,4,10,percentage,1,10,true,true,,
7,7,Warren Sapp_S7,0.18477973907316572,0.14285714285714285,6,1,6,4,2,5,2,6,10,percentage,1,10,false,false,,
7,8,Brooke Burke_S7,0.20794258941918417,0.21568627450980393,5,4,1,2,3,2,4,1,10,percentage,1,10,false,false,,
7,8,Cody Linley_S7,0.21538773417481105,0.18823529411764706,5,1,4,2,3,4,2,4,10,percentage,1,10,false,false,,
7,8,Lance Bass_S7,0.2122222499790054,0.19607843137254902,5,3,3,4,2,3,3,3,10,percentage,1,10,false,false,,
7,8,Maurice Greene_S7,0.14930625810049752,0.18823529411764706,5,5,4,5,1,5,1,5,10,percentage,1,10,true,true,,
7,8,Warren Sapp_S7,0.21514116832650226,0.21176470588235294,5,2,2,1,5,1,5,2,10,percentage,1,10,false,false,,
7,9,Brooke Burke_S7,0.2733738020271488,0.24378109452736318,4,2,2,2,2,3,2,2,10,percentage,1,10,false,false,,
7,9,Cody Linley_S7,0.19519512315855525,0.22885572139303484,4,4,4,4,1,4,1,4,10,percentage,1,10,true,true,,
7,9,Lance Bass_S7,0.25560283652055066,0.2835820895522388,4,3,1,2,2,1,4,1,10,percentage,1,10,false,false,,
7,9,Warren Sapp_S7,0.2758282382937453,0.24378109452736318,4,1,2,1,4,2,3,3,10,percentage,1,10,false,false,,
7,10,Brooke Burke_S7,0.39391398173067577,0.35294117647058826,3,1,1,1,3,1,3,1,10,percentage,3,10,true,true,1,1
7,10,Lance Bass_S7,0.26297372131562957,0.3235294117647059,3,3,2,3,1,3,1,2,10,percentage,3,10,true,true,3,3
7,10,Warren Sapp_S7,0.3431122969536947,0.3235294117647059,3,2,2,2,2,2,2,3,10,percentage,3,10,true,true,2,2
8,1,Belinda Carlisle_S8,0.07588570235840368,0.06995884773662552,13,10,9,10,3,9,5,9,11,percentage,0,11,false,false,,
8,1,Chuck Wicks_S8,0.07953995567322512,0.0823045267489712,13,4,5,3,11,5,9,5,11,percentage,0,11,false,false,,
8,1,David Alan Grier_S8,0.07444458349797704,0.07818930041152264,13,12,6,9,5,8,6,6,11,percentage,0,11,false,false,,
8,1,Denise Richards_S8,0.08055931478199974,0.07407407407407407,13,2,7,3,11,6,8,7,11,percentage,0,11,false,false,,
8,1,Gilles Marini_S8,0.08137791053879989,0.09876543209876543,13,1,1,1,13,1,13,1,11,percentage,0,11,false,false,,
8,1,Holly Madison_S8,0.07879492862953871,0.07407407407407407,13,5,7,7,7,7,7,8,11,percentage,0,11,false,false,,
8,1,Lawrence Taylor_S8,0.07644935479161132,0.06584362139917696,13,8,11,10,3,11,3,11,11,percentage,0,11,false,false,,
8,1,Lil' Kim_S8,0.07841907354054595,0.08641975308641975,13,6,4,5,9,4,10,4,11,percentage,0,11,false,false,,
8,1,Melissa Rycroft_S8,0.07636645669073483,0.09465020576131687,13,9,2,6,8,3,11,2,11,percentage,0,11,false,false,,
8,1,Shawn Johnson_S8,0.07649725507295,0.09465020576131687,13,7,2,3,11,2,12,3,11,percentage,0,11,false,false,,
8,1,Steve Wozniak_S8,0.0666384827006498,0.053497942386831275,13,13,13,13,1,13,1,13,11,percentage,0,11,false,false,,
8,1,Steve-O_S8,0.07463305748228605,0.06995884773662552,13,11,9,12,2,10,4,10,11,percentage,0,11,false,false,,
8,1,Ty Murray_S8,0.0803939242412781,0.05761316872427984,13,3,12,8,6,12,2,12,11,percentage,0,11,false,false,,
8,2,Belinda Carlisle_S8,0.04512618966447882,0.06792452830188679,13,13,9,12,2,13,1,10,11,percentage,1,11,false,true,,
8,2,Chuck Wicks_S8,0.07930608580454411,0.07547169811320754,13,8,7,9,4,8,6,8,11,percentage,1,11,false,false,,
8,2,David Alan Grier_S8,0.07958998603715683,0.06415094339622641,13,6,11,11,3,10,4,12,11,percentage,1,11,false,false,,
8,2,Denise Richards_S8,0.07668264136148702,0.07924528301886792,13,10,5,9,4,7,7,5,11,percentage,1,11,false,false,,
8,2,Gilles Marini_S8,0.08099174521388908,0.1018867924528302,13,3,1,1,13,1,13,1,11,percentage,1,11,false,false,,
8,2,Holly Madison_S8,0.08416131778533303,0.06792452830188679,13,2,9,3,10,9,5,9,11,percentage,1,11,false,false,,
8,2,Lawrence Taylor_S8,0.08050983634022003,0.07547169811320754,13,5,7,5,9,6,8,6,11,percentage,1,11,false,false,,
8,2,Lil' Kim_S8,0.07895458049888172,0.08679245283018867,13,9,4,6,8,3,11,4,11,percentage,1,11,false,false,,
8,2,Melissa Rycroft_S8,0.07946696735758128,0.09811320754716982,13,7,2,2,12,2,12,2,11,percentage,1,11,false,false,,
8,2,Shawn Johnson_S8,0.07438661190872614,0.09056603773584905,13,11,3,7,6,4,10,3,11,percentage,1,11,false,false,,
8,2,Steve Wozniak_S8,0.07412400259627658,0.06415094339622641,13,12,11,13,1,12,2,11,11,percentage,1,11,true,false,,
8,2,Steve-O_S8,0.08582967652902239,0.052830188679245285,13,1,13,7,6,11,3,13,11,percentage,1,11,false,false,,
8,2,Ty Murray_S8,0.08087035890240318,0.07547169811320754,13,4,7,3,10,5,9,7,11,percentage,1,11,false,false,,
8,3,Chuck Wicks_S8,0.08440933128430354,0.09055118110236221,12,8,6,9,4,6,7,7,11,percentage,1,11,false,false,,
8,3,David Alan Grier_S8,0.08501772644559782,0.09448818897637795,12,6,5,3,9,4,9,5,11,percentage,1,11,false,false,,
8,3,Denise Richards_S8,0.053361874515801336,0.06299212598425197,12,12,10,12,1,12,1,10,11,percentage,1,11,true,true,,
8,3,Gilles Marini_S8,0.08440029831097973,0.1062992125984252,12,9,2,3,9,3,10,3,11,percentage,1,11,false,false,,
8,3,Holly Madison_S8,0.08822022649666147,0.06692913385826772,12,3,9,5,7,9,4,9,11,percentage,1,11,false,false,,
8,3,Lawrence Taylor_S8,0.08723125778402903,0.07874015748031496,12,4,8,5,7,8,5,8,11,percentage,1,11,false,false,,
8,3,Lil' Kim_S8,0.08081695323482527,0.0984251968503937,12,11,4,10,3,5,8,4,11,percentage,1,11,false,false,,
8,3,Melissa Rycroft_S8,0.08498392611460923,0.1062992125984252,12,7,2,2,11,2,11,1,11,percentage,1,11,false,false,,
8,3,Shawn Johnson_S8,0.08671106652297708,0.1062992125984252,12,5,2,1,12,1,12,2,11,percentage,1,11,false,false,,
8,3,Steve Wozniak_S8,0.09317004431650927,0.03937007874015748,12,1,12,7,5,11,2,12,11,percentage,1,11,false,false,,
8,3,Steve-O_S8,0.08894867906523907,0.05905511811023622,12,2,11,7,5,10,3,11,11,percentage,1,11,false,false,,
8,3,Ty Murray_S8,0.08272861590846681,0.09055118110236221,12,10,6,11,2,7,6,6,11,percentage,1,11,false,false,,
8,4,Chuck Wicks_S8,0.09122801683800483,0.09090909090909091,11,9,6,9,3,7,5,7,11,percentage,2,11,false,false,,
8,4,David Alan Grier_S8,0.09532433822162861,0.09090909090909091,11,5,6,7,5,6,6,6,11,percentage,2,11,false,false,,
8,4,Gilles Marini_S8,0.09187735862476752,0.12396694214876033,11,8,1,3,8,1,11,1,11,percentage,2,11,false,false,,
8,4,Holly Madison_S8,0.0697636782283991,0.06611570247933884,11,11,9,10,2,10,2,9,11,percentage,2,11,true,true,,
8,4,Lawrence Taylor_S8,0.09824160013808751,0.07851239669421488,11,2,8,5,7,8,4,8,11,percentage,2,11,false,false,,
8,4,Lil' Kim_S8,0.09322011874788325,0.1115702479338843,11,6,3,3,8,3,9,3,11,percentage,2,11,false,false,,
8,4,Melissa Rycroft_S8,0.09561653728982782,0.11983471074380166,11,4,2,1,11,2,10,2,11,percentage,2,11,false,false,,
8,4,Shawn Johnson_S8,0.09221336718843255,0.10330578512396695,11,7,4,7,5,5,7,5,11,percentage,2,11,false,false,,
8,4,Steve Wozniak_S8,0.07090606445520882,0.049586776859504134,11,10,11,11,1,11,1,11,11,percentage,2,11,true,true,,
8,4,Steve-O_S8,0.10473660554931043,0.06198347107438017,11,1,10,7,5,9,3,10,11,percentage,2,11,false,false,,
8,4,Ty Murray_S8,0.09687231471845112,0.10330578512396695,11,3,4,2,10,4,8,4,11,percentage,2,11,false,false,,
8,5,Chuck Wicks_S8,0.11558925032961227,0.10952380952380952,9,4,5,3,6,5,5,5,11,percentage,1,11,false,false,,
8,5,David Alan Grier_S8,0.06854087041401681,0.10476190476190476,9,9,6,9,1,9,1,6,11,percentage,1,11,true,true,,
8,5,Gilles Marini_S8,0.10914074599190003,0.1380952380952381,9,8,1,3,6,1,9,1,11,percentage,1,11,false,false,,
8,5,Lawrence Taylor_S8,0.12112540650515471,0.09523809523809523,9,2,8,7,3,7,3,8,11,percentage,1,11,false,false,,
8,5,Lil' Kim_S8,0.11353775446683338,0.12380952380952381,9,6,2,1,9,2,8,2,11,percentage,1,11,false,false,,
8,5,Melissa Rycroft_S8,0.1143770954317024,0.11904761904761904,9,5,4,3,6,4,6,4,11,percentage,1,11,false,false,,
8,5,Shawn Johnson_S8,0.11295796535693618,0.12380952380952381,9,7,2,3,6,3,7,3,11,percentage,1,11,false,false,,
8,5,Steve-O_S8,0.12426819572744974,0.08571428571428572,9,1,9,7,3,8,2,9,11,percentage,1,11,false,false,,
8,5,Ty Murray_S8,0.12046271577639406,0.1,9,3,7,7,3,6,4,7,11,percentage,1,11,false,false,,
8,6,Chuck Wicks_S8,0.12742642300085777,0.12365591397849462,8,4,5,7,2,5,4,5,11,percentage,1,11,false,false,,
8,6,Gilles Marini_S8,0.12793959322620227,0.13978494623655913,8,3,3,1,8,3,6,3,11,percentage,1,11,false,false,,
8,6,Lawrence Taylor_S8,0.12968286053164632,0.11827956989247312,8,2,6,4,5,6,3,6,11,percentage,1,11,false,false,,
8,6,Lil' Kim_S8,0.12320168302341555,0.15053763440860216,8,7,1,4,5,1,8,1,11,percentage,1,11,false,false,,
8,6,Melissa Rycroft_S8,0.12554426651700196,0.14516129032258066,8,6,2,4,5,2,7,2,11,percentage,1,11,false,false,,
8,6,Shawn Johnson_S8,0.12739520054060777,0.13978494623655913,8,5,3,4,5,4,5,4,11,percentage,1,11,false,false,,
8,6,Steve-O_S8,0.10095346971689607,0.08602150537634409,8,8,8,8,1,8,1,8,11,percentage,1,11,true,true,,
8,6,Ty Murray_S8,0.13785650344337289,0.0967741935483871,8,1,7,4,5,7,2,7,11,percentage,1,11,false,false,,
8,7,Chuck Wicks_S8,0.14655725031288186,0.14835164835164835,7,4,3,3,4,4,4,4,11,percentage,1,11,false,false,,
8,7,Gilles Marini_S8,0.1501391172308824,0.14835164835164835,7,2,3,1,7,2,6,3,11,percentage,1,11,false,false,,
8,7,Lawrence Taylor_S8,0.11107159208271783,0.11538461538461539,7,7,7,7,1,7,1,7,11,percentage,1,11,true,true,,
8,7,Lil' Kim_S8,0.14880916770018657,0.14285714285714285,7,3,5,5,2,5,3,5,11,percentage,1,11,false,false,,
8,7,Melissa Rycroft_S8,0.14477451523061052,0.15934065934065933,7,5,1,2,6,1,7,1,11,percentage,1,11,false,false,,
8,7,Shawn Johnson_S8,0.14384395968447453,0.15384615384615385,7,6,2,5,2,3,5,2,11,percentage,1,11,false,false,,
8,7,Ty Murray_S8,0.15480439775824642,0.13186813186813187,7,1,6,3,4,6,2,6,11,percentage,1,11,false,false,,
8,8,Chuck Wicks_S8,0.1126978435414465,0.16346153846153846,6,6,5,6,1,6,1,5,11,percentage,1,11,true,true,,
8,8,Gilles Marini_S8,0.17402774384027836,0.1762820512820513,6,3,2,1,5,2,5,2,11,percentage,1,11,false,false,,
8,8,Lil' Kim_S8,0.17337119425526706,0.1794871794871795,6,5,1,3,4,1,6,1,11,percentage,1,11,false,false,,
8,8,Melissa Rycroft_S8,0.18490886130354833,0.14743589743589744,6,1,6,4,2,5,2,6,11,percentage,1,11,false,false,,
8,8,Shawn Johnson_S8,0.17340670291326546,0.16666666666666666,6,4,3,4,2,4,3,4,11,percentage,1,11,false,false,,
8,8,Ty Murray_S8,0.18158765414619443,0.16666666666666666,6,2,3,1,5,3,4,3,11,percentage,1,11,false,false,,
8,9,Gilles Marini_S8,0.21199613372284035,0.20973782771535582,5,2,2,1,5,1,5,3,11,percentage,1,11,false,false,,
8,9,Lil' Kim_S8,0.14309096179624234,0.1947565543071161,5,5,4,5,1,5,1,4,11,percentage,1,11,true,true,,
8,9,Melissa Rycroft_S8,0.2078050723623131,0.21348314606741572,5,4,1,2,3,2,4,1,11,percentage,1,11,false,false,,
8,9,Shawn Johnson_S8,0.208390165647234,0.20973782771535582,5,3,2,2,3,3,3,2,11,percentage,1,11,false,false,,
8,9,Ty Murray_S8,0.22871766647137004,0.17228464419475656,5,1,5,4,2,4,2,5,11,percentage,1,11,false,false,,
8,10,Gilles Marini_S8,0.2636456400326666,0.273972602739726,4,3,1,2,3,1,4,1,11,percentage,1,11,false,false,,
8,10,Melissa Rycroft_S8,0.26760094290441416,0.2511415525114155,4,1,3,2,3,3,2,3,11,percentage,1,11,false,false,,
8,10,Shawn Johnson_S8,0.2637638456681698,0.2557077625570776,4,2,2,2,3,2,3,2,11,percentage,1,11,false,false,,
8,10,Ty Murray_S8,0.2049895713947495,0.2191780821917808,4,4,4,4,1,4,1,4,11,percentage,1,11,true,true,,
8,11,Gilles Marini_S8,0.3362080842050335,0.3314285714285714,3,2,2,2,2,2,2,2,11,percentage,3,11,true,true,2,2
8,11,Melissa Rycroft_S8,0.26323940886771974,0.32571428571428573,3,3,3,3,1,3,1,3,11,percentage,3,11,true,true,3,3
8,11,Shawn Johnson_S8,0.4005525069272466,0.34285714285714286,3,1,1,1,3,1,3,1,11,percentage,3,11,true,true,1,1
9,1,Aaron Carter_S9,0.06312380495460998,0.07881779829674204,16,13,2,10,7,1,16,2,10,percentage,2,10,false,false,,
9,1,Ashley Hamiliton_S9,0.04501810166594118,0.046797967676719905,16,15,15,15,2,15,2,16,10,percentage,2,10,true,true,,
9,1,Chuck Liddell_S9,0.06797082179834046,0.05418740566465287,16,4,10,6,10,11,6,11,10,percentage,2,10,false,false,,
9,1,Debi Mazar_S9,0.06837905130116,0.05418740566465287,16,2,10,2,14,10,7,10,10,percentage,2,10,false,false,,
9,1,Donny Osmond_S9,0.06582399243720415,0.07389167050904633,16,5,5,1,16,3,14,5,10,percentage,2,10,false,false,,
9,1,Joanna Krupa_S9,0.05549310360145157,0.08374392608443776,16,14,1,10,7,5,12,1,10,percentage,2,10,false,false,,
9,1,Kathy Ireland_S9,0.06377480856188895,0.04926103157056776,16,11,12,14,3,14,3,12,10,percentage,2,10,false,false,,
9,1,Kelly Osbourne_S9,0.06407623487276351,0.07635448809650482,16,10,4,6,10,2,15,4,10,percentage,2,10,false,false,,
9,1,Louie Vito_S9,0.06470022127469706,0.06650223252111338,16,8,7,10,7,8,9,7,10,percentage,2,10,false,false,,
9,1,Macy Gray_S9,0.04488327757478806,0.046797967676719905,16,16,15,16,1,16,1,15,10,percentage,2,10,true,true,,
9,1,Mark Dacascos_S9,0.06529308247915892,0.0714283603088091,16,7,6,4,12,6,11,6,10,percentage,2,10,false,false,,
9,1,Melissa Joan Hart_S9,0.06815090422058159,0.05911353345234858,16,3,9,2,14,9,8,9,10,percentage,2,10,false,false,,
9,1,Michael Irvin_S9,0.07011497688488766,0.046798213983109294,16,1,14,10,7,12,5,14,10,percentage,2,10,false,false,,
9,1,Mya_S9,0.06329188407582,0.07635473440289418,16,12,3,10,7,4,13,3,10,percentage,2,10,false,false,,
9,1,Natalie Coughlin_S9,0.06569024055953084,0.06650223252111338,16,6,7,4,12,7,10,8,10,percentage,2,10,false,false,,
9,1,Tom DeLay_S9,0.0642154937371762,0.04926103157056776,16,9,12,13,4,13,4,13,10,percentage,2,10,false,false,,
9,2,Aaron Carter_S9,0.07360300203150691,0.09183673469387756,14,9,1,1,13,1,14,2,10,percentage,1,10,false,false,,
9,2,Chuck Liddell_S9,0.0762507623983835,0.06462585034013606,14,4,10,10,5,10,5,10,10,percentage,1,10,false,false,,
9,2,Debi Mazar_S9,0.07376741072254175,0.07142857142857142,14,8,5,8,6,6,9,4,10,percentage,1,10,false,false,,
9,2,Donny Osmond_S9,0.07294899547939729,0.08503401360544217,14,10,3,8,6,3,12,3,10,percentage,1,10,false,false,,
9,2,Joanna Krupa_S9,0.06667968792042493,0.06802721088435375,14,13,7,12,3,12,3,8,10,percentage,1,10,false,false,,
9,2,Kathy Ireland_S9,0.04104157223591516,0.061224489795918366,14,14,13,14,1,14,1,14,10,percentage,1,10,true,true,,
9,2,Kelly Osbourne_S9,0.07701435407260848,0.06462585034013606,14,1,10,3,11,8,7,12,10,percentage,1,10,false,false,,
9,2,Louie Vito_S9,0.07695498107709882,0.06462585034013606,14,2,10,6,9,9,6,11,10,percentage,1,10,false,false,,
9,2,Mark Dacascos_S9,0.07572557568602487,0.07142857142857142,14,6,5,3,11,4,11,6,10,percentage,1,10,false,false,,
9,2,Melissa Joan Hart_S9,0.07589263340596583,0.06462585034013606,14,5,10,11,4,11,4,9,10,percentage,1,10,false,false,,
9,2,Michael Irvin_S9,0.07651755579635441,0.06802721088435375,14,3,7,1,13,7,8,7,10,percentage,1,10,false,false,,
9,2,Mya_S9,0.07219520399727364,0.09183673469387756,14,11,1,6,9,2,13,1,10,percentage,1,10,false,false,,
9,2,Natalie Coughlin_S9,0.07391482620793152,0.07142857142857142,14,7,5,6,9,5,10,5,10,percentage,1,10,false,false,,
9,2,Tom DeLay_S9,0.06749343896857568,0.061224489795918366,14,12,13,13,2,13,2,13,10,percentage,1,10,false,false,,
9,3,Aaron Carter_S9,0.07865179282287764,0.08139534883720931,13,9,4,9,5,4,10,5,10,percentage,2,10,false,false,,
9,3,Chuck Liddell_S9,0.08533599747639985,0.06589147286821706,13,2,10,6,8,10,4,11,10,percentage,2,10,false,false,,
9,3,Debi Mazar_S9,0.05508027087148046,0.06589147286821706,13,12,10,12,2,12,2,10,10,percentage,2,10,true,true,,
9,3,Donny Osmond_S9,0.07919961192041654,0.08139534883720931,13,8,4,6,8,3,11,4,10,percentage,2,10,false,false,,
9,3,Joanna Krupa_S9,0.06916463941983625,0.08914728682170543,13,11,3,10,3,6,8,3,10,percentage,2,10,false,false,,
9,3,Kelly Osbourne_S9,0.0806632749653761,0.07751937984496124,13,6,6,6,8,7,7,6,10,percentage,2,10,false,false,,
9,3,Louie Vito_S9,0.0811107614077698,0.07751937984496124,13,5,6,2,11,5,9,7,10,percentage,2,10,false,false,,
9,3,Mark Dacascos_S9,0.08388143631944642,0.06976744186046512,13,3,9,6,8,9,5,9,10,percentage,2,10,false,false,,
9,3,Melissa Joan Hart_S9,0.08362558992477423,0.07364341085271318,13,4,8,6,8,8,6,8,10,percentage,2,10,false,false,,
9,3,Michael Irvin_S9,0.09168731127333088,0.05426356589147287,13,1,13,10,3,11,3,13,10,percentage,2,10,false,false,,
9,3,Mya_S9,0.07729800559058404,0.10465116279069768,13,10,1,2,11,1,13,1,10,percentage,2,10,false,false,,
9,3,Natalie Coughlin_S9,0.07949756235472655,0.10077519379844961,13,7,2,1,13,2,12,2,10,percentage,2,10,false,false,,
9,3,Tom DeLay_S9,0.05480374565297933,0.05813953488372093,13,13,12,13,1,13,1,12,10,percentage,2,10,true,true,,
9,4,Aaron Carter_S9,0.09819797907384496,0.0743801652892562,11,3,8,4,7,8,4,8,10,percentage,1,10,false,false,,
9,4,Chuck Liddell_S9,0.06382874283041376,0.07024793388429752,11,11,9,11,1,11,1,9,10,percentage,1,10,true,true,,
9,4,Donny Osmond_S9,0.09219959557454431,0.09917355371900827,11,8,4,6,5,4,8,5,10,percentage,1,10,false,false,,
9,4,Joanna Krupa_S9,0.08058508088923644,0.10743801652892562,11,10,3,9,3,6,6,3,10,percentage,1,10,false,false,,
9,4,Kelly Osbourne_S9,0.09311437781526596,0.09504132231404959,11,7,6,9,3,5,7,6,10,percentage,1,10,false,false,,
9,4,Louie Vito_S9,0.10015860220996527,0.06611570247933884,11,2,10,6,5,10,2,10,10,percentage,1,10,false,false,,
9,4,Mark Dacascos_S9,0.09341682607195659,0.09090909090909091,11,6,7,9,3,7,5,7,10,percentage,1,10,false,false,,
9,4,Melissa Joan Hart_S9,0.0938403474995636,0.11570247933884298,11,5,1,1,11,1,11,2,10,percentage,1,10,false,false,,
9,4,Michael Irvin_S9,0.101099437800658,0.06611570247933884,11,1,10,4,7,9,3,11,10,percentage,1,10,false,false,,
9,4,Mya_S9,0.08954887487550149,0.11570247933884298,11,9,1,3,9,2,10,1,10,percentage,1,10,false,false,,
9,4,Natalie Coughlin_S9,0.09401013535904813,0.09917355371900827,11,4,4,2,10,3,9,4,10,percentage,1,10,false,false,,
9,5,Aaron Carter_S9,0.10341379159021599,0.09917355371900827,10,6,5,7,3,5,6,5,10,percentage,1,10,false,false,,
9,5,Donny Osmond_S9,0.10160670479192833,0.11983471074380166,10,8,1,2,8,1,10,1,10,percentage,1,10,false,false,,
9,5,Joanna Krupa_S9,0.09479200459689868,0.09917355371900827,10,9,5,9,2,9,2,4,10,percentage,1,10,false,false,,
9,5,Kelly Osbourne_S9,0.10387256514817375,0.09917355371900827,10,5,5,5,6,4,7,6,10,percentage,1,10,false,false,,
9,5,Louie Vito_S9,0.10776269014554792,0.09090909090909091,10,2,8,5,6,7,4,8,10,percentage,1,10,false,false,,
9,5,Mark Dacascos_S9,0.10493560711511113,0.10743801652892562,10,4,3,1,10,3,8,3,10,percentage,1,10,false,false,,
9,5,Melissa Joan Hart_S9,0.10691510138788606,0.09504132231404959,10,3,7,5,6,6,5,7,10,percentage,1,10,false,false,,
9,5,Michael Irvin_S9,0.10940872156144171,0.08677685950413223,10,1,10,7,3,8,3,10,10,percentage,1,10,false,false,,
9,5,Mya_S9,0.10219423626772853,0.1115702479338843,10,7,2,2,8,2,9,2,10,percentage,1,10,false,false,,
9,5,Natalie Coughlin_S9,0.06509857739506861,0.09090909090909091,10,10,8,10,1,10,1,9,10,percentage,1,10,true,true,,
9,6,Aaron Carter_S9,0.11228444137316371,0.12692274704027823,9,6,3,6,4,4,6,3,10,percentage,2,10,false,false,,
9,6,Donny Osmond_S9,0.11722197455825371,0.11923079733737539,9,3,5,3,6,5,5,5,10,percentage,2,10,false,false,,
9,6,Joanna Krupa_S9,0.10295497726014415,0.13846163313642237,9,7,1,3,6,1,9,1,10,percentage,2,10,false,false,,
9,6,Kelly Osbourne_S9,0.12674031074952063,0.09615340976180302,9,2,6,3,6,6,4,6,10,percentage,2,10,false,false,,
9,6,Louie Vito_S9,0.08861562017797998,0.09230801183542559,9,9,7,8,1,9,1,7,10,percentage,2,10,true,true,,
9,6,Mark Dacascos_S9,0.11695087883672764,0.12307734911390078,9,4,4,3,6,3,7,4,10,percentage,2,10,false,false,,
9,6,Melissa Joan Hart_S9,0.0886312710204563,0.09230762721870961,9,8,8,8,1,8,2,8,10,percentage,2,10,true,true,,
9,6,Michael Irvin_S9,0.13246765756161863,0.08461490828237482,9,1,9,7,3,7,3,9,10,percentage,2,10,false,false,,
9,6,Mya_S9,0.11413286846213577,0.12692351627371018,9,5,2,1,9,2,8,2,10,percentage,2,10,false,false,,
9,7,Aaron Carter_S9,0.15478313701479313,0.150997150997151,7,4,2,3,4,1,7,2,10,percentage,2,10,false,false,,
9,7,Donny Osmond_S9,0.15585700277086464,0.14814814814814814,7,2,3,1,7,2,6,3,10,percentage,2,10,false,false,,
9,7,Joanna Krupa_S9,0.14171832737583287,0.15669515669515668,7,5,1,3,4,5,3,1,10,percentage,2,10,false,false,,
9,7,Kelly Osbourne_S9,0.15577842302232597,0.14814814814814814,7,3,3,3,4,3,5,4,10,percentage,2,10,false,false,,
9,7,Mark Dacascos_S9,0.12071459418915571,0.1225071225071225,7,6,7,6,1,7,1,7,10,percentage,2,10,true,true,,
9,7,Michael Irvin_S9,0.1116307427050129,0.1339031339031339,7,7,6,6,1,6,2,6,10,percentage,2,10,true,true,,
9,7,Mya_S9,0.15951777292201558,0.1396011396011396,7,1,5,3,4,4,4,5,10,percentage,2,10,false,false,,
9,8,Aaron Carter_S9,0.14541004025446413,0.19083969465648856,5,5,4,5,1,5,1,4,10,percentage,1,10,true,true,,
9,8,Donny Osmond_S9,0.2207356353278903,0.19083969465648856,5,1,4,2,3,3,3,5,10,percentage,1,10,false,false,,
9,8,Joanna Krupa_S9,0.2006823655037112,0.1984732824427481,5,4,2,4,2,4,2,2,10,percentage,1,10,false,false,,
9,8,Kelly Osbourne_S9,0.21888180947384966,0.1946564885496183,5,2,3,2,3,2,4,3,10,percentage,1,10,false,false,,
9,8,Mya_S9,0.2142901494400869,0.22519083969465647,5,3,1,1,5,1,5,1,10,percentage,1,10,false,false,,
9,9,Donny Osmond_S9,0.28071764548746647,0.2312501699224591,4,1,4,2,2,3,2,4,10,percentage,1,10,false,false,,
9,9,Joanna Krupa_S9,0.171920631230715,0.2531258701201785,4,4,2,4,1,4,1,2,10,percentage,1,10,true,true,,
9,9,Kelly Osbourne_S9,0.279543078390741,0.2437489628870599,4,2,3,2,2,2,3,3,10,percentage,1,10,false,false,,
9,9,Mya_S9,0.2678186448910742,0.27187499707030244,4,3,1,1,4,1,4,1,10,percentage,1,10,false,false,,
9,10,Donny Osmond_S9,0.39656305897790767,0.35127769056340485,3,1,1,1,3,1,3,1,10,percentage,3,10,true,true,1,1
9,10,Kelly Osbourne_S9,0.2780074976528026,0.305519216233502,3,3,3,3,1,3,1,3,10,percentage,3,10,true,true,3,3
9,10,Mya_S9,0.3254294433692938,0.34320309320309317,3,2,2,2,2,2,2,2,10,percentage,3,10,true,true,2,2
10,1,Aiden Turner_S10,0.0964456006701073,0.07177033492822966,11,6,10,10,2,10,2,10,10,percentage,0,10,false,false,,
10,1,Buzz Aldrin_S10,0.0697281274257639,0.06698564593301436,11,11,11,11,1,11,1,11,10,percentage,0,10,false,false,,
10,1,Chad Ochocinco_S10,0.09676739263849796,0.0861244019138756,11,4,7,5,7,5,7,6,10,percentage,0,10,false,false,,
10,1,Erin Andrews_S10,0.07678765835226081,0.10047846889952153,11,10,3,7,5,8,4,4,10,percentage,0,10,false,false,,
10,1,Evan Lysacek_S10,0.09817730253255184,0.11004784688995216,11,1,2,1,11,2,10,2,10,percentage,0,10,false,false,,
10,1,Jake Pavelka_S10,0.09728967816824716,0.09569377990430622,11,3,5,2,10,3,9,5,10,percentage,0,10,false,false,,
10,1,Kate Gosselin_S10,0.09660592479193769,0.07655502392344497,11,5,9,8,3,9,3,9,10,percentage,0,10,false,false,,
10,1,Nicole Scherzinger_S10,0.09446838719833711,0.11961722488038277,11,8,1,3,8,1,11,1,10,percentage,0,10,false,false,,
10,1,Niecy Nash_S10,0.098159075528284,0.0861244019138756,11,2,7,3,8,4,8,8,10,percentage,0,10,false,false,,
10,1,Pamela Anderson_S10,0.08031102097669374,0.10047846889952153,11,9,3,6,6,7,5,3,10,percentage,0,10,false,false,,
10,1,Shannen Doherty_S10,0.09525983171731876,0.0861244019138756,11,7,7,8,3,6,6,7,10,percentage,0,10,false,false,,
10,2,Aiden Turner_S10,0.09973009773118081,0.08636363636363636,11,3,8,5,6,5,7,8,10,percentage,1,10,false,false,,
10,2,Buzz Aldrin_S10,0.09810142920663885,0.05454545454545454,11,5,11,10,2,10,2,11,10,percentage,1,10,false,false,,
10,2,Chad Ochocinco_S10,0.10200381690652731,0.07272727272727272,11,2,9,5,6,8,4,9,10,percentage,1,10,false,false,,
10,2,Erin Andrews_S10,0.08025670942395466,0.10454545454545454,11,10,3,8,3,6,6,3,10,percentage,1,10,false,false,,
10,2,Evan Lysacek_S10,0.09644550212023718,0.10909090909090909,11,7,2,1,10,2,10,2,10,percentage,1,10,false,false,,
10,2,Jake Pavelka_S10,0.09923613385082837,0.09090909090909091,11,4,6,3,9,4,8,6,10,percentage,1,10,false,false,,
10,2,Kate Gosselin_S10,0.10363685634003328,0.06818181818181818,11,1,10,5,6,9,3,10,10,percentage,1,10,false,false,,
10,2,Nicole Scherzinger_S10,0.09288067881722491,0.12727272727272726,11,8,1,1,10,1,11,1,10,percentage,1,10,false,false,,
10,2,Niecy Nash_S10,0.09705300712473951,0.09545454545454546,11,6,5,5,6,3,9,5,10,percentage,1,10,false,false,,
10,2,Pamela Anderson_S10,0.08405186138953415,0.1,11,9,4,8,3,7,5,4,10,percentage,1,10,false,false,,
10,2,Shannen Doherty_S10,0.04660390708910168,0.09090909090909091,11,11,6,11,1,11,1,7,10,percentage,1,10,true,true,,
10,3,Aiden Turner_S10,0.109608700635341,0.09852216748768473,10,2,7,4,7,6,5,7,10,percentage,1,10,false,false,,
10,3,Buzz Aldrin_S10,0.06546404415886785,0.06403940886699508,10,10,10,10,1,10,1,10,10,percentage,1,10,true,true,,
10,3,Chad Ochocinco_S10,0.11015806407272276,0.09852216748768473,10,1,7,2,9,5,6,8,10,percentage,1,10,false,false,,
10,3,Erin Andrews_S10,0.08700731792815361,0.11330049261083744,10,9,2,7,4,7,4,2,10,percentage,1,10,false,false,,
10,3,Evan Lysacek_S10,0.10360351007903022,0.12807881773399016,10,6,1,1,10,1,10,1,10,percentage,1,10,false,false,,
10,3,Jake Pavelka_S10,0.10709216879364276,0.10344827586206896,10,5,5,6,5,4,7,6,10,percentage,1,10,false,false,,
10,3,Kate Gosselin_S10,0.10948549160342944,0.07389162561576355,10,3,9,8,3,9,2,9,10,percentage,1,10,false,false,,
10,3,Nicole Scherzinger_S10,0.1035076050512558,0.11330049261083744,10,7,2,4,7,2,9,3,10,percentage,1,10,false,false,,
10,3,Niecy Nash_S10,0.10749302175651174,0.10344827586206896,10,4,5,4,7,3,8,5,10,percentage,1,10,false,false,,
10,3,Pamela Anderson_S10,0.09658007592104426,0.10344827586206896,10,8,5,9,2,8,3,4,10,percentage,1,10,false,false,,
10,4,Aiden Turner_S10,0.08072507350472592,0.0889487870619946,9,9,8,9,1,9,1,8,10,percentage,1,10,true,true,,
10,4,Chad Ochocinco_S10,0.11734989268717758,0.11859838274932614,9,4,4,2,7,3,7,4,10,percentage,1,10,false,false,,
10,4,Erin Andrews_S10,0.10144074380559671,0.10512129380053908,9,8,5,8,2,8,2,5,10,percentage,1,10,false,false,,
10,4,Evan Lysacek_S10,0.11503129347309285,0.14016172506738545,9,5,1,1,9,1,9,1,10,percentage,1,10,false,false,,
10,4,Jake Pavelka_S10,0.12255364906607687,0.10242587601078167,9,3,6,4,5,5,5,6,10,percentage,1,10,false,false,,
10,4,Kate Gosselin_S10,0.12371846496477386,0.0862533692722372,9,1,9,6,3,7,3,9,10,percentage,1,10,false,false,,
10,4,Nicole Scherzinger_S10,0.11423513019691418,0.1347708894878706,9,6,2,2,7,2,8,2,10,percentage,1,10,false,false,,
10,4,Niecy Nash_S10,0.12320715939794459,0.09703504043126684,9,2,7,4,5,6,4,7,10,percentage,1,10,false,false,,
10,4,Pamela Anderson_S10,0.10173859290369731,0.12668463611859837,9,7,3,6,3,4,6,3,10,percentage,1,10,false,false,,
10,5,Chad Ochocinco_S10,0.13869738146447097,0.10404624277456648,8,2,6,5,4,5,4,7,10,percentage,1,10,false,false,,
10,5,Erin Andrews_S10,0.11368659656771313,0.12716763005780346,8,7,4,6,2,7,2,4,10,percentage,1,10,false,false,,
10,5,Evan Lysacek_S10,0.12936091634668745,0.15606936416184972,8,4,2,2,7,2,7,2,10,percentage,1,10,false,false,,
10,5,Jake Pavelka_S10,0.13442890174950234,0.1329479768786127,8,3,3,2,7,3,6,3,10,percentage,1,10,false,false,,
10,5,Kate Gosselin_S10,0.10006336269334222,0.08670520231213873,8,8,8,8,1,8,1,8,10,percentage,1,10,true,true,,
10,5,Nicole Scherzinger_S10,0.12492844355033025,0.1676300578034682,8,5,1,2,7,1,8,1,10,percentage,1,10,false,false,,
10,5,Niecy Nash_S10,0.13927166221676562,0.10404624277456648,8,1,6,4,5,4,5,6,10,percentage,1,10,false,false,,
10,5,Pamela Anderson_S10,0.11956273541118802,0.12138728323699421,8,6,5,6,2,6,3,5,10,percentage,1,10,false,false,,
10,6,Chad Ochocinco_S10,0.15497814938419902,0.14832537716633498,7,3,3,2,6,2,6,3,10,percentage,1,10,false,false,,
10,6,Erin Andrews_S10,0.12577603536121656,0.16267997069846646,7,6,2,5,3,3,5,2,10,percentage,1,10,false,false,,
10,6,Evan Lysacek_S10,0.15914839344235238,0.12918703555466454,7,2,5,3,4,4,4,5,10,percentage,1,10,false,false,,
10,6,Jake Pavelka_S10,0.10620363426077548,0.1196171470430762,7,7,7,7,1,7,1,7,10,percentage,1,10,true,true,,
10,6,Nicole Scherzinger_S10,0.1544620021429976,0.17224890226905065,7,4,1,1,7,1,7,1,10,percentage,1,10,false,false,,
10,6,Niecy Nash_S10,0.16060285325665463,0.1244013735931173,7,1,6,3,4,5,3,6,10,percentage,1,10,false,false,,
10,6,Pamela Anderson_S10,0.13882893215180395,0.1435401936752898,7,5,4,6,2,6,2,4,10,percentage,1,10,false,false,,
10,7,Chad Ochocinco_S10,0.18552731476647435,0.16720257234726688,6,1,3,1,5,3,4,3,10,percentage,1,10,false,false,,
10,7,Erin Andrews_S10,0.16044721694379652,0.1639871382636656,6,5,4,5,2,5,2,4,10,percentage,1,10,false,false,,
10,7,Evan Lysacek_S10,0.1837363877971856,0.17363344051446947,6,3,1,1,5,1,6,2,10,percentage,1,10,false,false,,
10,7,Nicole Scherzinger_S10,0.17914646835762343,0.17363344051446947,6,4,1,3,4,2,5,1,10,percentage,1,10,false,false,,
10,7,Niecy Nash_S10,0.1841902280162488,0.15755627009646303,6,2,6,4,3,4,3,6,10,percentage,1,10,false,false,,
10,7,Pamela Anderson_S10,0.10695238411867065,0.1639871382636656,6,6,4,6,1,6,1,5,10,percentage,1,10,true,true,,
10,8,Chad Ochocinco_S10,0.22574130375435794,0.17786561264822134,5,1,4,3,3,3,3,4,10,percentage,1,10,false,false,,
10,8,Erin Andrews_S10,0.18500688062800785,0.20948616600790515,5,4,2,4,2,4,2,3,10,percentage,1,10,false,false,,
10,8,Evan Lysacek_S10,0.2171750825966324,0.20948616600790515,5,2,2,1,4,2,4,2,10,percentage,1,10,false,false,,
10,8,Nicole Scherzinger_S10,0.20916427127440804,0.233201581027668,5,3,1,1,4,1,5,1,10,percentage,1,10,false,false,,
10,8,Niecy Nash_S10,0.1629124617465939,0.16996047430830039,5,5,5,5,1,5,1,5,10,percentage,1,10,true,true,,
10,9,Chad Ochocinco_S10,0.20080888636649097,0.23008849557522124,4,4,4,4,1,4,1,4,10,percentage,1,10,true,true,,
10,9,Erin Andrews_S10,0.2482980634837221,0.24778761061946902,4,3,3,3,2,3,2,3,10,percentage,1,10,false,false,,
10,9,Evan Lysacek_S10,0.278220984875525,0.2610619469026549,4,1,1,1,4,1,4,2,10,percentage,1,10,false,false,,
10,9,Nicole Scherzinger_S10,0.27267206527426235,0.2610619469026549,4,2,1,2,3,2,3,1,10,percentage,1,10,false,false,,
10,10,Erin Andrews_S10,0.2401086496553562,0.32661232765023673,3,3,2,2,1,3,1,2,10,percentage,3,10,true,true,2,3
10,10,Evan Lysacek_S10,0.3471796063196555,0.325268368450467,3,2,3,2,1,2,2,3,10,percentage,3,10,true,true,2,2
10,10,Nicole Scherzinger_S10,0.41271174402498956,0.3481193038992962,3,1,1,1,3,1,3,1,10,percentage,3,10,true,true,1,1
11,1,Audrina Patridge_S11,0.087164436379293,0.08370044052863436,12,5,5,4,8,6,7,5,10,percentage,1,10,false,false,,
11,1,Brandy_S11,0.08401492640173713,0.1013215859030837,12,8,2,4,8,2,11,2,10,percentage,1,10,false,false,,
11,1,Bristol Palin_S11,0.08314173376649224,0.07929515418502203,12,10,7,10,3,8,5,8,10,percentage,1,10,false,false,,
11,1,David Hasselhoff_S11,0.05560886206543876,0.06607929515418502,12,12,11,12,1,12,1,10,10,percentage,1,10,true,true,,
11,1,Florence Henderson_S11,0.08648352299880574,0.07929515418502203,12,6,7,7,5,7,6,7,10,percentage,1,10,false,false,,
11,1,Jennifer Grey_S11,0.08768309865223348,0.10572687224669604,12,3,1,1,12,1,12,1,10,percentage,1,10,false,false,,
11,1,Kurt Warner_S11,0.08778556183268459,0.08370044052863436,12,2,5,2,11,5,8,6,10,percentage,1,10,false,false,,
11,1,Kyle Massey_S11,0.08303160509344609,0.1013215859030837,12,11,2,7,5,3,10,3,10,percentage,1,10,false,false,,
11,1,Margaret Cho_S11,0.08370898820784925,0.06607929515418502,12,9,11,11,2,11,2,12,10,percentage,1,10,false,false,,
11,1,Michael Bolton_S11,0.08487889460690792,0.07048458149779736,12,7,9,9,4,10,3,9,10,percentage,1,10,false,false,,
11,1,Rick Fox_S11,0.08717626169653703,0.09691629955947137,12,4,4,3,10,4,9,4,10,percentage,1,10,false,false,,
11,1,The Situation_S11,0.08932210829857441,0.06607929515418502,12,1,11,6,7,9,4,11,10,percentage,1,10,false,false,,
11,2,Audrina Patridge_S11,0.09157245855826865,0.10407239819004525,11,7,2,5,6,2,10,2,10,percentage,1,10,false,false,,
11,2,Brandy_S11,0.09127538347094544,0.09502262443438914,11,8,6,8,4,7,5,7,10,percentage,1,10,false,false,,
11,2,Bristol Palin_S11,0.09367152491337817,0.09954751131221719,11,4,3,2,9,3,9,4,10,percentage,1,10,false,false,,
11,2,Florence Henderson_S11,0.08877562871444404,0.08597285067873303,11,10,8,9,2,9,3,8,10,percentage,1,10,false,false,,
11,2,Jennifer Grey_S11,0.09288075259841454,0.1085972850678733,11,5,1,1,11,1,11,1,10,percentage,1,10,false,false,,
11,2,Kurt Warner_S11,0.09597876557180823,0.09502262443438914,11,2,6,4,8,6,6,5,10,percentage,1,10,false,false,,
11,2,Kyle Massey_S11,0.09240137695481304,0.09954751131221719,11,6,3,5,6,5,7,3,10,percentage,1,10,false,false,,
11,2,Margaret Cho_S11,0.0890389663629303,0.08144796380090498,11,9,9,9,2,10,2,9,10,percentage,1,10,false,false,,
11,2,Michael Bolton_S11,0.07233572566844991,0.05429864253393665,11,11,11,11,1,11,1,11,10,percentage,1,10,true,true,,
11,2,Rick Fox_S11,0.09796156855563647,0.09502262443438914,11,1,6,2,9,4,8,6,10,percentage,1,10,false,false,,
11,2,The Situation_S11,0.09410784863091039,0.08144796380090498,11,3,9,7,5,8,4,10,10,percentage,1,10,false,false,,
11,3,Audrina Patridge_S11,0.10318213399596268,0.11764705882352941,10,7,1,3,8,1,10,1,10,percentage,1,10,false,false,,
11,3,Brandy_S11,0.1030623248481422,0.1085972850678733,10,8,3,7,3,4,7,3,10,percentage,1,10,false,false,,
11,3,Bristol Palin_S11,0.10540119019284278,0.08597285067873303,10,1,9,6,5,8,3,9,10,percentage,1,10,false,false,,
11,3,Florence Henderson_S11,0.10034445234763667,0.09049773755656108,10,9,7,9,2,9,2,7,10,percentage,1,10,false,false,,
11,3,Jennifer Grey_S11,0.1039112833756915,0.1085972850678733,10,4,3,1,10,2,9,4,10,percentage,1,10,false,false,,
11,3,Kurt Warner_S11,0.10475095284455807,0.10407239819004525,10,3,5,3,8,5,6,6,10,percentage,1,10,false,false,,
11,3,Kyle Massey_S11,0.10341720356144085,0.10407239819004525,10,6,5,7,3,6,5,5,10,percentage,1,10,false,false,,
11,3,Margaret Cho_S11,0.06716984591005816,0.08144796380090498,10,10,10,10,1,10,1,10,10,percentage,1,10,true,true,,
11,3,Rick Fox_S11,0.10378823307315038,0.1085972850678733,10,5,3,3,8,3,8,2,10,percentage,1,10,false,false,,
11,3,The Situation_S11,0.1049723798505172,0.09049773755656108,10,2,7,5,6,7,4,8,10,percentage,1,10,false,false,,
11,4,Audrina Patridge_S11,0.11256325582935071,0.12849162011173185,9,7,3,5,4,3,7,3,10,percentage,1,10,false,false,,
11,4,Brandy_S11,0.10824740598456357,0.1340782122905028,9,8,2,5,4,2,8,2,10,percentage,1,10,false,false,,
11,4,Bristol Palin_S11,0.11742383550639414,0.0893854748603352,9,3,8,8,2,8,2,8,10,percentage,1,10,false,false,,
11,4,Florence Henderson_S11,0.11333173479977479,0.09776536312849161,9,4,6,5,4,7,3,6,10,percentage,1,10,false,false,,
11,4,Jennifer Grey_S11,0.11324780936974443,0.1564245810055866,9,5,1,1,8,1,9,1,10,percentage,1,10,false,false,,
11,4,Kurt Warner_S11,0.11867812586494243,0.09497206703910614,9,2,7,3,7,6,4,7,10,percentage,1,10,false,false,,
11,4,Kyle Massey_S11,0.11265781715522843,0.11173184357541899,9,6,4,5,4,5,5,4,10,percentage,1,10,false,false,,
11,4,Rick Fox_S11,0.1188123907850564,0.10893854748603352,9,1,5,1,8,4,6,5,10,percentage,1,10,false,false,,
11,4,The Situation_S11,0.08503762470494537,0.0782122905027933,9,9,9,9,1,9,1,9,10,percentage,1,10,true,true,,
11,5,Audrina Patridge_S11,0.13089962813561393,0.12637362637362637,8,4,5,5,3,5,4,5,10,percentage,1,10,false,false,,
11,5,Brandy_S11,0.12710023198162337,0.14835164835164835,8,7,1,3,6,1,8,1,10,percentage,1,10,false,false,,
11,5,Bristol Palin_S11,0.13784176312024637,0.0989010989010989,8,1,8,5,3,7,2,8,10,percentage,1,10,false,false,,
11,5,Florence Henderson_S11,0.08086292305775204,0.11538461538461539,8,8,6,8,1,8,1,6,10,percentage,1,10,true,true,,
11,5,Jennifer Grey_S11,0.13014388842854302,0.13736263736263737,8,5,2,2,7,2,7,2,10,percentage,1,10,false,false,,
11,5,Kurt Warner_S11,0.1315337106527665,0.13186813186813187,8,3,3,1,8,3,6,4,10,percentage,1,10,false,false,,
11,5,Kyle Massey_S11,0.1337368388800021,0.10989010989010989,8,2,7,5,3,6,3,7,10,percentage,1,10,false,false,,
11,5,Rick Fox_S11,0.12788101574345284,0.13186813186813187,8,6,3,5,3,4,5,3,10,percentage,1,10,false,false,,
11,6,Audrina Patridge_S11,0.07862692352526843,0.15458892856159417,7,7,2,5,2,7,1,2,10,percentage,1,10,false,true,,
11,6,Brandy_S11,0.1438828720001489,0.1739131484985698,7,6,1,2,5,1,7,1,10,percentage,1,10,false,false,,
11,6,Bristol Palin_S11,0.1513310502906762,0.13526519171803963,7,4,6,7,1,5,3,6,10,percentage,1,10,true,false,,
11,6,Jennifer Grey_S11,0.15612323241701895,0.14009709211577043,7,2,5,2,5,3,5,5,10,percentage,1,10,false,false,,
11,6,Kurt Warner_S11,0.16819428753029605,0.1062800695461289,7,1,7,4,4,6,2,7,10,percentage,1,10,false,false,,
11,6,Kyle Massey_S11,0.1487614667191444,0.14492754323323798,7,5,4,5,2,4,4,4,10,percentage,1,10,false,false,,
11,6,Rick Fox_S11,0.15308016751744638,0.14492802632665908,7,3,3,1,7,2,6,3,10,percentage,1,10,false,false,,
11,7,Brandy_S11,0.17222951338506365,0.1750599520383693,6,5,1,3,4,3,4,1,10,percentage,1,10,false,false,,
11,7,Bristol Palin_S11,0.18002534536772472,0.15587529976019185,6,2,6,4,2,5,2,6,10,percentage,1,10,false,false,,
11,7,Jennifer Grey_S11,0.17365103703764975,0.1750599520383693,6,4,1,2,5,2,5,2,10,percentage,1,10,false,false,,
11,7,Kurt Warner_S11,0.18269274819427056,0.16786570743405277,6,1,3,1,6,1,6,3,10,percentage,1,10,false,false,,
11,7,Kyle Massey_S11,0.17874193512707118,0.1606714628297362,6,3,5,4,2,4,3,5,10,percentage,1,10,false,false,,
11,7,Rick Fox_S11,0.11265942088821933,0.16546762589928057,6,6,4,6,1,6,1,4,10,percentage,1,10,true,true,,
11,8,Brandy_S11,0.2068595942371462,0.21509433962264152,5,4,1,2,3,3,3,1,10,percentage,1,10,false,false,,
11,8,Bristol Palin_S11,0.2195664993927528,0.17735849056603772,5,1,5,4,2,4,2,5,10,percentage,1,10,false,false,,
11,8,Jennifer Grey_S11,0.20910947641972408,0.21509433962264152,5,3,1,1,5,1,5,2,10,percentage,1,10,false,false,,
11,8,Kurt Warner_S11,0.15247904357670963,0.1811320754716981,5,5,4,5,1,5,1,4,10,percentage,1,10,true,true,,
11,8,Kyle Massey_S11,0.21198538637366768,0.21132075471698114,5,2,3,2,3,2,4,3,10,percentage,1,10,false,false,,
11,9,Brandy_S11,0.18140095605932288,0.25,4,4,3,4,1,4,1,3,10,percentage,1,10,true,true,,
11,9,Bristol Palin_S11,0.276751265572866,0.2324561403508772,4,1,4,3,2,3,2,4,10,percentage,1,10,false,false,,
11,9,Jennifer Grey_S11,0.27082539096546504,0.2631578947368421,4,3,1,1,3,1,4,1,10,percentage,1,10,false,false,,
11,9,Kyle Massey_S11,0.27102238740234674,0.2543859649122807,4,2,2,1,3,2,3,2,10,percentage,1,10,false,false,,
11,10,Bristol Palin_S11,0.2670607878868056,0.3092368897274451,3,3,3,3,1,3,1,3,10,percentage,3,10,true,true,3,3
11,10,Jennifer Grey_S11,0.3941085011852679,0.36144665408832316,3,1,1,1,3,1,3,1,10,percentage,3,10,true,true,1,1
11,10,Kyle Massey_S11,0.3388307109279275,0.3293164561842318,3,2,2,2,2,2,2,2,10,percentage,3,10,true,true,2,2
12,1,Chelsea Kane_S12,0.09045587356520324,0.10144927536231885,11,9,3,7,5,4,8,4,10,percentage,0,10,false,false,,
12,1,Chris Jericho_S12,0.09338719341990243,0.09178743961352658,11,4,5,4,8,5,7,6,10,percentage,0,10,false,false,,
12,1,Hines Ward_S12,0.09653589820550672,0.10144927536231885,11,2,3,2,10,3,9,3,10,percentage,0,10,false,false,,
12,1,Kendra Wilkinson_S12,0.09330903073094136,0.08695652173913043,11,5,7,7,5,7,5,8,10,percentage,0,10,false,false,,
12,1,Kirstie Alley_S12,0.09264577221021587,0.1111111111111111,11,6,2,3,9,2,10,2,10,percentage,0,10,false,false,,
12,1,Mike Catherwood_S12,0.08056924319929748,0.06280193236714976,11,10,11,11,1,11,1,11,10,percentage,0,10,false,false,,
12,1,Petra Nemcova_S12,0.07965081863997296,0.08695652173913043,11,11,7,9,2,9,3,7,10,percentage,0,10,false,false,,
12,1,Ralph Macchio_S12,0.09395511034945628,0.11594202898550725,11,3,1,1,11,1,11,1,10,percentage,0,10,false,false,,
12,1,Romeo_S12,0.0909730984170202,0.09178743961352658,11,7,5,7,5,6,6,5,10,percentage,0,10,false,false,,
12,1,Sugar Ray Leonard_S12,0.09771047672286887,0.0821256038647343,11,1,9,5,7,8,4,9,10,percentage,0,10,false,false,,
12,1,Wendy Williams_S12,0.09080748453961425,0.06763285024154589,11,8,10,9,2,10,2,10,10,percentage,0,10,false,false,,
12,2,Chelsea Kane_S12,0.09604127718106509,0.08333333333333333,11,4,7,5,6,7,5,8,10,percentage,1,10,false,false,,
12,2,Chris Jericho_S12,0.09642446373743392,0.10648148148148148,11,3,2,1,11,1,11,1,10,percentage,1,10,false,false,,
12,2,Hines Ward_S12,0.09566604972036041,0.10648148148148148,11,6,2,2,10,2,10,2,10,percentage,1,10,false,false,,
12,2,Kendra Wilkinson_S12,0.09424619805351064,0.08796296296296297,11,8,6,9,3,6,6,6,10,percentage,1,10,false,false,,
12,2,Kirstie Alley_S12,0.09593270935681401,0.09259259259259259,11,5,5,3,9,5,7,5,10,percentage,1,10,false,false,,
12,2,Mike Catherwood_S12,0.05409804219238033,0.0787037037037037,11,11,10,11,1,11,1,9,10,percentage,1,10,true,true,,
12,2,Petra Nemcova_S12,0.08554549383802816,0.08333333333333333,11,10,7,10,2,10,2,7,10,percentage,1,10,false,false,,
12,2,Ralph Macchio_S12,0.09552259969903759,0.09722222222222222,11,7,4,5,6,4,8,4,10,percentage,1,10,false,false,,
12,2,Romeo_S12,0.09071074642095217,0.10648148148148148,11,9,2,5,6,3,9,3,10,percentage,1,10,false,false,,
12,2,Sugar Ray Leonard_S12,0.09711477098928163,0.0787037037037037,11,2,10,8,4,9,3,11,10,percentage,1,10,false,false,,
12,2,Wendy Williams_S12,0.09869764881113674,0.0787037037037037,11,1,10,5,6,8,4,10,10,percentage,1,10,false,false,,
12,3,Chelsea Kane_S12,0.10314590517590135,0.10747663551401869,10,5,3,3,8,2,9,3,10,percentage,1,10,false,false,,
12,3,Chris Jericho_S12,0.10783710091302336,0.09813084112149532,10,1,6,2,9,5,6,7,10,percentage,1,10,false,false,,
12,3,Hines Ward_S12,0.10317895178312148,0.11682242990654206,10,4,1,1,10,1,10,2,10,percentage,1,10,false,false,,
12,3,Kendra Wilkinson_S12,0.10043831939926132,0.10747663551401869,10,8,3,7,4,3,8,4,10,percentage,1,10,false,false,,
12,3,Kirstie Alley_S12,0.10253530229227989,0.09813084112149532,10,6,6,8,3,7,4,6,10,percentage,1,10,false,false,,
12,3,Petra Nemcova_S12,0.08956841996163552,0.11682242990654206,10,9,1,5,5,4,7,1,10,percentage,1,10,false,false,,
12,3,Ralph Macchio_S12,0.10530420639089752,0.09813084112149532,10,3,6,4,7,6,5,5,10,percentage,1,10,false,false,,
12,3,Romeo_S12,0.10167202927179644,0.09345794392523364,10,7,8,9,2,9,2,9,10,percentage,1,10,false,false,,
12,3,Sugar Ray Leonard_S12,0.10646280145412722,0.09345794392523364,10,2,8,5,5,8,3,8,10,percentage,1,10,false,false,,
12,3,Wendy Williams_S12,0.07985696335795701,0.07009345794392523,10,10,10,10,1,10,1,10,10,percentage,1,10,true,true,,
12,4,Chelsea Kane_S12,0.11288677761133145,0.1262135922330097,9,7,1,4,6,2,8,1,10,percentage,1,10,false,false,,
12,4,Chris Jericho_S12,0.11891477426219502,0.11165048543689321,9,2,5,2,7,4,6,4,10,percentage,1,10,false,false,,
12,4,Hines Ward_S12,0.11833083298688753,0.12135922330097088,9,3,2,1,9,1,9,2,10,percentage,1,10,false,false,,
12,4,Kendra Wilkinson_S12,0.1238139867192305,0.08737864077669903,9,1,9,5,5,8,2,9,10,percentage,1,10,false,false,,
12,4,Kirstie Alley_S12,0.1169042251073241,0.10679611650485436,9,4,7,6,3,6,4,7,10,percentage,1,10,false,false,,
12,4,Petra Nemcova_S12,0.10413741909797555,0.11165048543689321,9,8,5,8,2,7,3,6,10,percentage,1,10,false,false,,
12,4,Ralph Macchio_S12,0.11585073940995244,0.12135922330097088,9,5,2,2,7,3,7,3,10,percentage,1,10,false,false,,
12,4,Romeo_S12,0.11562261714924922,0.11165048543689321,9,6,5,6,3,5,5,5,10,percentage,1,10,false,false,,
12,4,Sugar Ray Leonard_S12,0.0735386276558548,0.10194174757281553,9,9,8,9,1,9,1,8,10,percentage,1,10,true,true,,
12,5,Chelsea Kane_S12,0.1281214808995761,0.13402061855670103,8,6,3,4,4,3,6,4,10,percentage,1,10,false,false,,
12,5,Chris Jericho_S12,0.1321354432345542,0.13402061855670103,8,3,3,2,7,2,7,2,10,percentage,1,10,false,false,,
12,5,Hines Ward_S12,0.131234964436969,0.13917525773195877,8,4,1,1,8,1,8,1,10,percentage,1,10,false,false,,
12,5,Kendra Wilkinson_S12,0.13372498216747614,0.1134020618556701,8,2,7,4,4,7,2,8,10,percentage,1,10,false,false,,
12,5,Kirstie Alley_S12,0.13046127298050408,0.11855670103092783,8,5,5,6,2,6,3,5,10,percentage,1,10,false,false,,
12,5,Petra Nemcova_S12,0.08014464247390866,0.1134020618556701,8,8,7,8,1,8,1,7,10,percentage,1,10,true,true,,
12,5,Ralph Macchio_S12,0.13618868941454582,0.1134020618556701,8,1,7,3,6,5,4,6,10,percentage,1,10,false,false,,
12,5,Romeo_S12,0.1279885243924665,0.13402061855670103,8,7,3,6,2,4,5,3,10,percentage,1,10,false,false,,
12,6,Chelsea Kane_S12,0.14793087266644483,0.15555555555555556,7,4,1,1,7,1,7,1,10,percentage,1,10,false,false,,
12,6,Chris Jericho_S12,0.10525272241058782,0.12222222222222222,7,7,7,7,1,7,1,7,10,percentage,1,10,true,true,,
12,6,Hines Ward_S12,0.14930757747791737,0.15,7,3,3,2,6,3,5,3,10,percentage,1,10,false,false,,
12,6,Kendra Wilkinson_S12,0.15025344510499086,0.1388888888888889,7,2,5,4,4,5,3,5,10,percentage,1,10,false,false,,
12,6,Kirstie Alley_S12,0.14723192584655895,0.14444444444444443,7,5,4,6,2,4,4,4,10,percentage,1,10,false,false,,
12,6,Ralph Macchio_S12,0.15389086876390853,0.13333333333333333,7,1,6,4,4,6,2,6,10,percentage,1,10,false,false,,
12,6,Romeo_S12,0.14613258772959192,0.15555555555555556,7,6,1,4,4,2,6,2,10,percentage,1,10,false,false,,
12,7,Chelsea Kane_S12,0.17524124588617324,0.16976127320954906,6,5,3,5,2,3,4,3,10,percentage,1,10,false,false,,
12,7,Hines Ward_S12,0.1759540110077532,0.17506631299734748,6,4,1,2,5,2,5,1,10,percentage,1,10,false,false,,
12,7,Kendra Wilkinson_S12,0.11252174354423539,0.16180371352785147,6,6,4,6,1,6,1,4,10,percentage,1,10,true,true,,
12,7,Kirstie Alley_S12,0.1804304433017005,0.15915119363395225,6,1,5,3,4,4,3,5,10,percentage,1,10,false,false,,
12,7,Ralph Macchio_S12,0.17773118156502096,0.17506631299734748,6,3,1,1,6,1,6,2,10,percentage,1,10,false,false,,
12,7,Romeo_S12,0.178121374695116,0.15915119363395225,6,2,5,4,3,5,2,6,10,percentage,1,10,false,false,,
12,8,Chelsea Kane_S12,0.21177279601619683,0.21153846153846154,5,4,1,2,4,1,5,1,10,percentage,1,10,false,false,,
12,8,Hines Ward_S12,0.213549651592077,0.2076923076923077,5,3,2,2,4,2,4,2,10,percentage,1,10,false,false,,
12,8,Kirstie Alley_S12,0.21462819574675096,0.20384615384615384,5,2,3,2,4,3,3,3,10,percentage,1,10,false,false,,
12,8,Ralph Macchio_S12,0.2227761861549384,0.17692307692307693,5,1,5,4,2,4,2,5,10,percentage,1,10,false,false,,
12,8,Romeo_S12,0.13727317049003734,0.2,5,5,4,5,1,5,1,4,10,percentage,1,10,true,true,,
12,9,Chelsea Kane_S12,0.2535689732830368,0.31063829787234043,4,3,1,2,3,1,4,1,10,percentage,1,10,false,false,,
12,9,Hines Ward_S12,0.2694089941429924,0.2553191489361702,4,2,2,2,3,2,3,2,10,percentage,1,10,false,false,,
12,9,Kirstie Alley_S12,0.2709646879896815,0.2297872340425532,4,1,3,2,3,3,2,3,10,percentage,1,10,false,false,,
12,9,Ralph Macchio_S12,0.20605734458428993,0.20425531914893616,4,4,4,4,1,4,1,4,10,percentage,1,10,true,true,,
12,10,Chelsea Kane_S12,0.25641487712829214,0.33969480071129965,3,3,1,2,2,3,1,2,10,percentage,3,10,true,true,2,3
12,10,Hines Ward_S12,0.40163107734388187,0.33969480071129965,3,1,1,1,3,1,3,1,10,percentage,3,10,true,true,1,1
12,10,Kirstie Alley_S12,0.3419540455278271,0.32061039857740076,3,2,3,3,1,2,2,3,10,percentage,3,10,true,true,3,2
13,1,Carson Kressley_S13,0.08749380784103773,0.07834101382488479,12,4,7,3,10,8,5,8,10,percentage,1,10,false,false,,
13,1,Chaz Bono_S13,0.08814802943687826,0.07834101382488479,12,2,7,1,12,7,6,7,10,percentage,1,10,false,false,,
13,1,Chynna Phillips_S13,0.08089783718370175,0.10138248847926268,12,11,1,7,6,2,11,1,10,percentage,1,10,false,false,,
13,1,David Arquette_S13,0.08491795406743725,0.08294930875576037,12,7,6,10,3,6,7,6,10,percentage,1,10,false,false,,
13,1,Elisabetta Canalis_S13,0.09020775952838468,0.06912442396313365,12,1,11,7,6,11,2,11,10,percentage,1,10,false,false,,
13,1,Hope Solo_S13,0.08280361167892633,0.0967741935483871,12,9,3,7,6,3,10,3,10,percentage,1,10,false,false,,
13,1,J.R. Martinez_S13,0.0822842349161078,0.10138248847926268,12,10,1,3,10,1,12,2,10,percentage,1,10,false,false,,
13,1,Kristin Cavallari_S13,0.0857114388340025,0.08755760368663594,12,6,5,3,10,5,8,5,10,percentage,1,10,false,false,,
13,1,Metta World Peace (Ron)_S13,0.05959108438254052,0.06451612903225806,12,12,12,12,1,12,1,12,10,percentage,1,10,true,true,,
13,1,Nancy Grace_S13,0.08777282799327615,0.07373271889400922,12,3,9,7,6,9,4,10,10,percentage,1,10,false,false,,
13,1,Ricki Lake_S13,0.08392880292205568,0.09216589861751152,12,8,4,7,6,4,9,4,10,percentage,1,10,false,false,,
13,1,Rob Kardashian_S13,0.08624261121565115,0.07373271889400922,12,5,9,11,2,10,3,9,10,percentage,1,10,false,false,,
13,2,Carson Kressley_S13,0.09549718253235995,0.08071748878923767,11,4,9,10,2,9,3,9,10,percentage,1,10,false,false,,
13,2,Chaz Bono_S13,0.09844593849981165,0.07623318385650224,11,1,11,8,4,10,2,11,10,percentage,1,10,false,false,,
13,2,Chynna Phillips_S13,0.09489184393723193,0.09417040358744394,11,5,5,2,10,4,8,4,10,percentage,1,10,false,false,,
13,2,David Arquette_S13,0.0967296936063571,0.08071748878923767,11,3,9,8,4,8,4,10,10,percentage,1,10,false,false,,
13,2,Elisabetta Canalis_S13,0.05028572603237705,0.09417040358744394,11,11,5,11,1,11,1,7,10,percentage,1,10,true,true,,
13,2,Hope Solo_S13,0.09789885750977304,0.08520179372197309,11,2,8,2,10,7,5,8,10,percentage,1,10,false,false,,
13,2,J.R. Martinez_S13,0.09337493313011722,0.09865470852017937,11,8,2,2,10,2,10,2,10,percentage,1,10,false,false,,
13,2,Kristin Cavallari_S13,0.09333427746316506,0.09865470852017937,11,9,2,5,7,3,9,3,10,percentage,1,10,false,false,,
13,2,Nancy Grace_S13,0.09382835155970287,0.09417040358744394,11,7,5,8,4,6,6,6,10,percentage,1,10,false,false,,
13,2,Ricki Lake_S13,0.09171304638640143,0.1031390134529148,11,10,1,5,7,1,11,1,10,percentage,1,10,false,false,,
13,2,Rob Kardashian_S13,0.09400014934270237,0.09417040358744394,11,6,5,5,7,5,7,5,10,percentage,1,10,false,false,,
13,3,Carson Kressley_S13,0.10421503624118315,0.0970464135021097,10,5,8,9,2,7,4,8,10,percentage,1,10,false,false,,
13,3,Chaz Bono_S13,0.11112038559810075,0.0759493670886076,10,1,10,6,5,9,2,10,10,percentage,1,10,false,false,,
13,3,Chynna Phillips_S13,0.10190772340426274,0.10970464135021098,10,9,2,6,5,3,8,3,10,percentage,1,10,false,false,,
13,3,David Arquette_S13,0.10570045293830233,0.10126582278481013,10,4,5,3,8,5,6,7,10,percentage,1,10,false,false,,
13,3,Hope Solo_S13,0.10679337529678556,0.10126582278481013,10,3,5,2,9,4,7,6,10,percentage,1,10,false,false,,
13,3,J.R. Martinez_S13,0.10239195911888625,0.10970464135021098,10,8,2,4,7,2,9,2,10,percentage,1,10,false,false,,
13,3,Kristin Cavallari_S13,0.055266481905786674,0.10126582278481013,10,10,5,10,1,10,1,5,10,percentage,1,10,true,true,,
13,3,Nancy Grace_S13,0.1069295310671234,0.08860759493670886,10,2,9,6,5,8,3,9,10,percentage,1,10,false,false,,
13,3,Ricki Lake_S13,0.10291568629178001,0.11392405063291139,10,6,1,1,10,1,10,1,10,percentage,1,10,false,false,,
13,3,Rob Kardashian_S13,0.1027593681377894,0.10126582278481013,10,7,5,8,3,6,5,4,10,percentage,1,10,false,false,,
13,4,Carson Kressley_S13,0.11892947012670121,0.09569377990430622,9,1,9,5,5,8,2,9,10,percentage,1,10,false,false,,
13,4,Chaz Bono_S13,0.11629995946020069,0.10047846889952153,9,5,7,8,2,7,3,7,10,percentage,1,10,false,false,,
13,4,Chynna Phillips_S13,0.07376442704215419,0.10047846889952153,9,9,7,9,1,9,1,6,10,percentage,1,10,true,true,,
13,4,David Arquette_S13,0.11793592306769635,0.11004784688995216,9,2,5,2,7,4,6,5,10,percentage,1,10,false,false,,
13,4,Hope Solo_S13,0.11334317818792199,0.11483253588516747,9,7,3,5,5,3,7,3,10,percentage,1,10,false,false,,
13,4,J.R. Martinez_S13,0.11713274141126218,0.12440191387559808,9,4,2,1,9,2,8,2,10,percentage,1,10,false,false,,
13,4,Nancy Grace_S13,0.11727654326762105,0.10047846889952153,9,3,7,5,5,6,4,8,10,percentage,1,10,false,false,,
13,4,Ricki Lake_S13,0.11376229633897618,0.13875598086124402,9,6,1,2,7,1,9,1,10,percentage,1,10,false,false,,
13,4,Rob Kardashian_S13,0.11155546109746652,0.11483253588516747,9,8,3,7,3,5,5,4,10,percentage,1,10,false,false,,
13,5,Carson Kressley_S13,0.0944269106993072,0.10106382978723404,8,8,8,8,1,8,1,8,10,percentage,1,10,true,true,,
13,5,Chaz Bono_S13,0.13439391278590795,0.11170212765957446,8,1,7,4,5,7,2,7,10,percentage,1,10,false,false,,
13,5,David Arquette_S13,0.12938300135797712,0.13297872340425532,8,3,2,1,8,2,7,3,10,percentage,1,10,false,false,,
13,5,Hope Solo_S13,0.12921286051625344,0.1276595744680851,8,4,4,4,5,4,5,4,10,percentage,1,10,false,false,,
13,5,J.R. Martinez_S13,0.12562997707498763,0.14893617021276595,8,7,1,4,5,1,8,1,10,percentage,1,10,false,false,,
13,5,Nancy Grace_S13,0.1329812669416012,0.11702127659574468,8,2,6,4,5,6,3,6,10,percentage,1,10,false,false,,
13,5,Ricki Lake_S13,0.12795755294894914,0.1276595744680851,8,5,4,7,2,5,4,5,10,percentage,1,10,false,false,,
13,5,Rob Kardashian_S13,0.12601451767501595,0.13297872340425532,8,6,2,4,5,3,6,2,10,percentage,1,10,false,false,,
13,6,Chaz Bono_S13,0.10973667495553857,0.1144578313253012,7,7,7,7,1,7,1,7,10,percentage,1,10,true,true,,
13,6,David Arquette_S13,0.15053299998298064,0.13855421686746988,7,2,4,1,6,4,4,4,10,percentage,1,10,false,false,,
13,6,Hope Solo_S13,0.15436940384566827,0.12048192771084337,7,1,6,4,4,6,2,6,10,percentage,1,10,false,false,,
13,6,J.R. Martinez_S13,0.14437546189502967,0.1746987951807229,7,6,1,4,4,2,6,1,10,percentage,1,10,false,false,,
13,6,Nancy Grace_S13,0.14711617181973669,0.14457831325301204,7,4,3,4,4,3,5,3,10,percentage,1,10,false,false,,
13,6,Ricki Lake_S13,0.14584336076653281,0.1746987951807229,7,5,1,1,6,1,7,2,10,percentage,1,10,false,false,,
13,6,Rob Kardashian_S13,0.1480259267345139,0.13253012048192772,7,3,5,6,2,5,3,5,10,percentage,1,10,false,false,,
13,7,David Arquette_S13,0.11387667881923641,0.16040955631399317,6,6,5,6,1,6,1,5,10,percentage,1,10,true,true,,
13,7,Hope Solo_S13,0.17846571447706,0.17064846416382254,6,2,3,1,5,2,5,3,10,percentage,1,10,false,false,,
13,7,J.R. Martinez_S13,0.17782229063446744,0.16382252559726962,6,3,4,4,3,4,3,4,10,percentage,1,10,false,false,,
13,7,Nancy Grace_S13,0.18347544755111547,0.15017064846416384,6,1,6,4,3,5,2,6,10,percentage,1,10,false,false,,
13,7,Ricki Lake_S13,0.17385753211489738,0.18088737201365188,6,4,1,1,5,1,6,1,10,percentage,1,10,false,false,,
13,7,Rob Kardashian_S13,0.17250233640322357,0.17406143344709898,6,5,2,4,3,3,4,2,10,percentage,1,10,false,false,,
13,8,Hope Solo_S13,0.21137433889145965,0.20077220077220076,5,2,2,1,5,2,4,2,10,percentage,1,10,false,false,,
13,8,J.R. Martinez_S13,0.20894977224605088,0.23166023166023167,5,4,1,3,3,1,5,1,10,percentage,1,10,false,false,,
13,8,Nancy Grace_S13,0.15661630453475656,0.16988416988416988,5,5,5,5,1,5,1,5,10,percentage,1,10,true,true,,
13,8,Ricki Lake_S13,0.20954119872724267,0.20077220077220076,5,3,2,3,3,4,2,3,10,percentage,1,10,false,false,,
13,8,Rob Kardashian_S13,0.21351838560049047,0.1969111969111969,5,1,4,3,3,3,3,4,10,percentage,1,10,false,false,,
13,9,Hope Solo_S13,0.20960561342576667,0.20675023945248716,4,4,4,4,1,4,1,4,10,percentage,1,10,true,true,,
13,9,J.R. Martinez_S13,0.27185620080666917,0.2362879168266533,4,1,3,2,3,3,2,3,10,percentage,1,10,false,false,,
13,9,Ricki Lake_S13,0.26050991514876987,0.2827007708893286,4,2,1,1,4,1,4,1,10,percentage,1,10,false,false,,
13,9,Rob Kardashian_S13,0.25802827061879335,0.27426107283153095,4,3,2,3,2,2,3,2,10,percentage,1,10,false,false,,
13,10,J.R. Martinez_S13,0.40666998912197555,0.3333329388541484,3,1,2,1,2,1,3,2,10,percentage,3,10,true,true,1,1
13,10,Ricki Lake_S13,0.26219866152224275,0.3313613318879616,3,3,3,3,1,3,1,3,10,percentage,3,10,true,true,3,3
13,10,Rob Kardashian_S13,0.3311313493557825,0.33530572925788993,3,2,1,1,2,2,2,1,10,percentage,3,10,true,true,1,2
14,1,Donald Driver_S14,0.08468032443058861,0.07777777777777778,12,3,8,4,9,8,5,9,10,percentage,0,10,false,false,,
14,1,Gavin DeGraw_S14,0.0820693082601915,0.07407407407407407,12,9,11,12,1,12,1,12,10,percentage,0,10,false,false,,
14,1,Gladys Knight_S14,0.07892486174592135,0.08518518518518518,12,12,5,11,2,7,6,6,10,percentage,0,10,false,false,,
14,1,Jack Wagner_S14,0.08111347913305965,0.08518518518518518,12,11,5,9,3,6,7,5,10,percentage,0,10,false,false,,
14,1,Jaleel White_S14,0.08191642054368443,0.0962962962962963,12,10,1,4,9,2,11,1,10,percentage,0,10,false,false,,
14,1,Katherine Jenkins_S14,0.08413967372227552,0.0962962962962963,12,5,1,2,11,1,12,2,10,percentage,0,10,false,false,,
14,1,Maria Menounos_S14,0.08276028397561534,0.07777777777777778,12,8,8,9,3,10,3,8,10,percentage,0,10,false,false,,
14,1,Martina Navratilova_S14,0.0845926172712124,0.07407407407407407,12,4,11,8,5,11,2,11,10,percentage,0,10,false,false,,
14,1,Melissa Gilbert_S14,0.08667154921234431,0.07407407407407407,12,1,11,6,6,9,4,10,10,percentage,0,10,false,false,,
14,1,Roshon Fegan_S14,0.0839600100989735,0.08518518518518518,12,6,5,4,9,4,9,7,10,percentage,0,10,false,false,,
14,1,Sherri Sheperd_S14,0.08389974858493979,0.08518518518518518,12,7,5,6,6,5,8,4,10,percentage,0,10,false,false,,
14,1,William Levy_S14,0.08527172302119436,0.08888888888888889,12,2,3,1,12,3,10,3,10,percentage,0,10,false,false,,
14,2,Donald Driver_S14,0.08513727009490529,0.08921933085501858,12,8,5,10,3,5,8,5,10,percentage,1,10,false,false,,
14,2,Gavin DeGraw_S14,0.08722738699514995,0.07806691449814127,12,3,8,5,8,9,4,8,10,percentage,1,10,false,false,,
14,2,Gladys Knight_S14,0.08526289614745462,0.07063197026022305,12,7,11,11,2,11,2,11,10,percentage,1,10,false,false,,
14,2,Jack Wagner_S14,0.08723965618358372,0.07806691449814127,12,2,8,2,11,8,5,9,10,percentage,1,10,false,false,,
14,2,Jaleel White_S14,0.08657390811642775,0.08178438661710037,12,4,7,5,8,7,6,7,10,percentage,1,10,false,false,,
14,2,Katherine Jenkins_S14,0.0824546716254944,0.09665427509293681,12,10,1,5,8,1,12,1,10,percentage,1,10,false,false,,
14,2,Maria Menounos_S14,0.08463435973325005,0.09293680297397769,12,9,3,8,4,4,9,3,10,percentage,1,10,false,false,,
14,2,Martina Navratilova_S14,0.059497028300315495,0.06319702602230483,12,12,12,12,1,12,1,12,10,percentage,1,10,true,true,,
14,2,Melissa Gilbert_S14,0.08806142371487098,0.07434944237918216,12,1,10,5,8,10,3,10,10,percentage,1,10,false,false,,
14,2,Roshon Fegan_S14,0.0822870567070466,0.09665427509293681,12,11,1,8,4,2,11,2,10,percentage,1,10,false,false,,
14,2,Sherri Sheperd_S14,0.08625832099080563,0.08550185873605948,12,5,6,5,8,6,7,6,10,percentage,1,10,false,false,,
14,2,William Levy_S14,0.08536602139069527,0.09293680297397769,12,6,3,1,12,3,10,4,10,percentage,1,10,false,false,,
14,3,Donald Driver_S14,0.09607314330298578,0.09285714285714286,11,2,4,1,11,4,8,4,10,percentage,1,10,false,false,,
14,3,Gavin DeGraw_S14,0.09561697972113908,0.08571428571428572,11,4,9,9,3,9,3,11,10,percentage,1,10,false,false,,
14,3,Gladys Knight_S14,0.09330726609985313,0.08571428571428572,11,9,9,10,2,10,2,10,10,percentage,1,10,false,false,,
14,3,Jack Wagner_S14,0.055668604124033454,0.08571428571428572,11,11,9,11,1,11,1,9,10,percentage,1,10,true,true,,
14,3,Jaleel White_S14,0.09493763370202672,0.08928571428571429,11,5,5,3,8,5,7,5,10,percentage,1,10,false,false,,
14,3,Katherine Jenkins_S14,0.09104804130145477,0.10357142857142858,11,10,1,6,5,1,11,1,10,percentage,1,10,false,false,,
14,3,Maria Menounos_S14,0.09356505872906225,0.09642857142857143,11,7,3,3,8,3,9,3,10,percentage,1,10,false,false,,
14,3,Melissa Gilbert_S14,0.09646799095870078,0.08571428571428572,11,1,9,3,8,7,5,8,10,percentage,1,10,false,false,,
14,3,Roshon Fegan_S14,0.09384986561529042,0.08928571428571429,11,6,5,6,5,6,6,6,10,percentage,1,10,false,false,,
14,3,Sherri Sheperd_S14,0.09602185448177249,0.08571428571428572,11,3,9,8,4,8,4,7,10,percentage,1,10,false,false,,
14,3,William Levy_S14,0.09344356196368206,0.1,11,8,2,3,8,2,10,2,10,percentage,1,10,false,false,,
14,4,Donald Driver_S14,0.1030929847231907,0.11587982832618025,10,6,1,1,10,1,10,1,10,percentage,1,10,false,false,,
14,4,Gavin DeGraw_S14,0.10326249958187811,0.09871244635193133,10,5,5,5,6,6,5,5,10,percentage,1,10,false,false,,
14,4,Gladys Knight_S14,0.10532655206134457,0.08583690987124463,10,4,10,9,2,9,2,10,10,percentage,1,10,false,false,,
14,4,Jaleel White_S14,0.10628585817637783,0.0944206008583691,10,2,7,3,8,7,4,8,10,percentage,1,10,false,false,,
14,4,Katherine Jenkins_S14,0.10152224398574804,0.10300429184549356,10,7,4,7,3,4,7,4,10,percentage,1,10,false,false,,
14,4,Maria Menounos_S14,0.10072531728478756,0.11158798283261803,10,8,2,5,6,2,9,2,10,percentage,1,10,false,false,,
14,4,Melissa Gilbert_S14,0.10591143796358532,0.0944206008583691,10,3,7,5,6,8,3,6,10,percentage,1,10,false,false,,
14,4,Roshon Fegan_S14,0.10068809147619957,0.11158798283261803,10,9,2,7,3,3,8,3,10,percentage,1,10,false,false,,
14,4,Sherri Sheperd_S14,0.06553181089038058,0.09012875536480687,10,10,9,10,1,10,1,9,10,percentage,1,10,true,true,,
14,4,William Levy_S14,0.10765320385650755,0.0944206008583691,10,1,7,2,9,5,6,7,10,percentage,1,10,false,false,,
14,5,Donald Driver_S14,0.11769081067059273,0.12053571428571429,9,2,3,1,8,3,7,4,10,percentage,1,10,false,false,,
14,5,Gavin DeGraw_S14,0.08099028098477917,0.08482142857142858,9,9,9,9,1,9,1,9,10,percentage,1,10,true,true,,
14,5,Gladys Knight_S14,0.11386761970812764,0.09821428571428571,9,6,7,8,2,8,2,7,10,percentage,1,10,false,false,,
14,5,Jaleel White_S14,0.11421967440568195,0.10714285714285714,9,5,6,6,4,6,4,6,10,percentage,1,10,false,false,,
14,5,Katherine Jenkins_S14,0.11099672696405932,0.12946428571428573,9,8,1,4,5,2,8,1,10,percentage,1,10,false,false,,
14,5,Maria Menounos_S14,0.11666102891358869,0.12053571428571429,9,3,3,3,7,4,6,3,10,percentage,1,10,false,false,,
14,5,Melissa Gilbert_S14,0.11955882694244646,0.09375,9,1,8,4,5,7,3,8,10,percentage,1,10,false,false,,
14,5,Roshon Fegan_S14,0.11146397507226335,0.11607142857142858,9,7,5,7,3,5,5,5,10,percentage,1,10,false,false,,
14,5,William Levy_S14,0.11455105633846059,0.12946428571428573,9,4,1,1,8,1,9,2,10,percentage,1,10,false,false,,
14,6,Donald Driver_S14,0.12889603930648819,0.13178291569008133,8,5,4,6,3,4,5,4,10,percentage,1,10,false,false,,
14,6,Gladys Knight_S14,0.09755759495349997,0.09302350820331683,8,8,8,8,1,8,1,8,10,percentage,1,10,true,true,,
14,6,Jaleel White_S14,0.12891311738546948,0.14341046661754508,8,4,2,1,8,2,7,2,10,percentage,1,10,false,false,,
14,6,Katherine Jenkins_S14,0.12500204428755912,0.151162813232439,8,7,1,3,5,1,8,1,10,percentage,1,10,false,false,,
14,6,Maria Menounos_S14,0.1305367852728705,0.11627899765619518,8,3,6,6,3,6,3,6,10,percentage,1,10,false,false,,
14,6,Melissa Gilbert_S14,0.1305880858195766,0.11627938525414604,8,2,5,2,7,5,4,5,10,percentage,1,10,false,false,,
14,6,Roshon Fegan_S14,0.13163428826288714,0.10852665104130127,8,1,7,3,5,7,2,7,10,percentage,1,10,false,false,,
14,6,William Levy_S14,0.1268720447116487,0.13953526230497523,8,6,3,6,3,3,6,3,10,percentage,1,10,false,false,,
14,7,Donald Driver_S14,0.15305257842821524,0.1444141689373297,7,2,3,1,7,2,6,4,10,percentage,1,10,false,false,,
14,7,Jaleel White_S14,0.09536116750482085,0.13896457765667575,7,7,6,7,1,7,1,6,10,percentage,1,10,true,true,,
14,7,Katherine Jenkins_S14,0.14877382117865853,0.14713896457765668,7,5,2,3,4,4,4,2,10,percentage,1,10,false,false,,
14,7,Maria Menounos_S14,0.14501006042464074,0.1553133514986376,7,6,1,3,4,1,7,1,10,percentage,1,10,false,false,,
14,7,Melissa Gilbert_S14,0.1547260280230075,0.12806539509536785,7,1,7,5,3,6,2,7,10,percentage,1,10,false,false,,
14,7,Roshon Fegan_S14,0.1509879868041439,0.14168937329700274,7,4,5,6,2,5,3,5,10,percentage,1,10,false,false,,
14,7,William Levy_S14,0.1520883576365125,0.1444141689373297,7,3,3,2,6,3,5,3,10,percentage,1,10,false,false,,
14,8,Donald Driver_S14,0.18947352840073461,0.16819571865443425,6,1,3,1,6,2,5,4,10,percentage,2,10,false,false,,
14,8,Katherine Jenkins_S14,0.1864083666954823,0.16819571865443425,6,3,3,3,4,3,4,3,10,percentage,2,10,false,false,,
14,8,Maria Menounos_S14,0.18900843800421668,0.1620795107033639,6,2,5,4,3,4,3,5,10,percentage,2,10,false,false,,
14,8,Melissa Gilbert_S14,0.1284759548330829,0.1559633027522936,6,5,6,6,1,6,1,6,10,percentage,2,10,true,true,,
14,8,Roshon Fegan_S14,0.1221526927159686,0.1712538226299694,6,6,2,5,2,5,2,2,10,percentage,2,10,true,true,,
14,8,William Levy_S14,0.18448101935051495,0.1743119266055046,6,4,1,2,5,1,6,1,10,percentage,2,10,false,false,,
14,9,Donald Driver_S14,0.276352625109124,0.24782608695652175,4,1,3,1,3,2,3,3,10,percentage,1,10,false,false,,
14,9,Katherine Jenkins_S14,0.27181477409317323,0.24347826086956523,4,3,4,4,1,3,2,4,10,percentage,1,10,true,false,,
14,9,Maria Menounos_S14,0.17822978805177195,0.2565217391304348,4,4,1,3,2,4,1,1,10,percentage,1,10,false,true,,
14,9,William Levy_S14,0.27360281274593123,0.25217391304347825,4,2,2,1,3,1,4,2,10,percentage,1,10,false,false,,
14,10,Donald Driver_S14,0.4054285489194067,0.33208930162582334,3,1,2,1,2,1,3,3,10,percentage,3,10,true,true,1,1
14,10,Katherine Jenkins_S14,0.3299317047528286,0.3358213967483533,3,2,1,1,2,2,2,1,10,percentage,3,10,true,true,1,2
14,10,William Levy_S14,0.26463974632776466,0.33208930162582334,3,3,2,3,1,3,1,2,10,percentage,3,10,true,true,3,3
15,1,Apolo Anton Ohno_S15,0.0812945621304858,0.07956600361663653,13,8,4,6,7,6,8,5,10,percentage,1,10,false,false,,
15,1,Bristol Palin_S15,0.0816531595921248,0.0705244122965642,13,5,11,8,5,11,3,11,10,percentage,1,10,false,false,,
15,1,Drew Lachey_S15,0.07932527166687808,0.07775768535262206,13,12,7,10,4,9,5,7,10,percentage,1,10,false,false,,
15,1,Emmitt Smith_S15,0.08029216776842511,0.08860759493670886,13,11,1,6,7,1,13,1,10,percentage,1,10,false,false,,
15,1,Gilles Marini_S15,0.08143329859038667,0.0867992766726944,13,6,2,3,11,2,12,2,10,percentage,1,10,false,false,,
15,1,Helio Castroneves_S15,0.08338897071859656,0.07775768535262206,13,1,7,3,11,5,9,6,10,percentage,1,10,false,false,,
15,1,Joey Fatone_S15,0.08059884795219124,0.07414104882459313,13,10,10,11,3,10,4,10,10,percentage,1,10,false,false,,
15,1,Kelly Monaco_S15,0.08257431657959069,0.07775768535262206,13,3,7,5,9,7,7,8,10,percentage,1,10,false,false,,
15,1,Kirstie Alley_S15,0.08069540749065919,0.06871609403254973,13,9,12,12,2,12,2,12,10,percentage,1,10,false,false,,
15,1,Melissa Rycroft_S15,0.08133160484480663,0.0759493670886076,13,7,9,8,5,8,6,9,10,percentage,1,10,false,false,,
15,1,Pamela Anderson_S15,0.022623713173119175,0.06148282097649186,13,13,13,13,1,13,1,13,10,percentage,1,10,true,true,,
15,1,Sabrina Bryan_S15,0.08272739629141303,0.081374321880651,13,2,3,1,13,3,11,3,10,percentage,1,10,false,false,,
15,1,Shawn Johnson_S15,0.0820612832013236,0.07956600361663653,13,4,4,3,11,4,10,4,10,percentage,1,10,false,false,,
15,2,Apolo Anton Ohno_S15,0.08442391239947639,0.08876811594202899,12,8,4,3,10,4,9,4,10,percentage,1,10,false,false,,
15,2,Bristol Palin_S15,0.09085310946920166,0.06521739130434782,12,1,12,6,7,11,2,12,10,percentage,1,10,false,false,,
15,2,Drew Lachey_S15,0.0866503899565865,0.08152173913043478,12,5,8,6,7,8,5,8,10,percentage,1,10,false,false,,
15,2,Emmitt Smith_S15,0.08640333544392814,0.08152173913043478,12,7,8,10,2,9,4,9,10,percentage,1,10,false,false,,
15,2,Gilles Marini_S15,0.08342618984532646,0.09239130434782608,12,11,2,6,7,2,11,2,10,percentage,1,10,false,false,,
15,2,Helio Castroneves_S15,0.08976961019849937,0.08333333333333333,12,2,6,2,11,5,8,6,10,percentage,1,10,false,false,,
15,2,Joey Fatone_S15,0.04753456732613633,0.08152173913043478,12,12,8,12,1,12,1,7,10,percentage,1,10,true,true,,
15,2,Kelly Monaco_S15,0.08901375440418963,0.07971014492753623,12,3,10,6,7,7,6,10,10,percentage,1,10,false,false,,
15,2,Kirstie Alley_S15,0.08688014938633609,0.07608695652173914,12,4,11,10,2,10,3,11,10,percentage,1,10,false,false,,
15,2,Melissa Rycroft_S15,0.08439924139276118,0.08514492753623189,12,9,5,9,4,6,7,5,10,percentage,1,10,false,false,,
15,2,Sabrina Bryan_S15,0.08644242885571735,0.09420289855072464,12,6,1,1,12,1,12,1,10,percentage,1,10,false,false,,
15,2,Shawn Johnson_S15,0.08420331132183978,0.09057971014492754,12,10,3,6,7,3,10,3,10,percentage,1,10,false,false,,
15,3,Apolo Anton Ohno_S15,0.09934766564826143,0.09172661870503597,11,2,5,1,10,2,10,6,10,percentage,2,10,false,false,,
15,3,Bristol Palin_S15,0.09994801683655798,0.08093525179856115,11,1,11,6,5,9,3,11,10,percentage,2,10,false,false,,
15,3,Drew Lachey_S15,0.061569011859371435,0.08633093525179857,11,10,9,11,1,11,1,10,10,percentage,2,10,true,true,,
15,3,Emmitt Smith_S15,0.0987490979726859,0.08992805755395683,11,5,8,8,3,6,6,8,10,percentage,2,10,false,false,,
15,3,Gilles Marini_S15,0.09910589857996274,0.09172661870503597,11,3,5,3,9,3,9,4,10,percentage,2,10,false,false,,
15,3,Helio Castroneves_S15,0.06063790092521101,0.09172661870503597,11,11,5,10,2,10,2,7,10,percentage,2,10,true,true,,
15,3,Kelly Monaco_S15,0.0983593144541928,0.09712230215827339,11,6,1,1,10,1,11,2,10,percentage,2,10,false,false,,
15,3,Kirstie Alley_S15,0.09908499174546365,0.08633093525179857,11,4,9,8,3,8,4,9,10,percentage,2,10,false,false,,
15,3,Melissa Rycroft_S15,0.0930480946769788,0.09712230215827339,11,9,1,4,8,4,8,1,10,percentage,2,10,false,false,,
15,3,Sabrina Bryan_S15,0.09661403345229459,0.09172661870503597,11,7,5,6,5,7,5,5,10,percentage,2,10,false,false,,
15,3,Shawn Johnson_S15,0.0935359738490176,0.09532374100719425,11,8,3,5,7,5,7,3,10,percentage,2,10,false,false,,
15,4,Apolo Anton Ohno_S15,0.11912712526832578,0.10730948678071539,9,2,7,4,5,6,4,7,10,percentage,1,10,false,false,,
15,4,Bristol Palin_S15,0.07494880316065541,0.09953343701399689,9,9,8,9,1,9,1,8,10,percentage,1,10,true,true,,
15,4,Emmitt Smith_S15,0.11515415752311717,0.1119751166407465,9,4,5,4,5,5,5,5,10,percentage,1,10,false,false,,
15,4,Gilles Marini_S15,0.11311818851796566,0.12286158631415241,9,7,1,2,8,1,9,1,10,percentage,1,10,false,false,,
15,4,Kelly Monaco_S15,0.1171765007454173,0.1166407465007776,9,3,3,1,9,3,7,3,10,percentage,1,10,false,false,,
15,4,Kirstie Alley_S15,0.11977659619358709,0.09331259720062209,9,1,9,7,3,8,2,9,10,percentage,1,10,false,false,,
15,4,Melissa Rycroft_S15,0.11471451802690494,0.1150855365474339,9,5,4,4,5,4,6,4,10,percentage,1,10,false,false,,
15,4,Sabrina Bryan_S15,0.11444662789748657,0.1104199066874028,9,6,6,8,2,7,3,6,10,percentage,1,10,false,false,,
15,4,Shawn Johnson_S15,0.1115374826665394,0.12286158631415241,9,8,1,4,5,2,8,2,10,percentage,1,10,false,false,,
15,5,Apolo Anton Ohno_S15,0.12513350432199247,0.12710911136107986,8,5,3,3,6,4,5,5,10,percentage,0,10,false,false,,
15,5,Emmitt Smith_S15,0.126282815408961,0.12598425196850394,8,3,6,5,4,3,6,6,10,percentage,0,10,false,false,,
15,5,Gilles Marini_S15,0.12629710294562654,0.12710911136107986,8,2,3,1,7,2,7,2,10,percentage,0,10,false,false,,
15,5,Kelly Monaco_S15,0.12659461966919391,0.11586051743532058,8,1,8,5,4,7,2,8,10,percentage,0,10,false,false,,
15,5,Kirstie Alley_S15,0.12289388627672859,0.11811023622047244,8,7,7,8,1,8,1,7,10,percentage,0,10,false,false,,
15,5,Melissa Rycroft_S15,0.12276148494454993,0.12710911136107986,8,8,3,7,2,6,3,4,10,percentage,0,10,false,false,,
15,5,Sabrina Bryan_S15,0.12613259721413114,0.13160854893138357,8,4,1,1,7,1,8,1,10,percentage,0,10,false,false,,
15,5,Shawn Johnson_S15,0.12390398921881692,0.12710911136107986,8,6,3,5,4,5,4,3,10,percentage,0,10,false,false,,
15,6,Apolo Anton Ohno_S15,0.1339967979100577,0.13274336283185842,8,2,1,1,8,1,8,2,10,percentage,1,10,false,false,,
15,6,Emmitt Smith_S15,0.13543778679207805,0.1172566371681416,8,1,8,3,5,6,3,8,10,percentage,1,10,false,false,,
15,6,Gilles Marini_S15,0.13351172680599427,0.12168141592920353,8,3,5,2,7,3,6,6,10,percentage,1,10,false,false,,
15,6,Kelly Monaco_S15,0.13291950650877402,0.11946902654867257,8,4,7,8,1,7,2,7,10,percentage,1,10,true,false,,
15,6,Kirstie Alley_S15,0.13200587747682221,0.12168141592920353,8,5,5,6,3,5,4,5,10,percentage,1,10,false,false,,
15,6,Melissa Rycroft_S15,0.12932131649720582,0.13053097345132744,8,7,3,6,3,2,7,3,10,percentage,1,10,false,false,,
15,6,Sabrina Bryan_S15,0.07242696579659735,0.13274336283185842,8,8,1,3,5,8,1,1,10,percentage,1,10,false,true,,
15,6,Shawn Johnson_S15,0.13038002221247,0.12389380530973451,8,6,4,6,3,4,5,4,10,percentage,1,10,false,false,,
15,7,Apolo Anton Ohno_S15,0.14353615254561555,0.13636403080504778,7,4,6,5,2,6,2,6,10,percentage,0,10,false,false,,
15,7,Emmitt Smith_S15,0.14744686831363651,0.14256198261730507,7,1,4,2,6,4,4,4,10,percentage,0,10,false,false,,
15,7,Gilles Marini_S15,0.14227190257137678,0.1384293260352406,7,5,5,5,2,5,3,5,10,percentage,0,10,false,false,,
15,7,Kelly Monaco_S15,0.14601380663954994,0.14876076087823395,7,3,3,3,5,2,6,3,10,percentage,0,10,false,false,,
15,7,Kirstie Alley_S15,0.13795133462619244,0.1157024007920684,7,6,7,7,1,7,1,7,10,percentage,0,10,false,false,,
15,7,Melissa Rycroft_S15,0.14641053932409967,0.16115707772708432,7,2,1,1,7,1,7,1,10,percentage,0,10,false,false,,
15,7,Shawn Johnson_S15,0.13636939597952868,0.15702442114501983,7,7,2,4,4,3,5,2,10,percentage,0,10,false,false,,
15,8,Apolo Anton Ohno_S15,0.15671408034256742,0.1469193195013584,7,3,2,1,7,2,6,3,10,percentage,2,10,false,false,,
15,8,Emmitt Smith_S15,0.1557749509337351,0.1458037890899821,7,4,4,4,3,4,4,4,10,percentage,2,10,false,false,,
15,8,Gilles Marini_S15,0.09945808067491166,0.1469193195013584,7,7,2,6,2,6,2,2,10,percentage,2,10,true,true,,
15,8,Kelly Monaco_S15,0.1594488618484453,0.1421801970519487,7,1,5,2,5,3,5,5,10,percentage,2,10,false,false,,
15,8,Kirstie Alley_S15,0.11474047074606358,0.127962327890669,7,6,7,7,1,7,1,7,10,percentage,2,10,true,true,,
15,8,Melissa Rycroft_S15,0.15535354694798514,0.15054391516549293,7,5,1,2,5,1,7,1,10,percentage,2,10,false,false,,
15,8,Shawn Johnson_S15,0.15851000850629263,0.13967113179919047,7,2,6,4,3,5,3,6,10,percentage,2,10,false,false,,
15,9,Apolo Anton Ohno_S15,0.154006697801061,0.20291532535175605,5,5,3,4,2,4,2,3,10,percentage,2,10,true,true,,
15,9,Emmitt Smith_S15,0.16266104068978038,0.19148976912716836,5,4,5,5,1,5,1,5,10,percentage,2,10,true,true,,
15,9,Kelly Monaco_S15,0.23148705408245088,0.19227700484469115,5,1,4,3,3,3,3,4,10,percentage,2,10,false,false,,
15,9,Melissa Rycroft_S15,0.2278525174922991,0.20409759737077457,5,2,2,1,4,2,4,2,10,percentage,2,10,false,false,,
15,9,Shawn Johnson_S15,0.22399268993440946,0.2092203033056099,5,3,1,1,4,1,5,1,10,percentage,2,10,false,false,,
15,10,Kelly Monaco_S15,0.2581182331247332,0.3331212530739241,3,3,2,2,1,3,1,2,10,percentage,3,10,true,true,2,3
15,10,Melissa Rycroft_S15,0.40709369839789344,0.33566392755094215,3,1,1,1,3,1,3,1,10,percentage,3,10,true,true,1,1
15,10,Shawn Johnson_S15,0.3347880684773732,0.3312148193751337,3,2,3,2,1,2,2,3,10,percentage,3,10,true,true,2,2
16,1,Alexandra Raisman_S16,0.08414696814887931,0.09170305676855896,12,6,3,2,10,3,10,3,10,percentage,0,10,false,false,,
16,1,Andy Dick_S16,0.0754979806309785,0.07423580786026202,12,12,11,11,1,11,2,11,10,percentage,0,10,false,false,,
16,1,D. L. Hughley_S16,0.07712457179402074,0.05240174672489083,12,11,12,11,1,12,1,12,10,percentage,0,10,false,false,,
16,1,Dorothy Hamill_S16,0.08733330116598527,0.09170305676855896,12,1,3,1,12,2,11,4,10,percentage,0,10,false,false,,
16,1,Ingo Rademacher_S16,0.08461970013480133,0.08733624454148471,12,5,5,4,8,5,8,6,10,percentage,0,10,false,false,,
16,1,Jacoby Jones_S16,0.08376623240642497,0.08733624454148471,12,7,5,7,5,6,7,5,10,percentage,0,10,false,false,,
16,1,Kellie Pickler_S16,0.08351048409969745,0.09170305676855896,12,9,3,7,5,4,9,2,10,percentage,0,10,false,false,,
16,1,Lisa Vanderpump_S16,0.08506343806668776,0.07860262008733625,12,4,9,9,4,9,4,9,10,percentage,0,10,false,false,,
16,1,Sean Lowe_S16,0.08573108301673821,0.08296943231441048,12,3,7,4,8,7,6,7,10,percentage,0,10,false,false,,
16,1,Victor Ortiz_S16,0.08667299899485435,0.07860262008733625,12,2,9,6,7,8,5,10,10,percentage,0,10,false,false,,
16,1,Wynonna Judd_S16,0.0828750965663974,0.07860262008733625,12,10,9,10,3,10,3,8,10,percentage,0,10,false,false,,
16,1,Zendaya_S16,0.08365814497453421,0.10480349344978165,12,8,1,2,10,1,12,1,10,percentage,0,10,false,false,,
16,2,Alexandra Raisman_S16,0.08498390136554698,0.09836065573770492,12,7,3,4,9,3,10,3,10,percentage,1,10,false,false,,
16,2,Andy Dick_S16,0.0791460171810533,0.08196721311475409,12,11,6,10,3,9,4,7,10,percentage,1,10,false,false,,
16,2,D. L. Hughley_S16,0.08412380115586943,0.06557377049180328,12,8,11,11,2,11,2,11,10,percentage,1,10,false,false,,
16,2,Dorothy Hamill_S16,0.05868431771577288,0.06147540983606557,12,12,12,12,1,12,1,12,10,percentage,1,10,true,true,,
16,2,Ingo Rademacher_S16,0.08515426540571254,0.08196721311475409,12,6,6,8,5,6,7,5,10,percentage,1,10,false,false,,
16,2,Jacoby Jones_S16,0.08755143486865534,0.0942622950819672,12,4,4,1,12,4,9,4,10,percentage,1,10,false,false,,
16,2,Kellie Pickler_S16,0.0838580036510764,0.10655737704918032,12,9,1,4,9,1,12,1,10,percentage,1,10,false,false,,
16,2,Lisa Vanderpump_S16,0.08774179487670249,0.07377049180327869,12,2,9,6,6,8,5,10,10,percentage,1,10,false,false,,
16,2,Sean Lowe_S16,0.0877275637739309,0.08196721311475409,12,3,6,2,11,5,8,6,10,percentage,1,10,false,false,,
16,2,Victor Ortiz_S16,0.0902203027926455,0.07377049180327869,12,1,9,4,9,7,6,9,10,percentage,1,10,false,false,,
16,2,Wynonna Judd_S16,0.08709083828600038,0.07377049180327869,12,5,9,9,4,10,3,8,10,percentage,1,10,false,false,,
16,2,Zendaya_S16,0.08371775892703413,0.10655737704918032,12,10,1,6,6,2,11,2,10,percentage,1,10,false,false,,
16,3,Alexandra Raisman_S16,0.09045800520369418,0.09787250701703322,11,10,4,7,4,5,7,4,10,percentage,1,10,false,false,,
16,3,Andy Dick_S16,0.09258801049364906,0.07659587505680861,11,8,9,10,2,9,3,9,10,percentage,1,10,false,false,,
16,3,D. L. Hughley_S16,0.0932254763395978,0.06808522227271875,11,5,10,9,3,10,2,10,10,percentage,1,10,false,false,,
16,3,Ingo Rademacher_S16,0.09375984767944842,0.08936185423294336,11,3,7,5,7,7,5,7,10,percentage,1,10,false,false,,
16,3,Jacoby Jones_S16,0.0960836304683996,0.11063763512788957,11,1,1,1,11,1,11,2,10,percentage,1,10,false,false,,
16,3,Kellie Pickler_S16,0.09191478141867841,0.10638315980112306,11,9,3,6,6,3,9,3,10,percentage,1,10,false,false,,
16,3,Lisa Vanderpump_S16,0.09288687260470518,0.08936185423294336,11,7,7,7,4,8,4,6,10,percentage,1,10,false,false,,
16,3,Sean Lowe_S16,0.0955790842073898,0.08936185423294336,11,2,7,4,8,6,6,8,10,percentage,1,10,false,false,,
16,3,Victor Ortiz_S16,0.09374358966773848,0.09787250701703322,11,4,4,3,9,4,8,5,10,percentage,1,10,false,false,,
16,3,Wynonna Judd_S16,0.06666571398104017,0.06382989588067384,11,11,11,11,1,11,1,11,10,percentage,1,10,true,true,,
16,3,Zendaya_S16,0.09309498793565948,0.11063763512788957,11,6,1,2,10,2,10,1,10,percentage,1,10,false,false,,
16,4,Alexandra Raisman_S16,0.10167463157512081,0.12053571428571429,10,5,1,1,10,1,10,1,10,percentage,1,10,false,false,,
16,4,Andy Dick_S16,0.0976842013987047,0.09375,10,9,6,9,2,9,2,7,10,percentage,1,10,false,false,,
16,4,D. L. Hughley_S16,0.0984600369390282,0.09375,10,8,6,8,3,7,4,6,10,percentage,1,10,false,false,,
16,4,Ingo Rademacher_S16,0.10495097432998128,0.10267857142857142,10,3,5,3,8,5,6,5,10,percentage,1,10,false,false,,
16,4,Jacoby Jones_S16,0.10447907650602205,0.10714285714285714,10,4,4,3,8,4,7,4,10,percentage,1,10,false,false,,
16,4,Kellie Pickler_S16,0.10103091521674731,0.11607142857142858,10,7,2,5,6,3,8,2,10,percentage,1,10,false,false,,
16,4,Lisa Vanderpump_S16,0.07055374757989259,0.08035714285714286,10,10,9,10,1,10,1,10,10,percentage,1,10,true,true,,
16,4,Sean Lowe_S16,0.1088625739722998,0.08928571428571429,10,2,8,6,4,6,5,8,10,percentage,1,10,false,false,,
16,4,Victor Ortiz_S16,0.11119260899677706,0.08035714285714286,10,1,9,6,4,8,3,9,10,percentage,1,10,false,false,,
16,4,Zendaya_S16,0.10111123348542603,0.11607142857142858,10,6,2,3,8,2,9,3,10,percentage,1,10,false,false,,
16,5,Alexandra Raisman_S16,0.11493586748307044,0.11961722488038277,9,4,4,3,7,4,6,4,10,percentage,1,10,false,false,,
16,5,Andy Dick_S16,0.11394088284762126,0.0861244019138756,9,5,8,8,2,8,2,8,10,percentage,1,10,false,false,,
16,5,D. L. Hughley_S16,0.07893982671875585,0.0861244019138756,9,9,8,9,1,9,1,9,10,percentage,1,10,true,true,,
16,5,Ingo Rademacher_S16,0.11997735754898882,0.10047846889952153,9,2,6,3,7,6,4,7,10,percentage,1,10,false,false,,
16,5,Jacoby Jones_S16,0.12033861361245372,0.12440191387559808,9,1,3,1,9,2,8,3,10,percentage,1,10,false,false,,
16,5,Kellie Pickler_S16,0.10847697427793158,0.1291866028708134,9,8,2,6,4,3,7,2,10,percentage,1,10,false,false,,
16,5,Sean Lowe_S16,0.11373349464118267,0.11483253588516747,9,6,5,7,3,5,5,5,10,percentage,1,10,false,false,,
16,5,Victor Ortiz_S16,0.11995838765673453,0.10047846889952153,9,3,6,5,5,7,3,6,10,percentage,1,10,false,false,,
16,5,Zendaya_S16,0.10969859521326131,0.13875598086124402,9,7,1,3,7,1,9,1,10,percentage,1,10,false,false,,
16,6,Alexandra Raisman_S16,0.12865343583157304,0.13793103448275862,8,4,2,2,7,2,7,2,10,percentage,1,10,false,false,,
16,6,Andy Dick_S16,0.12706303599909968,0.11405835543766578,8,6,7,7,2,7,2,7,10,percentage,1,10,false,false,,
16,6,Ingo Rademacher_S16,0.1327657750436478,0.1220159151193634,8,3,4,3,6,5,4,5,10,percentage,1,10,false,false,,
16,6,Jacoby Jones_S16,0.1339388937282589,0.11936339522546419,8,2,6,5,4,6,3,6,10,percentage,1,10,false,false,,
16,6,Kellie Pickler_S16,0.12596470452477823,0.14323607427055704,8,7,1,5,4,1,8,1,10,percentage,1,10,false,false,,
16,6,Sean Lowe_S16,0.13402965265399233,0.1220159151193634,8,1,4,1,8,4,5,4,10,percentage,1,10,false,false,,
16,6,Victor Ortiz_S16,0.0890482655264264,0.10610079575596817,8,8,8,8,1,8,1,8,10,percentage,1,10,true,true,,
16,6,Zendaya_S16,0.12853623669222394,0.13527851458885942,8,5,3,5,4,3,6,3,10,percentage,1,10,false,false,,
16,7,Alexandra Raisman_S16,0.1439616062209453,0.17391304347826086,7,6,1,3,4,1,7,1,10,percentage,1,10,false,false,,
16,7,Andy Dick_S16,0.11686239578194264,0.09239130434782608,7,7,7,7,1,7,1,7,10,percentage,1,10,true,true,,
16,7,Ingo Rademacher_S16,0.14741788119918084,0.1358695652173913,7,3,5,6,2,5,3,5,10,percentage,1,10,false,false,,
16,7,Jacoby Jones_S16,0.14983988963413664,0.14673913043478262,7,2,4,1,7,4,4,4,10,percentage,1,10,false,false,,
16,7,Kellie Pickler_S16,0.1455285677997501,0.15760869565217392,7,4,3,3,4,3,5,3,10,percentage,1,10,false,false,,
16,7,Sean Lowe_S16,0.15138722167962684,0.13043478260869565,7,1,6,3,4,6,2,6,10,percentage,1,10,false,false,,
16,7,Zendaya_S16,0.1450024376844177,0.16304347826086957,7,5,2,3,4,2,6,2,10,percentage,1,10,false,false,,
16,8,Alexandra Raisman_S16,0.17033407080748839,0.18006430868167203,6,4,2,3,4,2,5,2,10,percentage,1,10,false,false,,
16,8,Ingo Rademacher_S16,0.17891462671125766,0.15434083601286175,6,1,5,3,4,5,2,5,10,percentage,1,10,false,false,,
16,8,Jacoby Jones_S16,0.17757191929551214,0.16720257234726688,6,2,4,3,4,4,3,4,10,percentage,1,10,false,false,,
16,8,Kellie Pickler_S16,0.17013463097567127,0.17684887459807075,6,5,3,5,2,3,4,3,10,percentage,1,10,false,false,,
16,8,Sean Lowe_S16,0.13256863249960976,0.13504823151125403,6,6,6,6,1,6,1,6,10,percentage,1,10,true,true,,
16,8,Zendaya_S16,0.17047611971046062,0.1864951768488746,6,3,1,1,6,1,6,1,10,percentage,1,10,false,false,,
16,9,Alexandra Raisman_S16,0.2142642020170138,0.20921985815602837,5,2,1,1,5,1,5,1,10,percentage,1,10,false,false,,
16,9,Ingo Rademacher_S16,0.14911580059622045,0.18085106382978725,5,5,5,5,1,5,1,5,10,percentage,1,10,true,true,,
16,9,Jacoby Jones_S16,0.21166661677802384,0.20921985815602837,5,3,1,2,4,2,4,2,10,percentage,1,10,false,false,,
16,9,Kellie Pickler_S16,0.20884031415224077,0.20567375886524822,5,4,3,4,2,3,3,3,10,percentage,1,10,false,false,,
16,9,Zendaya_S16,0.2161130664565008,0.1950354609929078,5,1,4,3,3,4,2,4,10,percentage,1,10,false,false,,
16,10,Alexandra Raisman_S16,0.18841516401964606,0.24786345971235874,4,4,3,3,1,4,1,3,10,percentage,4,10,true,true,3,4
16,10,Jacoby Jones_S16,0.24244990142599426,0.2393155891586232,4,3,4,3,1,3,2,4,10,percentage,4,10,true,true,3,3
16,10,Kellie Pickler_S16,0.3063858170514217,0.256410475564509,4,1,1,1,4,1,4,1,10,percentage,4,10,true,true,1,1
16,10,Zendaya_S16,0.26274911750293695,0.256410475564509,4,2,1,2,3,2,3,2,10,percentage,4,10,true,true,2,2
17,1,Amber Riley_S17,0.0839107830366556,0.10546875,12,6,1,2,10,1,12,1,11,percentage,0,11,false,false,,
17,1,Bill Engvall_S17,0.07538169447518098,0.0703125,12,12,10,11,2,11,2,10,11,percentage,0,11,false,false,,
17,1,Bill Nye_S17,0.08086076864451656,0.0546875,12,11,12,12,1,12,1,12,11,percentage,0,11,false,false,,
17,1,Brant Daugherty_S17,0.08406560395821791,0.0859375,12,5,6,6,7,7,6,7,11,percentage,0,11,false,false,,
17,1,Christina Milian_S17,0.08473842285706519,0.0859375,12,4,6,4,8,6,7,6,11,percentage,0,11,false,false,,
17,1,Corbin Bleu_S17,0.08701220135952022,0.09375,12,1,2,1,12,2,11,3,11,percentage,0,11,false,false,,
17,1,Elizabeth Berkley Lauren_S17,0.0834860518838279,0.09375,12,8,2,4,8,3,10,2,11,percentage,0,11,false,false,,
17,1,Jack Osbourne_S17,0.08486125851524993,0.08984375,12,3,4,2,10,4,9,4,11,percentage,0,11,false,false,,
17,1,Keyshawn Johnson_S17,0.08649182251507734,0.06640625,12,2,11,7,6,10,3,11,11,percentage,0,11,false,false,,
17,1,Leah Remini_S17,0.08329559004964555,0.08203125,12,9,8,10,3,9,4,9,11,percentage,0,11,false,false,,
17,1,"Nicole ""Snooki"" Polizzi_S17",0.0820016081039788,0.08984375,12,10,4,8,5,5,8,5,11,percentage,0,11,false,false,,
17,1,Valerie Harper_S17,0.08389419460106345,0.08203125,12,7,8,9,4,8,5,8,11,percentage,0,11,false,false,,
17,2,Amber Riley_S17,0.08263318264900667,0.09022556390977443,12,10,5,10,3,7,6,4,11,percentage,1,11,false,false,,
17,2,Bill Engvall_S17,0.08095851486346865,0.07894736842105263,12,11,8,11,2,9,4,8,11,percentage,1,11,false,false,,
17,2,Bill Nye_S17,0.09073849422573577,0.06390977443609022,12,1,12,7,5,11,2,12,11,percentage,1,11,false,false,,
17,2,Brant Daugherty_S17,0.0882693474885201,0.08646616541353383,12,4,7,4,8,5,8,7,11,percentage,1,11,false,false,,
17,2,Christina Milian_S17,0.08302057475469667,0.09398496240601503,12,9,2,4,8,4,9,3,11,percentage,1,11,false,false,,
17,2,Corbin Bleu_S17,0.08359660044146339,0.09774436090225563,12,8,1,3,10,1,12,1,11,percentage,1,11,false,false,,
17,2,Elizabeth Berkley Lauren_S17,0.08555600550548978,0.09398496240601503,12,6,2,2,11,2,11,2,11,percentage,1,11,false,false,,
17,2,Jack Osbourne_S17,0.08434499927975377,0.09022556390977443,12,7,5,6,7,6,7,5,11,percentage,1,11,false,false,,
17,2,Keyshawn Johnson_S17,0.05711963580330688,0.06766917293233082,12,12,11,12,1,12,1,11,11,percentage,1,11,true,true,,
17,2,Leah Remini_S17,0.08904850856377577,0.09022556390977443,12,2,5,1,12,3,10,6,11,percentage,1,11,false,false,,
17,2,"Nicole ""Snooki"" Polizzi_S17",0.08632915400138905,0.07518796992481203,12,5,9,9,4,8,5,9,11,percentage,1,11,false,false,,
17,2,Valerie Harper_S17,0.08838498242339293,0.07142857142857142,12,3,10,7,5,10,3,10,11,percentage,1,11,false,false,,
17,3,Amber Riley_S17,0.09462546533783808,0.09411764705882353,11,2,7,3,8,6,6,7,11,percentage,1,11,false,false,,
17,3,Bill Engvall_S17,0.08618954860990584,0.09411764705882353,11,10,7,10,2,8,4,6,11,percentage,1,11,false,false,,
17,3,Bill Nye_S17,0.07006999038797085,0.06274509803921569,11,11,10,11,1,11,1,11,11,percentage,1,11,true,true,,
17,3,Brant Daugherty_S17,0.09148664951537924,0.10588235294117647,11,8,1,3,8,1,11,1,11,percentage,1,11,false,false,,
17,3,Christina Milian_S17,0.09072211530079426,0.10196078431372549,11,9,2,6,5,3,9,3,11,percentage,1,11,false,false,,
17,3,Corbin Bleu_S17,0.09336874341735031,0.10196078431372549,11,5,2,1,10,2,10,2,11,percentage,1,11,false,false,,
17,3,Elizabeth Berkley Lauren_S17,0.09314305422749591,0.09803921568627451,11,7,4,6,5,5,7,5,11,percentage,1,11,false,false,,
17,3,Jack Osbourne_S17,0.09316762786990718,0.08627450980392157,11,6,9,9,3,9,3,9,11,percentage,1,11,false,false,,
17,3,Leah Remini_S17,0.0938390161829625,0.09411764705882353,11,4,7,6,5,7,5,8,11,percentage,1,11,false,false,,
17,3,"Nicole ""Snooki"" Polizzi_S17",0.09437155618176903,0.09803921568627451,11,3,4,1,10,4,8,4,11,percentage,1,11,false,false,,
17,3,Valerie Harper_S17,0.09901623296862745,0.06274509803921569,11,1,10,6,5,10,2,10,11,percentage,1,11,false,false,,
17,4,Amber Riley_S17,0.10229302527139891,0.11392405063291139,10,6,2,2,8,1,10,3,11,percentage,1,11,false,false,,
17,4,Bill Engvall_S17,0.09827143555686507,0.08860759493670886,10,9,8,9,2,9,2,8,11,percentage,1,11,false,false,,
17,4,Brant Daugherty_S17,0.10848469292586177,0.08860759493670886,10,1,8,5,6,8,3,9,11,percentage,1,11,false,false,,
17,4,Christina Milian_S17,0.10270218498780498,0.10126582278481013,10,5,5,7,3,7,4,7,11,percentage,1,11,false,false,,
17,4,Corbin Bleu_S17,0.10051314794785997,0.11392405063291139,10,7,2,5,6,2,9,2,11,percentage,1,11,false,false,,
17,4,Elizabeth Berkley Lauren_S17,0.09969558043277484,0.11392405063291139,10,8,2,7,3,3,8,1,11,percentage,1,11,false,false,,
17,4,Jack Osbourne_S17,0.10303868999496149,0.10126582278481013,10,4,5,5,6,6,5,4,11,percentage,1,11,false,false,,
17,4,Leah Remini_S17,0.10680190904993932,0.10126582278481013,10,2,5,1,10,4,7,6,11,percentage,1,11,false,false,,
17,4,"Nicole ""Snooki"" Polizzi_S17",0.1038205405388067,0.10126582278481013,10,3,5,2,8,5,6,5,11,percentage,1,11,false,false,,
17,4,Valerie Harper_S17,0.07437879329372717,0.0759493670886076,10,10,10,10,1,10,1,10,11,percentage,1,11,true,true,,
17,5,Amber Riley_S17,0.11898576263201552,0.11063829787234042,9,2,6,2,7,5,5,7,11,percentage,1,11,false,false,,
17,5,Bill Engvall_S17,0.1137147117978521,0.10212765957446808,9,8,8,9,1,7,3,8,11,percentage,1,11,true,false,,
17,5,Brant Daugherty_S17,0.11628268193212198,0.1148936170212766,9,6,4,6,4,3,7,3,11,percentage,1,11,false,false,,
17,5,Christina Milian_S17,0.0614810677166487,0.11914893617021277,9,9,1,6,4,9,1,2,11,percentage,1,11,false,true,,
17,5,Corbin Bleu_S17,0.11702379740609761,0.11914893617021277,9,5,1,1,9,1,9,1,11,percentage,1,11,false,false,,
17,5,Elizabeth Berkley Lauren_S17,0.11839398100642001,0.11063829787234042,9,3,6,4,6,6,4,6,11,percentage,1,11,false,false,,
17,5,Jack Osbourne_S17,0.11720927125839514,0.1148936170212766,9,4,4,2,7,2,8,5,11,percentage,1,11,false,false,,
17,5,Leah Remini_S17,0.12086530976073151,0.09361702127659574,9,1,9,6,4,8,2,9,11,percentage,1,11,false,false,,
17,5,"Nicole ""Snooki"" Polizzi_S17",0.11604341648971749,0.1148936170212766,9,7,4,8,2,4,6,4,11,percentage,1,11,false,false,,
17,6,Amber Riley_S17,0.1274266875055648,0.13852818537899697,8,5,1,3,5,2,7,1,11,percentage,0,11,false,false,,
17,6,Bill Engvall_S17,0.11290574157731052,0.10389603080876471,8,8,8,8,1,8,1,8,11,percentage,0,11,false,false,,
17,6,Brant Daugherty_S17,0.12855402360507223,0.13419959895965008,8,2,3,1,7,3,6,3,11,percentage,0,11,false,false,,
17,6,Corbin Bleu_S17,0.12832357617099238,0.1168830887726018,8,4,6,5,4,6,3,6,11,percentage,0,11,false,false,,
17,6,Elizabeth Berkley Lauren_S17,0.12839620094942175,0.13852775247706486,8,3,2,1,7,1,8,2,11,percentage,0,11,false,false,,
17,6,Jack Osbourne_S17,0.12318662619661329,0.11688265587066968,8,6,7,7,2,7,2,7,11,percentage,0,11,false,false,,
17,6,Leah Remini_S17,0.12882930335395598,0.12121210809388083,8,1,5,3,5,5,4,5,11,percentage,0,11,false,false,,
17,6,"Nicole ""Snooki"" Polizzi_S17",0.12237784064106967,0.12987057963837104,8,7,4,6,3,4,5,4,11,percentage,0,11,false,false,,
17,7,Amber Riley_S17,0.13090812027842494,0.13318284424379231,8,5,1,2,7,1,8,2,11,percentage,1,11,false,false,,
17,7,Bill Engvall_S17,0.1284676060972952,0.11286681715575621,8,7,8,8,1,7,2,8,11,percentage,1,11,true,false,,
17,7,Brant Daugherty_S17,0.1337801691569689,0.12866817155756208,8,2,3,1,8,3,6,3,11,percentage,1,11,false,false,,
17,7,Corbin Bleu_S17,0.1294362413990238,0.13318284424379231,8,6,1,3,5,2,7,1,11,percentage,1,11,false,false,,
17,7,Elizabeth Berkley Lauren_S17,0.13325635505350056,0.12189616252821671,8,3,5,5,3,5,4,5,11,percentage,1,11,false,false,,
17,7,Jack Osbourne_S17,0.13169441699754988,0.12866817155756208,8,4,3,3,5,4,5,4,11,percentage,1,11,false,false,,
17,7,Leah Remini_S17,0.13432218251422987,0.11963882618510158,8,1,7,5,3,6,3,7,11,percentage,1,11,false,false,,
17,7,"Nicole ""Snooki"" Polizzi_S17",0.0781349085030066,0.12189616252821671,8,8,5,7,2,8,1,6,11,percentage,1,11,false,true,,
17,8,Amber Riley_S17,0.15242108534290977,0.14583333333333334,7,2,3,1,7,3,5,4,11,percentage,1,11,false,false,,
17,8,Bill Engvall_S17,0.15017700021697566,0.125,7,4,7,6,2,6,2,7,11,percentage,1,11,false,false,,
17,8,Brant Daugherty_S17,0.09163666669536819,0.140625,7,7,5,7,1,7,1,5,11,percentage,1,11,true,true,,
17,8,Corbin Bleu_S17,0.1480588728160102,0.15625,7,5,1,2,5,1,7,1,11,percentage,1,11,false,false,,
17,8,Elizabeth Berkley Lauren_S17,0.1581281990699971,0.13020833333333334,7,1,6,4,3,5,3,6,11,percentage,1,11,false,false,,
17,8,Jack Osbourne_S17,0.147505290278212,0.15625,7,6,1,4,3,2,6,2,11,percentage,1,11,false,false,,
17,8,Leah Remini_S17,0.152072885580527,0.14583333333333334,7,3,3,2,5,4,4,3,11,percentage,1,11,false,false,,
17,9,Amber Riley_S17,0.17892196272392744,0.1619047619047619,6,3,5,5,1,4,3,5,11,percentage,1,11,true,false,,
17,9,Bill Engvall_S17,0.185122102092988,0.13333333333333333,6,1,6,3,3,5,2,6,11,percentage,1,11,false,false,,
17,9,Corbin Bleu_S17,0.17485854570676176,0.18412698412698414,6,5,1,2,5,1,6,1,11,percentage,1,11,false,false,,
17,9,Elizabeth Berkley Lauren_S17,0.10341017648746773,0.17777777777777778,6,6,2,5,1,6,1,2,11,percentage,1,11,false,true,,
17,9,Jack Osbourne_S17,0.1809384746226402,0.17142857142857143,6,2,3,1,6,2,5,3,11,percentage,1,11,false,false,,
17,9,Leah Remini_S17,0.1767487383662151,0.17142857142857143,6,4,3,3,3,3,4,4,11,percentage,1,11,false,false,,
17,10,Amber Riley_S17,0.2099211451379453,0.2257142857142857,5,4,1,2,3,1,5,1,11,percentage,1,11,false,false,,
17,10,Bill Engvall_S17,0.213672115880915,0.17142857142857143,5,2,5,4,2,4,2,5,11,percentage,1,11,false,false,,
17,10,Corbin Bleu_S17,0.21267995407277232,0.21428571428571427,5,3,2,2,3,2,4,2,11,percentage,1,11,false,false,,
17,10,Jack Osbourne_S17,0.21470705336385693,0.20285714285714285,5,1,3,1,5,3,3,3,11,percentage,1,11,false,false,,
17,10,Leah Remini_S17,0.14901973154451106,0.18571428571428572,5,5,4,5,1,5,1,4,11,percentage,1,11,true,true,,
17,11,Amber Riley_S17,0.3092208751449765,0.27365383574062396,4,1,1,1,4,1,4,1,11,percentage,4,11,true,true,1,1
17,11,Bill Engvall_S17,0.1901172005251912,0.22270771724567986,4,4,4,4,1,4,1,4,11,percentage,4,11,true,true,4,4
17,11,Corbin Bleu_S17,0.2665885674542399,0.25909655421775135,4,2,2,2,3,2,3,2,11,percentage,4,11,true,true,2,2
17,11,Jack Osbourne_S17,0.23407335687559125,0.24454189279594477,4,3,3,3,2,3,2,3,11,percentage,4,11,true,true,3,3
18,1,Amy Purdy_S18,0.08686266644125992,0.0916030534351145,12,5,4,2,10,4,9,4,10,percentage,1,10,false,false,,
18,1,Billy Dee Williams_S18,0.09373301044415583,0.05725190839694656,12,1,12,8,5,11,2,12,10,percentage,1,10,false,false,,
18,1,Candace Cameron Bure_S18,0.08489196936222258,0.09541984732824428,12,7,2,2,10,2,11,2,10,percentage,1,10,false,false,,
18,1,Charlie White_S18,0.08286170613738861,0.10305343511450382,12,9,1,4,9,1,12,1,10,percentage,1,10,false,false,,
18,1,Cody Simpson_S18,0.08253577034726285,0.08396946564885496,12,10,6,10,3,7,6,6,10,percentage,1,10,false,false,,
18,1,Danica McKellar_S18,0.08737223679190093,0.0916030534351145,12,4,4,1,12,3,10,5,10,percentage,1,10,false,false,,
18,1,Diana Nyad_S18,0.05667253908642096,0.06870229007633588,12,12,11,12,1,12,1,11,10,percentage,1,10,true,true,,
18,1,Drew Carey_S18,0.07786973021144164,0.08015267175572519,12,11,8,11,2,10,3,7,10,percentage,1,10,false,false,,
18,1,James Maslow_S18,0.08789238917069904,0.08015267175572519,12,3,8,5,8,6,7,8,10,percentage,1,10,false,false,,
18,1,Meryl Davis_S18,0.08411925647040586,0.0916030534351145,12,8,4,6,6,5,8,3,10,percentage,1,10,false,false,,
18,1,NeNe Leakes_S18,0.08587710226516035,0.08015267175572519,12,6,8,9,4,8,5,9,10,percentage,1,10,false,false,,
18,1,Sean Avery_S18,0.08931162327168188,0.07633587786259542,12,2,10,6,6,9,4,10,10,percentage,1,10,false,false,,
18,2,Amy Purdy_S18,0.09706800729747457,0.09836065573770492,11,3,4,1,11,4,8,4,10,percentage,2,10,false,false,,
18,2,Billy Dee Williams_S18,0.07725195570213746,0.06147540983606557,11,10,11,11,1,11,1,11,10,percentage,2,10,true,true,,
18,2,Candace Cameron Bure_S18,0.09926421647876893,0.0860655737704918,11,1,8,4,7,7,5,10,10,percentage,2,10,false,false,,
18,2,Charlie White_S18,0.09466908338383988,0.10245901639344263,11,7,2,4,7,2,10,3,10,percentage,2,10,false,false,,
18,2,Cody Simpson_S18,0.09572335887317092,0.09016393442622951,11,5,6,8,4,6,6,6,10,percentage,2,10,false,false,,
18,2,Danica McKellar_S18,0.09618430803013553,0.09836065573770492,11,4,4,2,9,5,7,5,10,percentage,2,10,false,false,,
18,2,Drew Carey_S18,0.09183213619292213,0.0860655737704918,11,9,8,9,3,9,3,9,10,percentage,2,10,false,false,,
18,2,James Maslow_S18,0.09404169369899355,0.10245901639344263,11,8,2,6,5,3,9,1,10,percentage,2,10,false,false,,
18,2,Meryl Davis_S18,0.09515409051719186,0.10245901639344263,11,6,2,2,9,1,11,2,10,percentage,2,10,false,false,,
18,2,NeNe Leakes_S18,0.09792965517664395,0.0860655737704918,11,2,8,6,5,8,4,7,10,percentage,2,10,false,false,,
18,2,Sean Avery_S18,0.060881494648721605,0.0860655737704918,11,11,8,10,2,10,2,8,10,percentage,2,10,true,true,,
18,3,Amy Purdy_S18,0.11323279003006609,0.1157556270096463,9,4,3,2,8,2,8,3,10,percentage,0,10,false,false,,
18,3,Candace Cameron Bure_S18,0.11435827451371658,0.10289389067524116,9,2,7,4,5,7,3,7,10,percentage,0,10,false,false,,
18,3,Charlie White_S18,0.11300580408184499,0.1157556270096463,9,5,3,3,7,3,7,2,10,percentage,0,10,false,false,,
18,3,Cody Simpson_S18,0.10780569267121493,0.11254019292604502,9,8,6,8,2,6,4,6,10,percentage,0,10,false,false,,
18,3,Danica McKellar_S18,0.11201420264203366,0.1157556270096463,9,6,3,4,5,4,6,4,10,percentage,0,10,false,false,,
18,3,Drew Carey_S18,0.09940407939892335,0.09646302250803858,9,9,9,9,1,9,1,9,10,percentage,0,10,false,false,,
18,3,James Maslow_S18,0.1113097455879876,0.1157556270096463,9,7,3,6,4,5,5,5,10,percentage,0,10,false,false,,
18,3,Meryl Davis_S18,0.11554646165754097,0.12540192926045016,9,1,1,1,9,1,9,1,10,percentage,0,10,false,false,,
18,3,NeNe Leakes_S18,0.11332294941667082,0.09967845659163987,9,3,8,7,3,8,2,8,10,percentage,0,10,false,false,,
18,4,Amy Purdy_S18,0.11455713552201927,0.11447811447811448,9,3,3,1,8,2,8,3,10,percentage,0,10,false,false,,
18,4,Candace Cameron Bure_S18,0.11649612862302573,0.09427609427609428,9,1,9,6,4,9,1,9,10,percentage,0,10,false,false,,
18,4,Charlie White_S18,0.11352236050041355,0.1111111111111111,9,4,4,4,6,4,6,4,10,percentage,0,10,false,false,,
18,4,Cody Simpson_S18,0.10651201307949405,0.10437710437710437,9,8,8,9,1,8,2,8,10,percentage,0,10,false,false,,
18,4,Danica McKellar_S18,0.11476138247840785,0.10774410774410774,9,2,6,4,6,5,5,6,10,percentage,0,10,false,false,,
18,4,Drew Carey_S18,0.10086909749217335,0.1111111111111111,9,9,4,7,2,7,3,5,10,percentage,0,10,false,false,,
18,4,James Maslow_S18,0.11029277185000487,0.11784511784511785,9,6,2,4,6,3,7,2,10,percentage,0,10,false,false,,
18,4,Meryl Davis_S18,0.1131837708899035,0.13131313131313133,9,5,1,1,8,1,9,1,10,percentage,0,10,false,false,,
18,4,NeNe Leakes_S18,0.10980533956455744,0.10774410774410774,9,7,6,7,2,6,4,7,10,percentage,0,10,false,false,,
18,5,Amy Purdy_S18,0.11601917527860826,0.11490683229813664,9,6,3,6,4,3,7,4,10,percentage,1,10,false,false,,
18,5,Candace Cameron Bure_S18,0.11973256688257584,0.10869565217391304,9,1,7,4,5,7,3,7,10,percentage,1,10,false,false,,
18,5,Charlie White_S18,0.11582020505645355,0.11490683229813664,9,7,3,7,3,4,6,3,10,percentage,1,10,false,false,,
18,5,Cody Simpson_S18,0.06495184273106094,0.10559006211180125,9,9,8,8,1,9,1,8,10,percentage,1,10,false,true,,
18,5,Danica McKellar_S18,0.1168679008456288,0.12111801242236025,9,4,2,1,8,2,8,2,10,percentage,1,10,false,false,,
18,5,Drew Carey_S18,0.1137491935247794,0.08695652173913043,9,8,9,8,1,8,2,9,10,percentage,1,10,true,false,,
18,5,James Maslow_S18,0.11647837852089274,0.12422360248447205,9,5,1,1,8,1,9,1,10,percentage,1,10,false,false,,
18,5,Meryl Davis_S18,0.1183339038006785,0.11180124223602485,9,2,5,3,7,5,5,5,10,percentage,1,10,false,false,,
18,5,NeNe Leakes_S18,0.11804683335932112,0.11180124223602485,9,3,5,4,5,6,4,6,10,percentage,1,10,false,false,,
18,6,Amy Purdy_S18,0.12819280608937894,0.1347517730496454,8,7,2,5,3,2,7,2,10,percentage,1,10,false,false,,
18,6,Candace Cameron Bure_S18,0.1323541125006412,0.11347517730496454,8,2,7,5,3,7,2,7,10,percentage,1,10,false,false,,
18,6,Charlie White_S18,0.13149755953872164,0.1276595744680851,8,3,3,1,8,3,6,3,10,percentage,1,10,false,false,,
18,6,Danica McKellar_S18,0.13115700220604296,0.1276595744680851,8,4,3,3,6,4,5,4,10,percentage,1,10,false,false,,
18,6,Drew Carey_S18,0.0832215638929006,0.11347517730496454,8,8,7,8,1,8,1,8,10,percentage,1,10,true,true,,
18,6,James Maslow_S18,0.1309755786036781,0.12411347517730496,8,5,5,7,2,5,4,5,10,percentage,1,10,false,false,,
18,6,Meryl Davis_S18,0.1282454861862283,0.14184397163120568,8,6,1,3,6,1,8,1,10,percentage,1,10,false,false,,
18,6,NeNe Leakes_S18,0.13435589098240877,0.11702127659574468,8,1,6,3,6,6,3,6,10,percentage,1,10,false,false,,
18,7,Amy Purdy_S18,0.15165834404398723,0.1482213438735178,7,2,2,1,7,1,7,2,10,percentage,1,10,false,false,,
18,7,Candace Cameron Bure_S18,0.14934139399627708,0.14624505928853754,7,4,3,3,4,4,4,3,10,percentage,1,10,false,false,,
18,7,Charlie White_S18,0.1489556310174626,0.14031620553359683,7,5,5,6,2,6,2,5,10,percentage,1,10,false,false,,
18,7,Danica McKellar_S18,0.15335360131634812,0.1422924901185771,7,1,4,2,6,3,5,4,10,percentage,1,10,false,false,,
18,7,James Maslow_S18,0.15110900656314702,0.1383399209486166,7,3,6,5,3,5,3,6,10,percentage,1,10,false,false,,
18,7,Meryl Davis_S18,0.1447425283415838,0.1541501976284585,7,6,1,3,4,2,6,1,10,percentage,1,10,false,false,,
18,7,NeNe Leakes_S18,0.10083949472119395,0.13043478260869565,7,7,7,7,1,7,1,7,10,percentage,1,10,true,true,,
18,8,Amy Purdy_S18,0.1738905904176816,0.17699115044247787,6,4,1,1,6,1,6,1,10,percentage,1,10,false,false,,
18,8,Candace Cameron Bure_S18,0.17982567263143887,0.1592920353982301,6,3,5,5,2,5,2,5,10,percentage,1,10,false,false,,
18,8,Charlie White_S18,0.17157196797043806,0.17699115044247787,6,5,1,2,4,2,5,2,10,percentage,1,10,false,false,,
18,8,Danica McKellar_S18,0.11176784695689987,0.168141592920354,6,6,3,6,1,6,1,3,10,percentage,1,10,true,true,,
18,8,James Maslow_S18,0.18032784620707326,0.1592920353982301,6,2,5,4,3,4,3,4,10,percentage,1,10,false,false,,
18,8,Meryl Davis_S18,0.18261607581646883,0.1592920353982301,6,1,5,2,4,3,4,6,10,percentage,1,10,false,false,,
18,9,Amy Purdy_S18,0.21539069986683015,0.20418848167539266,5,3,2,2,4,2,4,2,10,percentage,1,10,false,false,,
18,9,Candace Cameron Bure_S18,0.22118529321947772,0.18848167539267016,5,1,5,3,3,4,2,5,10,percentage,1,10,false,false,,
18,9,Charlie White_S18,0.1367629786262927,0.19895287958115182,5,5,3,5,1,5,1,3,10,percentage,1,10,true,true,,
18,9,James Maslow_S18,0.21097785775598654,0.19895287958115182,5,4,3,4,2,3,3,4,10,percentage,1,10,false,false,,
18,9,Meryl Davis_S18,0.21568317053141137,0.2094240837696335,5,2,1,1,5,1,5,1,10,percentage,1,10,false,false,,
18,10,Amy Purdy_S18,0.26275147412002003,0.2587209505138384,4,2,2,2,3,2,3,2,10,percentage,4,10,true,true,2,2
18,10,Candace Cameron Bure_S18,0.2512797266295006,0.22674296916969572,4,3,4,3,1,3,2,4,10,percentage,4,10,true,true,3,3
18,10,James Maslow_S18,0.17419273105611946,0.2529075649013137,4,4,3,3,1,4,1,3,10,percentage,4,10,true,true,3,4
18,10,Meryl Davis_S18,0.3117760681943604,0.2616285154151521,4,1,1,1,4,1,4,1,10,percentage,4,10,true,true,1,1
19,1,Alfonso Ribeiro_S19,0.07838885420766341,0.0967741935483871,13,9,1,3,11,1,13,1,11,percentage,1,11,false,false,,
19,1,Antonio Sabato Jr._S19,0.08191064688489698,0.06720430107526881,13,3,10,9,5,9,5,10,11,percentage,1,11,false,false,,
19,1,Bethany Mota_S19,0.08810183321940249,0.08602150537634409,13,1,3,1,13,2,12,4,11,percentage,1,11,false,false,,
19,1,Betsey Johnson_S19,0.07502961928137863,0.053763440860215055,13,10,13,12,2,12,2,13,11,percentage,1,11,false,false,,
19,1,Janel Parrish_S19,0.0807640738336604,0.07795698924731183,13,4,7,4,9,7,7,7,11,percentage,1,11,false,false,,
19,1,Jonathan Bennett_S19,0.08054857229234065,0.08064516129032258,13,6,6,7,7,6,8,6,11,percentage,1,11,false,false,,
19,1,Lea Thompson_S19,0.07859102317867608,0.08602150537634409,13,8,3,4,9,4,10,3,11,percentage,1,11,false,false,,
19,1,Lolo Jones_S19,0.05068923914009382,0.05913978494623656,13,13,12,13,1,13,1,12,11,percentage,1,11,true,true,,
19,1,Michael Waltrip_S19,0.08439835898222009,0.06720430107526881,13,2,10,7,7,8,6,11,11,percentage,1,11,false,false,,
19,1,Randy Couture_S19,0.07953379424262033,0.08333333333333333,13,7,5,7,7,5,9,5,11,percentage,1,11,false,false,,
19,1,Sadie Robertson_S19,0.08069896925227381,0.0913978494623656,13,5,2,2,12,3,11,2,11,percentage,1,11,false,false,,
19,1,Tavis Smiley_S19,0.07040080999108998,0.07795698924731183,13,12,7,10,4,10,4,8,11,percentage,1,11,false,false,,
19,1,Tommy Chong_S19,0.0709442054936836,0.07258064516129033,13,11,9,11,3,11,3,9,11,percentage,1,11,false,false,,
19,2,Alfonso Ribeiro_S19,0.0881716947254997,0.08839779005524862,12,6,4,3,9,4,9,4,11,percentage,1,11,false,false,,
19,2,Antonio Sabato Jr._S19,0.08860100813066472,0.0856353591160221,12,5,5,3,9,5,8,6,11,percentage,1,11,false,false,,
19,2,Bethany Mota_S19,0.09535565362451014,0.09116022099447514,12,1,3,1,12,1,12,3,11,percentage,1,11,false,false,,
19,2,Betsey Johnson_S19,0.07396433645288249,0.07734806629834254,12,11,9,11,2,11,2,11,11,percentage,1,11,false,false,,
19,2,Janel Parrish_S19,0.08367917291821987,0.09392265193370165,12,9,2,5,7,3,10,2,11,percentage,1,11,false,false,,
19,2,Jonathan Bennett_S19,0.08945873168225349,0.08287292817679558,12,4,7,5,7,6,7,7,11,percentage,1,11,false,false,,
19,2,Lea Thompson_S19,0.08442571228510568,0.09668508287292818,12,7,1,2,11,2,11,1,11,percentage,1,11,false,false,,
19,2,Michael Waltrip_S19,0.09511048334576894,0.06629834254143646,12,2,12,9,4,9,4,12,11,percentage,1,11,false,false,,
19,2,Randy Couture_S19,0.09004793218242796,0.07734806629834254,12,3,9,7,6,8,5,9,11,percentage,1,11,false,false,,
19,2,Sadie Robertson_S19,0.08441416063584216,0.0856353591160221,12,8,5,8,5,7,6,5,11,percentage,1,11,false,false,,
19,2,Tavis Smiley_S19,0.04546220387958483,0.07734806629834254,12,12,9,12,1,12,1,10,11,percentage,1,11,true,true,,
19,2,Tommy Chong_S19,0.08130891013723981,0.07734806629834254,12,10,9,10,3,10,3,8,11,percentage,1,11,false,false,,
19,3,Alfonso Ribeiro_S19,0.09473874268005208,0.0906515580736544,11,6,5,6,6,5,7,4,11,percentage,1,11,false,false,,
19,3,Antonio Sabato Jr._S19,0.09607586105596758,0.0821529745042493,11,3,8,6,6,9,3,8,11,percentage,1,11,false,false,,
19,3,Bethany Mota_S19,0.10011710783535546,0.11331444759206799,11,2,1,1,11,1,11,2,11,percentage,1,11,false,false,,
19,3,Betsey Johnson_S19,0.08332092039732474,0.0821529745042493,11,9,8,10,2,10,2,9,11,percentage,1,11,false,false,,
19,3,Janel Parrish_S19,0.09432875540111416,0.11331444759206799,11,7,1,2,10,2,10,1,11,percentage,1,11,false,false,,
19,3,Jonathan Bennett_S19,0.09544058430581011,0.0906515580736544,11,4,5,3,9,3,9,6,11,percentage,1,11,false,false,,
19,3,Lea Thompson_S19,0.0938298372877437,0.08781869688385269,11,8,7,9,3,7,5,7,11,percentage,1,11,false,false,,
19,3,Michael Waltrip_S19,0.10274421067267671,0.07932011331444759,11,1,10,6,6,6,6,10,11,percentage,1,11,false,false,,
19,3,Randy Couture_S19,0.062238822782617186,0.07365439093484419,11,11,11,11,1,11,1,11,11,percentage,1,11,true,true,,
19,3,Sadie Robertson_S19,0.09510045777162023,0.0906515580736544,11,5,5,4,8,4,8,5,11,percentage,1,11,false,false,,
19,3,Tommy Chong_S19,0.0820646998097174,0.09631728045325778,11,10,3,8,4,8,4,3,11,percentage,1,11,false,false,,
19,4,Alfonso Ribeiro_S19,0.10116953277455366,0.125,10,7,1,3,8,1,10,1,11,percentage,1,11,false,false,,
19,4,Antonio Sabato Jr._S19,0.10609803946590358,0.090625,10,4,6,4,6,6,5,7,11,percentage,1,11,false,false,,
19,4,Bethany Mota_S19,0.11453667521023984,0.103125,10,1,5,1,10,3,8,5,11,percentage,1,11,false,false,,
19,4,Betsey Johnson_S19,0.05632362904519026,0.090625,10,10,6,9,2,10,1,6,11,percentage,1,11,false,true,,
19,4,Janel Parrish_S19,0.10240905005646403,0.1125,10,6,4,4,6,5,6,4,11,percentage,1,11,false,false,,
19,4,Jonathan Bennett_S19,0.11017133093557545,0.075,10,3,10,8,3,8,3,10,11,percentage,1,11,false,false,,
19,4,Lea Thompson_S19,0.1034813563007494,0.121875,10,5,2,2,9,2,9,2,11,percentage,1,11,false,false,,
19,4,Michael Waltrip_S19,0.11113014993574659,0.078125,10,2,9,6,4,7,4,9,11,percentage,1,11,false,false,,
19,4,Sadie Robertson_S19,0.10044769539444838,0.115625,10,8,3,6,4,4,7,3,11,percentage,1,11,false,false,,
19,4,Tommy Chong_S19,0.09423254088112887,0.0875,10,9,8,10,1,9,2,8,11,percentage,1,11,true,false,,
19,5,Alfonso Ribeiro_S19,0.11266920781025018,0.12878787878787878,9,4,2,1,8,3,7,2,11,percentage,0,11,false,false,,
19,5,Antonio Sabato Jr._S19,0.1105416813256162,0.10606060606060606,9,7,6,7,2,6,4,6,11,percentage,0,11,false,false,,
19,5,Bethany Mota_S19,0.12378676887445701,0.12121212121212122,9,1,5,1,8,1,9,5,11,percentage,0,11,false,false,,
19,5,Janel Parrish_S19,0.11284788645353962,0.125,9,3,4,3,6,5,5,4,11,percentage,0,11,false,false,,
19,5,Jonathan Bennett_S19,0.11057892523536192,0.09090909090909091,9,6,7,7,2,7,3,7,11,percentage,0,11,false,false,,
19,5,Lea Thompson_S19,0.11078475584627782,0.12878787878787878,9,5,2,3,6,4,6,3,11,percentage,0,11,false,false,,
19,5,Michael Waltrip_S19,0.11704794876412339,0.07575757575757576,9,2,9,6,4,8,2,9,11,percentage,0,11,false,false,,
19,5,Sadie Robertson_S19,0.10765244906791095,0.13636363636363635,9,8,1,5,5,2,8,1,11,percentage,0,11,false,false,,
19,5,Tommy Chong_S19,0.0940903766224635,0.08712121212121213,9,9,8,9,1,9,1,8,11,percentage,0,11,false,false,,
19,6,Alfonso Ribeiro_S19,0.11380623318879314,0.13310580204778158,9,5,1,2,8,1,9,1,11,percentage,1,11,false,false,,
19,6,Antonio Sabato Jr._S19,0.12074633164657374,0.09556313993174062,9,2,8,6,4,7,3,8,11,percentage,1,11,false,false,,
19,6,Bethany Mota_S19,0.12071089629551651,0.12286689419795221,9,3,2,1,9,2,8,2,11,percentage,1,11,false,false,,
19,6,Janel Parrish_S19,0.11256231431063214,0.11262798634812286,9,6,4,6,4,6,4,4,11,percentage,1,11,false,false,,
19,6,Jonathan Bennett_S19,0.06772220389475467,0.10921501706484642,9,9,5,8,2,9,1,6,11,percentage,1,11,false,true,,
19,6,Lea Thompson_S19,0.117370886388763,0.10921501706484642,9,4,5,4,6,4,6,5,11,percentage,1,11,false,false,,
19,6,Michael Waltrip_S19,0.12359459674439278,0.10238907849829351,9,1,7,3,7,5,5,7,11,percentage,1,11,false,false,,
19,6,Sadie Robertson_S19,0.11175871985843319,0.11945392491467577,9,7,3,6,4,3,7,3,11,percentage,1,11,false,false,,
19,6,Tommy Chong_S19,0.1117278176721412,0.09556313993174062,9,8,8,9,1,8,2,9,11,percentage,1,11,true,false,,
19,7,Alfonso Ribeiro_S19,0.1290745827784307,0.13152804642166344,8,5,3,3,5,3,6,3,11,percentage,1,11,false,false,,
19,7,Antonio Sabato Jr._S19,0.08302391744504937,0.11411992263056092,8,8,7,8,1,8,1,7,11,percentage,1,11,true,true,,
19,7,Bethany Mota_S19,0.13936628127013173,0.1450676982591876,8,1,1,1,8,1,8,1,11,percentage,1,11,false,false,,
19,7,Janel Parrish_S19,0.12893657156070493,0.12959381044487428,8,6,4,5,3,4,5,4,11,percentage,1,11,false,false,,
19,7,Lea Thompson_S19,0.12911220605113874,0.13539651837524178,8,4,2,2,7,2,7,2,11,percentage,1,11,false,false,,
19,7,Michael Waltrip_S19,0.1389724043423478,0.10831721470019343,8,2,8,5,3,6,3,8,11,percentage,1,11,false,false,,
19,7,Sadie Robertson_S19,0.1302721325977767,0.11992263056092843,8,3,5,3,5,5,4,5,11,percentage,1,11,false,false,,
19,7,Tommy Chong_S19,0.12124190395442035,0.11605415860735009,8,7,6,7,2,7,2,6,11,percentage,1,11,false,false,,
19,8,Alfonso Ribeiro_S19,0.1469168055128823,0.16532258064516128,7,3,2,2,5,3,5,2,11,percentage,1,11,false,false,,
19,8,Bethany Mota_S19,0.15666431693139557,0.16129032258064516,7,1,3,1,7,1,7,3,11,percentage,1,11,false,false,,
19,8,Janel Parrish_S19,0.14262559387127052,0.17338709677419356,7,4,1,2,5,2,6,1,11,percentage,1,11,false,false,,
19,8,Lea Thompson_S19,0.15331293846743518,0.12903225806451613,7,2,5,4,4,5,3,5,11,percentage,1,11,false,false,,
19,8,Michael Waltrip_S19,0.11700308937502123,0.10080645161290322,7,7,7,7,1,7,1,7,11,percentage,1,11,true,true,,
19,8,Sadie Robertson_S19,0.14211718933470155,0.1532258064516129,7,5,4,5,3,4,4,4,11,percentage,1,11,false,false,,
19,8,Tommy Chong_S19,0.14136006650729405,0.11693548387096774,7,6,6,6,2,6,2,6,11,percentage,1,11,false,false,,
19,9,Alfonso Ribeiro_S19,0.17453812187615958,0.17990654205607476,6,5,1,3,4,3,4,2,11,percentage,1,11,false,false,,
19,9,Bethany Mota_S19,0.18523694409984043,0.17289719626168223,6,1,3,1,6,1,6,3,11,percentage,1,11,false,false,,
19,9,Janel Parrish_S19,0.17493838600248085,0.17990654205607476,6,4,1,2,5,2,5,1,11,percentage,1,11,false,false,,
19,9,Lea Thompson_S19,0.11126241372514323,0.16355140186915887,6,6,5,6,1,6,1,5,11,percentage,1,11,true,true,,
19,9,Sadie Robertson_S19,0.17528477666386458,0.1705607476635514,6,3,4,4,3,4,3,4,11,percentage,1,11,false,false,,
19,9,Tommy Chong_S19,0.17873935763251222,0.13317757009345793,6,2,6,5,2,5,2,6,11,percentage,1,11,false,false,,
19,10,Alfonso Ribeiro_S19,0.21243981078985824,0.2054794520547945,5,2,3,3,3,3,3,3,11,percentage,1,11,false,false,,
19,10,Bethany Mota_S19,0.2226408975210183,0.20821917808219179,5,1,2,1,5,1,5,2,11,percentage,1,11,false,false,,
19,10,Janel Parrish_S19,0.2074712867565401,0.2136986301369863,5,3,1,2,4,2,4,1,11,percentage,1,11,false,false,,
19,10,Sadie Robertson_S19,0.20658526081392076,0.20273972602739726,5,4,4,4,2,4,2,4,11,percentage,1,11,false,false,,
19,10,Tommy Chong_S19,0.15086274411866224,0.16986301369863013,5,5,5,5,1,5,1,5,11,percentage,1,11,true,true,,
19,11,Alfonso Ribeiro_S19,0.31073509609511407,0.255864084998049,4,1,1,1,4,1,4,1,11,percentage,4,11,true,true,1,1
19,11,Bethany Mota_S19,0.19433201145729886,0.2430708807481466,4,4,4,4,1,4,1,4,11,percentage,4,11,true,true,4,4
19,11,Janel Parrish_S19,0.23056797141696433,0.24946620355267282,4,3,3,3,2,3,2,3,11,percentage,4,11,true,true,3,3
19,11,Sadie Robertson_S19,0.26436492103061976,0.2515988307011316,4,2,2,2,3,2,3,2,11,percentage,4,11,true,true,2,2
20,1,Charlotte McKinney_S20,0.07411809047731678,0.06918238993710692,12,10,11,12,1,12,1,12,10,percentage,0,10,false,false,,
20,1,Chris Soules_S20,0.08962172096823463,0.08176100628930817,12,2,6,4,9,5,8,5,10,percentage,0,10,false,false,,
20,1,Michael Sam_S20,0.09048217514319028,0.08176100628930817,12,1,6,3,10,4,9,7,10,percentage,0,10,false,false,,
20,1,Nastia Liukin_S20,0.08699488977033118,0.09433962264150944,12,7,3,5,8,3,10,3,10,percentage,0,10,false,false,,
20,1,Noah Galloway_S20,0.06643979672995212,0.08176100628930817,12,12,6,10,2,11,2,6,10,percentage,0,10,false,false,,
20,1,Patti LaBelle_S20,0.08265347388453494,0.07861635220125786,12,9,9,10,2,8,5,10,10,percentage,0,10,false,false,,
20,1,Redfoo_S20,0.08714332201316838,0.06918238993710692,12,6,11,8,4,10,3,11,10,percentage,0,10,false,false,,
20,1,Riker Lynch_S20,0.08826728141448639,0.09748427672955975,12,4,2,2,11,2,11,2,10,percentage,0,10,false,false,,
20,1,Robert Herjavec_S20,0.07262072962941146,0.0880503144654088,12,11,4,7,6,9,4,4,10,percentage,0,10,false,false,,
20,1,Rumer Willis_S20,0.08830650728636016,0.10062893081761007,12,3,1,1,12,1,12,1,10,percentage,0,10,false,false,,
20,1,Suzanne Somers_S20,0.08580830108225969,0.07861635220125786,12,8,9,8,4,7,6,9,10,percentage,0,10,false,false,,
20,1,Willow Shields_S20,0.08754371160075514,0.07861635220125786,12,5,9,6,7,6,7,8,10,percentage,0,10,false,false,,
20,2,Charlotte McKinney_S20,0.08219455373035124,0.07492795389048991,12,9,11,11,2,10,3,11,10,percentage,1,10,false,false,,
20,2,Chris Soules_S20,0.09690217680046317,0.06051873198847262,12,1,12,6,6,9,4,12,10,percentage,1,10,false,false,,
20,2,Michael Sam_S20,0.09043530434135476,0.08069164265129683,12,3,7,4,9,5,8,7,10,percentage,1,10,false,false,,
20,2,Nastia Liukin_S20,0.0897284556972189,0.09798270893371758,12,4,1,1,11,1,12,1,10,percentage,1,10,false,false,,
20,2,Noah Galloway_S20,0.07563476292122129,0.07780979827089338,12,11,10,12,1,11,2,10,10,percentage,1,10,true,false,,
20,2,Patti LaBelle_S20,0.08784026977100719,0.08069164265129683,12,7,7,8,5,7,6,6,10,percentage,1,10,false,false,,
20,2,Redfoo_S20,0.04068275415080873,0.0893371757925072,12,12,5,9,3,12,1,5,10,percentage,1,10,false,true,,
20,2,Riker Lynch_S20,0.08907254503395184,0.09221902017291066,12,5,3,3,10,3,10,4,10,percentage,1,10,false,false,,
20,2,Robert Herjavec_S20,0.08104863084546889,0.08069164265129683,12,10,7,9,3,8,5,8,10,percentage,1,10,false,false,,
20,2,Rumer Willis_S20,0.09162818754342987,0.09221902017291066,12,2,3,1,11,2,11,3,10,percentage,1,10,false,false,,
20,2,Suzanne Somers_S20,0.08793429597914132,0.08069164265129683,12,6,7,6,6,6,7,9,10,percentage,1,10,false,false,,
20,2,Willow Shields_S20,0.0868980631855828,0.09221902017291066,12,8,3,5,8,4,9,2,10,percentage,1,10,false,false,,
20,3,Charlotte McKinney_S20,0.05978448689209239,0.07028753993610223,11,11,10,11,1,11,1,10,10,percentage,1,10,true,true,,
20,3,Chris Soules_S20,0.09996521784231942,0.08945686900958466,11,2,7,4,8,5,7,7,10,percentage,1,10,false,false,,
20,3,Michael Sam_S20,0.10014932978349562,0.07667731629392971,11,1,9,5,7,7,5,9,10,percentage,1,10,false,false,,
20,3,Nastia Liukin_S20,0.09677801806546574,0.10862619808306709,11,7,1,3,9,2,10,1,10,percentage,1,10,false,false,,
20,3,Noah Galloway_S20,0.07652895559645344,0.09584664536741214,11,10,5,8,3,9,3,5,10,percentage,1,10,false,false,,
20,3,Patti LaBelle_S20,0.09682003683692439,0.07028753993610223,11,6,10,10,2,10,2,11,10,percentage,1,10,false,false,,
20,3,Riker Lynch_S20,0.09697945773597012,0.10862619808306709,11,5,1,1,10,1,11,2,10,percentage,1,10,false,false,,
20,3,Robert Herjavec_S20,0.08415240160124846,0.0926517571884984,11,9,6,8,3,8,4,6,10,percentage,1,10,false,false,,
20,3,Rumer Willis_S20,0.09766557804966501,0.10543130990415335,11,3,3,1,10,3,9,3,10,percentage,1,10,false,false,,
20,3,Suzanne Somers_S20,0.0970539522749179,0.07987220447284345,11,4,8,6,5,6,6,8,10,percentage,1,10,false,false,,
20,3,Willow Shields_S20,0.09412256532144699,0.10223642172523961,11,8,4,6,5,4,8,4,10,percentage,1,10,false,false,,
20,4,Chris Soules_S20,0.11159003003331598,0.08307692307692308,10,1,10,5,5,8,3,10,10,percentage,1,10,false,false,,
20,4,Michael Sam_S20,0.06380266634380848,0.09230769230769231,10,10,7,10,1,10,1,7,10,percentage,1,10,true,true,,
20,4,Nastia Liukin_S20,0.10677595682153235,0.11076923076923077,10,5,2,2,9,2,9,2,10,percentage,1,10,false,false,,
20,4,Noah Galloway_S20,0.0904359303981251,0.09846153846153846,10,9,6,9,2,9,2,6,10,percentage,1,10,false,false,,
20,4,Patti LaBelle_S20,0.105817217347837,0.09230769230769231,10,6,7,8,3,6,5,8,10,percentage,1,10,false,false,,
20,4,Riker Lynch_S20,0.10817079009348338,0.10461538461538461,10,3,4,2,9,4,7,5,10,percentage,1,10,false,false,,
20,4,Robert Herjavec_S20,0.09494388106484648,0.10461538461538461,10,8,4,7,4,5,6,4,10,percentage,1,10,false,false,,
20,4,Rumer Willis_S20,0.10695536983915478,0.1076923076923077,10,4,3,2,9,3,8,3,10,percentage,1,10,false,false,,
20,4,Suzanne Somers_S20,0.10926586135025888,0.08615384615384615,10,2,9,5,5,7,4,9,10,percentage,1,10,false,false,,
20,4,Willow Shields_S20,0.10224229670764041,0.12,10,7,1,4,7,1,10,1,10,percentage,1,10,false,false,,
20,5,Chris Soules_S20,0.12266787453117622,0.09540636042402827,9,1,7,4,6,5,5,7,10,percentage,1,10,false,false,,
20,5,Nastia Liukin_S20,0.11884261349594023,0.13427561837455831,9,3,2,2,8,2,8,2,10,percentage,1,10,false,false,,
20,5,Noah Galloway_S20,0.10365625351498643,0.0989399293286219,9,8,5,7,3,7,3,6,10,percentage,1,10,false,false,,
20,5,Patti LaBelle_S20,0.1179142197181066,0.09540636042402827,9,4,7,6,4,6,4,8,10,percentage,1,10,false,false,,
20,5,Riker Lynch_S20,0.11644269070214606,0.13427561837455831,9,5,2,3,7,3,7,3,10,percentage,1,10,false,false,,
20,5,Robert Herjavec_S20,0.11503553847477378,0.08480565371024736,9,7,9,9,1,8,2,9,10,percentage,1,10,true,false,,
20,5,Rumer Willis_S20,0.11945855128620421,0.13780918727915195,9,2,1,1,9,1,9,1,10,percentage,1,10,false,false,,
20,5,Suzanne Somers_S20,0.07037607946908933,0.0989399293286219,9,9,5,8,2,9,1,5,10,percentage,1,10,false,true,,
20,5,Willow Shields_S20,0.11560617880757902,0.12014134275618374,9,6,4,5,5,4,6,4,10,percentage,1,10,false,false,,
20,6,Chris Soules_S20,0.13729597785077433,0.12367491166077739,8,3,5,5,4,5,4,5,10,percentage,1,10,false,false,,
20,6,Nastia Liukin_S20,0.13732438065974828,0.12897526501766785,8,2,2,1,8,2,7,3,10,percentage,1,10,false,false,,
20,6,Noah Galloway_S20,0.1161703077376726,0.12014134275618374,8,7,6,6,3,7,2,6,10,percentage,1,10,false,false,,
20,6,Patti LaBelle_S20,0.07854885147167405,0.12014134275618374,8,8,6,7,1,8,1,7,10,percentage,1,10,false,true,,
20,6,Riker Lynch_S20,0.1352336045592181,0.13427561837455831,8,4,1,2,6,1,8,1,10,percentage,1,10,false,false,,
20,6,Robert Herjavec_S20,0.12443888184975346,0.11837455830388692,8,6,8,7,1,6,3,8,10,percentage,1,10,true,false,,
20,6,Rumer Willis_S20,0.13760323337096747,0.1254416961130742,8,1,4,2,6,3,6,4,10,percentage,1,10,false,false,,
20,6,Willow Shields_S20,0.13338476250019127,0.12897526501766785,8,5,2,4,5,4,5,2,10,percentage,1,10,false,false,,
20,7,Chris Soules_S20,0.16597598339698955,0.1220472440944882,7,1,6,3,4,4,4,7,10,percentage,1,10,false,false,,
20,7,Nastia Liukin_S20,0.15207725078565962,0.16141732283464566,7,5,1,1,6,1,7,1,10,percentage,1,10,false,false,,
20,7,Noah Galloway_S20,0.13142680380083535,0.14960629921259844,7,6,3,5,2,5,3,3,10,percentage,1,10,false,false,,
20,7,Riker Lynch_S20,0.15649962021554012,0.14566929133858267,7,3,4,3,4,3,5,4,10,percentage,1,10,false,false,,
20,7,Robert Herjavec_S20,0.15297757512770013,0.1220472440944882,7,4,6,7,1,6,2,6,10,percentage,1,10,true,false,,
20,7,Rumer Willis_S20,0.15912097190285177,0.14566929133858267,7,2,4,1,6,2,6,5,10,percentage,1,10,false,false,,
20,7,Willow Shields_S20,0.08192179477042195,0.15354330708661418,7,7,2,5,2,7,1,2,10,percentage,1,10,false,true,,
20,8,Chris Soules_S20,0.1354925105840987,0.15130023640661938,6,5,4,4,2,5,2,4,10,percentage,2,10,false,true,,
20,8,Nastia Liukin_S20,0.19019483020634564,0.17966903073286053,6,1,3,2,5,2,5,3,10,percentage,2,10,false,false,,
20,8,Noah Galloway_S20,0.1779739074306366,0.14893617021276595,6,4,5,4,2,4,3,5,10,percentage,2,10,true,false,,
20,8,Riker Lynch_S20,0.1852692637697788,0.18439716312056736,6,3,2,3,4,3,4,2,10,percentage,2,10,false,false,,
20,8,Robert Herjavec_S20,0.12565696393260536,0.14657210401891252,6,6,6,6,1,6,1,6,10,percentage,2,10,true,true,,
20,8,Rumer Willis_S20,0.18541252407653236,0.18912529550827423,6,2,1,1,6,1,6,1,10,percentage,2,10,false,false,,
20,9,Nastia Liukin_S20,0.1810773690828519,0.25477707006369427,4,4,1,3,2,4,1,2,10,percentage,1,10,false,true,,
20,9,Noah Galloway_S20,0.25018805563646995,0.24203821656050956,4,3,4,4,1,3,2,4,10,percentage,1,10,true,false,,
20,9,Riker Lynch_S20,0.28392790763038567,0.25477707006369427,4,2,1,1,4,1,4,1,10,percentage,1,10,false,false,,
20,9,Rumer Willis_S20,0.28480666765029244,0.2484076433121019,4,1,3,2,3,2,3,3,10,percentage,1,10,false,false,,
20,10,Noah Galloway_S20,0.24500430940291557,0.3103448275862069,3,3,3,3,1,3,1,3,10,percentage,3,10,true,true,3,3
20,10,Riker Lynch_S20,0.3338212486484332,0.3448275862068966,3,2,1,2,2,2,2,2,10,percentage,3,10,true,true,2,2
20,10,Rumer Willis_S20,0.4211744419486513,0.3448275862068966,3,1,1,1,3,1,3,1,10,percentage,3,10,true,true,1,1
21,1,Alek Skarlatos_S21,0.05448975213549834,0.088,13,13,5,10,3,8,6,5,11,percentage,0,11,false,false,,
21,1,Alexa PenaVega_S21,0.08007963882434727,0.088,13,2,5,1,13,6,8,6,11,percentage,0,11,false,false,,
21,1,Andy Grammer_S21,0.07822075292627675,0.084,13,6,7,6,7,7,7,7,11,percentage,0,11,false,false,,
21,1,Bindi Irwin_S21,0.07801026937890781,0.096,13,7,1,3,11,1,13,1,11,percentage,0,11,false,false,,
21,1,Carlos PenaVega_S21,0.07904576759128337,0.092,13,5,3,3,11,4,10,4,11,percentage,0,11,false,false,,
21,1,Chaka Khan_S21,0.0754683904737978,0.052,13,11,12,13,1,13,1,12,11,percentage,0,11,false,false,,
21,1,Gary Busey_S21,0.07780275567316118,0.06,13,8,10,10,3,10,4,9,11,percentage,0,11,false,false,,
21,1,Hayes Grier_S21,0.08713336834822932,0.084,13,1,7,3,11,2,12,8,11,percentage,0,11,false,false,,
21,1,Kim Zolciak-Biermann_S21,0.08005562166484388,0.048,13,3,13,9,5,12,2,13,11,percentage,0,11,false,false,,
21,1,Nick Carter_S21,0.07512804200965813,0.096,13,12,1,6,7,3,11,2,11,percentage,0,11,false,false,,
21,1,Paula Deen_S21,0.0772289803297486,0.06,13,10,10,12,2,11,3,10,11,percentage,0,11,false,false,,
21,1,Tamar Braxton_S21,0.07753650684540118,0.092,13,9,3,5,9,5,9,3,11,percentage,0,11,false,false,,
21,1,Victor Espinoza_S21,0.07980015379884596,0.06,13,4,10,8,6,9,5,11,11,percentage,0,11,false,false,,
21,2,Alek Skarlatos_S21,0.06753501162255704,0.08317929759704251,13,10,5,10,4,10,4,5,11,percentage,3,11,false,false,,
21,2,Alexa PenaVega_S21,0.08275067865997676,0.08502772643253234,13,5,3,2,12,3,11,3,11,percentage,3,11,false,false,,
21,2,Andy Grammer_S21,0.08405127460436547,0.08133086876155268,13,4,8,6,7,5,9,8,11,percentage,3,11,false,false,,
21,2,Bindi Irwin_S21,0.07805602118397235,0.08872458410351201,13,9,2,4,9,4,10,2,11,percentage,3,11,false,false,,
21,2,Carlos PenaVega_S21,0.08199805563689468,0.08317929759704251,13,7,5,6,7,7,7,6,11,percentage,3,11,false,false,,
21,2,Chaka Khan_S21,0.0644166224642536,0.05545286506469501,13,11,13,13,1,13,1,13,11,percentage,3,11,true,true,,
21,2,Gary Busey_S21,0.09032862195249496,0.06099815157116451,13,1,12,8,5,9,5,12,11,percentage,3,11,false,false,,
21,2,Hayes Grier_S21,0.08758701846262609,0.08317929759704251,13,2,5,1,13,2,12,4,11,percentage,3,11,false,false,,
21,2,Kim Zolciak-Biermann_S21,0.057689649961253996,0.06839186691312385,13,12,10,11,3,11,3,11,11,percentage,3,11,true,true,,
21,2,Nick Carter_S21,0.08210053627630022,0.08317929759704251,13,6,5,4,9,6,8,7,11,percentage,3,11,false,false,,
21,2,Paula Deen_S21,0.08660900514424964,0.06839186691312385,13,3,10,8,5,8,6,9,11,percentage,3,11,false,false,,
21,2,Tamar Braxton_S21,0.08134940929006962,0.09057301293900184,13,8,1,3,11,1,13,1,11,percentage,3,11,false,false,,
21,2,Victor Espinoza_S21,0.05552809474098052,0.06839186691312385,13,13,10,12,2,12,2,10,11,percentage,3,11,true,true,,
21,3,Alek Skarlatos_S21,0.06786878342100887,0.10819672131147541,10,10,3,7,4,9,2,4,11,percentage,0,11,false,false,,
21,3,Alexa PenaVega_S21,0.10303792429534403,0.1180327868852459,10,5,1,3,8,2,9,2,11,percentage,0,11,false,false,,
21,3,Andy Grammer_S21,0.10227521120529347,0.09508196721311475,10,6,8,8,3,7,4,8,11,percentage,0,11,false,false,,
21,3,Bindi Irwin_S21,0.102209986760141,0.10491803278688525,10,7,5,6,5,5,6,5,11,percentage,0,11,false,false,,
21,3,Carlos PenaVega_S21,0.10318823718552206,0.10163934426229508,10,4,6,5,6,6,5,6,11,percentage,0,11,false,false,,
21,3,Gary Busey_S21,0.09972758801747025,0.08196721311475409,10,9,9,9,1,8,3,9,11,percentage,0,11,false,false,,
21,3,Hayes Grier_S21,0.11381739320255897,0.09836065573770492,10,1,7,4,7,4,7,7,11,percentage,0,11,false,false,,
21,3,Nick Carter_S21,0.10322691736481777,0.1180327868852459,10,3,1,1,10,1,10,1,11,percentage,0,11,false,false,,
21,3,Paula Deen_S21,0.10024796996718688,0.06557377049180328,10,8,10,9,1,10,1,10,11,percentage,0,11,false,false,,
21,3,Tamar Braxton_S21,0.1043999885806568,0.10819672131147541,10,2,3,2,9,3,8,3,11,percentage,0,11,false,false,,
21,4,Alek Skarlatos_S21,0.07867954844995112,0.1016949152542373,10,9,6,9,2,9,2,6,11,percentage,1,11,false,false,,
21,4,Alexa PenaVega_S21,0.10736090082669539,0.08898305084745763,10,2,8,5,6,7,4,8,11,percentage,1,11,false,false,,
21,4,Andy Grammer_S21,0.1046157464515798,0.09745762711864407,10,5,7,7,3,6,5,7,11,percentage,1,11,false,false,,
21,4,Bindi Irwin_S21,0.10053150960117932,0.11864406779661017,10,7,1,2,9,2,9,1,11,percentage,1,11,false,false,,
21,4,Carlos PenaVega_S21,0.10595724432241199,0.1059322033898305,10,4,5,3,7,5,6,5,11,percentage,1,11,false,false,,
21,4,Gary Busey_S21,0.07726798961022013,0.06779661016949153,10,10,10,10,1,10,1,10,11,percentage,1,11,true,true,,
21,4,Hayes Grier_S21,0.11372100513348116,0.11440677966101695,10,1,3,1,10,1,10,2,11,percentage,1,11,false,false,,
21,4,Nick Carter_S21,0.10443062076160925,0.11440677966101695,10,6,3,3,7,3,8,4,11,percentage,1,11,false,false,,
21,4,Paula Deen_S21,0.10728587392608033,0.07627118644067797,10,3,9,7,3,8,3,9,11,percentage,1,11,false,false,,
21,4,Tamar Braxton_S21,0.100149560916791,0.11440677966101695,10,8,3,6,5,4,7,3,11,percentage,1,11,false,false,,
21,5,Alek Skarlatos_S21,0.06393858190222498,0.09634551495016612,9,9,7,8,2,9,1,8,11,percentage,0,11,false,false,,
21,5,Alexa PenaVega_S21,0.11665841035767355,0.132890365448505,9,4,1,2,8,1,9,1,11,percentage,0,11,false,false,,
21,5,Andy Grammer_S21,0.11644351382824586,0.11960132890365449,9,5,4,5,5,4,6,4,11,percentage,0,11,false,false,,
21,5,Bindi Irwin_S21,0.11473230609999882,0.12292358803986711,9,7,3,6,4,3,7,3,11,percentage,0,11,false,false,,
21,5,Carlos PenaVega_S21,0.11752941385350478,0.12956810631229235,9,2,2,1,9,2,8,2,11,percentage,0,11,false,false,,
21,5,Hayes Grier_S21,0.12715153597968842,0.09966777408637874,9,1,6,3,7,6,4,6,11,percentage,0,11,false,false,,
21,5,Nick Carter_S21,0.1167571069869399,0.11627906976744186,9,3,5,4,6,5,5,5,11,percentage,0,11,false,false,,
21,5,Paula Deen_S21,0.112050480535039,0.08637873754152824,9,8,9,9,1,8,2,9,11,percentage,0,11,false,false,,
21,5,Tamar Braxton_S21,0.1147386504566839,0.09634551495016612,9,6,7,7,3,7,3,7,11,percentage,0,11,false,false,,
21,6,Alek Skarlatos_S21,0.0978127641747218,0.09584664536741214,9,8,7,8,2,8,2,7,11,percentage,1,11,false,false,,
21,6,Alexa PenaVega_S21,0.11880695704292768,0.09584664536741214,9,2,7,4,5,7,3,8,11,percentage,1,11,false,false,,
21,6,Andy Grammer_S21,0.11494484037681686,0.12779552715654952,9,4,2,2,8,2,8,2,11,percentage,1,11,false,false,,
21,6,Bindi Irwin_S21,0.11193571758155228,0.12779552715654952,9,7,2,4,5,3,7,1,11,percentage,1,11,false,false,,
21,6,Carlos PenaVega_S21,0.11458086227293564,0.12140575079872204,9,5,5,6,3,5,5,5,11,percentage,1,11,false,false,,
21,6,Hayes Grier_S21,0.12717638634144837,0.10223642172523961,9,1,6,3,7,6,4,6,11,percentage,1,11,false,false,,
21,6,Nick Carter_S21,0.11297392535912407,0.12460063897763578,9,6,4,6,3,4,6,4,11,percentage,1,11,false,false,,
21,6,Paula Deen_S21,0.08604738684306064,0.07667731629392971,9,9,9,9,1,9,1,9,11,percentage,1,11,true,true,,
21,6,Tamar Braxton_S21,0.11572116000741219,0.12779552715654952,9,3,2,1,9,1,9,3,11,percentage,1,11,false,false,,
21,7,Alek Skarlatos_S21,0.11569013739706524,0.11990950226244344,8,7,8,8,1,7,2,8,11,percentage,1,11,true,false,,
21,7,Alexa PenaVega_S21,0.13554274962363472,0.1244343891402715,8,1,5,2,7,4,5,5,11,percentage,1,11,false,false,,
21,7,Andy Grammer_S21,0.13362613038389065,0.12669683257918551,8,5,3,4,5,3,6,2,11,percentage,1,11,false,false,,
21,7,Bindi Irwin_S21,0.13146883446244398,0.13122171945701358,8,6,1,3,6,1,8,1,11,percentage,1,11,false,false,,
21,7,Carlos PenaVega_S21,0.13506645038660672,0.12669683257918551,8,2,3,1,8,2,7,3,11,percentage,1,11,false,false,,
21,7,Hayes Grier_S21,0.079705119076923,0.12669683257918551,8,8,3,7,2,8,1,4,11,percentage,1,11,false,true,,
21,7,Nick Carter_S21,0.13457996650087223,0.12217194570135746,8,3,6,5,4,5,4,7,11,percentage,1,11,false,false,,
21,7,Tamar Braxton_S21,0.13432061216856325,0.12217194570135746,8,4,6,6,3,6,3,6,11,percentage,1,11,false,false,,
21,8,Alek Skarlatos_S21,0.13053004573120594,0.12886637793725134,7,6,6,6,2,6,2,6,11,percentage,1,11,false,false,,
21,8,Alexa PenaVega_S21,0.15588217190415352,0.13917465724120795,7,1,5,3,4,5,3,5,11,percentage,1,11,false,false,,
21,8,Andy Grammer_S21,0.1010618328033303,0.1237106918887378,7,7,7,7,1,7,1,7,11,percentage,1,11,true,true,,
21,8,Bindi Irwin_S21,0.15196076736616793,0.1443303432897215,7,5,3,5,3,4,4,4,11,percentage,1,11,false,false,,
21,8,Carlos PenaVega_S21,0.15309685733879178,0.14948396747618806,7,4,2,3,4,2,6,2,11,percentage,1,11,false,false,,
21,8,Nick Carter_S21,0.1531052395394113,0.17010361887717176,7,3,1,1,7,1,7,1,11,percentage,1,11,false,false,,
21,8,Tamar Braxton_S21,0.15436308531693801,0.1443303432897215,7,2,3,2,6,3,5,3,11,percentage,1,11,false,false,,
21,9,Alek Skarlatos_S21,0.17741425039834688,0.15501519756838905,6,4,5,5,2,4,3,5,11,percentage,2,11,true,false,,
21,9,Alexa PenaVega_S21,0.1147408079013873,0.182370820668693,6,6,1,4,3,5,2,2,11,percentage,2,11,false,true,,
21,9,Bindi Irwin_S21,0.18579815799605992,0.182370820668693,6,3,1,1,6,1,6,1,11,percentage,2,11,false,false,,
21,9,Carlos PenaVega_S21,0.192406556275505,0.1641337386018237,6,1,4,2,4,3,4,4,11,percentage,2,11,false,false,,
21,9,Nick Carter_S21,0.19199978441082358,0.16717325227963525,6,2,3,2,4,2,5,3,11,percentage,2,11,false,false,,
21,9,Tamar Braxton_S21,0.1376404430178771,0.14893617021276595,6,5,6,6,1,6,1,6,11,percentage,2,11,true,true,,
21,10,Alek Skarlatos_S21,0.19142554345469923,0.24050632911392406,4,4,3,4,1,4,1,3,11,percentage,0,11,false,false,,
21,10,Bindi Irwin_S21,0.2640606161966312,0.26582278481012656,4,3,1,2,3,2,3,2,11,percentage,0,11,false,false,,
21,10,Carlos PenaVega_S21,0.27283938545529024,0.26582278481012656,4,1,1,1,4,1,4,1,11,percentage,0,11,false,false,,
21,10,Nick Carter_S21,0.27167445489337966,0.22784810126582278,4,2,4,3,2,3,2,4,11,percentage,0,11,false,false,,
21,11,Alek Skarlatos_S21,0.2332003844157333,0.23728748922668577,4,3,4,4,1,3,2,4,11,percentage,4,11,true,true,4,3
21,11,Bindi Irwin_S21,0.3211156450179459,0.25423750359110475,4,1,2,1,4,1,4,2,11,percentage,4,11,true,true,1,1
21,11,Carlos PenaVega_S21,0.17691757910398612,0.25423750359110475,4,4,2,3,2,4,1,1,11,percentage,4,11,true,true,3,4
21,11,Nick Carter_S21,0.2687663914623367,0.25423750359110475,4,2,2,2,3,2,3,3,11,percentage,4,11,true,true,2,2
22,1,Antonio Brown_S22,0.08861440876226796,0.08860759493670886,12,4,5,2,11,4,9,4,10,percentage,0,10,false,false,,
22,1,Doug Flutie_S22,0.08900445611873968,0.06329113924050633,12,1,11,6,7,11,2,11,10,percentage,0,10,false,false,,
22,1,Geraldo Rivera_S22,0.05658983841962052,0.05485232067510549,12,12,12,12,1,12,1,12,10,percentage,0,10,false,false,,
22,1,Ginger Zee_S22,0.08357535283548456,0.0970464135021097,12,10,2,6,7,2,11,3,10,percentage,0,10,false,false,,
22,1,Jodie Sweetin_S22,0.0888194681247616,0.08438818565400844,12,3,8,4,9,7,6,8,10,percentage,0,10,false,false,,
22,1,Kim Fields_S22,0.08802505356292649,0.08438818565400844,12,5,8,8,4,8,5,9,10,percentage,0,10,false,false,,
22,1,Marla Maples_S22,0.08586995018159334,0.08860759493670886,12,7,5,6,7,5,8,7,10,percentage,0,10,false,false,,
22,1,Mischa Barton_S22,0.08712678347639669,0.06751054852320675,12,6,10,11,2,10,3,10,10,percentage,0,10,false,false,,
22,1,Nyle DiMarco_S22,0.0732559176357713,0.0970464135021097,12,11,2,8,4,9,4,1,10,percentage,0,10,false,false,,
22,1,Paige VanZant_S22,0.08481353630901452,0.08860759493670886,12,9,5,10,3,6,7,5,10,percentage,0,10,false,false,,
22,1,Von Miller_S22,0.08882657543992219,0.08860759493670886,12,2,5,1,12,3,10,6,10,percentage,0,10,false,false,,
22,1,Wanya Morris_S22,0.08547865913350074,0.0970464135021097,12,8,2,3,10,1,12,2,10,percentage,0,10,false,false,,
22,2,Antonio Brown_S22,0.08925451776811213,0.08050847457627118,12,2,9,4,8,8,5,9,10,percentage,1,10,false,false,,
22,2,Doug Flutie_S22,0.08744937988494243,0.0847457627118644,12,7,6,8,5,6,7,6,10,percentage,1,10,false,false,,
22,2,Geraldo Rivera_S22,0.04818556746874396,0.05508474576271186,12,12,12,12,1,12,1,12,10,percentage,1,10,true,true,,
22,2,Ginger Zee_S22,0.08492327572884478,0.08898305084745763,12,9,3,6,6,4,9,3,10,percentage,1,10,false,false,,
22,2,Jodie Sweetin_S22,0.08806200669325648,0.08898305084745763,12,4,3,1,11,3,10,4,10,percentage,1,10,false,false,,
22,2,Kim Fields_S22,0.08796015225907251,0.08050847457627118,12,5,9,9,3,9,4,10,10,percentage,1,10,false,false,,
22,2,Marla Maples_S22,0.0867604397918247,0.0847457627118644,12,8,6,9,3,7,6,7,10,percentage,1,10,false,false,,
22,2,Mischa Barton_S22,0.09054231337192033,0.0635593220338983,12,1,11,6,6,11,2,11,10,percentage,1,10,false,false,,
22,2,Nyle DiMarco_S22,0.07581824355307647,0.0847457627118644,12,11,6,11,2,10,3,8,10,percentage,1,10,false,false,,
22,2,Paige VanZant_S22,0.08428167003110063,0.1016949152542373,12,10,1,4,8,2,11,1,10,percentage,1,10,false,false,,
22,2,Von Miller_S22,0.08880670712748734,0.0847457627118644,12,3,6,3,10,5,8,5,10,percentage,1,10,false,false,,
22,2,Wanya Morris_S22,0.08795572632161881,0.1016949152542373,12,6,1,1,11,1,12,2,10,percentage,1,10,false,false,,
22,3,Antonio Brown_S22,0.09840727014683552,0.08438818565400844,11,1,9,4,8,7,5,8,10,percentage,1,10,false,false,,
22,3,Doug Flutie_S22,0.0960344576642463,0.08438818565400844,11,3,9,7,5,9,3,10,10,percentage,1,10,false,false,,
22,3,Ginger Zee_S22,0.09300284885872577,0.08860759493670886,11,8,6,9,2,8,4,6,10,percentage,1,10,false,false,,
22,3,Jodie Sweetin_S22,0.09537833141011488,0.0970464135021097,11,4,3,1,11,2,10,4,10,percentage,1,10,false,false,,
22,3,Kim Fields_S22,0.0941143655617304,0.09282700421940929,11,7,5,7,5,5,7,5,10,percentage,1,10,false,false,,
22,3,Marla Maples_S22,0.09693006880005345,0.08860759493670886,11,2,6,2,9,6,6,7,10,percentage,1,10,false,false,,
22,3,Mischa Barton_S22,0.06392016548612825,0.0759493670886076,11,11,11,11,1,11,1,11,10,percentage,1,10,true,true,,
22,3,Nyle DiMarco_S22,0.08170336812963504,0.10548523206751055,11,10,1,5,7,4,8,1,10,percentage,1,10,false,false,,
22,3,Paige VanZant_S22,0.09107718092163396,0.0970464135021097,11,9,3,7,5,3,9,3,10,percentage,1,10,false,false,,
22,3,Von Miller_S22,0.09518300446703516,0.08438818565400844,11,5,9,9,2,10,2,9,10,percentage,1,10,false,false,,
22,3,Wanya Morris_S22,0.09424893855386157,0.10126582278481013,11,6,2,2,9,1,11,2,10,percentage,1,10,false,false,,
22,4,Antonio Brown_S22,0.10209626198405368,0.109717868338558,10,6,3,3,8,3,8,4,10,percentage,1,10,false,false,,
22,4,Doug Flutie_S22,0.11248029498546637,0.07523510971786834,10,1,10,7,3,9,2,10,10,percentage,1,10,false,false,,
22,4,Ginger Zee_S22,0.09928121648719002,0.11285266457680251,10,8,1,3,8,2,9,2,10,percentage,1,10,false,false,,
22,4,Jodie Sweetin_S22,0.10880545164137441,0.08463949843260188,10,2,9,7,3,8,3,9,10,percentage,1,10,false,false,,
22,4,Kim Fields_S22,0.10758508361391203,0.10031347962382445,10,3,6,3,8,5,6,6,10,percentage,1,10,false,false,,
22,4,Marla Maples_S22,0.06749128266834158,0.0877742946708464,10,10,8,10,1,10,1,8,10,percentage,1,10,true,true,,
22,4,Nyle DiMarco_S22,0.09237547099205236,0.10658307210031348,10,9,5,9,2,7,4,5,10,percentage,1,10,false,false,,
22,4,Paige VanZant_S22,0.10224574468852383,0.11285266457680251,10,5,1,1,10,1,10,1,10,percentage,1,10,false,false,,
22,4,Von Miller_S22,0.10671851456977399,0.10031347962382445,10,4,6,5,5,6,5,7,10,percentage,1,10,false,false,,
22,4,Wanya Morris_S22,0.10092067836931118,0.109717868338558,10,7,3,5,5,4,7,3,10,percentage,1,10,false,false,,
22,5,Antonio Brown_S22,0.11761757901472891,0.09420289855072464,9,1,9,3,6,9,1,9,10,percentage,0,10,false,false,,
22,5,Doug Flutie_S22,0.11384038822887729,0.10144927536231885,9,4,7,6,4,7,3,8,10,percentage,0,10,false,false,,
22,5,Ginger Zee_S22,0.1091173037630365,0.11594202898550725,9,8,3,6,4,4,6,3,10,percentage,0,10,false,false,,
22,5,Jodie Sweetin_S22,0.11404205619041821,0.12681159420289856,9,2,2,1,9,1,9,2,10,percentage,0,10,false,false,,
22,5,Kim Fields_S22,0.11262720297112225,0.10144927536231885,9,6,7,9,1,8,2,7,10,percentage,0,10,false,false,,
22,5,Nyle DiMarco_S22,0.09551702182352345,0.13405797101449277,9,9,1,3,6,2,8,1,10,percentage,0,10,false,false,,
22,5,Paige VanZant_S22,0.11396175804554802,0.11231884057971014,9,3,4,2,8,3,7,4,10,percentage,0,10,false,false,,
22,5,Von Miller_S22,0.11298030579258306,0.10507246376811594,9,5,6,6,4,6,4,6,10,percentage,0,10,false,false,,
22,5,Wanya Morris_S22,0.11029638417016258,0.10869565217391304,9,7,5,8,2,5,5,5,10,percentage,0,10,false,false,,
22,6,Antonio Brown_S22,0.11739869788586585,0.11894273127753303,9,3,3,1,8,3,7,3,10,percentage,1,10,false,false,,
22,6,Doug Flutie_S22,0.08098843596862632,0.09251101321585903,9,9,9,9,1,9,1,9,10,percentage,1,10,true,true,,
22,6,Ginger Zee_S22,0.11416308106085124,0.10572687224669604,9,6,7,8,2,7,3,8,10,percentage,1,10,false,false,,
22,6,Jodie Sweetin_S22,0.11517904641319154,0.11013215859030837,9,5,4,5,4,4,6,5,10,percentage,1,10,false,false,,
22,6,Kim Fields_S22,0.11901961754810111,0.10572687224669604,9,1,7,3,6,5,5,7,10,percentage,1,10,false,false,,
22,6,Nyle DiMarco_S22,0.10547249644807795,0.11013215859030837,9,8,4,7,3,8,2,4,10,percentage,1,10,false,false,,
22,6,Paige VanZant_S22,0.11592317792913225,0.12334801762114538,9,4,2,1,8,2,8,2,10,percentage,1,10,false,false,,
22,6,Von Miller_S22,0.11817353788136387,0.10572687224669604,9,2,7,5,4,6,4,6,10,percentage,1,10,false,false,,
22,6,Wanya Morris_S22,0.11368190886478996,0.1277533039647577,9,7,1,3,6,1,9,1,10,percentage,1,10,false,false,,
22,7,Antonio Brown_S22,0.14115269761069277,0.12149532710280374,8,1,6,3,6,3,6,5,10,percentage,2,10,false,false,,
22,7,Ginger Zee_S22,0.1334988148881676,0.12850467289719625,8,5,3,5,4,4,5,2,10,percentage,2,10,false,false,,
22,7,Jodie Sweetin_S22,0.14112629705285581,0.1191588785046729,8,2,8,6,3,5,4,8,10,percentage,2,10,false,false,,
22,7,Kim Fields_S22,0.09214619815099098,0.12149532710280374,8,8,6,8,1,8,1,6,10,percentage,2,10,true,true,,
22,7,Nyle DiMarco_S22,0.12707128636792686,0.1308411214953271,8,6,1,3,6,6,3,1,10,percentage,2,10,false,false,,
22,7,Paige VanZant_S22,0.13576672965507594,0.12850467289719625,8,4,3,3,6,2,7,3,10,percentage,2,10,false,false,,
22,7,Von Miller_S22,0.09228774207921656,0.12149532710280374,8,7,6,7,2,7,2,7,10,percentage,2,10,true,true,,
22,7,Wanya Morris_S22,0.13695023419507313,0.12850467289719625,8,3,3,1,8,1,8,4,10,percentage,2,10,false,false,,
22,8,Antonio Brown_S22,0.1867205886429121,0.15976331360946747,6,2,5,3,3,3,4,5,10,percentage,1,10,false,false,,
22,8,Ginger Zee_S22,0.17200069675217727,0.17751479289940827,6,4,1,1,6,1,6,2,10,percentage,1,10,false,false,,
22,8,Jodie Sweetin_S22,0.1045692689457712,0.17751479289940827,6,6,1,3,3,6,1,1,10,percentage,1,10,false,true,,
22,8,Nyle DiMarco_S22,0.16507575127742777,0.17159763313609466,6,5,3,6,1,5,2,3,10,percentage,1,10,true,false,,
22,8,Paige VanZant_S22,0.1828717304775727,0.16568047337278108,6,3,4,3,3,2,5,4,10,percentage,1,10,false,false,,
22,8,Wanya Morris_S22,0.18876196390413838,0.14792899408284024,6,1,6,3,3,4,3,6,10,percentage,1,10,false,false,,
22,9,Antonio Brown_S22,0.16430578779266877,0.1916376306620209,5,4,5,5,1,5,1,5,10,percentage,2,10,true,true,,
22,9,Ginger Zee_S22,0.2328915701739846,0.1951219512195122,5,1,4,2,4,2,4,4,10,percentage,2,10,false,false,,
22,9,Nyle DiMarco_S22,0.22159776998897274,0.1986062717770035,5,3,3,3,2,3,3,3,10,percentage,2,10,true,false,,
22,9,Paige VanZant_S22,0.22990144070787263,0.20557491289198607,5,2,2,1,5,1,5,2,10,percentage,2,10,false,false,,
22,9,Wanya Morris_S22,0.15130343133650062,0.20905923344947736,5,5,1,3,2,4,2,1,10,percentage,2,10,false,true,,
22,10,Ginger Zee_S22,0.2693387058548522,0.32567046285270274,3,3,3,3,1,3,1,3,10,percentage,3,10,true,true,3,3
22,10,Nyle DiMarco_S22,0.39982713148804067,0.3333325670462853,3,1,2,1,2,1,3,2,10,percentage,3,10,true,true,1,1
22,10,Paige VanZant_S22,0.3308341626571073,0.340996970101012,3,2,1,1,2,2,2,1,10,percentage,3,10,true,true,1,2
23,1,Amber Rose_S23,0.06643027810382739,0.07272727272727272,13,12,9,12,2,12,2,9,11,percentage,0,11,false,false,,
23,1,Babyface_S23,0.0749943470658315,0.07878787878787878,13,11,5,10,4,8,6,6,11,percentage,0,11,false,false,,
23,1,Calvin Johnson Jr._S23,0.0800763489749972,0.07878787878787878,13,5,5,3,11,5,9,5,11,percentage,0,11,false,false,,
23,1,Jake T. Austin_S23,0.08080569899513099,0.06666666666666667,13,3,11,8,6,10,4,11,11,percentage,0,11,false,false,,
23,1,James Hinchcliffe_S23,0.08472471975158388,0.09393939393939393,13,1,1,1,13,1,13,1,11,percentage,0,11,false,false,,
23,1,Jana Kramer_S23,0.07802895375052164,0.08181818181818182,13,8,3,4,9,3,11,4,11,percentage,0,11,false,false,,
23,1,Laurie Hernandez_S23,0.07941542726756319,0.09393939393939393,13,7,1,2,12,2,12,2,11,percentage,0,11,false,false,,
23,1,Marilu Henner_S23,0.07722313247269469,0.08181818181818182,13,9,3,6,8,4,10,3,11,percentage,0,11,false,false,,
23,1,Maureen McCormick_S23,0.08047748199172398,0.06666666666666667,13,4,11,9,5,11,3,12,11,percentage,0,11,false,false,,
23,1,Rick Perry_S23,0.05872104159915091,0.06060606060606061,13,13,13,13,1,13,1,13,11,percentage,0,11,false,false,,
23,1,Ryan Lochte_S23,0.08330081821095027,0.07272727272727272,13,2,9,4,9,6,8,10,11,percentage,0,11,false,false,,
23,1,Terra Jole_S23,0.07586905246685884,0.07575757575757576,13,10,7,11,3,9,5,8,11,percentage,0,11,false,false,,
23,1,Vanilla Ice_S23,0.07993269934916537,0.07575757575757576,13,6,7,7,7,7,7,7,11,percentage,0,11,false,false,,
23,2,Amber Rose_S23,0.075784818547214,0.06818181818181818,13,11,11,11,3,11,3,11,11,percentage,1,11,false,false,,
23,2,Babyface_S23,0.07789255584530717,0.08522727272727272,13,9,3,6,8,6,8,3,11,percentage,1,11,false,false,,
23,2,Calvin Johnson Jr._S23,0.08448650172938245,0.07954545454545454,13,1,6,3,11,4,10,6,11,percentage,1,11,false,false,,
23,2,Jake T. Austin_S23,0.04686443615605693,0.06818181818181818,13,13,11,12,2,13,1,10,11,percentage,1,11,false,true,,
23,2,James Hinchcliffe_S23,0.08320561940003245,0.08238636363636363,13,2,4,1,12,3,11,4,11,percentage,1,11,false,false,,
23,2,Jana Kramer_S23,0.08090057272087027,0.08238636363636363,13,4,4,4,10,5,9,5,11,percentage,1,11,false,false,,
23,2,Laurie Hernandez_S23,0.08049932366874768,0.09090909090909091,13,5,1,1,12,1,13,1,11,percentage,1,11,false,false,,
23,2,Marilu Henner_S23,0.07974865443585358,0.07670454545454546,13,6,7,7,7,7,7,7,11,percentage,1,11,false,false,,
23,2,Maureen McCormick_S23,0.07793469734475937,0.07386363636363637,13,8,8,9,5,8,6,9,11,percentage,1,11,false,false,,
23,2,Rick Perry_S23,0.07423117202463353,0.0625,13,12,13,13,1,12,2,13,11,percentage,1,11,true,false,,
23,2,Ryan Lochte_S23,0.08211786917916286,0.06818181818181818,13,3,11,8,6,10,4,12,11,percentage,1,11,false,false,,
23,2,Terra Jole_S23,0.07856337956233735,0.08806818181818182,13,7,2,5,9,2,12,2,11,percentage,1,11,false,false,,
23,2,Vanilla Ice_S23,0.07777039938564251,0.07386363636363637,13,10,8,10,4,9,5,8,11,percentage,1,11,false,false,,
23,3,Amber Rose_S23,0.07806477107945692,0.07692307692307693,12,11,9,11,2,11,2,8,11,percentage,1,11,false,false,,
23,3,Babyface_S23,0.08516101277757797,0.07692307692307693,12,9,9,10,3,9,4,10,11,percentage,1,11,false,false,,
23,3,Calvin Johnson Jr._S23,0.08813527354160196,0.09846153846153846,12,4,1,1,11,1,12,1,11,percentage,1,11,false,false,,
23,3,James Hinchcliffe_S23,0.09016568147183567,0.08923076923076922,12,1,4,1,11,3,10,4,11,percentage,1,11,false,false,,
23,3,Jana Kramer_S23,0.08746278975255029,0.08,12,5,7,5,8,7,6,7,11,percentage,1,11,false,false,,
23,3,Laurie Hernandez_S23,0.08186170162434263,0.09538461538461539,12,10,2,5,8,4,9,2,11,percentage,1,11,false,false,,
23,3,Marilu Henner_S23,0.08652718383046476,0.08615384615384615,12,7,5,5,8,5,8,6,11,percentage,1,11,false,false,,
23,3,Maureen McCormick_S23,0.08532034664942248,0.08615384615384615,12,8,5,7,5,6,7,5,11,percentage,1,11,false,false,,
23,3,Rick Perry_S23,0.05249146478856878,0.07076923076923076,12,12,11,12,1,12,1,12,11,percentage,1,11,true,true,,
23,3,Ryan Lochte_S23,0.08699119378970846,0.07692307692307693,12,6,9,9,4,8,5,9,11,percentage,1,11,false,false,,
23,3,Terra Jole_S23,0.08857520287952013,0.09230769230769231,12,3,3,3,10,2,11,3,11,percentage,1,11,false,false,,
23,3,Vanilla Ice_S23,0.08924337781495038,0.07076923076923076,12,2,11,7,5,10,3,11,11,percentage,1,11,false,false,,
23,4,Amber Rose_S23,0.08782516818767461,0.09195402298850575,11,9,4,8,3,9,3,4,11,percentage,2,11,false,false,,
23,4,Babyface_S23,0.07473740607855171,0.06896551724137931,11,10,11,11,1,11,1,11,11,percentage,2,11,true,true,,
23,4,Calvin Johnson Jr._S23,0.10015607390458844,0.08812260536398467,11,2,7,3,9,4,8,7,11,percentage,2,11,false,false,,
23,4,James Hinchcliffe_S23,0.09874343164561007,0.10727969348659004,11,4,2,1,11,1,11,2,11,percentage,2,11,false,false,,
23,4,Jana Kramer_S23,0.09850720970146834,0.08812260536398467,11,5,7,7,5,6,6,8,11,percentage,2,11,false,false,,
23,4,Laurie Hernandez_S23,0.08858081125661048,0.11494252873563218,11,8,1,3,9,2,10,1,11,percentage,2,11,false,false,,
23,4,Marilu Henner_S23,0.0993548832891694,0.08045977011494253,11,3,10,8,3,8,4,10,11,percentage,2,11,false,false,,
23,4,Maureen McCormick_S23,0.09544156475620147,0.09195402298850575,11,7,4,6,6,5,7,5,11,percentage,2,11,false,false,,
23,4,Ryan Lochte_S23,0.10037708284583383,0.0842911877394636,11,1,9,5,7,7,5,9,11,percentage,2,11,false,false,,
23,4,Terra Jole_S23,0.09673821445674655,0.09578544061302682,11,6,3,3,9,3,9,3,11,percentage,2,11,false,false,,
23,4,Vanilla Ice_S23,0.05953815387754458,0.08812260536398467,11,11,7,10,2,10,2,6,11,percentage,2,11,true,true,,
23,5,Amber Rose_S23,0.09658429108281094,0.10434782608695652,9,9,7,9,1,9,1,9,11,percentage,0,11,false,false,,
23,5,Calvin Johnson Jr._S23,0.11449446777976824,0.10434782608695652,9,3,7,5,4,6,4,6,11,percentage,0,11,false,false,,
23,5,James Hinchcliffe_S23,0.1134236845737097,0.12608695652173912,9,4,1,2,8,1,9,1,11,percentage,0,11,false,false,,
23,5,Jana Kramer_S23,0.11180031003815469,0.11304347826086956,9,6,4,5,4,4,6,4,11,percentage,0,11,false,false,,
23,5,Laurie Hernandez_S23,0.10818205406379537,0.10869565217391304,9,8,5,7,3,7,3,5,11,percentage,0,11,false,false,,
23,5,Marilu Henner_S23,0.11310353883263742,0.11739130434782609,9,5,2,3,7,3,7,2,11,percentage,0,11,false,false,,
23,5,Maureen McCormick_S23,0.10959591922782698,0.10434782608695652,9,7,7,8,2,8,2,8,11,percentage,0,11,false,false,,
23,5,Ryan Lochte_S23,0.11727807284497721,0.10434782608695652,9,1,7,4,6,5,5,7,11,percentage,0,11,false,false,,
23,5,Terra Jole_S23,0.11553766155632003,0.11739130434782609,9,2,2,1,9,2,8,3,11,percentage,0,11,false,false,,
23,6,Amber Rose_S23,0.07238032666518562,0.09180327868852459,9,9,9,9,1,9,1,9,11,percentage,1,11,true,true,,
23,6,Calvin Johnson Jr._S23,0.11518000285128441,0.12131147540983607,9,5,3,2,7,3,7,4,11,percentage,1,11,false,false,,
23,6,James Hinchcliffe_S23,0.11842003352483299,0.12459016393442623,9,2,2,1,9,1,9,2,11,percentage,1,11,false,false,,
23,6,Jana Kramer_S23,0.11185665556228275,0.13114754098360656,9,8,1,4,5,2,8,1,11,percentage,1,11,false,false,,
23,6,Laurie Hernandez_S23,0.11311347047006151,0.12131147540983607,9,7,3,6,4,4,6,3,11,percentage,1,11,false,false,,
23,6,Marilu Henner_S23,0.11450147814032335,0.11147540983606558,9,6,5,7,2,5,5,5,11,percentage,1,11,false,false,,
23,6,Maureen McCormick_S23,0.1181031402206457,0.10163934426229508,9,3,6,4,5,6,4,6,11,percentage,1,11,false,false,,
23,6,Ryan Lochte_S23,0.11751919248720076,0.09836065573770492,9,4,7,7,2,8,2,8,11,percentage,1,11,false,false,,
23,6,Terra Jole_S23,0.11892570007818275,0.09836065573770492,9,1,7,2,7,7,3,7,11,percentage,1,11,false,false,,
23,7,Calvin Johnson Jr._S23,0.1287838980286242,0.13430127041742287,8,6,1,3,6,2,7,2,11,percentage,1,11,false,false,,
23,7,James Hinchcliffe_S23,0.130766121390394,0.13430127041742287,8,4,1,1,8,1,8,1,11,percentage,1,11,false,false,,
23,7,Jana Kramer_S23,0.12954585248697104,0.12522686025408347,8,5,4,5,4,5,4,4,11,percentage,1,11,false,false,,
23,7,Laurie Hernandez_S23,0.12811116366666755,0.12522686025408347,8,7,4,7,2,6,3,5,11,percentage,1,11,false,false,,
23,7,Marilu Henner_S23,0.13424224680421212,0.1161524500907441,8,2,8,6,3,7,2,8,11,percentage,1,11,false,false,,
23,7,Maureen McCormick_S23,0.08129627937827559,0.11978221415607986,8,8,6,8,1,8,1,6,11,percentage,1,11,true,true,,
23,7,Ryan Lochte_S23,0.1351570269079736,0.11978221415607986,8,1,6,3,6,4,5,7,11,percentage,1,11,false,false,,
23,7,Terra Jole_S23,0.13209741133688171,0.12522686025408347,8,3,4,3,6,3,6,3,11,percentage,1,11,false,false,,
23,8,Calvin Johnson Jr._S23,0.15361728144607903,0.14925387985460684,7,3,3,2,6,3,5,4,11,percentage,1,11,false,false,,
23,8,James Hinchcliffe_S23,0.1517253152090001,0.1741285314711756,7,4,1,1,7,1,7,1,11,percentage,1,11,false,false,,
23,8,Jana Kramer_S23,0.14429687083752024,0.14925387985460684,7,5,3,4,3,4,4,3,11,percentage,1,11,false,false,,
23,8,Laurie Hernandez_S23,0.14293671426927335,0.1641792678400675,7,6,2,4,3,2,6,2,11,percentage,1,11,false,false,,
23,8,Marilu Henner_S23,0.15525511659348787,0.11442797455519857,7,2,7,6,2,6,2,7,11,percentage,1,11,false,false,,
23,8,Ryan Lochte_S23,0.09686957601009694,0.12935336254065924,7,7,5,7,1,7,1,5,11,percentage,1,11,true,true,,
23,8,Terra Jole_S23,0.15529912563454293,0.11940310388368545,7,1,6,3,5,5,3,6,11,percentage,1,11,false,false,,
23,9,Calvin Johnson Jr._S23,0.1792781854278607,0.16299559471365638,6,2,4,3,4,4,3,4,11,percentage,1,11,false,false,,
23,9,James Hinchcliffe_S23,0.1851579348795292,0.15859030837004406,6,1,5,3,4,3,4,6,11,percentage,1,11,false,false,,
23,9,Jana Kramer_S23,0.16891351022182008,0.1762114537444934,6,5,1,3,4,2,5,1,11,percentage,1,11,false,false,,
23,9,Laurie Hernandez_S23,0.17600798564274336,0.1762114537444934,6,3,1,1,6,1,6,2,11,percentage,1,11,false,false,,
23,9,Marilu Henner_S23,0.11601927802905712,0.15859030837004406,6,6,5,6,1,6,1,5,11,percentage,1,11,true,true,,
23,9,Terra Jole_S23,0.17462310579898935,0.16740088105726872,6,4,3,5,2,5,2,3,11,percentage,1,11,false,false,,
23,10,Calvin Johnson Jr._S23,0.2142129070981327,0.19112627986348124,5,3,5,5,1,4,2,5,11,percentage,1,11,true,false,,
23,10,James Hinchcliffe_S23,0.22145174294846734,0.20136518771331058,5,1,3,1,5,1,5,3,11,percentage,1,11,false,false,,
23,10,Jana Kramer_S23,0.2191368907942957,0.19795221843003413,5,2,4,3,2,2,4,4,11,percentage,1,11,false,false,,
23,10,Laurie Hernandez_S23,0.21199442250586523,0.20477815699658702,5,4,1,2,4,3,3,2,11,percentage,1,11,false,false,,
23,10,Terra Jole_S23,0.13320403665323885,0.20477815699658702,5,5,1,3,2,5,1,1,11,percentage,1,11,false,true,,
23,11,Calvin Johnson Jr._S23,0.22901805795603997,0.25191616266698036,4,3,3,3,2,3,2,3,11,percentage,4,11,true,true,3,3
23,11,James Hinchcliffe_S23,0.2682284406458092,0.25629755904896034,4,2,2,2,3,2,3,2,11,percentage,4,11,true,true,2,2
23,11,Jana Kramer_S23,0.19142920699300459,0.2332976924558098,4,4,4,4,1,4,1,4,11,percentage,4,11,true,true,4,4
23,11,Laurie Hernandez_S23,0.3113242944051461,0.2584885858282496,4,1,1,1,4,1,4,1,11,percentage,4,11,true,true,1,1
24,1,Bonner Bolton_S24,0.08483287719754852,0.0728476821192053,12,7,9,8,5,9,4,9,10,percentage,0,10,false,false,,
24,1,Charo_S24,0.07990201207481001,0.0695364238410596,12,11,10,11,2,10,3,10,10,percentage,0,10,false,false,,
24,1,Chris Kattan_S24,0.07689806686564404,0.056291390728476824,12,12,12,12,1,12,1,12,10,percentage,0,10,false,false,,
24,1,David Ross_S24,0.0856853378794457,0.09271523178807947,12,3,4,4,9,4,9,4,10,percentage,0,10,false,false,,
24,1,Erika Jayne_S24,0.08045458470819274,0.07947019867549669,12,10,7,9,4,8,5,8,10,percentage,0,10,false,false,,
24,1,Heather Morris_S24,0.0850138827968954,0.09271523178807947,12,6,4,5,8,5,8,3,10,percentage,0,10,false,false,,
24,1,Mr. T_S24,0.08106094978564521,0.06622516556291391,12,9,11,10,3,11,2,11,10,percentage,0,10,false,false,,
24,1,Nancy Kerrigan_S24,0.08573443989852518,0.09271523178807947,12,2,4,3,10,3,10,5,10,percentage,0,10,false,false,,
24,1,Nick Viall_S24,0.08533788802640874,0.07947019867549669,12,5,7,6,7,7,6,7,10,percentage,0,10,false,false,,
24,1,Normani_S24,0.0835976752213732,0.08940397350993377,12,8,6,7,6,6,7,6,10,percentage,0,10,false,false,,
24,1,Rashad Jennings_S24,0.08611564831881226,0.10264900662251655,12,1,2,1,12,2,11,2,10,percentage,0,10,false,false,,
24,1,Simone Biles_S24,0.08536663722669927,0.10596026490066225,12,4,1,2,11,1,12,1,10,percentage,0,10,false,false,,
24,2,Bonner Bolton_S24,0.08717634088736509,0.08536585365853659,12,5,6,5,7,6,7,7,10,percentage,1,10,false,false,,
24,2,Charo_S24,0.08456936293740377,0.07621951219512195,12,9,9,11,2,10,3,10,10,percentage,1,10,false,false,,
24,2,Chris Kattan_S24,0.05658601204506203,0.06707317073170732,12,12,11,12,1,12,1,11,10,percentage,1,10,true,true,,
24,2,David Ross_S24,0.08884528146692092,0.08231707317073171,12,2,8,2,10,7,6,8,10,percentage,1,10,false,false,,
24,2,Erika Jayne_S24,0.0872003789126076,0.08536585365853659,12,4,6,2,10,5,8,5,10,percentage,1,10,false,false,,
24,2,Heather Morris_S24,0.08498091215816575,0.09146341463414634,12,7,3,2,10,2,11,3,10,percentage,1,10,false,false,,
24,2,Mr. T_S24,0.08960728239355073,0.06707317073170732,12,1,11,8,5,11,2,12,10,percentage,1,10,false,false,,
24,2,Nancy Kerrigan_S24,0.08490575632501296,0.08536585365853659,12,8,6,10,3,8,5,6,10,percentage,1,10,false,false,,
24,2,Nick Viall_S24,0.08743924666933944,0.07621951219512195,12,3,9,8,5,9,4,9,10,percentage,1,10,false,false,,
24,2,Normani_S24,0.07816370073982278,0.0975609756097561,12,11,1,8,5,3,10,1,10,percentage,1,10,false,false,,
24,2,Rashad Jennings_S24,0.08453832307634204,0.0975609756097561,12,10,1,5,7,1,12,2,10,percentage,1,10,false,false,,
24,2,Simone Biles_S24,0.08598740238840735,0.08841463414634146,12,6,4,2,10,4,9,4,10,percentage,1,10,false,false,,
24,3,Bonner Bolton_S24,0.09818604990700155,0.0761904761904762,11,1,10,5,6,9,3,9,10,percentage,1,10,false,false,,
24,3,Charo_S24,0.05824426807812639,0.0761904761904762,11,11,10,11,1,11,1,10,10,percentage,1,10,true,true,,
24,3,David Ross_S24,0.09112918087265312,0.09841269841269841,11,9,5,8,3,5,7,5,10,percentage,1,10,false,false,,
24,3,Erika Jayne_S24,0.09433100463481403,0.08253968253968254,11,7,7,8,3,8,4,7,10,percentage,1,10,false,false,,
24,3,Heather Morris_S24,0.09485046322287799,0.10476190476190476,11,6,2,2,10,2,10,3,10,percentage,1,10,false,false,,
24,3,Mr. T_S24,0.0949235312917373,0.0761904761904762,11,5,10,10,2,10,2,11,10,percentage,1,10,false,false,,
24,3,Nancy Kerrigan_S24,0.09633799812675899,0.10476190476190476,11,2,2,1,11,1,11,2,10,percentage,1,10,false,false,,
24,3,Nick Viall_S24,0.09632248617847042,0.08253968253968254,11,3,7,3,8,7,5,8,10,percentage,1,10,false,false,,
24,3,Normani_S24,0.08837227944495765,0.10793650793650794,11,10,1,5,6,3,9,1,10,percentage,1,10,false,false,,
24,3,Rashad Jennings_S24,0.09556344264260558,0.08888888888888889,11,4,6,3,8,6,6,6,10,percentage,1,10,false,false,,
24,3,Simone Biles_S24,0.09173929559999724,0.10158730158730159,11,8,4,7,5,4,8,4,10,percentage,1,10,false,false,,
24,4,Bonner Bolton_S24,0.10525956914494403,0.09815950920245399,10,2,5,2,9,5,6,6,10,percentage,1,10,false,false,,
24,4,David Ross_S24,0.10641265554048114,0.0950920245398773,10,1,7,3,7,6,5,7,10,percentage,1,10,false,false,,
24,4,Erika Jayne_S24,0.10180266340635596,0.09202453987730061,10,8,8,9,2,9,2,9,10,percentage,1,10,false,false,,
24,4,Heather Morris_S24,0.10333847466769623,0.10736196319018405,10,6,3,5,5,3,8,3,10,percentage,1,10,false,false,,
24,4,Mr. T_S24,0.06824458106382601,0.08588957055214724,10,10,10,10,1,10,1,10,10,percentage,1,10,true,true,,
24,4,Nancy Kerrigan_S24,0.10358066175790785,0.10122699386503067,10,4,4,3,7,4,7,4,10,percentage,1,10,false,false,,
24,4,Nick Viall_S24,0.10403711384119102,0.09202453987730061,10,3,8,7,4,8,3,8,10,percentage,1,10,false,false,,
24,4,Normani_S24,0.1013128045387043,0.09815950920245399,10,9,5,8,3,7,4,5,10,percentage,1,10,false,false,,
24,4,Rashad Jennings_S24,0.10339239535890843,0.1196319018404908,10,5,1,1,10,1,10,1,10,percentage,1,10,false,false,,
24,4,Simone Biles_S24,0.10261908067998483,0.11042944785276074,10,7,2,5,5,2,9,2,10,percentage,1,10,false,false,,
24,5,Bonner Bolton_S24,0.11903244946672713,0.09868421052631579,9,3,8,7,2,7,3,8,10,percentage,1,10,false,false,,
24,5,David Ross_S24,0.12129011968276247,0.09539473684210527,9,2,9,7,2,8,2,9,10,percentage,1,10,false,false,,
24,5,Erika Jayne_S24,0.07103090185627285,0.10526315789473684,9,9,6,9,1,9,1,6,10,percentage,1,10,true,true,,
24,5,Heather Morris_S24,0.11498478875222433,0.1118421052631579,9,5,4,4,6,5,5,4,10,percentage,1,10,false,false,,
24,5,Nancy Kerrigan_S24,0.11608217854713927,0.11842105263157894,9,4,3,1,8,3,7,3,10,percentage,1,10,false,false,,
24,5,Nick Viall_S24,0.11425126227259103,0.1118421052631579,9,6,4,6,4,6,4,5,10,percentage,1,10,false,false,,
24,5,Normani_S24,0.11062004544684241,0.12828947368421054,9,8,1,4,6,1,9,1,10,percentage,1,10,false,false,,
24,5,Rashad Jennings_S24,0.1217584755201464,0.10526315789473684,9,1,6,1,8,4,6,7,10,percentage,1,10,false,false,,
24,5,Simone Biles_S24,0.11094977845529368,0.125,9,7,2,4,6,2,8,2,10,percentage,1,10,false,false,,
24,6,Bonner Bolton_S24,0.13489591413691088,0.1171003717472119,8,3,6,4,4,5,4,6,10,percentage,1,10,false,false,,
24,6,David Ross_S24,0.13621157480691035,0.11524163568773234,8,2,7,4,4,6,3,7,10,percentage,1,10,false,false,,
24,6,Heather Morris_S24,0.07039867262182438,0.137546468401487,8,8,1,4,4,8,1,1,10,percentage,1,10,false,true,,
24,6,Nancy Kerrigan_S24,0.13291286091986815,0.12453531598513011,8,4,5,4,4,4,5,5,10,percentage,1,10,false,false,,
24,6,Nick Viall_S24,0.13750395629663914,0.11338289962825279,8,1,8,4,4,7,2,8,10,percentage,1,10,true,false,,
24,6,Normani_S24,0.12769485875460457,0.13382899628252787,8,7,2,4,4,1,8,2,10,percentage,1,10,false,false,,
24,6,Rashad Jennings_S24,0.12870828449387686,0.13011152416356878,8,6,3,4,4,3,6,3,10,percentage,1,10,false,false,,
24,6,Simone Biles_S24,0.13167387796936678,0.12825278810408922,8,5,4,4,4,2,7,4,10,percentage,1,10,false,false,,
24,7,Bonner Bolton_S24,0.16819145446757494,0.1225296442687747,7,2,7,5,3,5,3,7,10,percentage,2,10,false,false,,
24,7,David Ross_S24,0.16856784975667893,0.12648221343873517,7,1,6,4,4,4,4,6,10,percentage,2,10,false,false,,
24,7,Nancy Kerrigan_S24,0.09905057563564253,0.1422924901185771,7,7,4,6,1,7,1,4,10,percentage,2,10,true,true,,
24,7,Nick Viall_S24,0.10776769575791452,0.13438735177865613,7,6,5,6,1,6,2,5,10,percentage,2,10,true,true,,
24,7,Normani_S24,0.1470324577567599,0.16600790513833993,7,5,1,2,5,1,7,1,10,percentage,2,10,false,false,,
24,7,Rashad Jennings_S24,0.15667748701559833,0.1541501976284585,7,3,2,1,7,2,6,2,10,percentage,2,10,false,false,,
24,7,Simone Biles_S24,0.1527124796098306,0.1541501976284585,7,4,2,2,5,3,5,3,10,percentage,2,10,false,false,,
24,8,Bonner Bolton_S24,0.16146658770781147,0.166189111747851,5,5,5,5,1,5,1,5,10,percentage,1,10,true,true,,
24,8,David Ross_S24,0.22033412096642258,0.18624641833810887,5,1,4,2,3,4,2,4,10,percentage,1,10,false,false,,
24,8,Normani_S24,0.2007251756360913,0.22636103151862463,5,4,1,2,3,2,4,1,10,percentage,1,10,false,false,,
24,8,Rashad Jennings_S24,0.21314849084276574,0.2148997134670487,5,2,2,1,5,1,5,2,10,percentage,1,10,false,false,,
24,8,Simone Biles_S24,0.20432562484690928,0.20630372492836677,5,3,3,4,2,3,3,3,10,percentage,1,10,false,false,,
24,9,David Ross_S24,0.28422953430537323,0.23102310231023102,4,1,4,2,2,3,2,4,10,percentage,1,10,false,false,,
24,9,Normani_S24,0.26865863038807064,0.2508250825082508,4,3,3,4,1,2,3,3,10,percentage,1,10,true,false,,
24,9,Rashad Jennings_S24,0.273908491677764,0.25412541254125415,4,2,2,1,4,1,4,2,10,percentage,1,10,false,false,,
24,9,Simone Biles_S24,0.1732033436287919,0.264026402640264,4,4,1,2,2,4,1,1,10,percentage,1,10,false,true,,
24,10,David Ross_S24,0.3498069857811748,0.3150292500591764,3,2,3,2,1,2,2,3,10,percentage,3,10,true,true,2,2
24,10,Normani_S24,0.25166418352125136,0.34103999632369203,3,3,2,2,1,3,1,2,10,percentage,3,10,true,true,2,3
24,10,Rashad Jennings_S24,0.39852883069757405,0.3439307536171316,3,1,1,1,3,1,3,1,10,percentage,3,10,true,true,1,1
25,1,Barbara Corcoran_S25,0.06335909764153201,0.058577405857740586,13,13,13,13,1,13,1,13,10,percentage,0,10,false,false,,
25,1,Debbie Gibson_S25,0.07637951763069206,0.07112970711297072,13,10,10,11,2,10,4,10,10,percentage,0,10,false,false,,
25,1,Derek Fisher_S25,0.07651011016006984,0.07531380753138076,13,9,8,8,6,7,7,8,10,percentage,0,10,false,false,,
25,1,Drew Scott_S25,0.07700706369862487,0.06694560669456066,13,7,11,9,5,11,3,11,10,percentage,0,10,false,false,,
25,1,Frankie Muniz_S25,0.07791398853932327,0.0794979079497908,13,5,5,4,10,5,9,6,10,percentage,0,10,false,false,,
25,1,Jordan Fisher_S25,0.07880376422928076,0.09205020920502092,13,4,1,2,12,2,12,1,10,percentage,0,10,false,false,,
25,1,Lindsey Stirling_S25,0.0831456843288608,0.09205020920502092,13,1,1,1,13,1,13,2,10,percentage,0,10,false,false,,
25,1,Nick Lachey_S25,0.07580209325834263,0.07531380753138076,13,11,8,10,4,8,6,9,10,percentage,0,10,false,false,,
25,1,Nikki Bella_S25,0.08086011570749171,0.08368200836820083,13,2,4,3,11,4,10,4,10,percentage,0,10,false,false,,
25,1,Sasha Pieterse_S25,0.07534362808234851,0.07531380753138076,13,12,8,11,2,9,5,7,10,percentage,0,10,false,false,,
25,1,Terrell Owens_S25,0.0808394382325159,0.06276150627615062,13,3,12,7,7,12,2,12,10,percentage,0,10,false,false,,
25,1,Vanessa Lachey_S25,0.07689177109172907,0.08786610878661087,13,8,3,5,8,3,11,3,10,percentage,0,10,false,false,,
25,1,Victoria Arlen_S25,0.07714372739918818,0.0794979079497908,13,6,5,5,8,6,8,5,10,percentage,0,10,false,false,,
25,2,Barbara Corcoran_S25,0.051678659788697776,0.062157221206581355,13,12,13,13,1,13,1,13,10,percentage,2,10,true,true,,
25,2,Debbie Gibson_S25,0.048824502617422286,0.07495429616087751,13,13,7,12,2,12,2,8,10,percentage,2,10,true,true,,
25,2,Derek Fisher_S25,0.08630118172154731,0.06946983546617916,13,2,11,7,7,9,5,12,10,percentage,2,10,false,false,,
25,2,Drew Scott_S25,0.08144893839653018,0.07495429616087751,13,6,7,7,7,8,6,7,10,percentage,2,10,false,false,,
25,2,Frankie Muniz_S25,0.07914917227048161,0.08775137111517367,13,9,1,2,11,2,12,2,10,percentage,2,10,false,false,,
25,2,Jordan Fisher_S25,0.07654859631095652,0.08775137111517367,13,11,1,4,9,4,10,1,10,percentage,2,10,false,false,,
25,2,Lindsey Stirling_S25,0.0872956864441843,0.08226691042047532,13,1,4,1,13,1,13,4,10,percentage,2,10,false,false,,
25,2,Nick Lachey_S25,0.08242912347379225,0.06946983546617916,13,5,11,11,3,11,3,11,10,percentage,2,10,false,false,,
25,2,Nikki Bella_S25,0.08414872593545378,0.0712979890310786,13,4,9,7,7,10,4,9,10,percentage,2,10,false,false,,
25,2,Sasha Pieterse_S25,0.07762081222917373,0.08226691042047532,13,10,4,9,4,5,9,5,10,percentage,2,10,false,false,,
25,2,Terrell Owens_S25,0.08544869984846558,0.0712979890310786,13,3,9,4,9,7,7,10,10,percentage,2,10,false,false,,
25,2,Vanessa Lachey_S25,0.07990491105978416,0.08592321755027423,13,7,3,2,11,3,11,3,10,percentage,2,10,false,false,,
25,2,Victoria Arlen_S25,0.07920098990351077,0.08043875685557587,13,8,6,9,4,6,8,6,10,percentage,2,10,false,false,,
25,3,Derek Fisher_S25,0.09385944478418584,0.0860655737704918,11,2,8,3,9,5,7,6,10,percentage,0,10,false,false,,
25,3,Drew Scott_S25,0.09017828157380924,0.0942622950819672,11,7,3,3,9,3,9,3,10,percentage,0,10,false,false,,
25,3,Frankie Muniz_S25,0.09093484375053772,0.0860655737704918,11,6,8,9,2,10,2,7,10,percentage,0,10,false,false,,
25,3,Jordan Fisher_S25,0.0892271247016036,0.10245901639344263,11,8,2,3,9,2,10,2,10,percentage,0,10,false,false,,
25,3,Lindsey Stirling_S25,0.0991338381333275,0.11065573770491803,11,1,1,1,11,1,11,1,10,percentage,0,10,false,false,,
25,3,Nick Lachey_S25,0.09110788860755757,0.0860655737704918,11,5,8,7,4,9,3,9,10,percentage,0,10,false,false,,
25,3,Nikki Bella_S25,0.0934838343527371,0.0860655737704918,11,3,8,5,7,6,6,8,10,percentage,0,10,false,false,,
25,3,Sasha Pieterse_S25,0.08503301187138915,0.0778688524590164,11,11,11,11,1,11,1,11,10,percentage,0,10,false,false,,
25,3,Terrell Owens_S25,0.09167637922976189,0.0860655737704918,11,4,8,6,6,8,4,10,10,percentage,0,10,false,false,,
25,3,Vanessa Lachey_S25,0.08725944662833708,0.0942622950819672,11,10,3,7,4,4,8,4,10,percentage,0,10,false,false,,
25,3,Victoria Arlen_S25,0.08810590636675383,0.09016393442622951,11,9,5,9,2,7,5,5,10,percentage,0,10,false,false,,
25,4,Derek Fisher_S25,0.056901973682792574,0.08487084870848709,11,11,10,11,1,11,1,10,10,percentage,1,10,true,true,,
25,4,Drew Scott_S25,0.09491240231948679,0.08856088560885608,11,6,6,6,5,7,5,8,10,percentage,1,10,false,false,,
25,4,Frankie Muniz_S25,0.09518535899006778,0.08856088560885608,11,4,6,3,8,5,7,6,10,percentage,1,10,false,false,,
25,4,Jordan Fisher_S25,0.08999195150287666,0.1070110701107011,11,9,1,3,8,2,10,1,10,percentage,1,10,false,false,,
25,4,Lindsey Stirling_S25,0.10180352793842405,0.0959409594095941,11,1,3,1,11,1,11,3,10,percentage,1,10,false,false,,
25,4,Nick Lachey_S25,0.09607139781116536,0.08118081180811808,11,2,11,8,3,10,2,11,10,percentage,1,10,false,false,,
25,4,Nikki Bella_S25,0.09495781905776218,0.08856088560885608,11,5,6,5,7,6,6,7,10,percentage,1,10,false,false,,
25,4,Sasha Pieterse_S25,0.09243814348541315,0.08856088560885608,11,8,6,10,2,9,3,4,10,percentage,1,10,false,false,,
25,4,Terrell Owens_S25,0.09554201900659291,0.08856088560885608,11,3,6,2,10,4,8,9,10,percentage,1,10,false,false,,
25,4,Vanessa Lachey_S25,0.09246688229585422,0.08856088560885608,11,7,6,8,3,8,4,5,10,percentage,1,10,false,false,,
25,4,Victoria Arlen_S25,0.08972852390956398,0.0996309963099631,11,10,2,6,5,3,9,2,10,percentage,1,10,false,false,,
25,5,Drew Scott_S25,0.10416162368237551,0.09578544061302682,10,5,6,6,5,6,5,7,10,percentage,1,10,false,false,,
25,5,Frankie Muniz_S25,0.10424022356772573,0.1111111111111111,10,4,2,2,9,2,9,2,10,percentage,1,10,false,false,,
25,5,Jordan Fisher_S25,0.09594834313395673,0.11494252873563218,10,9,1,3,7,3,8,1,10,percentage,1,10,false,false,,
25,5,Lindsey Stirling_S25,0.10908521979368026,0.10727969348659004,10,1,3,1,10,1,10,3,10,percentage,1,10,false,false,,
25,5,Nick Lachey_S25,0.10700925131058896,0.0842911877394636,10,2,10,8,3,9,2,10,10,percentage,1,10,false,false,,
25,5,Nikki Bella_S25,0.10391094403814806,0.10344827586206896,10,6,4,3,7,4,7,5,10,percentage,1,10,false,false,,
25,5,Sasha Pieterse_S25,0.06452079277896179,0.09195402298850575,10,10,8,10,1,10,1,8,10,percentage,1,10,true,true,,
25,5,Terrell Owens_S25,0.1029859587217697,0.09578544061302682,10,8,6,9,2,7,4,6,10,percentage,1,10,false,false,,
25,5,Vanessa Lachey_S25,0.10432218295166586,0.09195402298850575,10,3,8,6,5,8,3,9,10,percentage,1,10,false,false,,
25,5,Victoria Arlen_S25,0.10381546002112675,0.10344827586206896,10,7,4,6,5,5,6,4,10,percentage,1,10,false,false,,
25,6,Drew Scott_S25,0.11973183521682401,0.09803921568627451,9,2,8,6,4,7,3,8,10,percentage,1,10,false,false,,
25,6,Frankie Muniz_S25,0.11655475165540019,0.10130718954248366,9,3,6,4,5,6,4,7,10,percentage,1,10,false,false,,
25,6,Jordan Fisher_S25,0.11113317708867038,0.12745098039215685,9,7,2,4,5,2,8,2,10,percentage,1,10,false,false,,
25,6,Lindsey Stirling_S25,0.12154494864111526,0.13071895424836602,9,1,1,1,9,1,9,1,10,percentage,1,10,false,false,,
25,6,Nick Lachey_S25,0.08243925149312574,0.08496732026143791,9,9,9,9,1,9,1,9,10,percentage,1,10,true,true,,
25,6,Nikki Bella_S25,0.11401303332294807,0.11764705882352941,9,4,4,2,7,4,6,5,10,percentage,1,10,false,false,,
25,6,Terrell Owens_S25,0.11283527904899661,0.12091503267973856,9,5,3,2,7,3,7,3,10,percentage,1,10,false,false,,
25,6,Vanessa Lachey_S25,0.10917748690925434,0.11764705882352941,9,8,4,7,2,5,5,4,10,percentage,1,10,false,false,,
25,6,Victoria Arlen_S25,0.112570236623665,0.10130718954248366,9,6,6,7,2,8,2,6,10,percentage,1,10,false,false,,
25,7,Drew Scott_S25,0.13274679252327629,0.1325581395348837,8,4,2,2,7,2,7,3,10,percentage,2,10,false,false,,
25,7,Frankie Muniz_S25,0.13298573943296704,0.13953488372093023,8,3,1,1,8,1,8,1,10,percentage,2,10,false,false,,
25,7,Jordan Fisher_S25,0.13208290949876708,0.12558139534883722,8,5,4,5,3,5,4,4,10,percentage,2,10,false,false,,
25,7,Lindsey Stirling_S25,0.1465611773271608,0.1186046511627907,8,1,6,3,6,3,6,6,10,percentage,2,10,false,false,,
25,7,Nikki Bella_S25,0.09599406183228185,0.11162790697674418,8,7,8,8,1,8,1,8,10,percentage,2,10,true,true,,
25,7,Terrell Owens_S25,0.1421777286682113,0.11395348837209303,8,2,7,5,3,6,3,7,10,percentage,2,10,false,false,,
25,7,Vanessa Lachey_S25,0.08598793932069737,0.12558139534883722,8,8,4,7,2,7,2,5,10,percentage,2,10,true,true,,
25,7,Victoria Arlen_S25,0.13146365139663804,0.1325581395348837,8,6,2,4,5,4,5,2,10,percentage,2,10,false,false,,
25,8,Drew Scott_S25,0.18295650560033486,0.1501597444089457,6,1,6,3,3,4,3,6,10,percentage,1,10,false,false,,
25,8,Frankie Muniz_S25,0.17648349289521995,0.16932907348242812,6,4,3,3,3,3,4,3,10,percentage,1,10,false,false,,
25,8,Jordan Fisher_S25,0.16985543269113124,0.19169329073482427,6,5,1,2,5,1,6,1,10,percentage,1,10,false,false,,
25,8,Lindsey Stirling_S25,0.18266019966413916,0.17252396166134185,6,2,2,1,6,2,5,2,10,percentage,1,10,false,false,,
25,8,Terrell Owens_S25,0.10955471459925807,0.16293929712460065,6,6,4,6,1,6,1,4,10,percentage,1,10,true,true,,
25,8,Victoria Arlen_S25,0.17848965454991708,0.15335463258785942,6,3,5,5,2,5,2,5,10,percentage,1,10,false,false,,
25,9,Drew Scott_S25,0.22330566322007256,0.17777777777777778,5,1,5,3,3,4,2,5,10,percentage,1,10,false,false,,
25,9,Frankie Muniz_S25,0.21760558566475788,0.18888888888888888,5,3,4,4,2,3,3,4,10,percentage,1,10,false,false,,
25,9,Jordan Fisher_S25,0.20422667784365442,0.21481481481481482,5,4,1,2,4,2,4,1,10,percentage,1,10,false,false,,
25,9,Lindsey Stirling_S25,0.2224990802524472,0.2111111111111111,5,2,2,1,5,1,5,2,10,percentage,1,10,false,false,,
25,9,Victoria Arlen_S25,0.13236299301906743,0.2074074074074074,5,5,3,5,1,5,1,3,10,percentage,1,10,true,true,,
25,10,Drew Scott_S25,0.18665974749066894,0.2397871457464638,4,4,4,4,1,4,1,4,10,percentage,4,10,true,true,4,4
25,10,Frankie Muniz_S25,0.23103086919732943,0.24866694332774683,4,3,3,3,2,3,2,3,10,percentage,4,10,true,true,3,3
25,10,Jordan Fisher_S25,0.31369920180735084,0.2557729554628947,4,1,1,1,4,1,4,1,10,percentage,4,10,true,true,1,1
25,10,Lindsey Stirling_S25,0.26861018150465127,0.2557729554628947,4,2,1,2,3,2,3,2,10,percentage,4,10,true,true,2,2
26,1,Adam Rippon_S26,0.10230215092063019,0.11428571428571428,10,8,1,4,6,2,9,2,4,percentage,2,4,false,false,,
26,1,Arike Ogunbowale_S26,0.10947475015974008,0.09523809523809523,10,2,7,4,6,7,4,7,4,percentage,2,4,false,false,,
26,1,Chris Mazdzer_S26,0.10637884746160135,0.1,10,4,5,4,6,6,5,5,4,percentage,2,4,false,false,,
26,1,Jamie Anderson_S26,0.07263957461148682,0.09047619047619047,10,10,8,9,1,9,2,8,4,percentage,2,4,true,true,,
26,1,Jennie Finch Daigle_S26,0.10824318889682444,0.1,10,3,5,2,9,5,6,6,4,percentage,2,4,false,false,,
26,1,Johnny Damon_S26,0.07489759788538088,0.08571428571428572,10,9,9,9,1,10,1,9,4,percentage,2,4,true,true,,
26,1,Josh Norman_S26,0.10399551602138439,0.11428571428571428,10,5,1,1,10,1,10,1,4,percentage,2,4,false,false,,
26,1,Kareem Abdul-Jabbar_S26,0.11502042492323286,0.08095238095238096,10,1,10,8,3,8,3,10,4,percentage,2,4,false,false,,
26,1,Mirai Nagasu_S26,0.10340558662572245,0.10952380952380952,10,7,3,7,4,4,7,4,4,percentage,2,4,false,false,,
26,1,Tonya Harding_S26,0.1036423624939964,0.10952380952380952,10,6,3,4,6,3,8,3,4,percentage,2,4,false,false,,
26,2,Adam Rippon_S26,0.1327101462236698,0.1383177570093458,8,6,1,3,6,2,7,2,4,percentage,2,4,false,false,,
26,2,Arike Ogunbowale_S26,0.08513221667626315,0.1308411214953271,8,8,3,7,2,7,2,3,4,percentage,2,4,true,true,,
26,2,Chris Mazdzer_S26,0.1367070429900268,0.1233644859813084,8,4,4,5,3,4,5,5,4,percentage,2,4,false,false,,
26,2,Jennie Finch Daigle_S26,0.13915907612716555,0.11775700934579439,8,2,6,5,3,6,3,6,4,percentage,2,4,false,false,,
26,2,Josh Norman_S26,0.14042939609115995,0.11775700934579439,8,1,6,3,6,5,4,7,4,percentage,2,4,false,false,,
26,2,Kareem Abdul-Jabbar_S26,0.09468889039748303,0.1102803738317757,8,7,8,8,1,8,1,8,4,percentage,2,4,true,true,,
26,2,Mirai Nagasu_S26,0.1341223631911071,0.1383177570093458,8,5,1,1,8,1,8,1,4,percentage,2,4,false,false,,
26,2,Tonya Harding_S26,0.13705086830312496,0.1233644859813084,8,3,4,3,6,3,6,4,4,percentage,2,4,false,false,,
26,3,Adam Rippon_S26,0.1805251288923413,0.1943127962085308,6,3,1,2,5,1,6,1,4,percentage,3,4,false,false,,
26,3,Chris Mazdzer_S26,0.14215400390405333,0.15639810426540285,6,5,5,5,1,5,2,5,4,percentage,3,4,true,true,,
26,3,Jennie Finch Daigle_S26,0.15298696152941954,0.13744075829383887,6,4,6,5,1,6,1,6,4,percentage,3,4,true,true,,
26,3,Josh Norman_S26,0.188707396140809,0.18009478672985782,6,2,2,2,5,2,5,2,4,percentage,3,4,false,false,,
26,3,Mirai Nagasu_S26,0.13861076655070897,0.16587677725118483,6,6,3,4,3,4,3,3,4,percentage,3,4,true,true,,
26,3,Tonya Harding_S26,0.19701574298266855,0.16587677725118483,6,1,3,2,5,3,4,4,4,percentage,3,4,false,false,,
26,4,Adam Rippon_S26,0.4021488887785957,0.3391812865497076,3,1,1,1,3,1,3,1,4,percentage,3,4,true,true,1,1
26,4,Josh Norman_S26,0.33493212815630574,0.3333333333333333,3,2,2,2,2,2,2,2,4,percentage,3,4,true,true,2,2
26,4,Tonya Harding_S26,0.2629189830650988,0.32748538011695905,3,3,3,3,1,3,1,3,4,percentage,3,4,true,true,3,3
27,1,Alexis Ren_S27,0.0860715236312236,0.08627450980392157,13,1,3,1,13,1,13,4,9,percentage,1,9,false,false,,
27,1,Bobby Bones_S27,0.06908715353505504,0.0784313725490196,13,12,6,12,2,11,3,5,9,percentage,1,9,false,false,,
27,1,Danelle Umstead_S27,0.08142351673721411,0.07058823529411765,13,4,10,6,8,8,6,10,9,percentage,1,9,false,false,,
27,1,DeMarcus Ware_S27,0.07986338770656941,0.09019607843137255,13,6,1,2,12,2,12,2,9,percentage,1,9,false,false,,
27,1,Evanna Lynch_S27,0.07961204733367502,0.07058823529411765,13,7,10,10,3,10,4,9,9,percentage,1,9,false,false,,
27,1,Joe Amabile_S27,0.08366106108771368,0.054901960784313725,13,2,13,8,5,12,2,13,9,percentage,1,9,false,false,,
27,1,John Schneider_S27,0.08072948452115676,0.07058823529411765,13,5,10,8,5,9,5,11,9,percentage,1,9,false,false,,
27,1,Juan Pablo Di Pace_S27,0.07703586110052751,0.08627450980392157,13,11,3,6,8,4,10,3,9,percentage,1,9,false,false,,
27,1,Mary Lou Retton_S27,0.08271760501548693,0.0784313725490196,13,3,6,3,11,5,9,7,9,percentage,1,9,false,false,,
27,1,Milo Manheim_S27,0.07860827212212428,0.0784313725490196,13,8,6,6,8,6,8,6,9,percentage,1,9,false,false,,
27,1,Nancy McKeon_S27,0.07848124830124112,0.07647058823529412,13,9,8,10,3,7,7,8,9,percentage,1,9,false,false,,
27,1,Nikki Glaser_S27,0.044375680272539166,0.06862745098039216,13,13,12,13,1,13,1,12,9,percentage,1,9,true,true,,
27,1,Tinashe_S27,0.07833315863547376,0.09019607843137255,13,10,1,4,10,3,11,1,9,percentage,1,9,false,false,,
27,2,Alexis Ren_S27,0.09083733004346822,0.09057301293900184,12,1,4,1,12,1,12,4,9,percentage,1,9,false,false,,
27,2,Bobby Bones_S27,0.0810531801322702,0.07208872458410351,12,10,10,11,2,11,2,10,9,percentage,1,9,false,false,,
27,2,Danelle Umstead_S27,0.05609649226876938,0.06839186691312385,12,12,11,12,1,12,1,11,9,percentage,1,9,true,true,,
27,2,DeMarcus Ware_S27,0.08557222915032547,0.08687615526802218,12,6,6,5,8,6,7,6,9,percentage,1,9,false,false,,
27,2,Evanna Lynch_S27,0.0827204358494941,0.08872458410351201,12,9,5,9,3,7,6,5,9,percentage,1,9,false,false,,
27,2,Joe Amabile_S27,0.09076584377048155,0.06469500924214418,12,2,12,9,3,10,3,12,9,percentage,1,9,false,false,,
27,2,John Schneider_S27,0.08657670716312896,0.07948243992606285,12,5,8,7,6,8,5,8,9,percentage,1,9,false,false,,
27,2,Juan Pablo Di Pace_S27,0.08510314213946814,0.09611829944547134,12,7,2,2,11,2,11,2,9,percentage,1,9,false,false,,
27,2,Mary Lou Retton_S27,0.08868107956034818,0.08502772643253234,12,3,7,3,9,5,8,7,9,percentage,1,9,false,false,,
27,2,Milo Manheim_S27,0.08432505812081652,0.09611829944547134,12,8,2,3,9,3,10,3,9,percentage,1,9,false,false,,
27,2,Nancy McKeon_S27,0.08769682591772503,0.07578558225508318,12,4,9,7,6,9,4,9,9,percentage,1,9,false,false,,
27,2,Tinashe_S27,0.08057167588370386,0.09611829944547134,12,11,2,7,6,4,9,1,9,percentage,1,9,false,false,,
27,3,Alexis Ren_S27,0.10162519372518934,0.0959409594095941,11,1,5,1,11,2,10,6,9,percentage,1,9,false,false,,
27,3,Bobby Bones_S27,0.08365444820374453,0.08487084870848709,11,10,8,10,2,9,3,8,9,percentage,1,9,false,false,,
27,3,DeMarcus Ware_S27,0.09715508021545947,0.0959409594095941,11,4,5,3,9,4,8,5,9,percentage,1,9,false,false,,
27,3,Evanna Lynch_S27,0.09064471324202406,0.0996309963099631,11,9,3,6,5,6,6,2,9,percentage,1,9,false,false,,
27,3,Joe Amabile_S27,0.09949798116290703,0.06642066420664207,11,2,11,8,3,10,2,11,9,percentage,1,9,false,false,,
27,3,John Schneider_S27,0.097449470019299,0.07749077490774908,11,3,10,8,3,8,4,10,9,percentage,1,9,false,false,,
27,3,Juan Pablo Di Pace_S27,0.09389181712413638,0.11070110701107011,11,6,1,2,10,1,11,1,9,percentage,1,9,false,false,,
27,3,Mary Lou Retton_S27,0.09522537646644932,0.08856088560885608,11,5,7,6,5,7,5,7,9,percentage,1,9,false,false,,
27,3,Milo Manheim_S27,0.09367474095013878,0.0996309963099631,11,7,3,4,8,3,9,3,9,percentage,1,9,false,false,,
27,3,Nancy McKeon_S27,0.054917972311167115,0.08118081180811808,11,11,9,11,1,11,1,9,9,percentage,1,9,true,true,,
27,3,Tinashe_S27,0.09226320657948493,0.0996309963099631,11,8,3,5,7,5,7,4,9,percentage,1,9,false,false,,
27,4,Alexis Ren_S27,0.11615804583459102,0.10775862068965517,10,1,4,1,10,2,9,4,9,percentage,1,9,false,false,,
27,4,Bobby Bones_S27,0.0988976997056343,0.08620689655172414,10,9,9,10,1,8,3,9,9,percentage,1,9,true,false,,
27,4,DeMarcus Ware_S27,0.10547101280600163,0.09482758620689655,10,5,7,8,3,6,5,7,9,percentage,1,9,false,false,,
27,4,Evanna Lynch_S27,0.10463098745130163,0.10344827586206896,10,6,5,5,5,5,6,5,9,percentage,1,9,false,false,,
27,4,Joe Amabile_S27,0.11531493862242988,0.06465517241379311,10,2,10,8,3,9,2,10,9,percentage,1,9,false,false,,
27,4,John Schneider_S27,0.10778413421176483,0.09051724137931035,10,3,8,5,5,7,4,8,9,percentage,1,9,false,false,,
27,4,Juan Pablo Di Pace_S27,0.10651576432940407,0.10344827586206896,10,4,5,3,8,4,7,6,9,percentage,1,9,false,false,,
27,4,Mary Lou Retton_S27,0.10330509444140455,0.11206896551724138,10,7,2,3,8,3,8,3,9,percentage,1,9,false,false,,
27,4,Milo Manheim_S27,0.10032845393824294,0.125,10,8,1,3,8,1,10,1,9,percentage,1,9,false,false,,
27,4,Tinashe_S27,0.041593868659225104,0.11206896551724138,10,10,2,8,3,10,1,2,9,percentage,1,9,false,true,,
27,5,Alexis Ren_S27,0.1245257631543025,0.13063063063063063,9,1,1,1,9,1,9,1,9,percentage,0,9,false,false,,
27,5,Bobby Bones_S27,0.0920854681405823,0.0945945945945946,9,9,8,9,1,9,1,8,9,percentage,0,9,false,false,,
27,5,DeMarcus Ware_S27,0.11212259687722641,0.11711711711711711,9,4,4,4,6,4,6,4,9,percentage,0,9,false,false,,
27,5,Evanna Lynch_S27,0.11149266529224584,0.10810810810810811,9,5,6,5,4,6,4,6,9,percentage,0,9,false,false,,
27,5,Joe Amabile_S27,0.11450546251547028,0.07657657657657657,9,2,9,5,4,8,2,9,9,percentage,0,9,false,false,,
27,5,John Schneider_S27,0.11028641458729203,0.10810810810810811,9,8,6,8,2,7,3,7,9,percentage,0,9,false,false,,
27,5,Juan Pablo Di Pace_S27,0.11093486107053545,0.13063063063063063,9,6,1,3,7,2,8,2,9,percentage,0,9,false,false,,
27,5,Mary Lou Retton_S27,0.11083765241958278,0.11261261261261261,9,7,5,7,3,5,5,5,9,percentage,0,9,false,false,,
27,5,Milo Manheim_S27,0.1132091159427624,0.12162162162162163,9,3,3,2,8,3,7,3,9,percentage,0,9,false,false,,
27,6,Alexis Ren_S27,0.1267283833007507,0.11790393013100436,9,1,4,1,9,2,8,4,9,percentage,1,9,false,false,,
27,6,Bobby Bones_S27,0.1074462611225398,0.09606986899563319,9,8,7,8,1,8,2,7,9,percentage,1,9,true,false,,
27,6,DeMarcus Ware_S27,0.11744602622425472,0.11353711790393013,9,4,5,4,5,5,5,5,9,percentage,1,9,false,false,,
27,6,Evanna Lynch_S27,0.11361857162908877,0.12663755458515283,9,6,3,4,5,4,6,3,9,percentage,1,9,false,false,,
27,6,Joe Amabile_S27,0.12033477606168241,0.09606986899563319,9,3,7,6,4,6,4,8,9,percentage,1,9,false,false,,
27,6,John Schneider_S27,0.12142791072030874,0.08296943231441048,9,2,9,7,3,7,3,9,9,percentage,1,9,false,false,,
27,6,Juan Pablo Di Pace_S27,0.11589214284526232,0.13100436681222707,9,5,1,2,8,1,9,1,9,percentage,1,9,false,false,,
27,6,Mary Lou Retton_S27,0.06453750861874075,0.10480349344978165,9,9,6,8,1,9,1,6,9,percentage,1,9,false,true,,
27,6,Milo Manheim_S27,0.11256841947737183,0.13100436681222707,9,7,1,3,7,3,7,2,9,percentage,1,9,false,false,,
27,7,Alexis Ren_S27,0.1431031188244372,0.12643678160919541,8,2,4,2,6,2,7,4,9,percentage,2,9,false,false,,
27,7,Bobby Bones_S27,0.12958062242475485,0.12183908045977011,8,6,6,6,3,6,3,7,9,percentage,2,9,false,false,,
27,7,DeMarcus Ware_S27,0.09106300745556895,0.12183908045977011,8,7,6,7,1,7,2,6,9,percentage,2,9,true,true,,
27,7,Evanna Lynch_S27,0.13519832759212566,0.135632183908046,8,4,1,1,8,1,8,1,9,percentage,2,9,false,false,,
27,7,Joe Amabile_S27,0.14524627192683806,0.10804597701149425,8,1,8,5,4,5,4,8,9,percentage,2,9,false,false,,
27,7,John Schneider_S27,0.08467309459220096,0.12413793103448276,8,8,5,7,1,8,1,5,9,percentage,2,9,true,true,,
27,7,Juan Pablo Di Pace_S27,0.13713120910376445,0.12873563218390804,8,3,3,2,6,4,5,3,9,percentage,2,9,false,false,,
27,7,Milo Manheim_S27,0.1340043480803102,0.13333333333333333,8,5,2,4,5,3,6,2,9,percentage,2,9,false,false,,
27,8,Alexis Ren_S27,0.19534091894691988,0.18012422360248448,6,1,2,1,6,1,6,2,9,percentage,2,9,false,false,,
27,8,Bobby Bones_S27,0.19210811951692405,0.13975155279503104,6,2,6,4,2,4,3,6,9,percentage,2,9,true,false,,
27,8,Evanna Lynch_S27,0.18587618851351534,0.18012422360248448,6,3,2,2,5,2,5,3,9,percentage,2,9,false,false,,
27,8,Joe Amabile_S27,0.13322448127842057,0.14285714285714285,6,5,5,6,1,6,1,5,9,percentage,2,9,true,true,,
27,8,Juan Pablo Di Pace_S27,0.11037612297470675,0.18633540372670807,6,6,1,3,4,5,2,1,9,percentage,2,9,false,true,,
27,8,Milo Manheim_S27,0.18307416876951246,0.17080745341614906,6,4,4,4,2,3,4,4,9,percentage,2,9,false,false,,
27,9,Alexis Ren_S27,0.19530096808025538,0.24675324675324675,4,4,3,4,1,4,1,3,9,percentage,4,9,true,true,4,4
27,9,Bobby Bones_S27,0.319890159626419,0.23376623376623376,4,1,4,3,2,1,4,4,9,percentage,4,9,true,true,3,1
27,9,Evanna Lynch_S27,0.22584077797109187,0.2597402597402597,4,3,1,2,3,3,2,1,9,percentage,4,9,true,true,2,3
27,9,Milo Manheim_S27,0.25896809432223333,0.2597402597402597,4,2,1,1,4,2,3,2,9,percentage,4,9,true,true,1,2
28,1,Ally Brooke_S28,0.0830833020993459,0.08121827411167512,12,8,7,9,3,9,4,8,11,rank_v2,0,11,false,false,,
28,1,Hannah Brown_S28,0.0828331266999228,0.10152284263959391,12,9,2,5,8,2,11,2,11,rank_v2,0,11,false,false,,
28,1,James Van Der Beek_S28,0.08547914158522568,0.1065989847715736,12,5,1,1,12,1,12,1,11,rank_v2,0,11,false,false,,
28,1,Karamo Brown_S28,0.08775801200583185,0.08629441624365482,12,3,5,2,11,4,9,5,11,rank_v2,0,11,false,false,,
28,1,Kate Flannery_S28,0.08571804298305921,0.07614213197969544,12,4,9,6,6,10,3,9,11,rank_v2,0,11,false,false,,
28,1,Kel Mitchell_S28,0.08517581250571263,0.08121827411167512,12,6,7,6,6,6,7,7,11,rank_v2,0,11,false,false,,
28,1,Lamar Odom_S28,0.08803251573535488,0.05583756345177665,12,2,12,8,5,11,2,12,11,rank_v2,0,11,false,false,,
28,1,Lauren Alaina_S28,0.08408668266138683,0.09644670050761421,12,7,3,3,9,3,10,3,11,rank_v2,0,11,false,false,,
28,1,Mary Wilson_S28,0.08203426111108557,0.08629441624365482,12,10,5,9,3,5,8,6,11,rank_v2,0,11,false,false,,
28,1,Ray Lewis_S28,0.08839130107187067,0.07614213197969544,12,1,9,3,9,8,5,10,11,rank_v2,0,11,false,false,,
28,1,Sailor Brinkley-Cook_S28,0.07354100981257293,0.09137055837563451,12,12,4,11,2,7,6,4,11,rank_v2,0,11,false,false,,
28,1,Sean Spicer_S28,0.07386679172863163,0.06091370558375635,12,11,11,12,1,12,1,11,11,rank_v2,0,11,false,false,,
28,2,Ally Brooke_S28,0.08263257187178501,0.091324200913242,12,9,4,7,5,5,8,3,11,rank_v2,2,11,false,false,,
28,2,Hannah Brown_S28,0.08620703396530562,0.1095890410958904,12,4,1,1,12,1,12,1,11,rank_v2,2,11,false,false,,
28,2,James Van Der Beek_S28,0.08764393862537105,0.091324200913242,12,3,4,3,10,4,9,5,11,rank_v2,2,11,false,false,,
28,2,Karamo Brown_S28,0.08593041204443902,0.0867579908675799,12,6,6,6,7,7,6,6,11,rank_v2,2,11,false,false,,
28,2,Kate Flannery_S28,0.08360137966671574,0.0958904109589041,12,7,2,4,9,3,10,2,11,rank_v2,2,11,false,false,,
28,2,Kel Mitchell_S28,0.08908123494179149,0.091324200913242,12,2,4,2,11,2,11,4,11,rank_v2,2,11,false,false,,
28,2,Lamar Odom_S28,0.09001886194842897,0.0547945205479452,12,1,12,7,5,11,2,12,11,rank_v2,2,11,false,true,,
28,2,Lauren Alaina_S28,0.08610605399874668,0.0867579908675799,12,5,6,5,8,6,7,7,11,rank_v2,2,11,false,false,,
28,2,Mary Wilson_S28,0.07368651334903542,0.0684931506849315,12,12,10,12,1,12,1,10,11,rank_v2,2,11,true,true,,
28,2,Ray Lewis_S28,0.08304152422970686,0.0684931506849315,12,8,10,9,4,9,4,11,11,rank_v2,2,11,false,false,,
28,2,Sailor Brinkley-Cook_S28,0.07500542431239855,0.0821917808219178,12,11,8,10,2,8,5,8,11,rank_v2,2,11,false,false,,
28,2,Sean Spicer_S28,0.07704505104627567,0.0730593607305936,12,10,9,10,2,10,3,9,11,rank_v2,2,11,true,false,,
28,3,Ally Brooke_S28,0.10054535222044476,0.12121212121212122,10,8,1,4,6,3,8,1,11,rank_v2,0,11,false,false,,
28,3,Hannah Brown_S28,0.10259192584561352,0.10606060606060606,10,4,5,4,6,4,7,5,11,rank_v2,0,11,false,false,,
28,3,James Van Der Beek_S28,0.10696194190747811,0.11616161616161616,10,1,3,1,10,1,10,3,11,rank_v2,0,11,false,false,,
28,3,Karamo Brown_S28,0.10214888488378636,0.08080808080808081,10,5,8,8,3,8,3,8,11,rank_v2,0,11,false,false,,
28,3,Kate Flannery_S28,0.10172685959232074,0.12121212121212122,10,6,1,2,9,2,9,2,11,rank_v2,0,11,false,false,,
28,3,Kel Mitchell_S28,0.10430421456208694,0.10101010101010101,10,2,6,3,8,5,6,6,11,rank_v2,0,11,false,false,,
28,3,Lamar Odom_S28,0.10340875095983373,0.06060606060606061,10,3,10,8,3,9,2,10,11,rank_v2,0,11,false,false,,
28,3,Lauren Alaina_S28,0.10163694536082536,0.10101010101010101,10,7,6,8,3,7,4,7,11,rank_v2,0,11,false,false,,
28,3,Sailor Brinkley-Cook_S28,0.08894183538482184,0.11616161616161616,10,9,3,6,5,6,5,4,11,rank_v2,0,11,false,false,,
28,3,Sean Spicer_S28,0.08773328928278828,0.07575757575757576,10,10,9,10,1,10,1,9,11,rank_v2,0,11,false,false,,
28,4,Ally Brooke_S28,0.10003127758005934,0.11347517730496454,10,7,2,5,5,4,7,2,11,rank_v2,1,11,false,false,,
28,4,Hannah Brown_S28,0.10274335204680854,0.11347517730496454,10,5,2,2,8,2,9,4,11,rank_v2,1,11,false,false,,
28,4,James Van Der Beek_S28,0.10859662610060622,0.09929078014184398,10,3,6,5,5,6,5,6,11,rank_v2,1,11,false,false,,
28,4,Karamo Brown_S28,0.10983578971614821,0.09929078014184398,10,1,6,2,8,5,6,7,11,rank_v2,1,11,false,false,,
28,4,Kate Flannery_S28,0.1090226773051128,0.09219858156028368,10,2,8,7,4,7,4,8,11,rank_v2,1,11,false,false,,
28,4,Kel Mitchell_S28,0.10644311561668932,0.11347517730496454,10,4,2,1,10,1,10,1,11,rank_v2,1,11,false,false,,
28,4,Lamar Odom_S28,0.08828043372764591,0.07092198581560284,10,8,10,9,1,10,1,10,11,rank_v2,1,11,true,true,,
28,4,Lauren Alaina_S28,0.10025975385076213,0.11347517730496454,10,6,2,4,7,3,8,3,11,rank_v2,1,11,false,false,,
28,4,Sailor Brinkley-Cook_S28,0.08683335497575521,0.1099290780141844,10,10,5,8,3,8,3,5,11,rank_v2,1,11,false,false,,
28,4,Sean Spicer_S28,0.08795361908041255,0.07446808510638298,10,9,9,9,1,9,2,9,11,rank_v2,1,11,false,false,,
28,5,Ally Brooke_S28,0.11351087184960054,0.12558139534883722,9,6,1,2,7,1,9,1,11,rank_v2,0,11,false,false,,
28,5,Hannah Brown_S28,0.11605587871171145,0.11627906976744186,9,2,4,1,9,4,6,4,11,rank_v2,0,11,false,false,,
28,5,James Van Der Beek_S28,0.11284501200241266,0.12093023255813953,9,7,2,5,4,3,7,2,11,rank_v2,0,11,false,false,,
28,5,Karamo Brown_S28,0.11608181430842046,0.09767441860465116,9,1,8,5,4,7,3,8,11,rank_v2,0,11,false,false,,
28,5,Kate Flannery_S28,0.11582461535257353,0.11162790697674418,9,3,5,4,6,5,5,5,11,rank_v2,0,11,false,false,,
28,5,Kel Mitchell_S28,0.11503227634016329,0.12093023255813953,9,5,2,2,7,2,8,3,11,rank_v2,0,11,false,false,,
28,5,Lauren Alaina_S28,0.11515556980077202,0.10697674418604651,9,4,7,7,3,6,4,7,11,rank_v2,0,11,false,false,,
28,5,Sailor Brinkley-Cook_S28,0.09547246325666532,0.11162790697674418,9,9,5,8,2,8,2,6,11,rank_v2,0,11,false,false,,
28,5,Sean Spicer_S28,0.100021498377681,0.08837209302325581,9,8,9,9,1,9,1,9,11,rank_v2,0,11,false,false,,
28,6,Ally Brooke_S28,0.1311714264172711,0.10964912280701754,9,3,6,5,4,4,6,6,11,rank_v2,1,11,false,false,,
28,6,Hannah Brown_S28,0.14087865784597142,0.10526315789473684,9,1,8,5,4,2,8,8,11,rank_v2,1,11,false,false,,
28,6,James Van Der Beek_S28,0.11955576567541652,0.11842105263157894,9,6,2,2,8,6,4,3,11,rank_v2,1,11,false,false,,
28,6,Karamo Brown_S28,0.1374362767573479,0.10964912280701754,9,2,6,2,8,1,9,7,11,rank_v2,1,11,false,false,,
28,6,Kate Flannery_S28,0.11946918966123127,0.11842105263157894,9,7,2,5,4,7,3,2,11,rank_v2,1,11,false,false,,
28,6,Kel Mitchell_S28,0.12788947359045644,0.11403508771929824,9,4,4,2,8,3,7,4,11,rank_v2,1,11,false,false,,
28,6,Lauren Alaina_S28,0.12619386882326164,0.11403508771929824,9,5,4,5,4,5,5,5,11,rank_v2,1,11,false,false,,
28,6,Sailor Brinkley-Cook_S28,0.0027422865983312136,0.11842105263157894,9,9,2,8,2,9,1,1,11,rank_v2,1,11,false,true,,
28,6,Sean Spicer_S28,0.09466305463071735,0.09210526315789473,9,8,9,9,1,8,2,9,11,rank_v2,1,11,true,false,,
28,7,Ally Brooke_S28,0.12902101449763573,0.13366336633663367,8,4,2,1,8,1,8,2,11,rank_v2,1,11,false,false,,
28,7,Hannah Brown_S28,0.12964367758913584,0.12871287128712872,8,3,4,3,6,5,4,4,11,rank_v2,1,11,false,false,,
28,7,James Van Der Beek_S28,0.12851261541417783,0.13366336633663367,8,5,2,3,6,2,7,1,11,rank_v2,1,11,false,false,,
28,7,Karamo Brown_S28,0.09918881816982993,0.12128712871287128,8,8,6,7,2,8,1,6,11,rank_v2,1,11,false,true,,
28,7,Kate Flannery_S28,0.13631637761593202,0.1188118811881188,8,1,7,5,3,6,3,7,11,rank_v2,1,11,false,false,,
28,7,Kel Mitchell_S28,0.13226914425148922,0.12623762376237624,8,2,5,3,6,4,5,5,11,rank_v2,1,11,false,false,,
28,7,Lauren Alaina_S28,0.12631078945098106,0.13366336633663367,8,6,2,5,3,3,6,3,11,rank_v2,1,11,false,false,,
28,7,Sean Spicer_S28,0.11873756301081848,0.10396039603960396,8,7,8,8,1,7,2,8,11,rank_v2,1,11,true,false,,
28,8,Ally Brooke_S28,0.14426589971136877,0.15544105882304174,7,5,3,4,3,4,4,3,11,rank_v2,1,11,false,false,,
28,8,Hannah Brown_S28,0.14522029556716254,0.160621391176751,7,4,2,3,5,3,5,2,11,rank_v2,1,11,false,false,,
28,8,James Van Der Beek_S28,0.14981087022753636,0.1658027598041857,7,3,1,1,7,1,7,1,11,rank_v2,1,11,false,false,,
28,8,Kate Flannery_S28,0.11553568410014722,0.13471454803957736,7,7,5,6,2,6,2,5,11,rank_v2,1,11,false,false,,
28,8,Kel Mitchell_S28,0.1566500094684412,0.15544002254931627,7,1,4,2,6,2,6,4,11,rank_v2,1,11,false,false,,
28,8,Lauren Alaina_S28,0.15362131947305496,0.1243528470584334,7,2,6,4,3,5,3,6,11,rank_v2,1,11,false,false,,
28,8,Sean Spicer_S28,0.1348959214522892,0.1036273725486945,7,6,7,7,1,7,1,7,11,rank_v2,1,11,true,true,,
28,9,Ally Brooke_S28,0.1690529525270747,0.19184652278177458,6,5,1,3,4,1,6,1,11,rank_v2,1,11,false,false,,
28,9,Hannah Brown_S28,0.17231054866986245,0.17026378896882494,6,3,4,4,3,4,3,4,11,rank_v2,1,11,false,false,,
28,9,James Van Der Beek_S28,0.1764781112022188,0.17266187050359713,6,1,3,1,5,3,4,3,11,rank_v2,1,11,false,false,,
28,9,Kel Mitchell_S28,0.1753724688075916,0.1774580335731415,6,2,2,1,5,2,5,2,11,rank_v2,1,11,false,false,,
28,9,Lauren Alaina_S28,0.17093213867144802,0.16786570743405277,6,4,5,5,2,5,2,5,11,rank_v2,1,11,false,false,,
28,9,Sean Spicer_S28,0.13585378012180516,0.11990407673860912,6,6,6,6,1,6,1,6,11,rank_v2,1,11,true,true,,
28,10,Ally Brooke_S28,0.20289449152063943,0.21454545454545454,5,3,1,2,4,1,5,1,11,rank_v2,1,11,false,false,,
28,10,Hannah Brown_S28,0.19782279641842546,0.19636363636363635,5,4,3,4,2,4,2,3,11,rank_v2,1,11,false,false,,
28,10,James Van Der Beek_S28,0.18810078842481873,0.18545454545454546,5,5,5,5,1,5,1,5,11,rank_v2,1,11,true,true,,
28,10,Kel Mitchell_S28,0.20584281468450658,0.20727272727272728,5,1,2,1,5,2,4,2,11,rank_v2,1,11,false,false,,
28,10,Lauren Alaina_S28,0.20533910895161087,0.19636363636363635,5,2,3,3,3,3,3,4,11,rank_v2,1,11,false,false,,
28,11,Ally Brooke_S28,0.18323662598944296,0.2564102564102564,4,4,1,3,2,4,1,1,11,rank_v2,4,11,true,true,3,4
28,11,Hannah Brown_S28,0.31724143890843337,0.24786324786324787,4,1,3,1,3,1,4,3,11,rank_v2,4,11,true,true,1,1
28,11,Kel Mitchell_S28,0.26901923334276506,0.25213675213675213,4,2,2,1,3,2,3,2,11,rank_v2,4,11,true,true,1,2
28,11,Lauren Alaina_S28,0.2305027017593578,0.24358974358974358,4,3,4,4,1,3,2,4,11,rank_v2,4,11,true,true,4,3
29,1,AJ McLean_S29,0.0668683624725886,0.06923076923076923,15,11,8,11,5,8,8,10,11,rank_v2,0,11,false,false,,
29,1,Anne Heche_S29,0.06806402907730989,0.06923076923076923,15,5,8,5,11,6,10,7,11,rank_v2,0,11,false,false,,
29,1,Carole Baskin_S29,0.06565621757908953,0.04230769230769231,15,12,15,15,1,15,1,15,11,rank_v2,0,11,false,false,,
29,1,Charles Oakley_S29,0.06758378929956961,0.046153846153846156,15,8,14,13,3,14,2,14,11,rank_v2,0,11,false,false,,
29,1,Chrishell Stause_S29,0.06938133124231081,0.05,15,3,13,7,9,13,3,13,11,rank_v2,0,11,false,false,,
29,1,Jeannie Mai_S29,0.064287781740343,0.06923076923076923,15,14,8,13,3,9,7,8,11,rank_v2,0,11,false,false,,
29,1,Jesse Metcalfe_S29,0.0695130896566367,0.06923076923076923,15,2,8,4,12,5,11,9,11,rank_v2,0,11,false,false,,
29,1,Johnny Weir_S29,0.06756117251439635,0.06923076923076923,15,9,8,8,7,7,9,6,11,rank_v2,0,11,false,false,,
29,1,Justina Machado_S29,0.06460054489512493,0.08076923076923077,15,13,1,6,10,3,13,2,11,rank_v2,0,11,false,false,,
29,1,Kaitlyn Bristowe_S29,0.0699274575992052,0.07692307692307693,15,1,3,1,15,2,14,4,11,rank_v2,0,11,false,false,,
29,1,Monica Aldama_S29,0.06814676038505657,0.07307692307692308,15,4,5,3,13,4,12,5,11,rank_v2,0,11,false,false,,
29,1,Nelly_S29,0.06690425938546779,0.06153846153846154,15,10,12,13,3,12,4,12,11,rank_v2,0,11,false,false,,
29,1,Nev Schulman_S29,0.05582793992734624,0.07692307692307693,15,15,3,10,6,11,5,3,11,rank_v2,0,11,false,false,,
29,1,Skai Jackson_S29,0.06775510125878824,0.08076923076923077,15,7,1,2,14,1,15,1,11,rank_v2,0,11,false,false,,
29,1,Veron Davis_S29,0.06792216296676634,0.06538461538461539,15,6,11,8,7,10,6,11,11,rank_v2,0,11,false,false,,
29,2,AJ McLean_S29,0.06840024223470315,0.0695970695970696,15,8,5,5,11,4,12,5,11,rank_v2,1,11,false,false,,
29,2,Anne Heche_S29,0.06900110605429757,0.06593406593406594,15,5,8,5,11,7,9,9,11,rank_v2,1,11,false,false,,
29,2,Carole Baskin_S29,0.07091006857762731,0.05860805860805861,15,1,12,5,11,12,4,12,11,rank_v2,1,11,false,false,,
29,2,Charles Oakley_S29,0.053743906129428955,0.054945054945054944,15,15,14,15,1,15,1,14,11,rank_v2,1,11,true,true,,
29,2,Chrishell Stause_S29,0.06826227117190657,0.06593406593406594,15,9,8,12,4,9,7,8,11,rank_v2,1,11,false,false,,
29,2,Jeannie Mai_S29,0.06954370729324898,0.06593406593406594,15,3,8,2,14,6,10,7,11,rank_v2,1,11,false,false,,
29,2,Jesse Metcalfe_S29,0.06791347124882165,0.07326007326007326,15,10,4,8,8,3,13,4,11,rank_v2,1,11,false,false,,
29,2,Johnny Weir_S29,0.07002510685909487,0.06593406593406594,15,2,8,1,15,5,11,11,11,rank_v2,1,11,false,false,,
29,2,Justina Machado_S29,0.0670279777322945,0.07692307692307693,15,12,2,8,8,2,14,3,11,rank_v2,1,11,false,false,,
29,2,Kaitlyn Bristowe_S29,0.06727107271357377,0.08058608058608059,15,11,1,3,13,1,15,1,11,rank_v2,1,11,false,false,,
29,2,Monica Aldama_S29,0.0690641926709426,0.05860805860805861,15,4,12,10,5,13,3,13,11,rank_v2,1,11,false,false,,
29,2,Nelly_S29,0.06866460859987099,0.06593406593406594,15,6,8,8,8,8,8,6,11,rank_v2,1,11,false,false,,
29,2,Nev Schulman_S29,0.0561106800315639,0.07692307692307693,15,14,2,10,5,10,6,2,11,rank_v2,1,11,false,false,,
29,2,Skai Jackson_S29,0.06861532420424579,0.054945054945054944,15,7,14,13,2,14,2,15,11,rank_v2,1,11,false,false,,
29,2,Veron Davis_S29,0.0654462644783796,0.06593406593406594,15,13,8,13,2,11,5,10,11,rank_v2,1,11,false,false,,
29,3,AJ McLean_S29,0.07138813870472623,0.07473309608540925,14,10,7,11,4,8,7,8,11,rank_v2,1,11,false,false,,
29,3,Anne Heche_S29,0.07640688393701349,0.05338078291814947,14,1,13,7,8,13,2,13,11,rank_v2,1,11,false,false,,
29,3,Carole Baskin_S29,0.057138635891459955,0.042704626334519574,14,14,14,14,1,14,1,14,11,rank_v2,1,11,true,true,,
29,3,Chrishell Stause_S29,0.07351373569212957,0.07829181494661921,14,7,5,4,10,5,10,4,11,rank_v2,1,11,false,false,,
29,3,Jeannie Mai_S29,0.07358744691715309,0.07829181494661921,14,6,5,3,12,4,11,6,11,rank_v2,1,11,false,false,,
29,3,Jesse Metcalfe_S29,0.07548052489643721,0.0711743772241993,14,3,9,4,10,7,8,9,11,rank_v2,1,11,false,false,,
29,3,Johnny Weir_S29,0.07482244952386331,0.08540925266903915,14,5,1,1,14,1,14,2,11,rank_v2,1,11,false,false,,
29,3,Justina Machado_S29,0.07044488652757624,0.06761565836298933,14,12,10,13,2,11,4,10,11,rank_v2,1,11,false,false,,
29,3,Kaitlyn Bristowe_S29,0.07119758251116909,0.08185053380782918,14,11,3,7,8,3,12,3,11,rank_v2,1,11,false,false,,
29,3,Monica Aldama_S29,0.0733420879602629,0.07473309608540925,14,8,7,9,5,6,9,7,11,rank_v2,1,11,false,false,,
29,3,Nelly_S29,0.07229444543857276,0.06405693950177936,14,9,11,12,3,12,3,12,11,rank_v2,1,11,false,false,,
29,3,Nev Schulman_S29,0.059316652850866354,0.08540925266903915,14,13,1,7,8,9,6,1,11,rank_v2,1,11,false,false,,
29,3,Skai Jackson_S29,0.07524651259284083,0.06405693950177936,14,4,11,9,5,10,5,11,11,rank_v2,1,11,false,false,,
29,3,Veron Davis_S29,0.07582001655592852,0.07829181494661921,14,2,5,2,13,2,13,5,11,rank_v2,1,11,false,false,,
29,4,AJ McLean_S29,0.07739455436895591,0.07973421926910298,13,10,5,7,6,5,9,5,11,rank_v2,1,11,false,false,,
29,4,Anne Heche_S29,0.06454574388285632,0.06976744186046512,13,13,11,13,1,13,1,13,11,rank_v2,1,11,true,true,,
29,4,Chrishell Stause_S29,0.07935974969080757,0.07308970099667775,13,7,8,7,6,7,7,8,11,rank_v2,1,11,false,false,,
29,4,Jeannie Mai_S29,0.08013538795505953,0.06976744186046512,13,5,11,9,4,10,4,12,11,rank_v2,1,11,false,false,,
29,4,Jesse Metcalfe_S29,0.08004732923703911,0.06976744186046512,13,6,11,11,2,11,3,11,11,rank_v2,1,11,false,false,,
29,4,Johnny Weir_S29,0.08021463187846654,0.07973421926910298,13,4,5,2,11,4,10,3,11,rank_v2,1,11,false,false,,
29,4,Justina Machado_S29,0.08036579346905398,0.07973421926910298,13,3,5,1,13,3,11,7,11,rank_v2,1,11,false,false,,
29,4,Kaitlyn Bristowe_S29,0.07800102693157845,0.08305647840531562,13,8,2,4,9,2,12,2,11,rank_v2,1,11,false,false,,
29,4,Monica Aldama_S29,0.07195762374539572,0.07973421926910298,13,11,5,9,4,8,6,6,11,rank_v2,1,11,false,false,,
29,4,Nelly_S29,0.08126944045499326,0.06976744186046512,13,2,11,6,8,9,5,10,11,rank_v2,1,11,false,false,,
29,4,Nev Schulman_S29,0.06708339746283896,0.07973421926910298,13,12,5,11,2,12,2,4,11,rank_v2,1,11,false,false,,
29,4,Skai Jackson_S29,0.0776250720959589,0.09302325581395349,13,9,1,4,9,1,13,1,11,rank_v2,1,11,false,false,,
29,4,Veron Davis_S29,0.08200024882699536,0.07308970099667775,13,1,8,2,11,6,8,9,11,rank_v2,1,11,false,false,,
29,5,AJ McLean_S29,0.08800937588790232,0.08362369337979095,12,2,7,3,10,4,9,7,11,rank_v2,1,11,false,false,,
29,5,Chrishell Stause_S29,0.09282568185637494,0.06620209059233449,12,1,11,5,8,10,3,12,11,rank_v2,1,11,false,false,,
29,5,Jeannie Mai_S29,0.08311287984410246,0.08362369337979095,12,9,7,11,2,8,5,6,11,rank_v2,1,11,false,false,,
29,5,Jesse Metcalfe_S29,0.06975551777105868,0.06620209059233449,12,11,11,12,1,12,1,11,11,rank_v2,1,11,true,true,,
29,5,Johnny Weir_S29,0.0870028486098349,0.10104529616724739,12,3,1,1,12,1,12,1,11,rank_v2,1,11,false,false,,
29,5,Justina Machado_S29,0.08455437834477955,0.08362369337979095,12,8,7,9,4,7,6,8,11,rank_v2,1,11,false,false,,
29,5,Kaitlyn Bristowe_S29,0.0855327412462157,0.09407665505226481,12,6,2,2,11,2,11,2,11,rank_v2,1,11,false,false,,
29,5,Monica Aldama_S29,0.08252595462576531,0.09059233449477352,12,10,3,6,7,3,10,3,11,rank_v2,1,11,false,false,,
29,5,Nelly_S29,0.0849996654152379,0.08362369337979095,12,7,7,7,6,6,7,5,11,rank_v2,1,11,false,false,,
29,5,Nev Schulman_S29,0.06774384560894062,0.09059233449477352,12,12,3,9,4,11,2,4,11,rank_v2,1,11,false,false,,
29,5,Skai Jackson_S29,0.08696988210214764,0.08362369337979095,12,4,7,4,9,5,8,9,11,rank_v2,1,11,false,false,,
29,5,Veron Davis_S29,0.08696722868764091,0.07317073170731707,12,5,10,9,4,9,4,10,11,rank_v2,1,11,false,false,,
29,6,AJ McLean_S29,0.08990394022326323,0.10074626865671642,11,9,2,7,5,4,8,3,11,rank_v2,1,11,false,false,,
29,6,Chrishell Stause_S29,0.09685792600691422,0.08955223880597014,11,3,7,5,6,6,6,8,11,rank_v2,1,11,false,false,,
29,6,Jeannie Mai_S29,0.09268867813222827,0.09328358208955224,11,7,6,8,4,7,5,6,11,rank_v2,1,11,false,false,,
29,6,Johnny Weir_S29,0.09929828179897969,0.08208955223880597,11,1,9,5,6,8,4,9,11,rank_v2,1,11,false,false,,
29,6,Justina Machado_S29,0.0953594789443766,0.10074626865671642,11,4,2,1,11,1,11,1,11,rank_v2,1,11,false,false,,
29,6,Kaitlyn Bristowe_S29,0.09280417718821876,0.10074626865671642,11,6,2,3,9,3,9,4,11,rank_v2,1,11,false,false,,
29,6,Monica Aldama_S29,0.09304423685917748,0.10074626865671642,11,5,2,2,10,2,10,2,11,rank_v2,1,11,false,false,,
29,6,Nelly_S29,0.09749673395788477,0.08955223880597014,11,2,7,4,8,5,7,7,11,rank_v2,1,11,false,false,,
29,6,Nev Schulman_S29,0.07567160891325213,0.09701492537313433,11,10,5,9,3,9,3,5,11,rank_v2,1,11,false,false,,
29,6,Skai Jackson_S29,0.09245390115549548,0.06716417910447761,11,8,11,10,2,10,2,11,11,rank_v2,1,11,false,false,,
29,6,Veron Davis_S29,0.07442103682020935,0.07835820895522388,11,11,10,11,1,11,1,10,11,rank_v2,1,11,true,true,,
29,7,AJ McLean_S29,0.1047686999137165,0.1,10,1,6,2,9,2,9,5,11,rank_v2,2,11,false,false,,
29,7,Chrishell Stause_S29,0.10468060301388123,0.1,10,2,6,3,8,3,8,7,11,rank_v2,2,11,false,false,,
29,7,Jeannie Mai_S29,0.09724319713455096,0.09615384615384616,10,9,8,9,2,9,2,8,11,rank_v2,2,11,true,true,,
29,7,Johnny Weir_S29,0.1042586813224837,0.10384615384615385,10,3,3,1,10,1,10,4,11,rank_v2,2,11,false,false,,
29,7,Justina Machado_S29,0.10338707036511123,0.1,10,4,6,5,5,5,6,6,11,rank_v2,2,11,false,false,,
29,7,Kaitlyn Bristowe_S29,0.10259792852715502,0.09230769230769231,10,5,9,8,3,8,3,9,11,rank_v2,2,11,false,false,,
29,7,Monica Aldama_S29,0.09910636421976224,0.08461538461538462,10,8,10,10,1,10,1,10,11,rank_v2,2,11,true,true,,
29,7,Nelly_S29,0.0992628953154253,0.10384615384615385,10,7,3,5,5,6,5,3,11,rank_v2,2,11,false,false,,
29,7,Nev Schulman_S29,0.08490179034039018,0.11538461538461539,10,10,1,7,4,7,4,1,11,rank_v2,2,11,false,false,,
29,7,Skai Jackson_S29,0.09979276984752314,0.10384615384615385,10,6,3,4,7,4,7,2,11,rank_v2,2,11,false,false,,
29,8,AJ McLean_S29,0.13425593047816003,0.12162184076007343,8,2,5,2,7,4,5,5,11,rank_v2,1,11,false,false,,
29,8,Chrishell Stause_S29,0.09425985116350598,0.12162184076007343,8,8,5,8,1,8,1,6,11,rank_v2,1,11,true,true,,
29,8,Johnny Weir_S29,0.13121791318371404,0.13513537862230382,8,4,1,1,8,1,8,2,11,rank_v2,1,11,false,false,,
29,8,Justina Machado_S29,0.12873724876886966,0.1306299650990362,8,6,3,5,4,2,7,3,11,rank_v2,1,11,false,false,,
29,8,Kaitlyn Bristowe_S29,0.13054410038747502,0.1261263533808169,8,5,4,5,4,3,6,4,11,rank_v2,1,11,false,false,,
29,8,Nelly_S29,0.13739979188225526,0.10810830289784305,8,1,8,5,4,6,3,8,11,rank_v2,1,11,false,false,,
29,8,Nev Schulman_S29,0.10991939985525788,0.13513537862230382,8,7,1,3,6,7,2,1,11,rank_v2,1,11,false,false,,
29,8,Skai Jackson_S29,0.13366576428076138,0.12162093985754929,8,3,7,7,2,5,4,7,11,rank_v2,1,11,false,false,,
29,9,AJ McLean_S29,0.12182619210956322,0.12953317941214265,7,7,6,7,1,7,1,6,11,rank_v2,1,11,true,true,,
29,9,Johnny Weir_S29,0.15263975539980998,0.15544105882304174,7,2,1,1,7,1,7,1,11,rank_v2,1,11,false,false,,
29,9,Justina Machado_S29,0.15457219775614117,0.13471454803957736,7,1,5,3,5,4,4,5,11,rank_v2,1,11,false,false,,
29,9,Kaitlyn Bristowe_S29,0.14871928957496824,0.15544105882304174,7,4,1,2,6,2,6,2,11,rank_v2,1,11,false,false,,
29,9,Nelly_S29,0.151004538491132,0.1243528470584334,7,3,7,6,2,6,2,7,11,rank_v2,1,11,false,false,,
29,9,Nev Schulman_S29,0.12804086343830362,0.15025865392188154,7,6,3,5,3,5,3,4,11,rank_v2,1,11,false,false,,
29,9,Skai Jackson_S29,0.1431971632300821,0.15025865392188154,7,5,3,4,4,3,5,3,11,rank_v2,1,11,false,false,,
29,10,Johnny Weir_S29,0.1664234833873087,0.16379310344827586,6,4,4,4,2,4,3,4,11,rank_v2,2,11,false,false,,
29,10,Justina Machado_S29,0.1743898257162188,0.16666666666666666,6,3,3,2,5,2,5,3,11,rank_v2,2,11,false,false,,
29,10,Kaitlyn Bristowe_S29,0.17546269780101048,0.1724137931034483,6,1,1,1,6,1,6,2,11,rank_v2,2,11,false,false,,
29,10,Nelly_S29,0.17474226032476808,0.16091954022988506,6,2,6,4,2,3,4,6,11,rank_v2,2,11,true,false,,
29,10,Nev Schulman_S29,0.1441745834588931,0.1724137931034483,6,6,1,3,4,6,1,1,11,rank_v2,2,11,false,true,,
29,10,Skai Jackson_S29,0.16480714931180068,0.16379310344827586,6,5,4,6,1,5,2,5,11,rank_v2,2,11,true,true,,
29,11,Justina Machado_S29,0.18667853659315992,0.25316455696202533,4,4,2,3,1,4,1,3,11,rank_v2,4,11,true,true,3,4
29,11,Kaitlyn Bristowe_S29,0.2955542106495336,0.25316455696202533,4,1,2,1,4,1,4,2,11,rank_v2,4,11,true,true,1,1
29,11,Nelly_S29,0.29011157859008996,0.24050632911392406,4,2,4,3,1,2,3,4,11,rank_v2,4,11,true,true,3,2
29,11,Nev Schulman_S29,0.22765567416721727,0.25316455696202533,4,3,2,2,3,3,2,1,11,rank_v2,4,11,true,true,2,3
30,1,Amanda Kloots_S30,0.06635706430580798,0.07650273224043716,15,8,2,4,11,3,13,3,10,rank_v2,0,10,false,false,,
30,1,Brian Austin Green_S30,0.066322961042362,0.06557377049180328,15,9,10,11,5,11,5,11,10,rank_v2,0,10,false,false,,
30,1,Christine Chiu_S30,0.06640148541646457,0.06830601092896176,15,7,7,7,9,9,7,7,10,rank_v2,0,10,false,false,,
30,1,Cody Rigsby_S30,0.05195182012476293,0.06557377049180328,15,15,10,13,3,14,2,12,10,rank_v2,0,10,false,false,,
30,1,Iman Shumpert_S30,0.0646765709834042,0.05737704918032787,15,13,14,14,2,13,3,14,10,rank_v2,0,10,false,false,,
30,1,Jimmie Allen_S30,0.0660216493288291,0.060109289617486336,15,10,13,12,4,12,4,13,10,rank_v2,0,10,false,false,,
30,1,JoJo Siwa_S30,0.07418800314153946,0.07923497267759563,15,2,1,1,15,1,15,1,10,rank_v2,0,10,false,false,,
30,1,Kenya Moore_S30,0.06822965312573001,0.07103825136612021,15,5,5,4,11,7,9,6,10,rank_v2,0,10,false,false,,
30,1,Martin Kove_S30,0.062455315985099694,0.03551912568306011,15,14,15,15,1,15,1,15,10,rank_v2,0,10,false,false,,
30,1,Matt James_S30,0.06782381037525723,0.06557377049180328,15,6,10,10,6,10,6,10,10,rank_v2,0,10,false,false,,
30,1,Melanie C_S30,0.06596068809419615,0.07377049180327869,15,11,4,9,7,6,10,4,10,rank_v2,0,10,false,false,,
30,1,Melora Hardin_S30,0.06964753892093543,0.07103825136612021,15,3,5,2,13,5,11,5,10,rank_v2,0,10,false,false,,
30,1,"Mike ""The Miz"" Mizanin_S30",0.0696152239317556,0.06557377049180328,15,4,10,7,9,8,8,9,10,rank_v2,0,10,false,false,,
30,1,Olivia Jade_S30,0.07488300256653237,0.06830601092896176,15,1,7,2,13,2,14,8,10,rank_v2,0,10,false,false,,
30,1,Suni Lee_S30,0.06546521265732347,0.07650273224043716,15,12,2,7,9,4,12,2,10,rank_v2,0,10,false,false,,
30,2,Amanda Kloots_S30,0.06768924807552958,0.08311688311688312,15,8,1,3,13,2,14,1,10,rank_v2,1,10,false,false,,
30,2,Brian Austin Green_S30,0.07053662036065107,0.05974025974025974,15,4,13,9,6,12,4,13,10,rank_v2,1,10,false,false,,
30,2,Christine Chiu_S30,0.06969999228544618,0.06233766233766234,15,5,11,7,8,9,7,12,10,rank_v2,1,10,false,false,,
30,2,Cody Rigsby_S30,0.05112696597519165,0.06233766233766234,15,15,11,14,2,14,2,11,10,rank_v2,1,10,false,false,,
30,2,Iman Shumpert_S30,0.06677860107649873,0.06493506493506493,15,10,9,12,3,10,6,9,10,rank_v2,1,10,false,false,,
30,2,Jimmie Allen_S30,0.062128139825082584,0.07012987012987013,15,13,6,12,3,8,8,5,10,rank_v2,1,10,false,false,,
30,2,JoJo Siwa_S30,0.07391198454718734,0.08051948051948052,15,2,2,1,15,1,15,2,10,rank_v2,1,10,false,false,,
30,2,Kenya Moore_S30,0.06855536660979793,0.06233766233766234,15,7,11,11,5,11,5,10,10,rank_v2,1,10,false,false,,
30,2,Martin Kove_S30,0.052398863010011454,0.03896103896103896,15,14,15,15,1,15,1,15,10,rank_v2,1,10,true,true,,
30,2,Matt James_S30,0.07121584119172215,0.05714285714285714,15,3,14,9,6,13,3,14,10,rank_v2,1,10,false,false,,
30,2,Melanie C_S30,0.06670217014780715,0.07792207792207792,15,11,3,4,11,4,12,3,10,rank_v2,1,10,false,false,,
30,2,Melora Hardin_S30,0.06768330975096783,0.07012987012987013,15,9,6,6,10,6,10,6,10,rank_v2,1,10,false,false,,
30,2,"Mike ""The Miz"" Mizanin_S30",0.06902783437643101,0.06753246753246753,15,6,8,4,11,7,9,8,10,rank_v2,1,10,false,false,,
30,2,Olivia Jade_S30,0.07610266321801937,0.07012987012987013,15,1,6,2,14,3,13,7,10,rank_v2,1,10,false,false,,
30,2,Suni Lee_S30,0.06644239954965542,0.07272727272727272,15,12,4,7,8,5,11,4,10,rank_v2,1,10,false,false,,
30,3,Amanda Kloots_S30,0.07095806827141406,0.08053691275167785,14,8,2,3,12,3,12,2,10,rank_v2,1,10,false,false,,
30,3,Brian Austin Green_S30,0.08051577985100791,0.06375838926174497,14,2,12,7,8,7,8,12,10,rank_v2,1,10,false,false,,
30,3,Christine Chiu_S30,0.04491438203242361,0.07046979865771812,14,14,8,13,2,14,1,9,10,rank_v2,1,10,false,true,,
30,3,Cody Rigsby_S30,0.06943467933312755,0.06040268456375839,14,11,14,14,1,13,2,14,10,rank_v2,1,10,true,false,,
30,3,Iman Shumpert_S30,0.08139859855740499,0.06375838926174497,14,1,12,4,10,5,10,13,10,rank_v2,1,10,false,false,,
30,3,Jimmie Allen_S30,0.07696674260260046,0.06711409395973154,14,3,10,4,10,8,7,11,10,rank_v2,1,10,false,false,,
30,3,JoJo Siwa_S30,0.07208455175772979,0.08053691275167785,14,7,2,2,13,2,13,3,10,rank_v2,1,10,false,false,,
30,3,Kenya Moore_S30,0.07316392113216784,0.07046979865771812,14,6,8,7,8,9,6,7,10,rank_v2,1,10,false,false,,
30,3,Matt James_S30,0.07604948102685923,0.06711409395973154,14,4,10,7,8,10,5,10,10,rank_v2,1,10,false,false,,
30,3,Melanie C_S30,0.07052929948080572,0.0738255033557047,14,10,5,9,6,6,9,6,10,rank_v2,1,10,false,false,,
30,3,Melora Hardin_S30,0.068973158232914,0.07718120805369127,14,12,4,10,5,4,11,4,10,rank_v2,1,10,false,false,,
30,3,"Mike ""The Miz"" Mizanin_S30",0.06864911622937644,0.0738255033557047,14,13,5,12,3,11,4,5,10,rank_v2,1,10,false,false,,
30,3,Olivia Jade_S30,0.07557709700360779,0.08053691275167785,14,5,2,1,14,1,14,1,10,rank_v2,1,10,false,false,,
30,3,Suni Lee_S30,0.07078512448856028,0.07046979865771812,14,9,8,11,4,12,3,8,10,rank_v2,1,10,false,false,,
30,4,Amanda Kloots_S30,0.08091547263778542,0.0815347721822542,13,3,4,3,11,4,10,4,10,rank_v2,2,10,false,false,,
30,4,Brian Austin Green_S30,0.07254075508630115,0.06235011990407674,13,12,13,13,1,12,2,13,10,rank_v2,2,10,true,true,,
30,4,Cody Rigsby_S30,0.06227482435585139,0.06954436450839328,13,13,11,12,2,13,1,11,10,rank_v2,2,10,true,true,,
30,4,Iman Shumpert_S30,0.07955177662026665,0.07553956834532374,13,4,9,5,8,8,6,9,10,rank_v2,2,10,false,false,,
30,4,Jimmie Allen_S30,0.07620344704861709,0.07793764988009592,13,8,7,9,5,9,5,7,10,rank_v2,2,10,false,false,,
30,4,JoJo Siwa_S30,0.08495157080748197,0.08393285371702638,13,2,2,2,12,2,12,3,10,rank_v2,2,10,false,false,,
30,4,Kenya Moore_S30,0.07801470693930398,0.07074340527577938,13,5,10,9,5,10,4,10,10,rank_v2,2,10,false,false,,
30,4,Matt James_S30,0.07392840289138537,0.0683453237410072,13,11,12,11,3,11,3,12,10,rank_v2,2,10,false,false,,
30,4,Melanie C_S30,0.07605271873330753,0.07913669064748201,13,9,6,9,5,7,7,6,10,rank_v2,2,10,false,false,,
30,4,Melora Hardin_S30,0.07675237690019078,0.08752997601918465,13,7,1,4,10,3,11,1,10,rank_v2,2,10,false,false,,
30,4,"Mike ""The Miz"" Mizanin_S30",0.07793967318032007,0.07793764988009592,13,6,7,5,8,6,8,8,10,rank_v2,2,10,false,false,,
30,4,Olivia Jade_S30,0.08511567786997276,0.08393285371702638,13,1,2,1,13,1,13,2,10,rank_v2,2,10,false,false,,
30,4,Suni Lee_S30,0.07575859692921579,0.0815347721822542,13,10,4,7,7,5,9,5,10,rank_v2,2,10,false,false,,
30,5,Amanda Kloots_S30,0.08955297351725121,0.1012987012987013,11,8,2,3,9,3,9,2,10,rank_v2,1,10,false,false,,
30,5,Cody Rigsby_S30,0.07916448130648439,0.08311688311688312,11,10,9,11,1,10,2,10,10,rank_v2,1,10,true,false,,
30,5,Iman Shumpert_S30,0.10731255221519198,0.07272727272727272,11,1,11,6,6,8,4,11,10,rank_v2,1,10,false,false,,
30,5,Jimmie Allen_S30,0.09802269627500876,0.08831168831168831,11,5,8,8,4,5,7,8,10,rank_v2,1,10,false,false,,
30,5,JoJo Siwa_S30,0.10063946727029331,0.1038961038961039,11,2,1,1,11,1,11,1,10,rank_v2,1,10,false,false,,
30,5,Kenya Moore_S30,0.09126028386777134,0.09350649350649351,11,7,5,6,6,6,6,6,10,rank_v2,1,10,false,false,,
30,5,Melanie C_S30,0.05813994260892017,0.09350649350649351,11,11,5,10,2,11,1,5,10,rank_v2,1,10,false,true,,
30,5,Melora Hardin_S30,0.09831614728376235,0.09350649350649351,11,4,5,2,10,2,10,7,10,rank_v2,1,10,false,false,,
30,5,"Mike ""The Miz"" Mizanin_S30",0.09908816111655791,0.08311688311688312,11,3,9,6,6,7,5,9,10,rank_v2,1,10,false,false,,
30,5,Olivia Jade_S30,0.0954648204919185,0.09350649350649351,11,6,5,4,8,4,8,3,10,rank_v2,1,10,false,false,,
30,5,Suni Lee_S30,0.08303847404684073,0.09350649350649351,11,9,5,9,3,9,3,4,10,rank_v2,1,10,false,false,,
30,6,Amanda Kloots_S30,0.1002303512365991,0.1043956043956044,10,8,3,5,5,5,6,4,10,rank_v2,1,10,false,false,,
30,6,Cody Rigsby_S30,0.0814368828090564,0.0989010989010989,10,9,6,9,2,9,2,7,10,rank_v2,1,10,false,false,,
30,6,Iman Shumpert_S30,0.10377700797111322,0.10989010989010989,10,5,1,2,9,2,9,2,10,rank_v2,1,10,false,false,,
30,6,Jimmie Allen_S30,0.1006785987347358,0.1043956043956044,10,7,3,4,7,4,7,3,10,rank_v2,1,10,false,false,,
30,6,JoJo Siwa_S30,0.10818067742693331,0.10989010989010989,10,2,1,1,10,1,10,1,10,rank_v2,1,10,false,false,,
30,6,Kenya Moore_S30,0.08125806826480238,0.08791208791208792,10,10,10,10,1,10,1,10,10,rank_v2,1,10,true,true,,
30,6,Melora Hardin_S30,0.10390093444643826,0.09340659340659341,10,4,8,7,3,8,3,8,10,rank_v2,1,10,false,false,,
30,6,"Mike ""The Miz"" Mizanin_S30",0.10536535331921297,0.09340659340659341,10,3,8,5,5,7,4,9,10,rank_v2,1,10,false,false,,
30,6,Olivia Jade_S30,0.11244830589858275,0.0989010989010989,10,1,6,3,8,3,8,6,10,rank_v2,1,10,false,false,,
30,6,Suni Lee_S30,0.1027238198925258,0.0989010989010989,10,6,6,7,3,6,5,5,10,rank_v2,1,10,false,false,,
30,7,Amanda Kloots_S30,0.11423955923799824,0.10397553516819572,9,5,7,7,3,7,3,8,10,rank_v2,1,10,false,false,,
30,7,Cody Rigsby_S30,0.08895758605543856,0.11009174311926606,9,9,5,8,2,8,2,5,10,rank_v2,1,10,false,false,,
30,7,Iman Shumpert_S30,0.11671809000324301,0.10397553516819572,9,3,7,4,5,5,5,6,10,rank_v2,1,10,false,false,,
30,7,Jimmie Allen_S30,0.11258387764257016,0.1162079510703364,9,7,3,4,5,4,6,4,10,rank_v2,1,10,false,false,,
30,7,JoJo Siwa_S30,0.12417014439321773,0.11926605504587157,9,1,2,1,8,2,8,2,10,rank_v2,1,10,false,false,,
30,7,Melora Hardin_S30,0.11402398235465015,0.1162079510703364,9,6,3,3,7,3,7,3,10,rank_v2,1,10,false,false,,
30,7,"Mike ""The Miz"" Mizanin_S30",0.09341081092909846,0.09785932721712538,9,8,9,9,1,9,1,9,10,rank_v2,1,10,true,true,,
30,7,Olivia Jade_S30,0.119788262338198,0.12844036697247707,9,2,1,1,8,1,9,1,10,rank_v2,1,10,false,false,,
30,7,Suni Lee_S30,0.11610768704558636,0.10397553516819572,9,4,7,6,4,6,4,7,10,rank_v2,1,10,false,false,,
30,8,Amanda Kloots_S30,0.1275968023636834,0.13636363636363635,8,4,2,2,7,2,7,1,10,rank_v2,2,10,false,false,,
30,8,Cody Rigsby_S30,0.09638740540935596,0.12337662337662338,8,8,5,7,2,7,2,5,10,rank_v2,2,10,true,true,,
30,8,Iman Shumpert_S30,0.13428599104716013,0.11363636363636363,8,3,7,6,3,6,3,7,10,rank_v2,2,10,false,false,,
30,8,Jimmie Allen_S30,0.11307729206355886,0.1038961038961039,8,7,8,8,1,8,1,8,10,rank_v2,2,10,true,true,,
30,8,JoJo Siwa_S30,0.1398167555437442,0.1331168831168831,8,1,4,1,8,1,8,4,10,rank_v2,2,10,false,false,,
30,8,Melora Hardin_S30,0.1273870838225538,0.13636363636363635,8,5,2,3,6,3,6,3,10,rank_v2,2,10,false,false,,
30,8,Olivia Jade_S30,0.13559780118567816,0.11688311688311688,8,2,6,4,4,5,4,6,10,rank_v2,2,10,false,false,,
30,8,Suni Lee_S30,0.12585086856426406,0.13636363636363635,8,6,2,4,4,4,5,2,10,rank_v2,2,10,false,false,,
30,9,Amanda Kloots_S30,0.17187530443992272,0.1747787610619469,6,3,2,2,4,3,4,2,10,rank_v2,2,10,false,false,,
30,9,Cody Rigsby_S30,0.13779719678486121,0.1570796460176991,6,6,6,6,1,6,1,6,10,rank_v2,2,10,true,true,,
30,9,Iman Shumpert_S30,0.18443102417023222,0.16592920353982302,6,2,3,2,4,2,5,4,10,rank_v2,2,10,false,false,,
30,9,JoJo Siwa_S30,0.18615866063690664,0.17699115044247787,6,1,1,1,6,1,6,1,10,rank_v2,2,10,false,false,,
30,9,Melora Hardin_S30,0.15526551403601171,0.1592920353982301,6,5,5,5,2,5,2,5,10,rank_v2,2,10,true,true,,
30,9,Suni Lee_S30,0.16447229993206533,0.16592920353982302,6,4,3,4,3,4,3,3,10,rank_v2,2,10,false,false,,
30,10,Amanda Kloots_S30,0.2083956869047147,0.2484076433121019,4,4,3,4,1,4,1,3,10,rank_v2,4,10,true,true,4,4
30,10,Cody Rigsby_S30,0.26343959784260584,0.24203821656050956,4,2,4,3,2,2,3,4,10,rank_v2,4,10,true,true,3,2
30,10,Iman Shumpert_S30,0.3167792636600822,0.25477707006369427,4,1,1,1,4,1,4,2,10,rank_v2,4,10,true,true,1,1
30,10,JoJo Siwa_S30,0.21138545159259672,0.25477707006369427,4,3,1,2,3,3,2,1,10,rank_v2,4,10,true,true,2,3
31,1,Charli D'Amelio_S31,0.07306189016399035,0.08376963350785341,16,1,1,1,16,1,16,1,10,rank_v2,1,10,false,false,,
31,1,Cheryl Ladd_S31,0.06294504771251716,0.0549738219895288,16,13,10,14,3,13,4,10,10,rank_v2,1,10,false,false,,
31,1,Daniel Durant_S31,0.0658894321633381,0.07068062827225131,16,11,6,9,7,6,11,6,10,rank_v2,1,10,false,false,,
31,1,Gabby Windey_S31,0.06800242106508515,0.07329842931937172,16,4,4,2,15,2,15,5,10,rank_v2,1,10,false,false,,
31,1,Heidi D'Amelio_S31,0.07174308185862081,0.06282722513089005,16,2,8,3,14,8,9,8,10,rank_v2,1,10,false,false,,
31,1,Jason Lewis_S31,0.0003297497073473387,0.04712041884816754,16,16,15,16,1,16,1,15,10,rank_v2,1,10,true,true,,
31,1,Jessie James Decker_S31,0.06663634504889396,0.05235602094240838,16,9,13,12,4,12,5,12,10,rank_v2,1,10,false,false,,
31,1,Jordin Sparks_S31,0.06720144195482644,0.06806282722513089,16,6,7,5,12,7,10,7,10,rank_v2,1,10,false,false,,
31,1,Joseph Baena_S31,0.0666842262365479,0.060209424083769635,16,8,9,9,7,9,8,9,10,rank_v2,1,10,false,false,,
31,1,Sam Champion_S31,0.05985499604820901,0.05235602094240838,16,15,13,15,2,14,3,14,10,rank_v2,1,10,false,false,,
31,1,Selma Blair_S31,0.06704388398430881,0.07329842931937172,16,7,4,4,13,3,14,3,10,rank_v2,1,10,false,false,,
31,1,Shangela_S31,0.0664265644036738,0.07329842931937172,16,10,4,6,11,4,13,4,10,rank_v2,1,10,false,false,,
31,1,Teresa Giudice_S31,0.0688945502311693,0.05235602094240838,16,3,13,7,9,10,7,13,10,rank_v2,1,10,false,false,,
31,1,Trevor Donovan_S31,0.06547171784487285,0.0549738219895288,16,12,10,12,4,11,6,11,10,rank_v2,1,10,false,false,,
31,1,Vinny Guadagnino_S31,0.06747260057292677,0.04450261780104712,16,5,16,11,6,15,2,16,10,rank_v2,1,10,false,false,,
31,1,Wayne Brady_S31,0.062342051003672225,0.07591623036649214,16,14,2,7,9,5,12,2,10,rank_v2,1,10,false,false,,
31,2,Charli D'Amelio_S31,0.07355675257776254,0.07766990291262135,15,2,2,1,15,1,15,3,10,rank_v2,1,10,false,false,,
31,2,Cheryl Ladd_S31,0.06823861732906036,0.050970873786407765,15,7,15,13,3,14,2,15,10,rank_v2,1,10,false,false,,
31,2,Daniel Durant_S31,0.06520628069602766,0.0703883495145631,15,13,5,10,6,8,8,5,10,rank_v2,1,10,false,false,,
31,2,Gabby Windey_S31,0.06883212533686381,0.07766990291262135,15,6,2,3,13,2,14,1,10,rank_v2,1,10,false,false,,
31,2,Heidi D'Amelio_S31,0.07781617655986958,0.06796116504854369,15,1,7,3,13,3,13,6,10,rank_v2,1,10,false,false,,
31,2,Jessie James Decker_S31,0.06885243161832466,0.06067961165048544,15,5,12,9,7,12,4,12,10,rank_v2,1,10,false,false,,
31,2,Jordin Sparks_S31,0.06760090102103475,0.06553398058252427,15,11,9,12,4,10,6,10,10,rank_v2,1,10,false,false,,
31,2,Joseph Baena_S31,0.07210891263078112,0.05825242718446602,15,3,13,7,9,11,5,13,10,rank_v2,1,10,false,false,,
31,2,Sam Champion_S31,0.06564892708596343,0.06310679611650485,15,12,11,14,2,13,3,11,10,rank_v2,1,10,false,false,,
31,2,Selma Blair_S31,0.06779952183057189,0.06796116504854369,15,9,7,7,9,7,9,8,10,rank_v2,1,10,false,false,,
31,2,Shangela_S31,0.06790920431774097,0.06796116504854369,15,8,7,5,11,6,10,7,10,rank_v2,1,10,false,false,,
31,2,Teresa Giudice_S31,0.035870885508062535,0.055825242718446605,15,15,14,15,1,15,1,14,10,rank_v2,1,10,true,true,,
31,2,Trevor Donovan_S31,0.0704404711308163,0.07281553398058252,15,4,4,3,13,4,12,4,10,rank_v2,1,10,false,false,,
31,2,Vinny Guadagnino_S31,0.06761704344923745,0.06553398058252427,15,10,9,11,5,9,7,9,10,rank_v2,1,10,false,false,,
31,2,Wayne Brady_S31,0.06250174890788296,0.07766990291262135,15,14,2,7,9,5,11,2,10,rank_v2,1,10,false,false,,
31,3,Charli D'Amelio_S31,0.07757677322607952,0.08188585607940446,14,2,2,1,14,2,13,3,10,rank_v2,1,10,false,false,,
31,3,Cheryl Ladd_S31,0.05499885944018728,0.05955334987593052,14,14,13,14,1,14,1,13,10,rank_v2,1,10,true,true,,
31,3,Daniel Durant_S31,0.0719158871608679,0.07692307692307693,14,7,5,4,10,4,11,5,10,rank_v2,1,10,false,false,,
31,3,Gabby Windey_S31,0.07298572744400803,0.08188585607940446,14,5,2,3,12,3,12,1,10,rank_v2,1,10,false,false,,
31,3,Heidi D'Amelio_S31,0.08009865990866796,0.0794044665012407,14,1,4,2,13,1,14,4,10,rank_v2,1,10,false,false,,
31,3,Jessie James Decker_S31,0.06978068152849191,0.06451612903225806,14,12,11,13,2,11,4,11,10,rank_v2,1,10,false,false,,
31,3,Jordin Sparks_S31,0.0707375895215727,0.07196029776674938,14,10,7,9,5,8,7,8,10,rank_v2,1,10,false,false,,
31,3,Joseph Baena_S31,0.07162960617108886,0.07196029776674938,14,8,7,7,7,7,8,7,10,rank_v2,1,10,false,false,,
31,3,Sam Champion_S31,0.0710056980547259,0.062034739454094295,14,9,12,12,3,12,3,12,10,rank_v2,1,10,false,false,,
31,3,Selma Blair_S31,0.07071985404713979,0.06947890818858561,14,11,9,11,4,10,5,9,10,rank_v2,1,10,false,false,,
31,3,Shangela_S31,0.07234436853084884,0.07444168734491315,14,6,6,4,10,6,9,6,10,rank_v2,1,10,false,false,,
31,3,Trevor Donovan_S31,0.07461859738832145,0.06699751861042183,14,4,10,6,9,9,6,10,10,rank_v2,1,10,false,false,,
31,3,Vinny Guadagnino_S31,0.07536840163941741,0.05707196029776675,14,3,14,9,5,13,2,14,10,rank_v2,1,10,false,false,,
31,3,Wayne Brady_S31,0.06621929593858279,0.08188585607940446,14,13,2,7,7,5,10,2,10,rank_v2,1,10,false,false,,
31,4,Charli D'Amelio_S31,0.08285480307438216,0.08780487804878048,13,2,2,1,13,1,13,3,10,rank_v2,1,10,false,false,,
31,4,Daniel Durant_S31,0.07863100648222725,0.07073170731707316,13,6,9,9,4,11,3,10,10,rank_v2,1,10,false,false,,
31,4,Gabby Windey_S31,0.07807503886274625,0.08780487804878048,13,9,2,3,11,3,11,1,10,rank_v2,1,10,false,false,,
31,4,Heidi D'Amelio_S31,0.08686211114897043,0.08292682926829269,13,1,4,2,12,2,12,5,10,rank_v2,1,10,false,false,,
31,4,Jessie James Decker_S31,0.07722052861607183,0.07560975609756097,13,10,8,12,2,8,6,8,10,rank_v2,1,10,false,false,,
31,4,Jordin Sparks_S31,0.07542274574036657,0.08292682926829269,13,11,4,9,4,5,9,4,10,rank_v2,1,10,false,false,,
31,4,Joseph Baena_S31,0.0821231882768412,0.06829268292682927,13,3,11,7,7,10,4,12,10,rank_v2,1,10,false,false,,
31,4,Sam Champion_S31,0.05215428503573303,0.06097560975609756,13,13,13,13,1,13,1,13,10,rank_v2,1,10,true,true,,
31,4,Selma Blair_S31,0.07830184310049025,0.07804878048780488,13,7,6,4,9,6,8,6,10,rank_v2,1,10,false,false,,
31,4,Shangela_S31,0.07825909166946941,0.07804878048780488,13,8,6,7,7,7,7,7,10,rank_v2,1,10,false,false,,
31,4,Trevor Donovan_S31,0.078935890912459,0.06829268292682927,13,5,11,11,3,12,2,11,10,rank_v2,1,10,false,false,,
31,4,Vinny Guadagnino_S31,0.08010436777887191,0.07073170731707316,13,4,9,4,9,9,5,9,10,rank_v2,1,10,false,false,,
31,4,Wayne Brady_S31,0.07105509930137097,0.08780487804878048,13,12,2,7,7,4,10,2,10,rank_v2,1,10,false,false,,
31,5,Charli D'Amelio_S31,0.0928257754635885,0.09364548494983277,12,2,1,1,12,1,12,1,10,rank_v2,2,10,false,false,,
31,5,Daniel Durant_S31,0.08657555816678628,0.07469342251950947,12,5,11,10,3,10,3,11,10,rank_v2,2,10,false,false,,
31,5,Gabby Windey_S31,0.08543652415206908,0.09141583054626533,12,7,2,3,10,3,10,2,10,rank_v2,2,10,false,false,,
31,5,Heidi D'Amelio_S31,0.0938671452554378,0.08695652173913043,12,1,5,2,11,2,11,5,10,rank_v2,2,10,false,false,,
31,5,Jessie James Decker_S31,0.0862153131957122,0.0802675585284281,12,6,7,5,7,8,5,8,10,rank_v2,2,10,false,false,,
31,5,Jordin Sparks_S31,0.08848603069294803,0.07915273132664437,12,3,9,4,9,7,6,9,10,rank_v2,2,10,false,false,,
31,5,Joseph Baena_S31,0.0482684559845253,0.07803790412486064,12,12,10,12,1,12,1,10,10,rank_v2,2,10,true,true,,
31,5,Selma Blair_S31,0.08346185219310796,0.08918617614269789,12,10,4,7,5,4,9,4,10,rank_v2,2,10,false,false,,
31,5,Shangela_S31,0.08412208795746984,0.0858416945373467,12,8,6,7,5,6,7,6,10,rank_v2,2,10,false,false,,
31,5,Trevor Donovan_S31,0.08386247510905534,0.0802675585284281,12,9,7,10,3,9,4,7,10,rank_v2,2,10,false,false,,
31,5,Vinny Guadagnino_S31,0.08799508169287167,0.06911928651059086,12,4,12,10,3,11,2,12,10,rank_v2,2,10,true,true,,
31,5,Wayne Brady_S31,0.07888370013642867,0.09141583054626533,12,11,2,5,7,5,8,3,10,rank_v2,2,10,false,false,,
31,6,Charli D'Amelio_S31,0.10929758640521262,0.11594202898550725,10,2,1,1,10,1,10,1,10,rank_v2,1,10,false,false,,
31,6,Daniel Durant_S31,0.1023601042844298,0.09855072463768116,10,4,6,4,6,5,6,7,10,rank_v2,1,10,false,false,,
31,6,Gabby Windey_S31,0.1010722416630885,0.1072463768115942,10,6,2,3,8,3,8,2,10,rank_v2,1,10,false,false,,
31,6,Heidi D'Amelio_S31,0.11080486478599569,0.10434782608695652,10,1,3,2,9,2,9,4,10,rank_v2,1,10,false,false,,
31,6,Jessie James Decker_S31,0.08091646219630598,0.0927536231884058,10,10,9,10,1,10,1,9,10,rank_v2,1,10,true,true,,
31,6,Jordin Sparks_S31,0.10158894231438066,0.09855072463768116,10,5,6,6,5,6,5,8,10,rank_v2,1,10,false,false,,
31,6,Shangela_S31,0.09916116193462673,0.10434782608695652,10,7,3,4,6,4,7,3,10,rank_v2,1,10,false,false,,
31,6,Trevor Donovan_S31,0.09660607412162237,0.09855072463768116,10,8,6,8,3,7,4,5,10,rank_v2,1,10,false,false,,
31,6,Vinny Guadagnino_S31,0.10671387036445538,0.08115942028985507,10,3,10,7,4,9,2,10,10,rank_v2,1,10,false,false,,
31,6,Wayne Brady_S31,0.09147869192988259,0.09855072463768116,10,9,6,9,2,8,3,6,10,rank_v2,1,10,false,false,,
31,7,Charli D'Amelio_S31,0.11827909147382284,0.11981566820276497,9,2,1,1,9,1,9,1,10,rank_v2,1,10,false,false,,
31,7,Daniel Durant_S31,0.11390006203147034,0.11213517665130568,9,6,4,5,4,5,5,5,10,rank_v2,1,10,false,false,,
31,7,Gabby Windey_S31,0.11466193615384124,0.10906298003072197,9,4,6,5,4,6,4,6,10,rank_v2,1,10,false,false,,
31,7,Heidi D'Amelio_S31,0.12696425452325028,0.10752688172043011,9,1,7,3,6,2,8,7,10,rank_v2,1,10,false,false,,
31,7,Jordin Sparks_S31,0.09187679008622354,0.10599078341013825,9,8,8,9,1,9,1,8,10,rank_v2,1,10,true,true,,
31,7,Shangela_S31,0.11763490554375154,0.11213517665130568,9,3,4,2,8,4,6,4,10,rank_v2,1,10,false,false,,
31,7,Trevor Donovan_S31,0.11152979550460941,0.11981566820276497,9,7,1,3,6,3,7,2,10,rank_v2,1,10,false,false,,
31,7,Vinny Guadagnino_S31,0.1143925183567535,0.0967741935483871,9,5,9,8,2,7,3,9,10,rank_v2,1,10,false,false,,
31,7,Wayne Brady_S31,0.09076064632627742,0.11674347158218126,9,9,3,7,3,8,2,3,10,rank_v2,1,10,false,false,,
31,8,Charli D'Amelio_S31,0.13687481967085455,0.14331210191082802,8,1,1,1,8,1,8,1,10,rank_v2,2,10,false,false,,
31,8,Daniel Durant_S31,0.1250102002546945,0.12420382165605096,8,4,5,5,4,6,3,5,10,rank_v2,2,10,false,false,,
31,8,Gabby Windey_S31,0.12443333214236058,0.12738853503184713,8,5,4,5,4,4,5,4,10,rank_v2,2,10,false,false,,
31,8,Heidi D'Amelio_S31,0.13489977180336474,0.11146496815286625,8,2,7,5,4,7,2,7,10,rank_v2,2,10,true,true,,
31,8,Shangela_S31,0.12347755904993277,0.1337579617834395,8,6,3,5,4,2,7,3,10,rank_v2,2,10,false,false,,
31,8,Trevor Donovan_S31,0.12685870264137897,0.12420382165605096,8,3,5,2,7,5,4,6,10,rank_v2,2,10,false,false,,
31,8,Vinny Guadagnino_S31,0.11474205935198317,0.09235668789808917,8,7,8,8,1,8,1,8,10,rank_v2,2,10,true,true,,
31,8,Wayne Brady_S31,0.11370355508543091,0.14331210191082802,8,8,1,5,4,3,6,2,10,rank_v2,2,10,false,false,,
31,9,Charli D'Amelio_S31,0.18453982313468548,0.18181818181818182,6,1,1,1,6,1,6,1,10,rank_v2,2,10,false,false,,
31,9,Daniel Durant_S31,0.16778987035099419,0.15681818181818183,6,3,5,4,3,4,3,5,10,rank_v2,2,10,false,false,,
31,9,Gabby Windey_S31,0.16451261013332252,0.18181818181818182,6,4,1,2,4,2,5,2,10,rank_v2,2,10,false,false,,
31,9,Shangela_S31,0.17106306477286504,0.16590909090909092,6,2,3,2,4,3,4,3,10,rank_v2,2,10,false,false,,
31,9,Trevor Donovan_S31,0.16146292730876052,0.14772727272727273,6,5,6,6,1,6,1,6,10,rank_v2,2,10,true,true,,
31,9,Wayne Brady_S31,0.15063170429937267,0.16590909090909092,6,6,3,5,2,5,2,4,10,rank_v2,2,10,true,true,,
31,10,Charli D'Amelio_S31,0.28690297500119605,0.2564102564102564,4,2,1,1,4,1,4,1,10,rank_v2,4,10,true,true,1,1
31,10,Gabby Windey_S31,0.23996011908720527,0.2564102564102564,4,3,1,2,2,3,2,2,10,rank_v2,4,10,true,true,2,3
31,10,Shangela_S31,0.18418097245376633,0.24358974358974358,4,4,3,4,1,4,1,3,10,rank_v2,4,10,true,true,4,4
31,10,Wayne Brady_S31,0.28895593345783266,0.24358974358974358,4,1,3,2,2,2,3,4,10,rank_v2,4,10,true,true,2,2
32,1,Adrian Peterson_S32,0.0733264543481939,0.07792207792207792,14,6,5,4,10,5,10,5,11,rank_v2,1,11,false,false,,
32,1,Alyson Hannigan_S32,0.0762264896183725,0.05627705627705628,14,2,11,6,9,11,4,11,11,rank_v2,1,11,false,false,,
32,1,Ariana Madix_S32,0.07405378854441727,0.09090909090909091,14,3,2,1,13,3,12,2,11,rank_v2,1,11,false,false,,
32,1,Barry Williams_S32,0.07243969948001719,0.06926406926406926,14,9,8,10,5,8,7,8,11,rank_v2,1,11,false,false,,
32,1,Charity Lawson_S32,0.07081451500344543,0.09523809523809523,14,10,1,4,10,1,14,1,11,rank_v2,1,11,false,false,,
32,1,Harry Jowsey_S32,0.07392555838814559,0.05194805194805195,14,4,13,10,5,12,3,14,11,rank_v2,1,11,false,false,,
32,1,Jamie Lynn Spears_S32,0.07313282903184101,0.06493506493506493,14,7,9,8,7,10,5,9,11,rank_v2,1,11,false,false,,
32,1,Jason Mraz_S32,0.07300049468431132,0.09090909090909091,14,8,2,3,12,4,11,3,11,rank_v2,1,11,false,false,,
32,1,Lele Pons_S32,0.0835948482776029,0.08225108225108226,14,1,4,1,13,2,13,4,11,rank_v2,1,11,false,false,,
32,1,Matt Walsh_S32,0.05061698837771923,0.05194805194805195,14,14,13,14,1,14,1,13,11,rank_v2,1,11,true,true,,
32,1,Mauricio Umansky_S32,0.07375021005609057,0.06493506493506493,14,5,9,7,8,9,6,10,11,rank_v2,1,11,false,false,,
32,1,Mira Sorvino_S32,0.07077686277622078,0.0735930735930736,14,11,7,12,3,7,8,7,11,rank_v2,1,11,false,false,,
32,1,Tyson Beckford_S32,0.06541637498015465,0.05194805194805195,14,13,13,13,2,13,2,12,11,rank_v2,1,11,false,false,,
32,1,Xochitl Gomez_S32,0.06892488643346939,0.07792207792207792,14,12,5,10,5,6,9,6,11,rank_v2,1,11,false,false,,
32,2,Adrian Peterson_S32,0.0855545100699686,0.06302521008403361,13,2,11,6,8,8,6,11,11,rank_v2,1,11,false,false,,
32,2,Alyson Hannigan_S32,0.07890146230246461,0.07983193277310924,13,7,6,6,8,6,8,6,11,rank_v2,1,11,false,false,,
32,2,Ariana Madix_S32,0.07736658759696548,0.08403361344537816,13,10,5,8,5,5,9,5,11,rank_v2,1,11,false,false,,
32,2,Barry Williams_S32,0.08049773755594297,0.06302521008403361,13,4,11,8,5,9,5,10,11,rank_v2,1,11,false,false,,
32,2,Charity Lawson_S32,0.07766745544551222,0.08823529411764706,13,8,3,3,11,4,10,3,11,rank_v2,1,11,false,false,,
32,2,Harry Jowsey_S32,0.08010593820078787,0.06302521008403361,13,5,11,10,3,10,4,12,11,rank_v2,1,11,false,false,,
32,2,Jamie Lynn Spears_S32,0.04836563228842274,0.06722689075630252,13,13,9,13,1,13,1,9,11,rank_v2,1,11,true,true,,
32,2,Jason Mraz_S32,0.07750995997284987,0.10084033613445378,13,9,1,2,12,1,13,1,11,rank_v2,1,11,false,false,,
32,2,Lele Pons_S32,0.08803057927986631,0.08823529411764706,13,1,3,1,13,3,11,4,11,rank_v2,1,11,false,false,,
32,2,Mauricio Umansky_S32,0.08296774281617986,0.05042016806722689,13,3,13,10,3,12,2,13,11,rank_v2,1,11,false,false,,
32,2,Mira Sorvino_S32,0.07895594742299149,0.07563025210084033,13,6,7,6,8,7,7,7,11,rank_v2,1,11,false,false,,
32,2,Tyson Beckford_S32,0.06717018348067111,0.07563025210084033,13,12,7,12,2,11,3,8,11,rank_v2,1,11,false,false,,
32,2,Xochitl Gomez_S32,0.07690626356737595,0.10084033613445378,13,11,1,4,10,2,12,2,11,rank_v2,1,11,false,false,,
32,3,Adrian Peterson_S32,0.08676072398186226,0.06811145510835913,12,4,11,10,3,11,2,11,11,rank_v2,1,11,false,false,,
32,3,Alyson Hannigan_S32,0.08773502442550228,0.07430340557275542,12,2,8,3,9,7,6,9,11,rank_v2,1,11,false,false,,
32,3,Ariana Madix_S32,0.08265309652958013,0.10526315789473684,12,10,1,5,7,2,11,1,11,rank_v2,1,11,false,false,,
32,3,Barry Williams_S32,0.08175223760869042,0.07739938080495357,12,11,7,11,2,9,4,7,11,rank_v2,1,11,false,false,,
32,3,Charity Lawson_S32,0.08571371682023697,0.09907120743034056,12,5,3,2,11,3,10,3,11,rank_v2,1,11,false,false,,
32,3,Harry Jowsey_S32,0.08490329177010927,0.07430340557275542,12,6,8,9,4,8,5,8,11,rank_v2,1,11,false,false,,
32,3,Jason Mraz_S32,0.08284215439601965,0.10526315789473684,12,9,1,3,9,1,12,2,11,rank_v2,1,11,false,false,,
32,3,Lele Pons_S32,0.09055617563613463,0.08359133126934984,12,1,5,1,12,5,8,5,11,rank_v2,1,11,false,false,,
32,3,Mauricio Umansky_S32,0.08718790434293477,0.07120743034055728,12,3,10,7,5,10,3,10,11,rank_v2,1,11,false,false,,
32,3,Mira Sorvino_S32,0.0842748215536529,0.0804953560371517,12,7,6,7,5,6,7,6,11,rank_v2,1,11,false,false,,
32,3,Tyson Beckford_S32,0.06255320052313773,0.06191950464396285,12,12,12,12,1,12,1,12,11,rank_v2,1,11,true,true,,
32,3,Xochitl Gomez_S32,0.08306765241213966,0.09907120743034056,12,8,3,5,7,4,9,4,11,rank_v2,1,11,false,false,,
32,4,Adrian Peterson_S32,0.06694122196510442,0.0875,11,11,7,11,1,11,1,6,11,rank_v2,1,11,true,true,,
32,4,Alyson Hannigan_S32,0.09605157797445121,0.075,11,2,10,7,5,9,3,10,11,rank_v2,1,11,false,false,,
32,4,Ariana Madix_S32,0.091409062066817,0.10416666666666667,11,7,2,2,10,2,10,2,11,rank_v2,1,11,false,false,,
32,4,Barry Williams_S32,0.09386411883268587,0.075,11,5,10,10,2,10,2,11,11,rank_v2,1,11,false,false,,
32,4,Charity Lawson_S32,0.08908441908842167,0.1,11,9,3,7,5,5,7,3,11,rank_v2,1,11,false,false,,
32,4,Harry Jowsey_S32,0.09203958723577535,0.0875,11,6,7,9,3,7,5,7,11,rank_v2,1,11,false,false,,
32,4,Jason Mraz_S32,0.08950406808782947,0.1,11,8,3,4,8,4,8,4,11,rank_v2,1,11,false,false,,
32,4,Lele Pons_S32,0.10139609357459388,0.09166666666666666,11,1,5,1,11,3,9,5,11,rank_v2,1,11,false,false,,
32,4,Mauricio Umansky_S32,0.09542302177760943,0.07916666666666666,11,3,9,7,5,8,4,9,11,rank_v2,1,11,false,false,,
32,4,Mira Sorvino_S32,0.09537219037482152,0.0875,11,4,7,4,8,6,6,8,11,rank_v2,1,11,false,false,,
32,4,Xochitl Gomez_S32,0.08891463902189031,0.1125,11,10,1,4,8,1,11,1,11,rank_v2,1,11,false,false,,
32,5,Alyson Hannigan_S32,0.10647171304507888,0.0875,10,2,9,6,4,8,3,9,11,rank_v2,1,11,false,false,,
32,5,Ariana Madix_S32,0.10209872231600939,0.1,10,6,5,6,4,7,4,6,11,rank_v2,1,11,false,false,,
32,5,Barry Williams_S32,0.1030735508898757,0.1,10,5,5,5,6,6,5,5,11,rank_v2,1,11,false,false,,
32,5,Charity Lawson_S32,0.09726987439682358,0.11666666666666667,10,7,1,2,9,1,10,2,11,rank_v2,1,11,false,false,,
32,5,Harry Jowsey_S32,0.10478871692055952,0.075,10,3,10,9,2,9,2,10,11,rank_v2,1,11,false,false,,
32,5,Jason Mraz_S32,0.09679899550368541,0.1125,10,9,3,8,3,4,7,3,11,rank_v2,1,11,false,false,,
32,5,Lele Pons_S32,0.1111932976926061,0.1,10,1,5,1,10,3,8,4,11,rank_v2,1,11,false,false,,
32,5,Mauricio Umansky_S32,0.10421191829926729,0.1,10,4,5,3,7,5,6,7,11,rank_v2,1,11,false,false,,
32,5,Mira Sorvino_S32,0.07712308274598029,0.09166666666666666,10,10,8,10,1,10,1,8,11,rank_v2,1,11,true,true,,
32,5,Xochitl Gomez_S32,0.0969701281901146,0.11666666666666667,10,8,1,3,7,2,9,1,11,rank_v2,1,11,false,false,,
32,6,Alyson Hannigan_S32,0.12205266159789632,0.09627329192546584,9,2,8,6,4,6,4,8,11,rank_v2,1,11,false,false,,
32,6,Ariana Madix_S32,0.1088693203578274,0.12732919254658384,9,7,2,3,6,2,8,2,11,rank_v2,1,11,false,false,,
32,6,Barry Williams_S32,0.11504505348382213,0.09937888198757763,9,4,7,7,3,7,3,7,11,rank_v2,1,11,false,false,,
32,6,Charity Lawson_S32,0.11439646182354041,0.11801242236024845,9,5,4,3,6,4,6,4,11,rank_v2,1,11,false,false,,
32,6,Harry Jowsey_S32,0.12138739859934772,0.09006211180124224,9,3,9,8,2,8,2,9,11,rank_v2,1,11,false,false,,
32,6,Jason Mraz_S32,0.1089411073839502,0.12111801242236025,9,6,3,3,6,5,5,3,11,rank_v2,1,11,false,false,,
32,6,Lele Pons_S32,0.1245866201754995,0.11490683229813664,9,1,5,1,9,1,9,5,11,rank_v2,1,11,false,false,,
32,6,Mauricio Umansky_S32,0.07916139179415568,0.10248447204968944,9,9,6,9,1,9,1,6,11,rank_v2,1,11,true,true,,
32,6,Xochitl Gomez_S32,0.10555998478396118,0.13043478260869565,9,8,1,3,6,3,7,1,11,rank_v2,1,11,false,false,,
32,7,Alyson Hannigan_S32,0.1395503557982912,0.12411347517730496,8,2,6,3,5,1,8,6,11,rank_v2,1,11,false,false,,
32,7,Ariana Madix_S32,0.12065081764948009,0.13120567375886524,8,6,1,1,8,5,4,2,11,rank_v2,1,11,false,false,,
32,7,Barry Williams_S32,0.14201014166430156,0.11524822695035461,8,1,7,3,5,3,6,7,11,rank_v2,1,11,false,false,,
32,7,Charity Lawson_S32,0.1358809850120201,0.1276595744680851,8,4,4,3,5,2,7,5,11,rank_v2,1,11,false,false,,
32,7,Harry Jowsey_S32,0.13834420362554706,0.11347517730496454,8,3,8,7,1,6,3,8,11,rank_v2,1,11,true,false,,
32,7,Jason Mraz_S32,0.12463143743500434,0.1276595744680851,8,5,4,6,3,4,5,4,11,rank_v2,1,11,false,false,,
32,7,Lele Pons_S32,0.08337564064151035,0.12943262411347517,8,8,3,7,1,8,1,3,11,rank_v2,1,11,false,true,,
32,7,Xochitl Gomez_S32,0.11555641817384325,0.13120567375886524,8,7,1,3,5,7,2,1,11,rank_v2,1,11,false,false,,
32,8,Alyson Hannigan_S32,0.14836689535459446,0.1422924901185771,7,4,4,4,3,4,4,4,11,rank_v2,1,11,false,false,,
32,8,Ariana Madix_S32,0.14759380613489861,0.16600790513833993,7,5,1,1,6,1,7,1,11,rank_v2,1,11,false,false,,
32,8,Barry Williams_S32,0.11060257559531922,0.1383399209486166,7,7,5,7,1,7,1,5,11,rank_v2,1,11,true,true,,
32,8,Charity Lawson_S32,0.14868979461778298,0.1541501976284585,7,3,3,1,6,2,6,3,11,rank_v2,1,11,false,false,,
32,8,Harry Jowsey_S32,0.14973935930174453,0.11067193675889328,7,2,7,6,2,6,2,7,11,rank_v2,1,11,false,false,,
32,8,Jason Mraz_S32,0.15120082120573278,0.13043478260869565,7,1,6,3,5,5,3,6,11,rank_v2,1,11,false,false,,
32,8,Xochitl Gomez_S32,0.14380674778992575,0.15810276679841898,7,6,2,4,3,3,5,2,11,rank_v2,1,11,false,false,,
32,9,Alyson Hannigan_S32,0.17601789640475168,0.14479638009049775,6,2,5,4,2,5,2,5,11,rank_v2,1,11,false,false,,
32,9,Ariana Madix_S32,0.17607149207339773,0.167420814479638,6,1,4,1,5,3,4,4,11,rank_v2,1,11,false,false,,
32,9,Charity Lawson_S32,0.17136485836843204,0.17194570135746606,6,3,3,3,4,4,3,3,11,rank_v2,1,11,false,false,,
32,9,Harry Jowsey_S32,0.14612175240088823,0.13574660633484162,6,6,6,6,1,6,1,6,11,rank_v2,1,11,true,true,,
32,9,Jason Mraz_S32,0.1682885837055856,0.19457013574660634,6,4,1,1,5,1,6,1,11,rank_v2,1,11,false,false,,
32,9,Xochitl Gomez_S32,0.16213541704694132,0.18552036199095023,6,5,2,4,2,2,5,2,11,rank_v2,1,11,false,false,,
32,10,Alyson Hannigan_S32,0.1985210951981773,0.17894736842105263,5,4,5,5,1,5,1,5,11,rank_v2,0,11,false,false,,
32,10,Ariana Madix_S32,0.20518026393242572,0.20350877192982456,5,1,3,1,4,1,5,3,11,rank_v2,0,11,false,false,,
32,10,Charity Lawson_S32,0.20088284672251017,0.20701754385964913,5,2,2,1,4,2,4,2,11,rank_v2,0,11,false,false,,
32,10,Jason Mraz_S32,0.19942022551304822,0.2,5,3,4,4,2,4,2,4,11,rank_v2,0,11,false,false,,
32,10,Xochitl Gomez_S32,0.19599556863384038,0.21052631578947367,5,5,1,3,3,3,3,1,11,rank_v2,0,11,false,false,,
32,11,Alyson Hannigan_S32,0.1845800688632896,0.18213058419243985,5,4,5,5,1,4,2,5,11,rank_v2,5,11,true,true,5,4
32,11,Ariana Madix_S32,0.20477740535967642,0.2027491408934708,5,3,3,3,3,3,3,3,11,rank_v2,5,11,true,true,3,3
32,11,Charity Lawson_S32,0.14746713199856099,0.2027491408934708,5,5,3,4,2,5,1,4,11,rank_v2,5,11,true,true,4,5
32,11,Jason Mraz_S32,0.20546272881662966,0.20618556701030927,5,2,1,2,4,2,4,2,11,rank_v2,5,11,true,true,2,2
32,11,Xochitl Gomez_S32,0.2577126649618487,0.20618556701030927,5,1,1,1,5,1,5,1,11,rank_v2,5,11,true,true,1,1
33,1,Anna Delvey_S33,0.04695356107274748,0.0728744939271255,13,13,9,11,3,13,1,8,9,rank_v2,0,9,false,false,,
33,1,Brooks Nader_S33,0.07063912712945249,0.0728744939271255,13,12,9,10,4,10,4,10,9,rank_v2,0,9,false,false,,
33,1,Chandler Kinney_S33,0.08048627046211107,0.0931174089068826,13,6,1,3,11,1,13,1,9,rank_v2,0,9,false,false,,
33,1,Danny Amendola_S33,0.08053890190382053,0.08097165991902834,13,5,5,5,9,5,9,5,9,rank_v2,0,9,false,false,,
33,1,Dwight Howard _S33,0.08262533475919094,0.08906882591093117,13,1,2,1,13,2,12,2,9,rank_v2,0,9,false,false,,
33,1,Eric Roberts_S33,0.07879497720827291,0.06072874493927125,13,10,13,12,1,12,2,13,9,rank_v2,0,9,false,false,,
33,1,Ilona Maher_S33,0.07889781185275917,0.0728744939271255,13,9,9,9,5,8,6,9,9,rank_v2,0,9,false,false,,
33,1,Jenn Tran_S33,0.07970317042824952,0.07692307692307693,13,8,6,7,6,7,7,6,9,rank_v2,0,9,false,false,,
33,1,Joey Graziadei_S33,0.07970703495652164,0.08502024291497975,13,7,3,5,9,4,10,4,9,rank_v2,0,9,false,false,,
33,1,Phaedra Parks_S33,0.08095547395921228,0.07692307692307693,13,4,6,5,9,6,8,7,9,rank_v2,0,9,false,false,,
33,1,Reginald VelJohnson_S33,0.07813258457865946,0.06477732793522267,13,11,12,12,1,11,3,12,9,rank_v2,0,9,false,false,,
33,1,Stephen Nedoroscik_S33,0.08142227340680919,0.08502024291497975,13,2,3,2,12,3,11,3,9,rank_v2,0,9,false,false,,
33,1,Tori Spelling_S33,0.08114347828219218,0.06882591093117409,13,3,11,7,6,9,5,11,9,rank_v2,0,9,false,false,,
33,2,Anna Delvey_S33,0.03160757913677774,0.06589147286821706,13,13,11,13,1,13,1,11,9,rank_v2,2,9,true,true,,
33,2,Brooks Nader_S33,0.07451730398588781,0.07751937984496124,13,11,8,9,5,9,5,8,9,rank_v2,2,9,false,false,,
33,2,Chandler Kinney_S33,0.08421490337851464,0.09302325581395349,13,7,1,3,10,1,13,1,9,rank_v2,2,9,false,false,,
33,2,Danny Amendola_S33,0.08627619940172677,0.08139534883720931,13,1,6,2,12,5,9,7,9,rank_v2,2,9,false,false,,
33,2,Dwight Howard _S33,0.08536712405901727,0.08527131782945736,13,3,3,1,13,2,12,3,9,rank_v2,2,9,false,false,,
33,2,Eric Roberts_S33,0.08214514101342843,0.05813953488372093,13,10,12,12,2,11,3,12,9,rank_v2,2,9,true,false,,
33,2,Ilona Maher_S33,0.08472851171893747,0.08139534883720931,13,5,6,6,7,7,7,5,9,rank_v2,2,9,false,false,,
33,2,Jenn Tran_S33,0.08490250923706594,0.07364341085271318,13,4,9,8,6,8,6,9,9,rank_v2,2,9,false,false,,
33,2,Joey Graziadei_S33,0.08428656827357991,0.08527131782945736,13,6,3,5,9,3,11,4,9,rank_v2,2,9,false,false,,
33,2,Phaedra Parks_S33,0.08567547156791384,0.08139534883720931,13,2,6,3,10,6,8,6,9,rank_v2,2,9,false,false,,
33,2,Reginald VelJohnson_S33,0.08335352538714438,0.05813953488372093,13,9,12,10,3,10,4,13,9,rank_v2,2,9,false,false,,
33,2,Stephen Nedoroscik_S33,0.08367283698077832,0.08527131782945736,13,8,3,6,7,4,10,2,9,rank_v2,2,9,false,false,,
33,2,Tori Spelling_S33,0.04925232585922809,0.07364341085271318,13,12,9,10,3,12,2,10,9,rank_v2,2,9,false,true,,
33,3,Brooks Nader_S33,0.08678831084400948,0.0959119496855346,11,10,5,9,3,8,4,5,9,rank_v2,2,9,false,false,,
33,3,Chandler Kinney_S33,0.09798753578763528,0.10849056603773585,11,6,2,2,9,2,10,2,9,rank_v2,2,9,false,false,,
33,3,Danny Amendola_S33,0.0986987403261821,0.09433962264150944,11,4,6,5,6,5,7,6,9,rank_v2,2,9,false,false,,
33,3,Dwight Howard _S33,0.09880424318832057,0.08176100628930817,11,3,9,7,4,9,3,9,9,rank_v2,2,9,false,false,,
33,3,Eric Roberts_S33,0.0962985097247946,0.07232704402515723,11,8,10,10,2,10,2,10,9,rank_v2,2,9,true,true,,
33,3,Ilona Maher_S33,0.10029602532837952,0.0880503144654088,11,1,7,2,9,6,6,8,9,rank_v2,2,9,false,false,,
33,3,Jenn Tran_S33,0.09674021368479635,0.09748427672955975,11,7,3,5,6,3,9,4,9,rank_v2,2,9,false,false,,
33,3,Joey Graziadei_S33,0.09863694114764888,0.11006289308176101,11,5,1,1,11,1,11,1,9,rank_v2,2,9,false,false,,
33,3,Phaedra Parks_S33,0.09946399240545883,0.0880503144654088,11,2,7,4,8,7,5,7,9,rank_v2,2,9,false,false,,
33,3,Reginald VelJohnson_S33,0.0305237947734646,0.0660377358490566,11,11,11,11,1,11,1,11,9,rank_v2,2,9,true,true,,
33,3,Stephen Nedoroscik_S33,0.09576169278931188,0.09748427672955975,11,9,3,7,4,4,8,3,9,rank_v2,2,9,false,false,,
33,4,Brooks Nader_S33,0.08538556007204273,0.10884353741496598,9,9,6,9,1,9,1,5,9,rank_v2,1,9,true,true,,
33,4,Chandler Kinney_S33,0.11398032503522239,0.10884353741496598,9,5,6,6,3,5,5,7,9,rank_v2,1,9,false,false,,
33,4,Danny Amendola_S33,0.11617531640158839,0.12244897959183673,9,3,1,1,9,1,9,1,9,rank_v2,1,9,false,false,,
33,4,Dwight Howard _S33,0.11769811763274839,0.09863945578231292,9,1,9,4,5,8,2,9,9,rank_v2,1,9,false,false,,
33,4,Ilona Maher_S33,0.1169099575626773,0.10884353741496598,9,2,6,2,7,3,7,8,9,rank_v2,1,9,false,false,,
33,4,Jenn Tran_S33,0.11391551589309072,0.10884353741496598,9,6,6,8,2,6,4,4,9,rank_v2,1,9,false,false,,
33,4,Joey Graziadei_S33,0.11143261495225766,0.12244897959183673,9,7,1,2,7,2,8,2,9,rank_v2,1,9,false,false,,
33,4,Phaedra Parks_S33,0.11523660361344149,0.10884353741496598,9,4,6,4,5,4,6,6,9,rank_v2,1,9,false,false,,
33,4,Stephen Nedoroscik_S33,0.10926598883693048,0.11224489795918367,9,8,3,6,3,7,3,3,9,rank_v2,1,9,false,false,,
33,5,Chandler Kinney_S33,0.12298553878763935,0.13366336633663367,8,7,1,4,4,2,7,1,9,rank_v2,1,9,false,false,,
33,5,Danny Amendola_S33,0.13369487108707828,0.12623762376237624,8,2,4,1,8,1,8,5,9,rank_v2,1,9,false,false,,
33,5,Dwight Howard _S33,0.13341315873502899,0.1188118811881188,8,3,7,7,2,7,2,6,9,rank_v2,1,9,false,false,,
33,5,Ilona Maher_S33,0.12604698017509253,0.12871287128712872,8,5,2,2,7,4,5,2,9,rank_v2,1,9,false,false,,
33,5,Jenn Tran_S33,0.12945660208425033,0.12623762376237624,8,4,4,4,4,3,6,4,9,rank_v2,1,9,false,false,,
33,5,Joey Graziadei_S33,0.12471480439234851,0.12871287128712872,8,6,2,4,4,5,4,3,9,rank_v2,1,9,false,false,,
33,5,Phaedra Parks_S33,0.09563582178917286,0.1188118811881188,8,8,7,8,1,8,1,8,9,rank_v2,1,9,true,true,,
33,5,Stephen Nedoroscik_S33,0.1340522229493912,0.1188118811881188,8,1,7,4,4,6,3,7,9,rank_v2,1,9,false,false,,
33,6,Chandler Kinney_S33,0.1411297629218721,0.1553398058252427,7,5,1,1,6,2,6,1,9,rank_v2,1,9,false,false,,
33,6,Danny Amendola_S33,0.16053956444451276,0.13592233009708737,7,1,5,1,6,3,5,5,9,rank_v2,1,9,false,false,,
33,6,Dwight Howard _S33,0.15311790927487937,0.15048543689320387,7,4,3,3,4,1,7,4,9,rank_v2,1,9,false,false,,
33,6,Ilona Maher_S33,0.15729197010631632,0.11650485436893204,7,2,7,6,2,6,2,7,9,rank_v2,1,9,false,false,,
33,6,Jenn Tran_S33,0.09439101663533835,0.15048543689320387,7,7,3,7,1,7,1,3,9,rank_v2,1,9,true,true,,
33,6,Joey Graziadei_S33,0.1390035242576544,0.1553398058252427,7,6,1,3,4,4,4,2,9,rank_v2,1,9,false,false,,
33,6,Stephen Nedoroscik_S33,0.15452625235943043,0.13592233009708737,7,3,5,5,3,5,3,6,9,rank_v2,1,9,false,false,,
33,7,Chandler Kinney_S33,0.1677958617240621,0.1875,6,4,1,1,6,1,6,1,9,rank_v2,1,9,false,false,,
33,7,Danny Amendola_S33,0.1729330703263984,0.159375,6,1,5,3,4,5,2,5,9,rank_v2,1,9,false,false,,
33,7,Dwight Howard _S33,0.15318843668281046,0.15,6,6,6,6,1,6,1,6,9,rank_v2,1,9,true,true,,
33,7,Ilona Maher_S33,0.17131685414601028,0.1625,6,2,4,3,4,4,3,4,9,rank_v2,1,9,false,false,,
33,7,Joey Graziadei_S33,0.16479903176757985,0.171875,6,5,2,5,2,3,4,2,9,rank_v2,1,9,false,false,,
33,7,Stephen Nedoroscik_S33,0.16996674535313877,0.16875,6,3,3,3,4,2,5,3,9,rank_v2,1,9,false,false,,
33,8,Chandler Kinney_S33,0.1972703652333522,0.20714285714285716,5,4,1,1,4,1,5,1,9,rank_v2,0,9,false,false,,
33,8,Danny Amendola_S33,0.2039881026667388,0.19285714285714287,5,1,4,1,4,4,2,4,9,rank_v2,0,9,false,false,,
33,8,Ilona Maher_S33,0.2006543086882802,0.20357142857142857,5,3,3,3,2,2,4,3,9,rank_v2,0,9,false,false,,
33,8,Joey Graziadei_S33,0.19691615016894712,0.20714285714285716,5,5,1,3,2,3,3,2,9,rank_v2,0,9,false,false,,
33,8,Stephen Nedoroscik_S33,0.20117107324268238,0.18928571428571428,5,2,5,5,1,5,1,5,9,rank_v2,0,9,false,false,,
33,9,Chandler Kinney_S33,0.13774194507687523,0.20618556701030927,5,5,1,3,2,5,1,1,9,rank_v2,5,9,true,true,3,5
33,9,Danny Amendola_S33,0.20077122546714285,0.19243986254295534,5,3,5,5,1,3,3,5,9,rank_v2,5,9,true,true,5,3
33,9,Ilona Maher_S33,0.2605360111326778,0.1958762886597938,5,1,4,2,4,1,5,4,9,rank_v2,5,9,true,true,2,1
33,9,Joey Graziadei_S33,0.22662737410473655,0.2027491408934708,5,2,2,1,5,2,4,3,9,rank_v2,5,9,true,true,1,2
33,9,Stephen Nedoroscik_S33,0.1743234442185628,0.2027491408934708,5,4,2,3,2,4,2,2,9,rank_v2,5,9,true,true,3,4
34,1,Alix Earle_S34,0.07360826623854873,0.07926829268292683,14,10,4,6,8,3,12,4,11,rank_v2,0,11,false,false,,
34,1,Andy Richter_S34,0.06604495542313399,0.054878048780487805,14,12,13,14,1,14,1,13,11,rank_v2,0,11,false,false,,
34,1,Baron Davis_S34,0.07444281031759936,0.06097560975609756,14,6,10,9,5,10,5,9,11,rank_v2,0,11,false,false,,
34,1,Corey Feldman_S34,0.07528588781393154,0.054878048780487805,14,4,13,11,4,13,2,14,11,rank_v2,0,11,false,false,,
34,1,Danielle Fishel_S34,0.07589420420807676,0.07317073170731707,14,2,7,2,12,5,10,7,11,rank_v2,0,11,false,false,,
34,1,Dylan Efron_S34,0.07535917073537399,0.06097560975609756,14,3,10,5,10,9,6,11,11,rank_v2,0,11,false,false,,
34,1,Elaine Hendrix_S34,0.07443214392058241,0.07317073170731707,14,7,7,6,8,7,8,6,11,rank_v2,0,11,false,false,,
34,1,Hilaria Baldwin_S34,0.06359313004192367,0.08536585365853659,14,13,3,9,5,6,9,3,11,rank_v2,0,11,false,false,,
34,1,Jen Affleck_S34,0.07605298763922574,0.07317073170731707,14,1,7,1,14,4,11,8,11,rank_v2,0,11,false,false,,
34,1,Jordan Chiles_S34,0.07298150686242845,0.06097560975609756,14,11,10,13,2,12,3,10,11,rank_v2,0,11,false,false,,
34,1,Lauren Jauregui_S34,0.07518965914544846,0.07926829268292683,14,5,4,2,12,2,13,5,11,rank_v2,0,11,false,false,,
34,1,Robert Irwin_S34,0.049477964638533344,0.09146341463414634,14,14,1,8,7,8,7,1,11,rank_v2,0,11,false,false,,
34,1,Scott Hoying_S34,0.07387588822700007,0.06097560975609756,14,8,10,12,3,11,4,12,11,rank_v2,0,11,false,false,,
34,1,Whitney Leavitt_S34,0.07376142478819339,0.09146341463414634,14,9,1,4,11,1,14,2,11,rank_v2,0,11,false,false,,
34,2,Alix Earle_S34,0.07541196463552727,0.07553956834532374,14,4,6,3,11,4,11,8,11,rank_v2,2,11,false,false,,
34,2,Andy Richter_S34,0.07101719241242167,0.05755395683453238,14,10,13,13,2,13,2,13,11,rank_v2,2,11,true,true,,
34,2,Baron Davis_S34,0.0702759158917753,0.06474820143884892,14,11,11,12,3,11,4,12,11,rank_v2,2,11,false,false,,
34,2,Corey Feldman_S34,0.06863608114849064,0.0539568345323741,14,12,14,14,1,14,1,14,11,rank_v2,2,11,true,true,,
34,2,Danielle Fishel_S34,0.07779325837392549,0.0683453237410072,14,1,10,5,9,8,7,10,11,rank_v2,2,11,false,false,,
34,2,Dylan Efron_S34,0.07564124543689359,0.07194244604316546,14,3,9,7,7,7,8,9,11,rank_v2,2,11,false,false,,
34,2,Elaine Hendrix_S34,0.07409074696930182,0.07553956834532374,14,5,6,5,9,5,10,5,11,rank_v2,2,11,false,false,,
34,2,Hilaria Baldwin_S34,0.06697608157520347,0.07553956834532374,14,13,6,10,5,9,6,7,11,rank_v2,2,11,false,false,,
34,2,Jen Affleck_S34,0.07252493284586557,0.07913669064748201,14,8,2,3,11,3,12,4,11,rank_v2,2,11,false,false,,
34,2,Jordan Chiles_S34,0.0770394539020937,0.07913669064748201,14,2,2,1,14,1,14,2,11,rank_v2,2,11,false,false,,
34,2,Lauren Jauregui_S34,0.07381908955235408,0.07553956834532374,14,6,6,7,7,6,9,6,11,rank_v2,2,11,false,false,,
34,2,Robert Irwin_S34,0.05091847662521269,0.07913669064748201,14,14,2,9,6,12,3,1,11,rank_v2,2,11,false,false,,
34,2,Scott Hoying_S34,0.07250266574292487,0.06474820143884892,14,9,11,11,4,10,5,11,11,rank_v2,2,11,false,false,,
34,2,Whitney Leavitt_S34,0.0733528948880105,0.07913669064748201,14,7,2,2,13,2,13,3,11,rank_v2,2,11,false,false,,
34,3,Alix Earle_S34,0.08450704595448777,0.08949416342412451,12,9,3,6,6,5,8,3,11,rank_v2,1,11,false,false,,
34,3,Andy Richter_S34,0.0861085717349437,0.07003891050583658,12,8,11,11,2,10,3,12,11,rank_v2,1,11,false,false,,
34,3,Danielle Fishel_S34,0.09371012986711956,0.08171206225680934,12,1,8,4,9,4,9,9,11,rank_v2,1,11,false,false,,
34,3,Dylan Efron_S34,0.0894849465133142,0.08949416342412451,12,4,3,2,10,3,10,4,11,rank_v2,1,11,false,false,,
34,3,Elaine Hendrix_S34,0.09134760711493671,0.08171206225680934,12,3,8,5,8,6,7,8,11,rank_v2,1,11,false,false,,
34,3,Hilaria Baldwin_S34,0.07740218099641699,0.08560311284046693,12,10,6,9,4,9,4,5,11,rank_v2,1,11,false,false,,
34,3,Jen Affleck_S34,0.0920841639699357,0.07392996108949416,12,2,10,6,6,8,5,10,11,rank_v2,1,11,false,false,,
34,3,Jordan Chiles_S34,0.0871546129307498,0.0933852140077821,12,6,1,2,10,2,11,2,11,rank_v2,1,11,false,false,,
34,3,Lauren Jauregui_S34,0.06693588681749855,0.07003891050583658,12,11,11,12,1,12,1,11,11,rank_v2,1,11,true,true,,
34,3,Robert Irwin_S34,0.05605190853502063,0.08560311284046693,12,12,6,10,3,11,2,6,11,rank_v2,1,11,false,false,,
34,3,Scott Hoying_S34,0.0864524683094575,0.08560311284046693,12,7,6,8,5,7,6,7,11,rank_v2,1,11,false,false,,
34,3,Whitney Leavitt_S34,0.08876047725611934,0.0933852140077821,12,5,1,1,12,1,12,1,11,rank_v2,1,11,false,false,,
34,4,Alix Earle_S34,0.09334804551838663,0.0967741935483871,11,8,3,7,4,5,7,2,11,rank_v2,1,11,false,false,,
34,4,Andy Richter_S34,0.09273591304552531,0.07258064516129033,11,9,11,11,1,10,2,11,11,rank_v2,1,11,true,false,,
34,4,Danielle Fishel_S34,0.1074407263053379,0.0846774193548387,11,1,9,5,6,2,10,10,11,rank_v2,1,11,false,false,,
34,4,Dylan Efron_S34,0.09651290488613816,0.09274193548387097,11,3,6,3,8,6,6,5,11,rank_v2,1,11,false,false,,
34,4,Elaine Hendrix_S34,0.09391434845302271,0.0967741935483871,11,6,3,3,8,4,8,4,11,rank_v2,1,11,false,false,,
34,4,Hilaria Baldwin_S34,0.05449087333629173,0.09274193548387097,11,11,6,9,3,11,1,6,11,rank_v2,1,11,false,true,,
34,4,Jen Affleck_S34,0.09421940295058395,0.09274193548387097,11,4,6,5,6,7,5,7,11,rank_v2,1,11,false,false,,
34,4,Jordan Chiles_S34,0.09415176744112848,0.0967741935483871,11,5,3,1,10,3,9,3,11,rank_v2,1,11,false,false,,
34,4,Robert Irwin_S34,0.07961102367333878,0.08870967741935484,11,10,8,10,2,9,3,8,11,rank_v2,1,11,false,false,,
34,4,Scott Hoying_S34,0.09992049479526971,0.0846774193548387,11,2,9,7,4,8,4,9,11,rank_v2,1,11,false,false,,
34,4,Whitney Leavitt_S34,0.0936544995949772,0.10080645161290322,11,7,1,1,10,1,11,1,11,rank_v2,1,11,false,false,,
34,5,Alix Earle_S34,0.10351273092483687,0.11182108626198083,10,7,2,5,6,2,9,2,11,rank_v2,0,11,false,false,,
34,5,Andy Richter_S34,0.0918754345052686,0.07667731629392971,10,9,10,10,1,10,1,10,11,rank_v2,0,11,false,false,,
34,5,Danielle Fishel_S34,0.10644857939826846,0.0926517571884984,10,1,8,5,6,6,5,9,11,rank_v2,0,11,false,false,,
34,5,Dylan Efron_S34,0.1035706878771824,0.11501597444089456,10,6,1,1,9,1,10,1,11,rank_v2,0,11,false,false,,
34,5,Elaine Hendrix_S34,0.10313391784113897,0.09584664536741214,10,8,6,9,2,7,4,6,11,rank_v2,0,11,false,false,,
34,5,Jen Affleck_S34,0.10384697762153765,0.0926517571884984,10,5,8,8,3,8,3,8,11,rank_v2,0,11,false,false,,
34,5,Jordan Chiles_S34,0.10385897172284643,0.10223642172523961,10,4,5,5,6,4,7,5,11,rank_v2,0,11,false,false,,
34,5,Robert Irwin_S34,0.07100015209406267,0.11182108626198083,10,10,2,7,4,9,2,3,11,rank_v2,0,11,false,false,,
34,5,Scott Hoying_S34,0.10641167561606908,0.09584664536741214,10,2,6,3,8,5,6,7,11,rank_v2,0,11,false,false,,
34,5,Whitney Leavitt_S34,0.10634087239878913,0.10543130990415335,10,3,4,1,9,3,8,4,11,rank_v2,0,11,false,false,,
34,6,Alix Earle_S34,0.10596602803302321,0.10294117647058823,10,4,6,6,5,5,6,6,11,rank_v2,1,11,false,false,,
34,6,Andy Richter_S34,0.09988939915174742,0.07941176470588235,10,8,10,9,1,8,3,10,11,rank_v2,1,11,true,false,,
34,6,Danielle Fishel_S34,0.10701486570946353,0.10588235294117647,10,3,4,2,8,3,8,3,11,rank_v2,1,11,false,false,,
34,6,Dylan Efron_S34,0.11007978195015107,0.09411764705882353,10,1,7,4,7,6,5,8,11,rank_v2,1,11,false,false,,
34,6,Elaine Hendrix_S34,0.10398365157832082,0.10588235294117647,10,7,4,7,4,4,7,5,11,rank_v2,1,11,false,false,,
34,6,Jen Affleck_S34,0.1074789136630911,0.09411764705882353,10,2,7,5,6,7,4,7,11,rank_v2,1,11,false,false,,
34,6,Jordan Chiles_S34,0.10498139920827101,0.11470588235294117,10,5,1,1,10,1,10,1,11,rank_v2,1,11,false,false,,
34,6,Robert Irwin_S34,0.07308941866447173,0.10588235294117647,10,10,4,8,3,9,2,4,11,rank_v2,1,11,false,false,,
34,6,Scott Hoying_S34,0.08296322232512661,0.08235294117647059,10,9,9,9,1,10,1,9,11,rank_v2,1,11,false,true,,
34,6,Whitney Leavitt_S34,0.10455331971633336,0.11470588235294117,10,6,1,2,8,2,9,2,11,rank_v2,1,11,false,false,,
34,7,Alix Earle_S34,0.11638413302399933,0.12951807228915663,9,6,1,2,7,1,9,1,11,rank_v2,1,11,false,false,,
34,7,Andy Richter_S34,0.11125197770868069,0.08734939759036145,9,7,9,9,1,8,2,9,11,rank_v2,1,11,true,false,,
34,7,Danielle Fishel_S34,0.1250870132013381,0.10542168674698796,9,1,6,2,7,5,5,6,11,rank_v2,1,11,false,false,,
34,7,Dylan Efron_S34,0.1170446842710559,0.1144578313253012,9,4,4,5,5,4,6,4,11,rank_v2,1,11,false,false,,
34,7,Elaine Hendrix_S34,0.12324866462591448,0.0963855421686747,9,2,8,6,4,6,4,8,11,rank_v2,1,11,false,false,,
34,7,Jen Affleck_S34,0.0867682018500355,0.10240963855421686,9,8,7,8,2,9,1,7,11,rank_v2,1,11,false,true,,
34,7,Jordan Chiles_S34,0.11906712783622332,0.1144578313253012,9,3,4,2,7,3,7,5,11,rank_v2,1,11,false,false,,
34,7,Robert Irwin_S34,0.08425743970344958,0.12349397590361445,9,9,3,7,3,7,3,3,11,rank_v2,1,11,false,false,,
34,7,Whitney Leavitt_S34,0.1168907577793031,0.12650602409638553,9,5,2,2,7,2,8,2,11,rank_v2,1,11,false,false,,
34,8,Alix Earle_S34,0.13489285702839965,0.12769485903814262,8,5,3,4,5,5,4,3,11,rank_v2,1,11,false,false,,
34,8,Andy Richter_S34,0.12356501592645022,0.11276948590381426,8,6,8,7,2,6,3,8,11,rank_v2,1,11,false,false,,
34,8,Danielle Fishel_S34,0.08818993888956621,0.12271973466003316,8,8,7,8,1,8,1,7,11,rank_v2,1,11,true,true,,
34,8,Dylan Efron_S34,0.14170318989928493,0.12603648424543948,8,1,4,2,6,3,6,4,11,rank_v2,1,11,false,false,,
34,8,Elaine Hendrix_S34,0.13879389536765843,0.12437810945273632,8,3,6,5,4,4,5,6,11,rank_v2,1,11,false,false,,
34,8,Jordan Chiles_S34,0.14086020736065935,0.12935323383084577,8,2,2,1,8,1,8,2,11,rank_v2,1,11,false,false,,
34,8,Robert Irwin_S34,0.09521101475813501,0.12603648424543948,8,7,4,6,3,7,2,5,11,rank_v2,1,11,false,false,,
34,8,Whitney Leavitt_S34,0.1367838807698469,0.1310116086235489,8,4,1,2,6,2,7,1,11,rank_v2,1,11,false,false,,
34,9,Alix Earle_S34,0.15533884363034164,0.14814814814814814,7,3,4,3,5,3,5,4,11,rank_v2,1,11,false,false,,
34,9,Andy Richter_S34,0.1290447654857105,0.10740740740740741,7,6,7,7,1,7,1,7,11,rank_v2,1,11,true,true,,
34,9,Dylan Efron_S34,0.15581332017536279,0.15555555555555556,7,1,2,1,7,1,7,2,11,rank_v2,1,11,false,false,,
34,9,Elaine Hendrix_S34,0.1523011358450736,0.13333333333333333,7,4,6,6,2,5,3,6,11,rank_v2,1,11,false,false,,
34,9,Jordan Chiles_S34,0.15552205850647,0.14444444444444443,7,2,5,3,5,4,4,5,11,rank_v2,1,11,false,false,,
34,9,Robert Irwin_S34,0.10206266624174655,0.15555555555555556,7,7,2,5,3,6,2,3,11,rank_v2,1,11,false,false,,
34,9,Whitney Leavitt_S34,0.14991721011529507,0.15555555555555556,7,5,2,3,5,2,6,1,11,rank_v2,1,11,false,false,,
34,10,Alix Earle_S34,0.1759965193296847,0.1686046511627907,6,4,2,2,4,4,3,2,11,rank_v2,1,11,false,false,,
34,10,Dylan Efron_S34,0.1867991300973991,0.15988372093023256,6,2,6,5,1,3,4,6,11,rank_v2,1,11,true,false,,
34,10,Elaine Hendrix_S34,0.19378089697391998,0.16569767441860464,6,1,4,1,6,1,6,5,11,rank_v2,1,11,false,false,,
34,10,Jordan Chiles_S34,0.1867823121911607,0.16569767441860464,6,3,4,4,3,2,5,4,11,rank_v2,1,11,false,false,,
34,10,Robert Irwin_S34,0.14436662524979507,0.17151162790697674,6,5,1,2,4,5,2,1,11,rank_v2,1,11,false,false,,
34,10,Whitney Leavitt_S34,0.11227451615804038,0.1686046511627907,6,6,2,5,1,6,1,3,11,rank_v2,1,11,false,true,,
34,11,Alix Earle_S34,0.1712805166797128,0.2031609129238783,5,5,1,3,3,4,2,1,11,rank_v2,5,11,true,true,3,4
34,11,Dylan Efron_S34,0.1722081154674161,0.19864532303262358,5,4,4,5,1,5,1,4,11,rank_v2,5,11,true,true,5,5
34,11,Elaine Hendrix_S34,0.21588100788049688,0.19638752808699622,5,2,5,4,2,2,4,5,11,rank_v2,5,11,true,true,4,2
34,11,Jordan Chiles_S34,0.2044996086495504,0.20090311797825097,5,3,2,2,4,3,3,3,11,rank_v2,5,11,true,true,2,3
34,11,Robert Irwin_S34,0.2361307513228251,0.20090311797825097,5,1,2,1,5,1,5,2,11,rank_v2,5,11,true,true,1,1
