contestant_id,celebrity_name,season,week,judge,score
John O'Hurley_S1,John O'Hurley,1,1,1,7.0
John O'Hurley_S1,John O'Hurley,1,1,2,7.0
John O'Hurley_S1,John O'Hurley,1,1,3,6.0
John O'Hurley_S1,John O'Hurley,1,2,1,8.0
John O'Hurley_S1,John O'Hurley,1,2,2,9.0
John O'Hurley_S1,John O'Hurley,1,2,3,9.0
John O'Hurley_S1,John O'Hurley,1,3,1,9.0
John O'Hurley_S1,John O'Hurley,1,3,2,8.0
John O'Hurley_S1,John O'Hurley,1,3,3,7.0
John O'Hurley_S1,John O'Hurley,1,4,1,7.0
John O'Hurley_S1,John O'Hurley,1,4,2,8.0
John O'Hurley_S1,John O'Hurley,1,4,3,6.0
John O'Hurley_S1,John O'Hurley,1,5,1,9.0
John O'Hurley_S1,John O'Hurley,1,5,2,9.0
John O'Hurley_S1,John O'Hurley,1,5,3,9.0
John O'Hurley_S1,John O'Hurley,1,6,1,9.0
John O'Hurley_S1,John O'Hurley,1,6,2,9.0
John O'Hurley_S1,John O'Hurley,1,6,3,9.0
Kelly Monaco_S1,Kelly Monaco,1,1,1,5.0
Kelly Monaco_S1,Kelly Monaco,1,1,2,4.0
Kelly Monaco_S1,Kelly Monaco,1,1,3,4.0
Kelly Monaco_S1,Kelly Monaco,1,2,1,5.0
Kelly Monaco_S1,Kelly Monaco,1,2,2,6.0
Kelly Monaco_S1,Kelly Monaco,1,2,3,6.0
Kelly Monaco_S1,Kelly Monaco,1,3,1,6.0
Kelly Monaco_S1,Kelly Monaco,1,3,2,7.0
Kelly Monaco_S1,Kelly Monaco,1,3,3,8.0
Kelly Monaco_S1,Kelly Monaco,1,4,1,9.0
Kelly Monaco_S1,Kelly Monaco,1,4,2,9.0
Kelly Monaco_S1,Kelly Monaco,1,4,3,8.0
Kelly Monaco_S1,Kelly Monaco,1,5,1,8.5
Kelly Monaco_S1,Kelly Monaco,1,5,2,7.5
Kelly Monaco_S1,Kelly Monaco,1,5,3,7.5
Kelly Monaco_S1,Kelly Monaco,1,6,1,8.5
Kelly Monaco_S1,Kelly Monaco,1,6,2,9.5
Kelly Monaco_S1,Kelly Monaco,1,6,3,9.5
Evander Holyfield_S1,Evander Holyfield,1,1,1,5.0
Evander Holyfield_S1,Evander Holyfield,1,1,2,7.0
Evander Holyfield_S1,Evander Holyfield,1,1,3,6.0
Evander Holyfield_S1,Evander Holyfield,1,2,1,5.0
Evander Holyfield_S1,Evander Holyfield,1,2,2,4.0
Evander Holyfield_S1,Evander Holyfield,1,2,3,5.0
Evander Holyfield_S1,Evander Holyfield,1,3,1,5.0
Evander Holyfield_S1,Evander Holyfield,1,3,2,4.0
Evander Holyfield_S1,Evander Holyfield,1,3,3,4.0
Evander Holyfield_S1,Evander Holyfield,1,4,1,0.0
Evander Holyfield_S1,Evander Holyfield,1,4,2,0.0
Evander Holyfield_S1,Evander Holyfield,1,4,3,0.0
Evander Holyfield_S1,Evander Holyfield,1,5,1,0.0
Evander Holyfield_S1,Evander Holyfield,1,5,2,0.0
Evander Holyfield_S1,Evander Holyfield,1,5,3,0.0
Evander Holyfield_S1,Evander Holyfield,1,6,1,0.0
Evander Holyfield_S1,Evander Holyfield,1,6,2,0.0
Evander Holyfield_S1,Evander Holyfield,1,6,3,0.0
Rachel Hunter_S1,Rachel Hunter,1,1,1,7.0
Rachel Hunter_S1,Rachel Hunter,1,1,2,6.0
Rachel Hunter_S1,Rachel Hunter,1,1,3,7.0
Rachel Hunter_S1,Rachel Hunter,1,2,1,8.0
Rachel Hunter_S1,Rachel Hunter,1,2,2,8.0
Rachel Hunter_S1,Rachel Hunter,1,2,3,8.0
Rachel Hunter_S1,Rachel Hunter,1,3,1,8.0
Rachel Hunter_S1,Rachel Hunter,1,3,2,9.0
Rachel Hunter_S1,Rachel Hunter,1,3,3,9.0
Rachel Hunter_S1,Rachel Hunter,1,4,1,7.0
Rachel Hunter_S1,Rachel Hunter,1,4,2,9.0
Rachel Hunter_S1,Rachel Hunter,1,4,3,9.0
Rachel Hunter_S1,Rachel Hunter,1,5,1,0.0
Rachel Hunter_S1,Rachel Hunter,1,5,2,0.0
Rachel Hunter_S1,Rachel Hunter,1,5,3,0.0
Rachel Hunter_S1,Rachel Hunter,1,6,1,0.0
Rachel Hunter_S1,Rachel Hunter,1,6,2,0.0
Rachel Hunter_S1,Rachel Hunter,1,6,3,0.0
Joey McIntyre_S1,Joey McIntyre,1,1,1,7.0
Joey McIntyre_S1,Joey McIntyre,1,1,2,7.0
Joey McIntyre_S1,Joey McIntyre,1,1,3,6.0
Joey McIntyre_S1,Joey McIntyre,1,2,1,8.0
Joey McIntyre_S1,Joey McIntyre,1,2,2,7.0
Joey McIntyre_S1,Joey McIntyre,1,2,3,6.0
Joey McIntyre_S1,Joey McIntyre,1,3,1,7.0
Joey McIntyre_S1,Joey McIntyre,1,3,2,7.0
Joey McIntyre_S1,Joey McIntyre,1,3,3,8.0
Joey McIntyre_S1,Joey McIntyre,1,4,1,7.0
Joey McIntyre_S1,Joey McIntyre,1,4,2,6.0
Joey McIntyre_S1,Joey McIntyre,1,4,3,7.0
Joey McIntyre_S1,Joey McIntyre,1,5,1,8.5
Joey McIntyre_S1,Joey McIntyre,1,5,2,7.0
Joey McIntyre_S1,Joey McIntyre,1,5,3,7.0
Joey McIntyre_S1,Joey McIntyre,1,6,1,0.0
Joey McIntyre_S1,Joey McIntyre,1,6,2,0.0
Joey McIntyre_S1,Joey McIntyre,1,6,3,0.0
Trista Sutter_S1,Trista Sutter,1,1,1,6.0
Trista Sutter_S1,Trista Sutter,1,1,2,6.0
Trista Sutter_S1,Trista Sutter,1,1,3,6.0
Trista Sutter_S1,Trista Sutter,1,2,1,6.0
Trista Sutter_S1,Trista Sutter,1,2,2,7.0
Trista Sutter_S1,Trista Sutter,1,2,3,6.0
Trista Sutter_S1,Trista Sutter,1,3,1,0.0
Trista Sutter_S1,Trista Sutter,1,3,2,0.0
Trista Sutter_S1,Trista Sutter,1,3,3,0.0
Trista Sutter_S1,Trista Sutter,1,4,1,0.0
Trista Sutter_S1,Trista Sutter,1,4,2,0.0
Trista Sutter_S1,Trista Sutter,1,4,3,0.0
Trista Sutter_S1,Trista Sutter,1,5,1,0.0
Trista Sutter_S1,Trista Sutter,1,5,2,0.0
Trista Sutter_S1,Trista Sutter,1,5,3,0.0
Trista Sutter_S1,Trista Sutter,1,6,1,0.0
Trista Sutter_S1,Trista Sutter,1,6,2,0.0
Trista Sutter_S1,Trista Sutter,1,6,3,0.0
Tatum O'Neal_S2,Tatum O'Neal,2,1,1,7.0
Tatum O'Neal_S2,Tatum O'Neal,2,1,2,8.0
Tatum O'Neal_S2,Tatum O'Neal,2,1,3,8.0
Tatum O'Neal_S2,Tatum O'Neal,2,2,1,5.0
Tatum O'Neal_S2,Tatum O'Neal,2,2,2,6.0
Tatum O'Neal_S2,Tatum O'Neal,2,2,3,6.0
Tatum O'Neal_S2,Tatum O'Neal,2,3,1,0.0
Tatum O'Neal_S2,Tatum O'Neal,2,3,2,0.0
Tatum O'Neal_S2,Tatum O'Neal,2,3,3,0.0
Tatum O'Neal_S2,Tatum O'Neal,2,4,1,0.0
Tatum O'Neal_S2,Tatum O'Neal,2,4,2,0.0
Tatum O'Neal_S2,Tatum O'Neal,2,4,3,0.0
Tatum O'Neal_S2,Tatum O'Neal,2,5,1,0.0
Tatum O'Neal_S2,Tatum O'Neal,2,5,2,0.0
Tatum O'Neal_S2,Tatum O'Neal,2,5,3,0.0
Tatum O'Neal_S2,Tatum O'Neal,2,6,1,0.0
Tatum O'Neal_S2,Tatum O'Neal,2,6,2,0.0
Tatum O'Neal_S2,Tatum O'Neal,2,6,3,0.0
Tatum O'Neal_S2,Tatum O'Neal,2,7,1,0.0
Tatum O'Neal_S2,Tatum O'Neal,2,7,2,0.0
Tatum O'Neal_S2,Tatum O'Neal,2,7,3,0.0
Tatum O'Neal_S2,Tatum O'Neal,2,8,1,0.0
Tatum O'Neal_S2,Tatum O'Neal,2,8,2,0.0
Tatum O'Neal_S2,Tatum O'Neal,2,8,3,0.0
Tia Carrere_S2,Tia Carrere,2,1,1,6.0
Tia Carrere_S2,Tia Carrere,2,1,2,7.0
Tia Carrere_S2,Tia Carrere,2,1,3,7.0
Tia Carrere_S2,Tia Carrere,2,2,1,7.0
Tia Carrere_S2,Tia Carrere,2,2,2,8.0
Tia Carrere_S2,Tia Carrere,2,2,3,7.0
Tia Carrere_S2,Tia Carrere,2,3,1,9.0
Tia Carrere_S2,Tia Carrere,2,3,2,8.0
Tia Carrere_S2,Tia Carrere,2,3,3,9.0
Tia Carrere_S2,Tia Carrere,2,4,1,9.0
Tia Carrere_S2,Tia Carrere,2,4,2,8.0
Tia Carrere_S2,Tia Carrere,2,4,3,8.0
Tia Carrere_S2,Tia Carrere,2,5,1,7.0
Tia Carrere_S2,Tia Carrere,2,5,2,7.0
Tia Carrere_S2,Tia Carrere,2,5,3,8.0
Tia Carrere_S2,Tia Carrere,2,6,1,0.0
Tia Carrere_S2,Tia Carrere,2,6,2,0.0
Tia Carrere_S2,Tia Carrere,2,6,3,0.0
Tia Carrere_S2,Tia Carrere,2,7,1,0.0
Tia Carrere_S2,Tia Carrere,2,7,2,0.0
Tia Carrere_S2,Tia Carrere,2,7,3,0.0
Tia Carrere_S2,Tia Carrere,2,8,1,0.0
Tia Carrere_S2,Tia Carrere,2,8,2,0.0
Tia Carrere_S2,Tia Carrere,2,8,3,0.0
George Hamilton_S2,George Hamilton,2,1,1,7.0
George Hamilton_S2,George Hamilton,2,1,2,5.0
George Hamilton_S2,George Hamilton,2,1,3,6.0
George Hamilton_S2,George Hamilton,2,2,1,8.0
George Hamilton_S2,George Hamilton,2,2,2,7.0
George Hamilton_S2,George Hamilton,2,2,3,7.0
George Hamilton_S2,George Hamilton,2,3,1,7.0
George Hamilton_S2,George Hamilton,2,3,2,7.0
George Hamilton_S2,George Hamilton,2,3,3,8.0
George Hamilton_S2,George Hamilton,2,4,1,7.0
George Hamilton_S2,George Hamilton,2,4,2,7.0
George Hamilton_S2,George Hamilton,2,4,3,7.0
George Hamilton_S2,George Hamilton,2,5,1,8.0
George Hamilton_S2,George Hamilton,2,5,2,8.0
George Hamilton_S2,George Hamilton,2,5,3,8.0
George Hamilton_S2,George Hamilton,2,6,1,8.0
George Hamilton_S2,George Hamilton,2,6,2,7.0
George Hamilton_S2,George Hamilton,2,6,3,8.0
George Hamilton_S2,George Hamilton,2,7,1,0.0
George Hamilton_S2,George Hamilton,2,7,2,0.0
George Hamilton_S2,George Hamilton,2,7,3,0.0
George Hamilton_S2,George Hamilton,2,8,1,0.0
George Hamilton_S2,George Hamilton,2,8,2,0.0
George Hamilton_S2,George Hamilton,2,8,3,0.0
Lisa Rinna_S2,Lisa Rinna,2,1,1,5.0
Lisa Rinna_S2,Lisa Rinna,2,1,2,7.0
Lisa Rinna_S2,Lisa Rinna,2,1,3,7.0
Lisa Rinna_S2,Lisa Rinna,2,2,1,6.0
Lisa Rinna_S2,Lisa Rinna,2,2,2,7.0
Lisa Rinna_S2,Lisa Rinna,2,2,3,7.0
Lisa Rinna_S2,Lisa Rinna,2,3,1,8.0
Lisa Rinna_S2,Lisa Rinna,2,3,2,8.0
Lisa Rinna_S2,Lisa Rinna,2,3,3,9.0
Lisa Rinna_S2,Lisa Rinna,2,4,1,9.0
Lisa Rinna_S2,Lisa Rinna,2,4,2,9.0
Lisa Rinna_S2,Lisa Rinna,2,4,3,8.0
Lisa Rinna_S2,Lisa Rinna,2,5,1,7.0
Lisa Rinna_S2,Lisa Rinna,2,5,2,9.0
Lisa Rinna_S2,Lisa Rinna,2,5,3,9.0
Lisa Rinna_S2,Lisa Rinna,2,6,1,9.0
Lisa Rinna_S2,Lisa Rinna,2,6,2,9.0
Lisa Rinna_S2,Lisa Rinna,2,6,3,9.0
Lisa Rinna_S2,Lisa Rinna,2,7,1,8.5
Lisa Rinna_S2,Lisa Rinna,2,7,2,9.0
Lisa Rinna_S2,Lisa Rinna,2,7,3,9.0
Lisa Rinna_S2,Lisa Rinna,2,8,1,0.0
Lisa Rinna_S2,Lisa Rinna,2,8,2,0.0
Lisa Rinna_S2,Lisa Rinna,2,8,3,0.0
Stacy Keibler_S2,Stacy Keibler,2,1,1,8.0
Stacy Keibler_S2,Stacy Keibler,2,1,2,6.0
Stacy Keibler_S2,Stacy Keibler,2,1,3,8.0
Stacy Keibler_S2,Stacy Keibler,2,2,1,9.0
Stacy Keibler_S2,Stacy Keibler,2,2,2,10.0
Stacy Keibler_S2,Stacy Keibler,2,2,3,10.0
Stacy Keibler_S2,Stacy Keibler,2,3,1,9.0
Stacy Keibler_S2,Stacy Keibler,2,3,2,9.0
Stacy Keibler_S2,Stacy Keibler,2,3,3,9.0
Stacy Keibler_S2,Stacy Keibler,2,4,1,8.0
Stacy Keibler_S2,Stacy Keibler,2,4,2,9.0
Stacy Keibler_S2,Stacy Keibler,2,4,3,9.0
Stacy Keibler_S2,Stacy Keibler,2,5,1,10.0
Stacy Keibler_S2,Stacy Keibler,2,5,2,10.0
Stacy Keibler_S2,Stacy Keibler,2,5,3,10.0
Stacy Keibler_S2,Stacy Keibler,2,6,1,10.0
Stacy Keibler_S2,Stacy Keibler,2,6,2,10.0
Stacy Keibler_S2,Stacy Keibler,2,6,3,10.0
Stacy Keibler_S2,Stacy Keibler,2,7,1,9.0
Stacy Keibler_S2,Stacy Keibler,2,7,2,9.0
Stacy Keibler_S2,Stacy Keibler,2,7,3,9.5
Stacy Keibler_S2,Stacy Keibler,2,8,1,9.3333
Stacy Keibler_S2,Stacy Keibler,2,8,2,9.6666
Stacy Keibler_S2,Stacy Keibler,2,8,3,9.6666
Jerry Rice_S2,Jerry Rice,2,1,1,7.0
Jerry Rice_S2,Jerry Rice,2,1,2,7.0
Jerry Rice_S2,Jerry Rice,2,1,3,7.0
Jerry Rice_S2,Jerry Rice,2,2,1,7.0
Jerry Rice_S2,Jerry Rice,2,2,2,8.0
Jerry Rice_S2,Jerry Rice,2,2,3,8.0
Jerry Rice_S2,Jerry Rice,2,3,1,7.0
Jerry Rice_S2,Jerry Rice,2,3,2,6.0
Jerry Rice_S2,Jerry Rice,2,3,3,6.0
Jerry Rice_S2,Jerry Rice,2,4,1,8.0
Jerry Rice_S2,Jerry Rice,2,4,2,8.0
Jerry Rice_S2,Jerry Rice,2,4,3,8.0
Jerry Rice_S2,Jerry Rice,2,5,1,7.0
Jerry Rice_S2,Jerry Rice,2,5,2,8.0
Jerry Rice_S2,Jerry Rice,2,5,3,8.0
Jerry Rice_S2,Jerry Rice,2,6,1,8.0
Jerry Rice_S2,Jerry Rice,2,6,2,7.0
Jerry Rice_S2,Jerry Rice,2,6,3,8.0
Jerry Rice_S2,Jerry Rice,2,7,1,7.0
Jerry Rice_S2,Jerry Rice,2,7,2,7.0
Jerry Rice_S2,Jerry Rice,2,7,3,6.5
Jerry Rice_S2,Jerry Rice,2,8,1,9.0
Jerry Rice_S2,Jerry Rice,2,8,2,9.0
Jerry Rice_S2,Jerry Rice,2,8,3,8.6666
Giselle Fernandez_S2,Giselle Fernandez,2,1,1,7.0
Giselle Fernandez_S2,Giselle Fernandez,2,1,2,8.0
Giselle Fernandez_S2,Giselle Fernandez,2,1,3,8.0
Giselle Fernandez_S2,Giselle Fernandez,2,2,1,8.0
Giselle Fernandez_S2,Giselle Fernandez,2,2,2,8.0
Giselle Fernandez_S2,Giselle Fernandez,2,2,3,8.0
Giselle Fernandez_S2,Giselle Fernandez,2,3,1,7.0
Giselle Fernandez_S2,Giselle Fernandez,2,3,2,8.0
Giselle Fernandez_S2,Giselle Fernandez,2,3,3,7.0
Giselle Fernandez_S2,Giselle Fernandez,2,4,1,0.0
Giselle Fernandez_S2,Giselle Fernandez,2,4,2,0.0
Giselle Fernandez_S2,Giselle Fernandez,2,4,3,0.0
Giselle Fernandez_S2,Giselle Fernandez,2,5,1,0.0
Giselle Fernandez_S2,Giselle Fernandez,2,5,2,0.0
Giselle Fernandez_S2,Giselle Fernandez,2,5,3,0.0
Giselle Fernandez_S2,Giselle Fernandez,2,6,1,0.0
Giselle Fernandez_S2,Giselle Fernandez,2,6,2,0.0
Giselle Fernandez_S2,Giselle Fernandez,2,6,3,0.0
Giselle Fernandez_S2,Giselle Fernandez,2,7,1,0.0
Giselle Fernandez_S2,Giselle Fernandez,2,7,2,0.0
Giselle Fernandez_S2,Giselle Fernandez,2,7,3,0.0
Giselle Fernandez_S2,Giselle Fernandez,2,8,1,0.0
Giselle Fernandez_S2,Giselle Fernandez,2,8,2,0.0
Giselle Fernandez_S2,Giselle Fernandez,2,8,3,0.0
Master P_S2,Master P,2,1,1,4.0
Master P_S2,Master P,2,1,2,4.0
Master P_S2,Master P,2,1,3,4.0
Master P_S2,Master P,2,2,1,6.0
Master P_S2,Master P,2,2,2,5.0
Master P_S2,Master P,2,2,3,5.0
Master P_S2,Master P,2,3,1,6.0
Master P_S2,Master P,2,3,2,4.0
Master P_S2,Master P,2,3,3,4.0
Master P_S2,Master P,2,4,1,4.0
Master P_S2,Master P,2,4,2,2.0
Master P_S2,Master P,2,4,3,2.0
Master P_S2,Master P,2,5,1,0.0
Master P_S2,Master P,2,5,2,0.0
Master P_S2,Master P,2,5,3,0.0
Master P_S2,Master P,2,6,1,0.0
Master P_S2,Master P,2,6,2,0.0
Master P_S2,Master P,2,6,3,0.0
Master P_S2,Master P,2,7,1,0.0
Master P_S2,Master P,2,7,2,0.0
Master P_S2,Master P,2,7,3,0.0
Master P_S2,Master P,2,8,1,0.0
Master P_S2,Master P,2,8,2,0.0
Master P_S2,Master P,2,8,3,0.0
Drew Lachey_S2,Drew Lachey,2,1,1,8.0
Drew Lachey_S2,Drew Lachey,2,1,2,8.0
Drew Lachey_S2,Drew Lachey,2,1,3,8.0
Drew Lachey_S2,Drew Lachey,2,2,1,9.0
Drew Lachey_S2,Drew Lachey,2,2,2,9.0
Drew Lachey_S2,Drew Lachey,2,2,3,9.0
Drew Lachey_S2,Drew Lachey,2,3,1,9.0
Drew Lachey_S2,Drew Lachey,2,3,2,9.0
Drew Lachey_S2,Drew Lachey,2,3,3,9.0
Drew Lachey_S2,Drew Lachey,2,4,1,9.0
Drew Lachey_S2,Drew Lachey,2,4,2,9.0
Drew Lachey_S2,Drew Lachey,2,4,3,10.0
Drew Lachey_S2,Drew Lachey,2,5,1,9.0
Drew Lachey_S2,Drew Lachey,2,5,2,9.0
Drew Lachey_S2,Drew Lachey,2,5,3,9.0
Drew Lachey_S2,Drew Lachey,2,6,1,10.0
Drew Lachey_S2,Drew Lachey,2,6,2,10.0
Drew Lachey_S2,Drew Lachey,2,6,3,10.0
Drew Lachey_S2,Drew Lachey,2,7,1,9.5
Drew Lachey_S2,Drew Lachey,2,7,2,9.0
Drew Lachey_S2,Drew Lachey,2,7,3,9.0
Drew Lachey_S2,Drew Lachey,2,8,1,9.6666
Drew Lachey_S2,Drew Lachey,2,8,2,9.6666
Drew Lachey_S2,Drew Lachey,2,8,3,9.6666
Kenny Mayne_S2,Kenny Mayne,2,1,1,4.0
Kenny Mayne_S2,Kenny Mayne,2,1,2,5.0
Kenny Mayne_S2,Kenny Mayne,2,1,3,4.0
Kenny Mayne_S2,Kenny Mayne,2,2,1,0.0
Kenny Mayne_S2,Kenny Mayne,2,2,2,0.0
Kenny Mayne_S2,Kenny Mayne,2,2,3,0.0
Kenny Mayne_S2,Kenny Mayne,2,3,1,0.0
Kenny Mayne_S2,Kenny Mayne,2,3,2,0.0
Kenny Mayne_S2,Kenny Mayne,2,3,3,0.0
Kenny Mayne_S2,Kenny Mayne,2,4,1,0.0
Kenny Mayne_S2,Kenny Mayne,2,4,2,0.0
Kenny Mayne_S2,Kenny Mayne,2,4,3,0.0
Kenny Mayne_S2,Kenny Mayne,2,5,1,0.0
Kenny Mayne_S2,Kenny Mayne,2,5,2,0.0
Kenny Mayne_S2,Kenny Mayne,2,5,3,0.0
Kenny Mayne_S2,Kenny Mayne,2,6,1,0.0
Kenny Mayne_S2,Kenny Mayne,2,6,2,0.0
Kenny Mayne_S2,Kenny Mayne,2,6,3,0.0
Kenny Mayne_S2,Kenny Mayne,2,7,1,0.0
Kenny Mayne_S2,Kenny Mayne,2,7,2,0.0
Kenny Mayne_S2,Kenny Mayne,2,7,3,0.0
Kenny Mayne_S2,Kenny Mayne,2,8,1,0.0
Kenny Mayne_S2,Kenny Mayne,2,8,2,0.0
Kenny Mayne_S2,Kenny Mayne,2,8,3,0.0
Harry Hamlin_S3,Harry Hamlin,3,1,1,5.0
Harry Hamlin_S3,Harry Hamlin,3,1,2,6.0
Harry Hamlin_S3,Harry Hamlin,3,1,3,6.0
Harry Hamlin_S3,Harry Hamlin,3,2,1,7.0
Harry Hamlin_S3,Harry Hamlin,3,2,2,7.0
Harry Hamlin_S3,Harry Hamlin,3,2,3,7.0
Harry Hamlin_S3,Harry Hamlin,3,3,1,7.0
Harry Hamlin_S3,Harry Hamlin,3,3,2,8.0
Harry Hamlin_S3,Harry Hamlin,3,3,3,7.0
Harry Hamlin_S3,Harry Hamlin,3,4,1,0.0
Harry Hamlin_S3,Harry Hamlin,3,4,2,0.0
Harry Hamlin_S3,Harry Hamlin,3,4,3,0.0
Harry Hamlin_S3,Harry Hamlin,3,5,1,0.0
Harry Hamlin_S3,Harry Hamlin,3,5,2,0.0
Harry Hamlin_S3,Harry Hamlin,3,5,3,0.0
Harry Hamlin_S3,Harry Hamlin,3,6,1,0.0
Harry Hamlin_S3,Harry Hamlin,3,6,2,0.0
Harry Hamlin_S3,Harry Hamlin,3,6,3,0.0
Harry Hamlin_S3,Harry Hamlin,3,7,1,0.0
Harry Hamlin_S3,Harry Hamlin,3,7,2,0.0
Harry Hamlin_S3,Harry Hamlin,3,7,3,0.0
Harry Hamlin_S3,Harry Hamlin,3,8,1,0.0
Harry Hamlin_S3,Harry Hamlin,3,8,2,0.0
Harry Hamlin_S3,Harry Hamlin,3,8,3,0.0
Harry Hamlin_S3,Harry Hamlin,3,9,1,0.0
Harry Hamlin_S3,Harry Hamlin,3,9,2,0.0
Harry Hamlin_S3,Harry Hamlin,3,9,3,0.0
Harry Hamlin_S3,Harry Hamlin,3,10,1,0.0
Harry Hamlin_S3,Harry Hamlin,3,10,2,0.0
Harry Hamlin_S3,Harry Hamlin,3,10,3,0.0
Vivica A. Fox_S3,Vivica A. Fox,3,1,1,6.0
Vivica A. Fox_S3,Vivica A. Fox,3,1,2,8.0
Vivica A. Fox_S3,Vivica A. Fox,3,1,3,8.0
Vivica A. Fox_S3,Vivica A. Fox,3,2,1,8.0
Vivica A. Fox_S3,Vivica A. Fox,3,2,2,8.0
Vivica A. Fox_S3,Vivica A. Fox,3,2,3,8.0
Vivica A. Fox_S3,Vivica A. Fox,3,3,1,9.0
Vivica A. Fox_S3,Vivica A. Fox,3,3,2,9.0
Vivica A. Fox_S3,Vivica A. Fox,3,3,3,9.0
Vivica A. Fox_S3,Vivica A. Fox,3,4,1,8.0
Vivica A. Fox_S3,Vivica A. Fox,3,4,2,8.0
Vivica A. Fox_S3,Vivica A. Fox,3,4,3,8.0
Vivica A. Fox_S3,Vivica A. Fox,3,5,1,0.0
Vivica A. Fox_S3,Vivica A. Fox,3,5,2,0.0
Vivica A. Fox_S3,Vivica A. Fox,3,5,3,0.0
Vivica A. Fox_S3,Vivica A. Fox,3,6,1,0.0
Vivica A. Fox_S3,Vivica A. Fox,3,6,2,0.0
Vivica A. Fox_S3,Vivica A. Fox,3,6,3,0.0
Vivica A. Fox_S3,Vivica A. Fox,3,7,1,0.0
Vivica A. Fox_S3,Vivica A. Fox,3,7,2,0.0
Vivica A. Fox_S3,Vivica A. Fox,3,7,3,0.0
Vivica A. Fox_S3,Vivica A. Fox,3,8,1,0.0
Vivica A. Fox_S3,Vivica A. Fox,3,8,2,0.0
Vivica A. Fox_S3,Vivica A. Fox,3,8,3,0.0
Vivica A. Fox_S3,Vivica A. Fox,3,9,1,0.0
Vivica A. Fox_S3,Vivica A. Fox,3,9,2,0.0
Vivica A. Fox_S3,Vivica A. Fox,3,9,3,0.0
Vivica A. Fox_S3,Vivica A. Fox,3,10,1,0.0
Vivica A. Fox_S3,Vivica A. Fox,3,10,2,0.0
Vivica A. Fox_S3,Vivica A. Fox,3,10,3,0.0
Monique Coleman_S3,Monique Coleman,3,1,1,6.0
Monique Coleman_S3,Monique Coleman,3,1,2,6.0
Monique Coleman_S3,Monique Coleman,3,1,3,7.0
Monique Coleman_S3,Monique Coleman,3,2,1,9.0
Monique Coleman_S3,Monique Coleman,3,2,2,8.0
Monique Coleman_S3,Monique Coleman,3,2,3,9.0
Monique Coleman_S3,Monique Coleman,3,3,1,9.0
Monique Coleman_S3,Monique Coleman,3,3,2,9.0
Monique Coleman_S3,Monique Coleman,3,3,3,9.0
Monique Coleman_S3,Monique Coleman,3,4,1,8.0
Monique Coleman_S3,Monique Coleman,3,4,2,8.0
Monique Coleman_S3,Monique Coleman,3,4,3,8.0
Monique Coleman_S3,Monique Coleman,3,5,1,9.0
Monique Coleman_S3,Monique Coleman,3,5,2,9.0
Monique Coleman_S3,Monique Coleman,3,5,3,9.0
Monique Coleman_S3,Monique Coleman,3,6,1,9.0
Monique Coleman_S3,Monique Coleman,3,6,2,7.0
Monique Coleman_S3,Monique Coleman,3,6,3,7.0
Monique Coleman_S3,Monique Coleman,3,7,1,9.0
Monique Coleman_S3,Monique Coleman,3,7,2,9.0
Monique Coleman_S3,Monique Coleman,3,7,3,9.0
Monique Coleman_S3,Monique Coleman,3,8,1,8.5
Monique Coleman_S3,Monique Coleman,3,8,2,9.0
Monique Coleman_S3,Monique Coleman,3,8,3,9.0
Monique Coleman_S3,Monique Coleman,3,9,1,0.0
Monique Coleman_S3,Monique Coleman,3,9,2,0.0
Monique Coleman_S3,Monique Coleman,3,9,3,0.0
Monique Coleman_S3,Monique Coleman,3,10,1,0.0
Monique Coleman_S3,Monique Coleman,3,10,2,0.0
Monique Coleman_S3,Monique Coleman,3,10,3,0.0
Joey Lawrence_S3,Joey Lawrence,3,1,1,7.0
Joey Lawrence_S3,Joey Lawrence,3,1,2,7.0
Joey Lawrence_S3,Joey Lawrence,3,1,3,7.0
Joey Lawrence_S3,Joey Lawrence,3,2,1,10.0
Joey Lawrence_S3,Joey Lawrence,3,2,2,9.0
Joey Lawrence_S3,Joey Lawrence,3,2,3,10.0
Joey Lawrence_S3,Joey Lawrence,3,3,1,8.0
Joey Lawrence_S3,Joey Lawrence,3,3,2,6.0
Joey Lawrence_S3,Joey Lawrence,3,3,3,8.0
Joey Lawrence_S3,Joey Lawrence,3,4,1,9.0
Joey Lawrence_S3,Joey Lawrence,3,4,2,9.0
Joey Lawrence_S3,Joey Lawrence,3,4,3,9.0
Joey Lawrence_S3,Joey Lawrence,3,5,1,8.0
Joey Lawrence_S3,Joey Lawrence,3,5,2,8.0
Joey Lawrence_S3,Joey Lawrence,3,5,3,9.0
Joey Lawrence_S3,Joey Lawrence,3,6,1,8.0
Joey Lawrence_S3,Joey Lawrence,3,6,2,8.0
Joey Lawrence_S3,Joey Lawrence,3,6,3,8.0
Joey Lawrence_S3,Joey Lawrence,3,7,1,9.5
Joey Lawrence_S3,Joey Lawrence,3,7,2,9.0
Joey Lawrence_S3,Joey Lawrence,3,7,3,10.0
Joey Lawrence_S3,Joey Lawrence,3,8,1,9.5
Joey Lawrence_S3,Joey Lawrence,3,8,2,8.5
Joey Lawrence_S3,Joey Lawrence,3,8,3,9.0
Joey Lawrence_S3,Joey Lawrence,3,9,1,9.5
Joey Lawrence_S3,Joey Lawrence,3,9,2,10.0
Joey Lawrence_S3,Joey Lawrence,3,9,3,10.0
Joey Lawrence_S3,Joey Lawrence,3,10,1,0.0
Joey Lawrence_S3,Joey Lawrence,3,10,2,0.0
Joey Lawrence_S3,Joey Lawrence,3,10,3,0.0
Mario Lopez_S3,Mario Lopez,3,1,1,9.0
Mario Lopez_S3,Mario Lopez,3,1,2,8.0
Mario Lopez_S3,Mario Lopez,3,1,3,9.0
Mario Lopez_S3,Mario Lopez,3,2,1,7.0
Mario Lopez_S3,Mario Lopez,3,2,2,6.0
Mario Lopez_S3,Mario Lopez,3,2,3,8.0
Mario Lopez_S3,Mario Lopez,3,3,1,8.0
Mario Lopez_S3,Mario Lopez,3,3,2,6.0
Mario Lopez_S3,Mario Lopez,3,3,3,8.0
Mario Lopez_S3,Mario Lopez,3,4,1,10.0
Mario Lopez_S3,Mario Lopez,3,4,2,9.0
Mario Lopez_S3,Mario Lopez,3,4,3,10.0
Mario Lopez_S3,Mario Lopez,3,5,1,9.0
Mario Lopez_S3,Mario Lopez,3,5,2,9.0
Mario Lopez_S3,Mario Lopez,3,5,3,9.0
Mario Lopez_S3,Mario Lopez,3,6,1,9.0
Mario Lopez_S3,Mario Lopez,3,6,2,9.0
Mario Lopez_S3,Mario Lopez,3,6,3,10.0
Mario Lopez_S3,Mario Lopez,3,7,1,9.5
Mario Lopez_S3,Mario Lopez,3,7,2,9.0
Mario Lopez_S3,Mario Lopez,3,7,3,9.5
Mario Lopez_S3,Mario Lopez,3,8,1,9.5
Mario Lopez_S3,Mario Lopez,3,8,2,9.0
Mario Lopez_S3,Mario Lopez,3,8,3,10.0
Mario Lopez_S3,Mario Lopez,3,9,1,10.0
Mario Lopez_S3,Mario Lopez,3,9,2,9.5
Mario Lopez_S3,Mario Lopez,3,9,3,10.0
Mario Lopez_S3,Mario Lopez,3,10,1,10.0
Mario Lopez_S3,Mario Lopez,3,10,2,10.0
Mario Lopez_S3,Mario Lopez,3,10,3,9.6666
Emmitt Smith_S3,Emmitt Smith,3,1,1,8.0
Emmitt Smith_S3,Emmitt Smith,3,1,2,8.0
Emmitt Smith_S3,Emmitt Smith,3,1,3,8.0
Emmitt Smith_S3,Emmitt Smith,3,2,1,8.0
Emmitt Smith_S3,Emmitt Smith,3,2,2,8.0
Emmitt Smith_S3,Emmitt Smith,3,2,3,8.0
Emmitt Smith_S3,Emmitt Smith,3,3,1,7.0
Emmitt Smith_S3,Emmitt Smith,3,3,2,6.0
Emmitt Smith_S3,Emmitt Smith,3,3,3,6.0
Emmitt Smith_S3,Emmitt Smith,3,4,1,8.0
Emmitt Smith_S3,Emmitt Smith,3,4,2,8.0
Emmitt Smith_S3,Emmitt Smith,3,4,3,8.0
Emmitt Smith_S3,Emmitt Smith,3,5,1,9.0
Emmitt Smith_S3,Emmitt Smith,3,5,2,9.0
Emmitt Smith_S3,Emmitt Smith,3,5,3,9.0
Emmitt Smith_S3,Emmitt Smith,3,6,1,8.0
Emmitt Smith_S3,Emmitt Smith,3,6,2,8.0
Emmitt Smith_S3,Emmitt Smith,3,6,3,9.0
Emmitt Smith_S3,Emmitt Smith,3,7,1,10.0
Emmitt Smith_S3,Emmitt Smith,3,7,2,9.5
Emmitt Smith_S3,Emmitt Smith,3,7,3,9.0
Emmitt Smith_S3,Emmitt Smith,3,8,1,8.5
Emmitt Smith_S3,Emmitt Smith,3,8,2,9.0
Emmitt Smith_S3,Emmitt Smith,3,8,3,9.5
Emmitt Smith_S3,Emmitt Smith,3,9,1,9.5
Emmitt Smith_S3,Emmitt Smith,3,9,2,10.0
Emmitt Smith_S3,Emmitt Smith,3,9,3,10.0
Emmitt Smith_S3,Emmitt Smith,3,10,1,10.0
Emmitt Smith_S3,Emmitt Smith,3,10,2,9.6666
Emmitt Smith_S3,Emmitt Smith,3,10,3,10.0
Shanna Moakler_S3,Shanna Moakler,3,1,1,7.0
Shanna Moakler_S3,Shanna Moakler,3,1,2,5.0
Shanna Moakler_S3,Shanna Moakler,3,1,3,6.0
Shanna Moakler_S3,Shanna Moakler,3,2,1,8.0
Shanna Moakler_S3,Shanna Moakler,3,2,2,7.0
Shanna Moakler_S3,Shanna Moakler,3,2,3,7.0
Shanna Moakler_S3,Shanna Moakler,3,3,1,0.0
Shanna Moakler_S3,Shanna Moakler,3,3,2,0.0
Shanna Moakler_S3,Shanna Moakler,3,3,3,0.0
Shanna Moakler_S3,Shanna Moakler,3,4,1,0.0
Shanna Moakler_S3,Shanna Moakler,3,4,2,0.0
Shanna Moakler_S3,Shanna Moakler,3,4,3,0.0
Shanna Moakler_S3,Shanna Moakler,3,5,1,0.0
Shanna Moakler_S3,Shanna Moakler,3,5,2,0.0
Shanna Moakler_S3,Shanna Moakler,3,5,3,0.0
Shanna Moakler_S3,Shanna Moakler,3,6,1,0.0
Shanna Moakler_S3,Shanna Moakler,3,6,2,0.0
Shanna Moakler_S3,Shanna Moakler,3,6,3,0.0
Shanna Moakler_S3,Shanna Moakler,3,7,1,0.0
Shanna Moakler_S3,Shanna Moakler,3,7,2,0.0
Shanna Moakler_S3,Shanna Moakler,3,7,3,0.0
Shanna Moakler_S3,Shanna Moakler,3,8,1,0.0
Shanna Moakler_S3,Shanna Moakler,3,8,2,0.0
Shanna Moakler_S3,Shanna Moakler,3,8,3,0.0
Shanna Moakler_S3,Shanna Moakler,3,9,1,0.0
Shanna Moakler_S3,Shanna Moakler,3,9,2,0.0
Shanna Moakler_S3,Shanna Moakler,3,9,3,0.0
Shanna Moakler_S3,Shanna Moakler,3,10,1,0.0
Shanna Moakler_S3,Shanna Moakler,3,10,2,0.0
Shanna Moakler_S3,Shanna Moakler,3,10,3,0.0
Willa Ford_S3,Willa Ford,3,1,1,7.0
Willa Ford_S3,Willa Ford,3,1,2,7.0
Willa Ford_S3,Willa Ford,3,1,3,8.0
Willa Ford_S3,Willa Ford,3,2,1,7.0
Willa Ford_S3,Willa Ford,3,2,2,8.0
Willa Ford_S3,Willa Ford,3,2,3,8.0
Willa Ford_S3,Willa Ford,3,3,1,7.0
Willa Ford_S3,Willa Ford,3,3,2,7.0
Willa Ford_S3,Willa Ford,3,3,3,8.0
Willa Ford_S3,Willa Ford,3,4,1,9.0
Willa Ford_S3,Willa Ford,3,4,2,9.0
Willa Ford_S3,Willa Ford,3,4,3,10.0
Willa Ford_S3,Willa Ford,3,5,1,9.0
Willa Ford_S3,Willa Ford,3,5,2,9.0
Willa Ford_S3,Willa Ford,3,5,3,9.0
Willa Ford_S3,Willa Ford,3,6,1,0.0
Willa Ford_S3,Willa Ford,3,6,2,0.0
Willa Ford_S3,Willa Ford,3,6,3,0.0
Willa Ford_S3,Willa Ford,3,7,1,0.0
Willa Ford_S3,Willa Ford,3,7,2,0.0
Willa Ford_S3,Willa Ford,3,7,3,0.0
Willa Ford_S3,Willa Ford,3,8,1,0.0
Willa Ford_S3,Willa Ford,3,8,2,0.0
Willa Ford_S3,Willa Ford,3,8,3,0.0
Willa Ford_S3,Willa Ford,3,9,1,0.0
Willa Ford_S3,Willa Ford,3,9,2,0.0
Willa Ford_S3,Willa Ford,3,9,3,0.0
Willa Ford_S3,Willa Ford,3,10,1,0.0
Willa Ford_S3,Willa Ford,3,10,2,0.0
Willa Ford_S3,Willa Ford,3,10,3,0.0
Sara Evans_S3,Sara Evans,3,1,1,5.0
Sara Evans_S3,Sara Evans,3,1,2,5.0
Sara Evans_S3,Sara Evans,3,1,3,5.0
Sara Evans_S3,Sara Evans,3,2,1,7.0
Sara Evans_S3,Sara Evans,3,2,2,7.0
Sara Evans_S3,Sara Evans,3,2,3,7.0
Sara Evans_S3,Sara Evans,3,3,1,8.0
Sara Evans_S3,Sara Evans,3,3,2,9.0
Sara Evans_S3,Sara Evans,3,3,3,8.0
Sara Evans_S3,Sara Evans,3,4,1,6.0
Sara Evans_S3,Sara Evans,3,4,2,7.0
Sara Evans_S3,Sara Evans,3,4,3,7.0
Sara Evans_S3,Sara Evans,3,5,1,8.0
Sara Evans_S3,Sara Evans,3,5,2,8.0
Sara Evans_S3,Sara Evans,3,5,3,8.0
Sara Evans_S3,Sara Evans,3,6,1,0.0
Sara Evans_S3,Sara Evans,3,6,2,0.0
Sara Evans_S3,Sara Evans,3,6,3,0.0
Sara Evans_S3,Sara Evans,3,7,1,0.0
Sara Evans_S3,Sara Evans,3,7,2,0.0
Sara Evans_S3,Sara Evans,3,7,3,0.0
Sara Evans_S3,Sara Evans,3,8,1,0.0
Sara Evans_S3,Sara Evans,3,8,2,0.0
Sara Evans_S3,Sara Evans,3,8,3,0.0
Sara Evans_S3,Sara Evans,3,9,1,0.0
Sara Evans_S3,Sara Evans,3,9,2,0.0
Sara Evans_S3,Sara Evans,3,9,3,0.0
Sara Evans_S3,Sara Evans,3,10,1,0.0
Sara Evans_S3,Sara Evans,3,10,2,0.0
Sara Evans_S3,Sara Evans,3,10,3,0.0
Jerry Springer_S3,Jerry Springer,3,1,1,5.0
Jerry Springer_S3,Jerry Springer,3,1,2,5.0
Jerry Springer_S3,Jerry Springer,3,1,3,6.0
Jerry Springer_S3,Jerry Springer,3,2,1,7.0
Jerry Springer_S3,Jerry Springer,3,2,2,6.0
Jerry Springer_S3,Jerry Springer,3,2,3,6.0
Jerry Springer_S3,Jerry Springer,3,3,1,7.0
Jerry Springer_S3,Jerry Springer,3,3,2,7.0
Jerry Springer_S3,Jerry Springer,3,3,3,7.0
Jerry Springer_S3,Jerry Springer,3,4,1,7.0
Jerry Springer_S3,Jerry Springer,3,4,2,7.0
Jerry Springer_S3,Jerry Springer,3,4,3,8.0
Jerry Springer_S3,Jerry Springer,3,5,1,8.0
Jerry Springer_S3,Jerry Springer,3,5,2,8.0
Jerry Springer_S3,Jerry Springer,3,5,3,8.0
Jerry Springer_S3,Jerry Springer,3,6,1,7.0
Jerry Springer_S3,Jerry Springer,3,6,2,6.0
Jerry Springer_S3,Jerry Springer,3,6,3,5.0
Jerry Springer_S3,Jerry Springer,3,7,1,7.5
Jerry Springer_S3,Jerry Springer,3,7,2,8.0
Jerry Springer_S3,Jerry Springer,3,7,3,7.5
Jerry Springer_S3,Jerry Springer,3,8,1,0.0
Jerry Springer_S3,Jerry Springer,3,8,2,0.0
Jerry Springer_S3,Jerry Springer,3,8,3,0.0
Jerry Springer_S3,Jerry Springer,3,9,1,0.0
Jerry Springer_S3,Jerry Springer,3,9,2,0.0
Jerry Springer_S3,Jerry Springer,3,9,3,0.0
Jerry Springer_S3,Jerry Springer,3,10,1,0.0
Jerry Springer_S3,Jerry Springer,3,10,2,0.0
Jerry Springer_S3,Jerry Springer,3,10,3,0.0
Tucker Carlson_S3,Tucker Carlson,3,1,1,5.0
Tucker Carlson_S3,Tucker Carlson,3,1,2,4.0
Tucker Carlson_S3,Tucker Carlson,3,1,3,3.0
Tucker Carlson_S3,Tucker Carlson,3,2,1,0.0
Tucker Carlson_S3,Tucker Carlson,3,2,2,0.0
Tucker Carlson_S3,Tucker Carlson,3,2,3,0.0
Tucker Carlson_S3,Tucker Carlson,3,3,1,0.0
Tucker Carlson_S3,Tucker Carlson,3,3,2,0.0
Tucker Carlson_S3,Tucker Carlson,3,3,3,0.0
Tucker Carlson_S3,Tucker Carlson,3,4,1,0.0
Tucker Carlson_S3,Tucker Carlson,3,4,2,0.0
Tucker Carlson_S3,Tucker Carlson,3,4,3,0.0
Tucker Carlson_S3,Tucker Carlson,3,5,1,0.0
Tucker Carlson_S3,Tucker Carlson,3,5,2,0.0
Tucker Carlson_S3,Tucker Carlson,3,5,3,0.0
Tucker Carlson_S3,Tucker Carlson,3,6,1,0.0
Tucker Carlson_S3,Tucker Carlson,3,6,2,0.0
Tucker Carlson_S3,Tucker Carlson,3,6,3,0.0
Tucker Carlson_S3,Tucker Carlson,3,7,1,0.0
Tucker Carlson_S3,Tucker Carlson,3,7,2,0.0
Tucker Carlson_S3,Tucker Carlson,3,7,3,0.0
Tucker Carlson_S3,Tucker Carlson,3,8,1,0.0
Tucker Carlson_S3,Tucker Carlson,3,8,2,0.0
Tucker Carlson_S3,Tucker Carlson,3,8,3,0.0
Tucker Carlson_S3,Tucker Carlson,3,9,1,0.0
Tucker Carlson_S3,Tucker Carlson,3,9,2,0.0
Tucker Carlson_S3,Tucker Carlson,3,9,3,0.0
Tucker Carlson_S3,Tucker Carlson,3,10,1,0.0
Tucker Carlson_S3,Tucker Carlson,3,10,2,0.0
Tucker Carlson_S3,Tucker Carlson,3,10,3,0.0
John Ratzenberger_S4,John Ratzenberger,4,1,1,6.0
John Ratzenberger_S4,John Ratzenberger,4,1,2,5.0
John Ratzenberger_S4,John Ratzenberger,4,1,3,6.0
John Ratzenberger_S4,John Ratzenberger,4,2,1,7.0
John Ratzenberger_S4,John Ratzenberger,4,2,2,7.0
John Ratzenberger_S4,John Ratzenberger,4,2,3,7.0
John Ratzenberger_S4,John Ratzenberger,4,3,1,7.0
John Ratzenberger_S4,John Ratzenberger,4,3,2,6.0
John Ratzenberger_S4,John Ratzenberger,4,3,3,7.0
John Ratzenberger_S4,John Ratzenberger,4,4,1,6.0
John Ratzenberger_S4,John Ratzenberger,4,4,2,5.0
John Ratzenberger_S4,John Ratzenberger,4,4,3,5.0
John Ratzenberger_S4,John Ratzenberger,4,5,1,6.0
John Ratzenberger_S4,John Ratzenberger,4,5,2,6.0
John Ratzenberger_S4,John Ratzenberger,4,5,3,6.0
John Ratzenberger_S4,John Ratzenberger,4,6,1,7.0
John Ratzenberger_S4,John Ratzenberger,4,6,2,6.0
John Ratzenberger_S4,John Ratzenberger,4,6,3,6.0
John Ratzenberger_S4,John Ratzenberger,4,7,1,7.5
John Ratzenberger_S4,John Ratzenberger,4,7,2,7.5
John Ratzenberger_S4,John Ratzenberger,4,7,3,7.5
John Ratzenberger_S4,John Ratzenberger,4,8,1,0.0
John Ratzenberger_S4,John Ratzenberger,4,8,2,0.0
John Ratzenberger_S4,John Ratzenberger,4,8,3,0.0
John Ratzenberger_S4,John Ratzenberger,4,9,1,0.0
John Ratzenberger_S4,John Ratzenberger,4,9,2,0.0
John Ratzenberger_S4,John Ratzenberger,4,9,3,0.0
John Ratzenberger_S4,John Ratzenberger,4,10,1,0.0
John Ratzenberger_S4,John Ratzenberger,4,10,2,0.0
John Ratzenberger_S4,John Ratzenberger,4,10,3,0.0
Ian Ziering_S4,Ian Ziering,4,1,1,7.0
Ian Ziering_S4,Ian Ziering,4,1,2,7.0
Ian Ziering_S4,Ian Ziering,4,1,3,7.0
Ian Ziering_S4,Ian Ziering,4,2,1,7.0
Ian Ziering_S4,Ian Ziering,4,2,2,8.0
Ian Ziering_S4,Ian Ziering,4,2,3,7.0
Ian Ziering_S4,Ian Ziering,4,3,1,8.0
Ian Ziering_S4,Ian Ziering,4,3,2,8.0
Ian Ziering_S4,Ian Ziering,4,3,3,8.0
Ian Ziering_S4,Ian Ziering,4,4,1,7.0
Ian Ziering_S4,Ian Ziering,4,4,2,9.0
Ian Ziering_S4,Ian Ziering,4,4,3,8.0
Ian Ziering_S4,Ian Ziering,4,5,1,8.0
Ian Ziering_S4,Ian Ziering,4,5,2,8.0
Ian Ziering_S4,Ian Ziering,4,5,3,8.0
Ian Ziering_S4,Ian Ziering,4,6,1,8.0
Ian Ziering_S4,Ian Ziering,4,6,2,8.0
Ian Ziering_S4,Ian Ziering,4,6,3,8.0
Ian Ziering_S4,Ian Ziering,4,7,1,9.0
Ian Ziering_S4,Ian Ziering,4,7,2,9.0
Ian Ziering_S4,Ian Ziering,4,7,3,9.0
Ian Ziering_S4,Ian Ziering,4,8,1,8.0
Ian Ziering_S4,Ian Ziering,4,8,2,7.5
Ian Ziering_S4,Ian Ziering,4,8,3,8.0
Ian Ziering_S4,Ian Ziering,4,9,1,9.5
Ian Ziering_S4,Ian Ziering,4,9,2,10.0
Ian Ziering_S4,Ian Ziering,4,9,3,9.5
Ian Ziering_S4,Ian Ziering,4,10,1,0.0
Ian Ziering_S4,Ian Ziering,4,10,2,0.0
Ian Ziering_S4,Ian Ziering,4,10,3,0.0
Clyde Drexler_S4,Clyde Drexler,4,1,1,6.0
Clyde Drexler_S4,Clyde Drexler,4,1,2,5.0
Clyde Drexler_S4,Clyde Drexler,4,1,3,5.0
Clyde Drexler_S4,Clyde Drexler,4,2,1,6.0
Clyde Drexler_S4,Clyde Drexler,4,2,2,6.0
Clyde Drexler_S4,Clyde Drexler,4,2,3,6.0
Clyde Drexler_S4,Clyde Drexler,4,3,1,6.0
Clyde Drexler_S4,Clyde Drexler,4,3,2,5.0
Clyde Drexler_S4,Clyde Drexler,4,3,3,5.0
Clyde Drexler_S4,Clyde Drexler,4,4,1,6.0
Clyde Drexler_S4,Clyde Drexler,4,4,2,4.0
Clyde Drexler_S4,Clyde Drexler,4,4,3,5.0
Clyde Drexler_S4,Clyde Drexler,4,5,1,4.0
Clyde Drexler_S4,Clyde Drexler,4,5,2,5.0
Clyde Drexler_S4,Clyde Drexler,4,5,3,4.0
Clyde Drexler_S4,Clyde Drexler,4,6,1,0.0
Clyde Drexler_S4,Clyde Drexler,4,6,2,0.0
Clyde Drexler_S4,Clyde Drexler,4,6,3,0.0
Clyde Drexler_S4,Clyde Drexler,4,7,1,0.0
Clyde Drexler_S4,Clyde Drexler,4,7,2,0.0
Clyde Drexler_S4,Clyde Drexler,4,7,3,0.0
Clyde Drexler_S4,Clyde Drexler,4,8,1,0.0
Clyde Drexler_S4,Clyde Drexler,4,8,2,0.0
Clyde Drexler_S4,Clyde Drexler,4,8,3,0.0
Clyde Drexler_S4,Clyde Drexler,4,9,1,0.0
Clyde Drexler_S4,Clyde Drexler,4,9,2,0.0
Clyde Drexler_S4,Clyde Drexler,4,9,3,0.0
Clyde Drexler_S4,Clyde Drexler,4,10,1,0.0
Clyde Drexler_S4,Clyde Drexler,4,10,2,0.0
Clyde Drexler_S4,Clyde Drexler,4,10,3,0.0
Laila Ali_S4,Laila Ali,4,1,1,7.0
Laila Ali_S4,Laila Ali,4,1,2,8.0
Laila Ali_S4,Laila Ali,4,1,3,8.0
Laila Ali_S4,Laila Ali,4,2,1,9.0
Laila Ali_S4,Laila Ali,4,2,2,9.0
Laila Ali_S4,Laila Ali,4,2,3,9.0
Laila Ali_S4,Laila Ali,4,3,1,7.0
Laila Ali_S4,Laila Ali,4,3,2,7.0
Laila Ali_S4,Laila Ali,4,3,3,7.0
Laila Ali_S4,Laila Ali,4,4,1,7.0
Laila Ali_S4,Laila Ali,4,4,2,7.0
Laila Ali_S4,Laila Ali,4,4,3,7.0
Laila Ali_S4,Laila Ali,4,5,1,9.0
Laila Ali_S4,Laila Ali,4,5,2,10.0
Laila Ali_S4,Laila Ali,4,5,3,9.0
Laila Ali_S4,Laila Ali,4,6,1,9.0
Laila Ali_S4,Laila Ali,4,6,2,9.0
Laila Ali_S4,Laila Ali,4,6,3,10.0
Laila Ali_S4,Laila Ali,4,7,1,10.0
Laila Ali_S4,Laila Ali,4,7,2,9.5
Laila Ali_S4,Laila Ali,4,7,3,10.0
Laila Ali_S4,Laila Ali,4,8,1,9.0
Laila Ali_S4,Laila Ali,4,8,2,8.5
Laila Ali_S4,Laila Ali,4,8,3,9.0
Laila Ali_S4,Laila Ali,4,9,1,10.0
Laila Ali_S4,Laila Ali,4,9,2,10.0
Laila Ali_S4,Laila Ali,4,9,3,10.0
Laila Ali_S4,Laila Ali,4,10,1,9.6666
Laila Ali_S4,Laila Ali,4,10,2,9.0
Laila Ali_S4,Laila Ali,4,10,3,9.6666
Apolo Anton Ohno_S4,Apolo Anton Ohno,4,1,1,7.0
Apolo Anton Ohno_S4,Apolo Anton Ohno,4,1,2,7.0
Apolo Anton Ohno_S4,Apolo Anton Ohno,4,1,3,7.0
Apolo Anton Ohno_S4,Apolo Anton Ohno,4,2,1,8.0
Apolo Anton Ohno_S4,Apolo Anton Ohno,4,2,2,9.0
Apolo Anton Ohno_S4,Apolo Anton Ohno,4,2,3,9.0
Apolo Anton Ohno_S4,Apolo Anton Ohno,4,3,1,7.0
Apolo Anton Ohno_S4,Apolo Anton Ohno,4,3,2,8.0
Apolo Anton Ohno_S4,Apolo Anton Ohno,4,3,3,8.0
Apolo Anton Ohno_S4,Apolo Anton Ohno,4,4,1,9.0
Apolo Anton Ohno_S4,Apolo Anton Ohno,4,4,2,8.0
Apolo Anton Ohno_S4,Apolo Anton Ohno,4,4,3,9.0
Apolo Anton Ohno_S4,Apolo Anton Ohno,4,5,1,10.0
Apolo Anton Ohno_S4,Apolo Anton Ohno,4,5,2,10.0
Apolo Anton Ohno_S4,Apolo Anton Ohno,4,5,3,10.0
Apolo Anton Ohno_S4,Apolo Anton Ohno,4,6,1,9.0
Apolo Anton Ohno_S4,Apolo Anton Ohno,4,6,2,9.0
Apolo Anton Ohno_S4,Apolo Anton Ohno,4,6,3,10.0
Apolo Anton Ohno_S4,Apolo Anton Ohno,4,7,1,9.0
Apolo Anton Ohno_S4,Apolo Anton Ohno,4,7,2,8.5
Apolo Anton Ohno_S4,Apolo Anton Ohno,4,7,3,9.5
Apolo Anton Ohno_S4,Apolo Anton Ohno,4,8,1,10.0
Apolo Anton Ohno_S4,Apolo Anton Ohno,4,8,2,9.0
Apolo Anton Ohno_S4,Apolo Anton Ohno,4,8,3,10.0
Apolo Anton Ohno_S4,Apolo Anton Ohno,4,9,1,10.0
Apolo Anton Ohno_S4,Apolo Anton Ohno,4,9,2,9.5
Apolo Anton Ohno_S4,Apolo Anton Ohno,4,9,3,10.0
Apolo Anton Ohno_S4,Apolo Anton Ohno,4,10,1,9.6666
Apolo Anton Ohno_S4,Apolo Anton Ohno,4,10,2,9.6666
Apolo Anton Ohno_S4,Apolo Anton Ohno,4,10,3,10.0
Shandi Finnessey_S4,Shandi Finnessey,4,1,1,6.0
Shandi Finnessey_S4,Shandi Finnessey,4,1,2,6.0
Shandi Finnessey_S4,Shandi Finnessey,4,1,3,7.0
Shandi Finnessey_S4,Shandi Finnessey,4,2,1,6.0
Shandi Finnessey_S4,Shandi Finnessey,4,2,2,7.0
Shandi Finnessey_S4,Shandi Finnessey,4,2,3,7.0
Shandi Finnessey_S4,Shandi Finnessey,4,3,1,7.0
Shandi Finnessey_S4,Shandi Finnessey,4,3,2,7.0
Shandi Finnessey_S4,Shandi Finnessey,4,3,3,7.0
Shandi Finnessey_S4,Shandi Finnessey,4,4,1,0.0
Shandi Finnessey_S4,Shandi Finnessey,4,4,2,0.0
Shandi Finnessey_S4,Shandi Finnessey,4,4,3,0.0
Shandi Finnessey_S4,Shandi Finnessey,4,5,1,0.0
Shandi Finnessey_S4,Shandi Finnessey,4,5,2,0.0
Shandi Finnessey_S4,Shandi Finnessey,4,5,3,0.0
Shandi Finnessey_S4,Shandi Finnessey,4,6,1,0.0
Shandi Finnessey_S4,Shandi Finnessey,4,6,2,0.0
Shandi Finnessey_S4,Shandi Finnessey,4,6,3,0.0
Shandi Finnessey_S4,Shandi Finnessey,4,7,1,0.0
Shandi Finnessey_S4,Shandi Finnessey,4,7,2,0.0
Shandi Finnessey_S4,Shandi Finnessey,4,7,3,0.0
Shandi Finnessey_S4,Shandi Finnessey,4,8,1,0.0
Shandi Finnessey_S4,Shandi Finnessey,4,8,2,0.0
Shandi Finnessey_S4,Shandi Finnessey,4,8,3,0.0
Shandi Finnessey_S4,Shandi Finnessey,4,9,1,0.0
Shandi Finnessey_S4,Shandi Finnessey,4,9,2,0.0
Shandi Finnessey_S4,Shandi Finnessey,4,9,3,0.0
Shandi Finnessey_S4,Shandi Finnessey,4,10,1,0.0
Shandi Finnessey_S4,Shandi Finnessey,4,10,2,0.0
Shandi Finnessey_S4,Shandi Finnessey,4,10,3,0.0
Paulina Porizkova_S4,Paulina Porizkova,4,1,1,6.0
Paulina Porizkova_S4,Paulina Porizkova,4,1,2,6.0
Paulina Porizkova_S4,Paulina Porizkova,4,1,3,7.0
Paulina Porizkova_S4,Paulina Porizkova,4,2,1,7.0
Paulina Porizkova_S4,Paulina Porizkova,4,2,2,7.0
Paulina Porizkova_S4,Paulina Porizkova,4,2,3,7.0
Paulina Porizkova_S4,Paulina Porizkova,4,3,1,0.0
Paulina Porizkova_S4,Paulina Porizkova,4,3,2,0.0
Paulina Porizkova_S4,Paulina Porizkova,4,3,3,0.0
Paulina Porizkova_S4,Paulina Porizkova,4,4,1,0.0
Paulina Porizkova_S4,Paulina Porizkova,4,4,2,0.0
Paulina Porizkova_S4,Paulina Porizkova,4,4,3,0.0
Paulina Porizkova_S4,Paulina Porizkova,4,5,1,0.0
Paulina Porizkova_S4,Paulina Porizkova,4,5,2,0.0
Paulina Porizkova_S4,Paulina Porizkova,4,5,3,0.0
Paulina Porizkova_S4,Paulina Porizkova,4,6,1,0.0
Paulina Porizkova_S4,Paulina Porizkova,4,6,2,0.0
Paulina Porizkova_S4,Paulina Porizkova,4,6,3,0.0
Paulina Porizkova_S4,Paulina Porizkova,4,7,1,0.0
Paulina Porizkova_S4,Paulina Porizkova,4,7,2,0.0
Paulina Porizkova_S4,Paulina Porizkova,4,7,3,0.0
Paulina Porizkova_S4,Paulina Porizkova,4,8,1,0.0
Paulina Porizkova_S4,Paulina Porizkova,4,8,2,0.0
Paulina Porizkova_S4,Paulina Porizkova,4,8,3,0.0
Paulina Porizkova_S4,Paulina Porizkova,4,9,1,0.0
Paulina Porizkova_S4,Paulina Porizkova,4,9,2,0.0
Paulina Porizkova_S4,Paulina Porizkova,4,9,3,0.0
Paulina Porizkova_S4,Paulina Porizkova,4,10,1,0.0
Paulina Porizkova_S4,Paulina Porizkova,4,10,2,0.0
Paulina Porizkova_S4,Paulina Porizkova,4,10,3,0.0
Heather Mills_S4,Heather Mills,4,1,1,6.0
Heather Mills_S4,Heather Mills,4,1,2,6.0
Heather Mills_S4,Heather Mills,4,1,3,6.0
Heather Mills_S4,Heather Mills,4,2,1,8.0
Heather Mills_S4,Heather Mills,4,2,2,8.0
Heather Mills_S4,Heather Mills,4,2,3,8.0
Heather Mills_S4,Heather Mills,4,3,1,8.0
Heather Mills_S4,Heather Mills,4,3,2,8.0
Heather Mills_S4,Heather Mills,4,3,3,8.0
Heather Mills_S4,Heather Mills,4,4,1,7.0
Heather Mills_S4,Heather Mills,4,4,2,8.0
Heather Mills_S4,Heather Mills,4,4,3,8.0
Heather Mills_S4,Heather Mills,4,5,1,7.0
Heather Mills_S4,Heather Mills,4,5,2,7.0
Heather Mills_S4,Heather Mills,4,5,3,7.0
Heather Mills_S4,Heather Mills,4,6,1,7.0
Heather Mills_S4,Heather Mills,4,6,2,8.0
Heather Mills_S4,Heather Mills,4,6,3,8.0
Heather Mills_S4,Heather Mills,4,7,1,0.0
Heather Mills_S4,Heather Mills,4,7,2,0.0
Heather Mills_S4,Heather Mills,4,7,3,0.0
Heather Mills_S4,Heather Mills,4,8,1,0.0
Heather Mills_S4,Heather Mills,4,8,2,0.0
Heather Mills_S4,Heather Mills,4,8,3,0.0
Heather Mills_S4,Heather Mills,4,9,1,0.0
Heather Mills_S4,Heather Mills,4,9,2,0.0
Heather Mills_S4,Heather Mills,4,9,3,0.0
Heather Mills_S4,Heather Mills,4,10,1,0.0
Heather Mills_S4,Heather Mills,4,10,2,0.0
Heather Mills_S4,Heather Mills,4,10,3,0.0
Billy Ray Cyrus_S4,Billy Ray Cyrus,4,1,1,5.0
Billy Ray Cyrus_S4,Billy Ray Cyrus,4,1,2,4.0
Billy Ray Cyrus_S4,Billy Ray Cyrus,4,1,3,4.0
Billy Ray Cyrus_S4,Billy Ray Cyrus,4,2,1,7.0
Billy Ray Cyrus_S4,Billy Ray Cyrus,4,2,2,7.0
Billy Ray Cyrus_S4,Billy Ray Cyrus,4,2,3,7.0
Billy Ray Cyrus_S4,Billy Ray Cyrus,4,3,1,7.0
Billy Ray Cyrus_S4,Billy Ray Cyrus,4,3,2,7.0
Billy Ray Cyrus_S4,Billy Ray Cyrus,4,3,3,7.0
Billy Ray Cyrus_S4,Billy Ray Cyrus,4,4,1,7.0
Billy Ray Cyrus_S4,Billy Ray Cyrus,4,4,2,7.0
Billy Ray Cyrus_S4,Billy Ray Cyrus,4,4,3,7.0
Billy Ray Cyrus_S4,Billy Ray Cyrus,4,5,1,6.0
Billy Ray Cyrus_S4,Billy Ray Cyrus,4,5,2,6.0
Billy Ray Cyrus_S4,Billy Ray Cyrus,4,5,3,5.0
Billy Ray Cyrus_S4,Billy Ray Cyrus,4,6,1,7.0
Billy Ray Cyrus_S4,Billy Ray Cyrus,4,6,2,7.0
Billy Ray Cyrus_S4,Billy Ray Cyrus,4,6,3,7.0
Billy Ray Cyrus_S4,Billy Ray Cyrus,4,7,1,6.0
Billy Ray Cyrus_S4,Billy Ray Cyrus,4,7,2,6.5
Billy Ray Cyrus_S4,Billy Ray Cyrus,4,7,3,6.5
Billy Ray Cyrus_S4,Billy Ray Cyrus,4,8,1,6.5
Billy Ray Cyrus_S4,Billy Ray Cyrus,4,8,2,6.5
Billy Ray Cyrus_S4,Billy Ray Cyrus,4,8,3,6.0
Billy Ray Cyrus_S4,Billy Ray Cyrus,4,9,1,0.0
Billy Ray Cyrus_S4,Billy Ray Cyrus,4,9,2,0.0
Billy Ray Cyrus_S4,Billy Ray Cyrus,4,9,3,0.0
Billy Ray Cyrus_S4,Billy Ray Cyrus,4,10,1,0.0
Billy Ray Cyrus_S4,Billy Ray Cyrus,4,10,2,0.0
Billy Ray Cyrus_S4,Billy Ray Cyrus,4,10,3,0.0
Joey Fatone_S4,Joey Fatone,4,1,1,8.0
Joey Fatone_S4,Joey Fatone,4,1,2,8.0
Joey Fatone_S4,Joey Fatone,4,1,3,8.0
Joey Fatone_S4,Joey Fatone,4,2,1,8.0
Joey Fatone_S4,Joey Fatone,4,2,2,8.0
Joey Fatone_S4,Joey Fatone,4,2,3,8.0
Joey Fatone_S4,Joey Fatone,4,3,1,8.0
Joey Fatone_S4,Joey Fatone,4,3,2,8.0
Joey Fatone_S4,Joey Fatone,4,3,3,8.0
Joey Fatone_S4,Joey Fatone,4,4,1,10.0
Joey Fatone_S4,Joey Fatone,4,4,2,9.0
Joey Fatone_S4,Joey Fatone,4,4,3,9.0
Joey Fatone_S4,Joey Fatone,4,5,1,8.0
Joey Fatone_S4,Joey Fatone,4,5,2,8.0
Joey Fatone_S4,Joey Fatone,4,5,3,9.0
Joey Fatone_S4,Joey Fatone,4,6,1,9.0
Joey Fatone_S4,Joey Fatone,4,6,2,9.0
Joey Fatone_S4,Joey Fatone,4,6,3,9.0
Joey Fatone_S4,Joey Fatone,4,7,1,10.0
Joey Fatone_S4,Joey Fatone,4,7,2,9.5
Joey Fatone_S4,Joey Fatone,4,7,3,10.0
Joey Fatone_S4,Joey Fatone,4,8,1,9.5
Joey Fatone_S4,Joey Fatone,4,8,2,9.0
Joey Fatone_S4,Joey Fatone,4,8,3,9.0
Joey Fatone_S4,Joey Fatone,4,9,1,10.0
Joey Fatone_S4,Joey Fatone,4,9,2,10.0
Joey Fatone_S4,Joey Fatone,4,9,3,10.0
Joey Fatone_S4,Joey Fatone,4,10,1,9.6666
Joey Fatone_S4,Joey Fatone,4,10,2,9.3333
Joey Fatone_S4,Joey Fatone,4,10,3,9.6666
Leeza Gibbons_S4,Leeza Gibbons,4,1,1,5.0
Leeza Gibbons_S4,Leeza Gibbons,4,1,2,5.0
Leeza Gibbons_S4,Leeza Gibbons,4,1,3,5.0
Leeza Gibbons_S4,Leeza Gibbons,4,2,1,7.0
Leeza Gibbons_S4,Leeza Gibbons,4,2,2,7.0
Leeza Gibbons_S4,Leeza Gibbons,4,2,3,7.0
Leeza Gibbons_S4,Leeza Gibbons,4,3,1,8.0
Leeza Gibbons_S4,Leeza Gibbons,4,3,2,8.0
Leeza Gibbons_S4,Leeza Gibbons,4,3,3,8.0
Leeza Gibbons_S4,Leeza Gibbons,4,4,1,6.0
Leeza Gibbons_S4,Leeza Gibbons,4,4,2,5.0
Leeza Gibbons_S4,Leeza Gibbons,4,4,3,5.0
Leeza Gibbons_S4,Leeza Gibbons,4,5,1,0.0
Leeza Gibbons_S4,Leeza Gibbons,4,5,2,0.0
Leeza Gibbons_S4,Leeza Gibbons,4,5,3,0.0
Leeza Gibbons_S4,Leeza Gibbons,4,6,1,0.0
Leeza Gibbons_S4,Leeza Gibbons,4,6,2,0.0
Leeza Gibbons_S4,Leeza Gibbons,4,6,3,0.0
Leeza Gibbons_S4,Leeza Gibbons,4,7,1,0.0
Leeza Gibbons_S4,Leeza Gibbons,4,7,2,0.0
Leeza Gibbons_S4,Leeza Gibbons,4,7,3,0.0
Leeza Gibbons_S4,Leeza Gibbons,4,8,1,0.0
Leeza Gibbons_S4,Leeza Gibbons,4,8,2,0.0
Leeza Gibbons_S4,Leeza Gibbons,4,8,3,0.0
Leeza Gibbons_S4,Leeza Gibbons,4,9,1,0.0
Leeza Gibbons_S4,Leeza Gibbons,4,9,2,0.0
Leeza Gibbons_S4,Leeza Gibbons,4,9,3,0.0
Leeza Gibbons_S4,Leeza Gibbons,4,10,1,0.0
Leeza Gibbons_S4,Leeza Gibbons,4,10,2,0.0
Leeza Gibbons_S4,Leeza Gibbons,4,10,3,0.0
Cameron Mathison_S5,Cameron Mathison,5,1,1,7.0
Cameron Mathison_S5,Cameron Mathison,5,1,2,7.0
Cameron Mathison_S5,Cameron Mathison,5,1,3,7.0
Cameron Mathison_S5,Cameron Mathison,5,2,1,7.0
Cameron Mathison_S5,Cameron Mathison,5,2,2,7.0
Cameron Mathison_S5,Cameron Mathison,5,2,3,7.0
Cameron Mathison_S5,Cameron Mathison,5,3,1,8.0
Cameron Mathison_S5,Cameron Mathison,5,3,2,7.0
Cameron Mathison_S5,Cameron Mathison,5,3,3,8.0
Cameron Mathison_S5,Cameron Mathison,5,4,1,9.0
Cameron Mathison_S5,Cameron Mathison,5,4,2,9.0
Cameron Mathison_S5,Cameron Mathison,5,4,3,9.0
Cameron Mathison_S5,Cameron Mathison,5,5,1,8.0
Cameron Mathison_S5,Cameron Mathison,5,5,2,9.0
Cameron Mathison_S5,Cameron Mathison,5,5,3,9.0
Cameron Mathison_S5,Cameron Mathison,5,6,1,9.0
Cameron Mathison_S5,Cameron Mathison,5,6,2,8.0
Cameron Mathison_S5,Cameron Mathison,5,6,3,8.0
Cameron Mathison_S5,Cameron Mathison,5,7,1,8.5
Cameron Mathison_S5,Cameron Mathison,5,7,2,8.5
Cameron Mathison_S5,Cameron Mathison,5,7,3,8.5
Cameron Mathison_S5,Cameron Mathison,5,8,1,8.5
Cameron Mathison_S5,Cameron Mathison,5,8,2,8.5
Cameron Mathison_S5,Cameron Mathison,5,8,3,8.5
Cameron Mathison_S5,Cameron Mathison,5,9,1,0.0
Cameron Mathison_S5,Cameron Mathison,5,9,2,0.0
Cameron Mathison_S5,Cameron Mathison,5,9,3,0.0
Cameron Mathison_S5,Cameron Mathison,5,10,1,0.0
Cameron Mathison_S5,Cameron Mathison,5,10,2,0.0
Cameron Mathison_S5,Cameron Mathison,5,10,3,0.0
Jane Seymour_S5,Jane Seymour,5,1,1,8.0
Jane Seymour_S5,Jane Seymour,5,1,2,8.0
Jane Seymour_S5,Jane Seymour,5,1,3,8.0
Jane Seymour_S5,Jane Seymour,5,2,1,7.0
Jane Seymour_S5,Jane Seymour,5,2,2,7.0
Jane Seymour_S5,Jane Seymour,5,2,3,7.0
Jane Seymour_S5,Jane Seymour,5,3,1,9.0
Jane Seymour_S5,Jane Seymour,5,3,2,9.0
Jane Seymour_S5,Jane Seymour,5,3,3,9.0
Jane Seymour_S5,Jane Seymour,5,4,1,8.0
Jane Seymour_S5,Jane Seymour,5,4,2,9.0
Jane Seymour_S5,Jane Seymour,5,4,3,9.0
Jane Seymour_S5,Jane Seymour,5,5,1,8.0
Jane Seymour_S5,Jane Seymour,5,5,2,9.0
Jane Seymour_S5,Jane Seymour,5,5,3,9.0
Jane Seymour_S5,Jane Seymour,5,6,1,8.0
Jane Seymour_S5,Jane Seymour,5,6,2,7.0
Jane Seymour_S5,Jane Seymour,5,6,3,7.0
Jane Seymour_S5,Jane Seymour,5,7,1,8.0
Jane Seymour_S5,Jane Seymour,5,7,2,8.5
Jane Seymour_S5,Jane Seymour,5,7,3,8.5
Jane Seymour_S5,Jane Seymour,5,8,1,0.0
Jane Seymour_S5,Jane Seymour,5,8,2,0.0
Jane Seymour_S5,Jane Seymour,5,8,3,0.0
Jane Seymour_S5,Jane Seymour,5,9,1,0.0
Jane Seymour_S5,Jane Seymour,5,9,2,0.0
Jane Seymour_S5,Jane Seymour,5,9,3,0.0
Jane Seymour_S5,Jane Seymour,5,10,1,0.0
Jane Seymour_S5,Jane Seymour,5,10,2,0.0
Jane Seymour_S5,Jane Seymour,5,10,3,0.0
Sabrina Bryan_S5,Sabrina Bryan,5,1,1,9.0
Sabrina Bryan_S5,Sabrina Bryan,5,1,2,8.0
Sabrina Bryan_S5,Sabrina Bryan,5,1,3,9.0
Sabrina Bryan_S5,Sabrina Bryan,5,2,1,9.0
Sabrina Bryan_S5,Sabrina Bryan,5,2,2,8.0
Sabrina Bryan_S5,Sabrina Bryan,5,2,3,9.0
Sabrina Bryan_S5,Sabrina Bryan,5,3,1,9.0
Sabrina Bryan_S5,Sabrina Bryan,5,3,2,9.0
Sabrina Bryan_S5,Sabrina Bryan,5,3,3,9.0
Sabrina Bryan_S5,Sabrina Bryan,5,4,1,10.0
Sabrina Bryan_S5,Sabrina Bryan,5,4,2,10.0
Sabrina Bryan_S5,Sabrina Bryan,5,4,3,10.0
Sabrina Bryan_S5,Sabrina Bryan,5,5,1,9.0
Sabrina Bryan_S5,Sabrina Bryan,5,5,2,9.0
Sabrina Bryan_S5,Sabrina Bryan,5,5,3,10.0
Sabrina Bryan_S5,Sabrina Bryan,5,6,1,9.0
Sabrina Bryan_S5,Sabrina Bryan,5,6,2,8.0
Sabrina Bryan_S5,Sabrina Bryan,5,6,3,8.0
Sabrina Bryan_S5,Sabrina Bryan,5,7,1,0.0
Sabrina Bryan_S5,Sabrina Bryan,5,7,2,0.0
Sabrina Bryan_S5,Sabrina Bryan,5,7,3,0.0
Sabrina Bryan_S5,Sabrina Bryan,5,8,1,0.0
Sabrina Bryan_S5,Sabrina Bryan,5,8,2,0.0
Sabrina Bryan_S5,Sabrina Bryan,5,8,3,0.0
Sabrina Bryan_S5,Sabrina Bryan,5,9,1,0.0
Sabrina Bryan_S5,Sabrina Bryan,5,9,2,0.0
Sabrina Bryan_S5,Sabrina Bryan,5,9,3,0.0
Sabrina Bryan_S5,Sabrina Bryan,5,10,1,0.0
Sabrina Bryan_S5,Sabrina Bryan,5,10,2,0.0
Sabrina Bryan_S5,Sabrina Bryan,5,10,3,0.0
Jennie Garth_S5,Jennie Garth,5,1,1,7.0
Jennie Garth_S5,Jennie Garth,5,1,2,7.0
Jennie Garth_S5,Jennie Garth,5,1,3,7.0
Jennie Garth_S5,Jennie Garth,5,2,1,7.0
Jennie Garth_S5,Jennie Garth,5,2,2,7.0
Jennie Garth_S5,Jennie Garth,5,2,3,7.0
Jennie Garth_S5,Jennie Garth,5,3,1,9.0
Jennie Garth_S5,Jennie Garth,5,3,2,8.0
Jennie Garth_S5,Jennie Garth,5,3,3,9.0
Jennie Garth_S5,Jennie Garth,5,4,1,8.0
Jennie Garth_S5,Jennie Garth,5,4,2,10.0
Jennie Garth_S5,Jennie Garth,5,4,3,9.0
Jennie Garth_S5,Jennie Garth,5,5,1,8.0
Jennie Garth_S5,Jennie Garth,5,5,2,9.0
Jennie Garth_S5,Jennie Garth,5,5,3,8.0
Jennie Garth_S5,Jennie Garth,5,6,1,9.0
Jennie Garth_S5,Jennie Garth,5,6,2,9.0
Jennie Garth_S5,Jennie Garth,5,6,3,9.0
Jennie Garth_S5,Jennie Garth,5,7,1,8.5
Jennie Garth_S5,Jennie Garth,5,7,2,8.5
Jennie Garth_S5,Jennie Garth,5,7,3,9.5
Jennie Garth_S5,Jennie Garth,5,8,1,8.5
Jennie Garth_S5,Jennie Garth,5,8,2,8.5
Jennie Garth_S5,Jennie Garth,5,8,3,8.0
Jennie Garth_S5,Jennie Garth,5,9,1,9.5
Jennie Garth_S5,Jennie Garth,5,9,2,10.0
Jennie Garth_S5,Jennie Garth,5,9,3,9.5
Jennie Garth_S5,Jennie Garth,5,10,1,0.0
Jennie Garth_S5,Jennie Garth,5,10,2,0.0
Jennie Garth_S5,Jennie Garth,5,10,3,0.0
Floyd Mayweather Jr. _S5,Floyd Mayweather Jr. ,5,1,1,6.0
Floyd Mayweather Jr. _S5,Floyd Mayweather Jr. ,5,1,2,6.0
Floyd Mayweather Jr. _S5,Floyd Mayweather Jr. ,5,1,3,6.0
Floyd Mayweather Jr. _S5,Floyd Mayweather Jr. ,5,2,1,7.0
Floyd Mayweather Jr. _S5,Floyd Mayweather Jr. ,5,2,2,7.0
Floyd Mayweather Jr. _S5,Floyd Mayweather Jr. ,5,2,3,7.0
Floyd Mayweather Jr. _S5,Floyd Mayweather Jr. ,5,3,1,7.0
Floyd Mayweather Jr. _S5,Floyd Mayweather Jr. ,5,3,2,7.0
Floyd Mayweather Jr. _S5,Floyd Mayweather Jr. ,5,3,3,7.0
Floyd Mayweather Jr. _S5,Floyd Mayweather Jr. ,5,4,1,7.0
Floyd Mayweather Jr. _S5,Floyd Mayweather Jr. ,5,4,2,8.0
Floyd Mayweather Jr. _S5,Floyd Mayweather Jr. ,5,4,3,8.0
Floyd Mayweather Jr. _S5,Floyd Mayweather Jr. ,5,5,1,0.0
Floyd Mayweather Jr. _S5,Floyd Mayweather Jr. ,5,5,2,0.0
Floyd Mayweather Jr. _S5,Floyd Mayweather Jr. ,5,5,3,0.0
Floyd Mayweather Jr. _S5,Floyd Mayweather Jr. ,5,6,1,0.0
Floyd Mayweather Jr. _S5,Floyd Mayweather Jr. ,5,6,2,0.0
Floyd Mayweather Jr. _S5,Floyd Mayweather Jr. ,5,6,3,0.0
Floyd Mayweather Jr. _S5,Floyd Mayweather Jr. ,5,7,1,0.0
Floyd Mayweather Jr. _S5,Floyd Mayweather Jr. ,5,7,2,0.0
Floyd Mayweather Jr. _S5,Floyd Mayweather Jr. ,5,7,3,0.0
Floyd Mayweather Jr. _S5,Floyd Mayweather Jr. ,5,8,1,0.0
Floyd Mayweather Jr. _S5,Floyd Mayweather Jr. ,5,8,2,0.0
Floyd Mayweather Jr. _S5,Floyd Mayweather Jr. ,5,8,3,0.0
Floyd Mayweather Jr. _S5,Floyd Mayweather Jr. ,5,9,1,0.0
Floyd Mayweather Jr. _S5,Floyd Mayweather Jr. ,5,9,2,0.0
Floyd Mayweather Jr. _S5,Floyd Mayweather Jr. ,5,9,3,0.0
Floyd Mayweather Jr. _S5,Floyd Mayweather Jr. ,5,10,1,0.0
Floyd Mayweather Jr. _S5,Floyd Mayweather Jr. ,5,10,2,0.0
Floyd Mayweather Jr. _S5,Floyd Mayweather Jr. ,5,10,3,0.0
Josie Maran_S5,Josie Maran,5,1,1,6.0
Josie Maran_S5,Josie Maran,5,1,2,5.0
Josie Maran_S5,Josie Maran,5,1,3,5.0
Josie Maran_S5,Josie Maran,5,2,1,0.0
Josie Maran_S5,Josie Maran,5,2,2,0.0
Josie Maran_S5,Josie Maran,5,2,3,0.0
Josie Maran_S5,Josie Maran,5,3,1,0.0
Josie Maran_S5,Josie Maran,5,3,2,0.0
Josie Maran_S5,Josie Maran,5,3,3,0.0
Josie Maran_S5,Josie Maran,5,4,1,0.0
Josie Maran_S5,Josie Maran,5,4,2,0.0
Josie Maran_S5,Josie Maran,5,4,3,0.0
Josie Maran_S5,Josie Maran,5,5,1,0.0
Josie Maran_S5,Josie Maran,5,5,2,0.0
Josie Maran_S5,Josie Maran,5,5,3,0.0
Josie Maran_S5,Josie Maran,5,6,1,0.0
Josie Maran_S5,Josie Maran,5,6,2,0.0
Josie Maran_S5,Josie Maran,5,6,3,0.0
Josie Maran_S5,Josie Maran,5,7,1,0.0
Josie Maran_S5,Josie Maran,5,7,2,0.0
Josie Maran_S5,Josie Maran,5,7,3,0.0
Josie Maran_S5,Josie Maran,5,8,1,0.0
Josie Maran_S5,Josie Maran,5,8,2,0.0
Josie Maran_S5,Josie Maran,5,8,3,0.0
Josie Maran_S5,Josie Maran,5,9,1,0.0
Josie Maran_S5,Josie Maran,5,9,2,0.0
Josie Maran_S5,Josie Maran,5,9,3,0.0
Josie Maran_S5,Josie Maran,5,10,1,0.0
Josie Maran_S5,Josie Maran,5,10,2,0.0
Josie Maran_S5,Josie Maran,5,10,3,0.0
Albert Reed_S5,Albert Reed,5,1,1,7.0
Albert Reed_S5,Albert Reed,5,1,2,7.0
Albert Reed_S5,Albert Reed,5,1,3,7.0
Albert Reed_S5,Albert Reed,5,2,1,7.0
Albert Reed_S5,Albert Reed,5,2,2,7.0
Albert Reed_S5,Albert Reed,5,2,3,7.0
Albert Reed_S5,Albert Reed,5,3,1,0.0
Albert Reed_S5,Albert Reed,5,3,2,0.0
Albert Reed_S5,Albert Reed,5,3,3,0.0
Albert Reed_S5,Albert Reed,5,4,1,0.0
Albert Reed_S5,Albert Reed,5,4,2,0.0
Albert Reed_S5,Albert Reed,5,4,3,0.0
Albert Reed_S5,Albert Reed,5,5,1,0.0
Albert Reed_S5,Albert Reed,5,5,2,0.0
Albert Reed_S5,Albert Reed,5,5,3,0.0
Albert Reed_S5,Albert Reed,5,6,1,0.0
Albert Reed_S5,Albert Reed,5,6,2,0.0
Albert Reed_S5,Albert Reed,5,6,3,0.0
Albert Reed_S5,Albert Reed,5,7,1,0.0
Albert Reed_S5,Albert Reed,5,7,2,0.0
Albert Reed_S5,Albert Reed,5,7,3,0.0
Albert Reed_S5,Albert Reed,5,8,1,0.0
Albert Reed_S5,Albert Reed,5,8,2,0.0
Albert Reed_S5,Albert Reed,5,8,3,0.0
Albert Reed_S5,Albert Reed,5,9,1,0.0
Albert Reed_S5,Albert Reed,5,9,2,0.0
Albert Reed_S5,Albert Reed,5,9,3,0.0
Albert Reed_S5,Albert Reed,5,10,1,0.0
Albert Reed_S5,Albert Reed,5,10,2,0.0
Albert Reed_S5,Albert Reed,5,10,3,0.0
Helio Castroneves_S5,Helio Castroneves,5,1,1,8.0
Helio Castroneves_S5,Helio Castroneves,5,1,2,9.0
Helio Castroneves_S5,Helio Castroneves,5,1,3,8.0
Helio Castroneves_S5,Helio Castroneves,5,2,1,9.0
Helio Castroneves_S5,Helio Castroneves,5,2,2,9.0
Helio Castroneves_S5,Helio Castroneves,5,2,3,9.0
Helio Castroneves_S5,Helio Castroneves,5,3,1,8.0
Helio Castroneves_S5,Helio Castroneves,5,3,2,8.0
Helio Castroneves_S5,Helio Castroneves,5,3,3,8.0
Helio Castroneves_S5,Helio Castroneves,5,4,1,9.0
Helio Castroneves_S5,Helio Castroneves,5,4,2,9.0
Helio Castroneves_S5,Helio Castroneves,5,4,3,9.0
Helio Castroneves_S5,Helio Castroneves,5,5,1,8.0
Helio Castroneves_S5,Helio Castroneves,5,5,2,7.0
Helio Castroneves_S5,Helio Castroneves,5,5,3,8.0
Helio Castroneves_S5,Helio Castroneves,5,6,1,9.0
Helio Castroneves_S5,Helio Castroneves,5,6,2,10.0
Helio Castroneves_S5,Helio Castroneves,5,6,3,9.0
Helio Castroneves_S5,Helio Castroneves,5,7,1,9.0
Helio Castroneves_S5,Helio Castroneves,5,7,2,8.5
Helio Castroneves_S5,Helio Castroneves,5,7,3,8.5
Helio Castroneves_S5,Helio Castroneves,5,8,1,9.5
Helio Castroneves_S5,Helio Castroneves,5,8,2,9.5
Helio Castroneves_S5,Helio Castroneves,5,8,3,9.5
Helio Castroneves_S5,Helio Castroneves,5,9,1,10.0
Helio Castroneves_S5,Helio Castroneves,5,9,2,10.0
Helio Castroneves_S5,Helio Castroneves,5,9,3,10.0
Helio Castroneves_S5,Helio Castroneves,5,10,1,9.0
Helio Castroneves_S5,Helio Castroneves,5,10,2,9.3333
Helio Castroneves_S5,Helio Castroneves,5,10,3,9.6666
Mel B_S5,Mel B,5,1,1,8.0
Mel B_S5,Mel B,5,1,2,8.0
Mel B_S5,Mel B,5,1,3,8.0
Mel B_S5,Mel B,5,2,1,7.0
Mel B_S5,Mel B,5,2,2,8.0
Mel B_S5,Mel B,5,2,3,8.0
Mel B_S5,Mel B,5,3,1,9.0
Mel B_S5,Mel B,5,3,2,9.0
Mel B_S5,Mel B,5,3,3,9.0
Mel B_S5,Mel B,5,4,1,8.0
Mel B_S5,Mel B,5,4,2,9.0
Mel B_S5,Mel B,5,4,3,9.0
Mel B_S5,Mel B,5,5,1,10.0
Mel B_S5,Mel B,5,5,2,9.0
Mel B_S5,Mel B,5,5,3,10.0
Mel B_S5,Mel B,5,6,1,10.0
Mel B_S5,Mel B,5,6,2,10.0
Mel B_S5,Mel B,5,6,3,10.0
Mel B_S5,Mel B,5,7,1,9.0
Mel B_S5,Mel B,5,7,2,9.0
Mel B_S5,Mel B,5,7,3,9.0
Mel B_S5,Mel B,5,8,1,9.0
Mel B_S5,Mel B,5,8,2,9.5
Mel B_S5,Mel B,5,8,3,9.5
Mel B_S5,Mel B,5,9,1,10.0
Mel B_S5,Mel B,5,9,2,10.0
Mel B_S5,Mel B,5,9,3,10.0
Mel B_S5,Mel B,5,10,1,9.3333
Mel B_S5,Mel B,5,10,2,9.3333
Mel B_S5,Mel B,5,10,3,9.6666
Wayne Newton_S5,Wayne Newton,5,1,1,6.0
Wayne Newton_S5,Wayne Newton,5,1,2,7.0
Wayne Newton_S5,Wayne Newton,5,1,3,6.0
Wayne Newton_S5,Wayne Newton,5,2,1,5.0
Wayne Newton_S5,Wayne Newton,5,2,2,5.0
Wayne Newton_S5,Wayne Newton,5,2,3,5.0
Wayne Newton_S5,Wayne Newton,5,3,1,6.0
Wayne Newton_S5,Wayne Newton,5,3,2,6.0
Wayne Newton_S5,Wayne Newton,5,3,3,6.0
Wayne Newton_S5,Wayne Newton,5,4,1,0.0
Wayne Newton_S5,Wayne Newton,5,4,2,0.0
Wayne Newton_S5,Wayne Newton,5,4,3,0.0
Wayne Newton_S5,Wayne Newton,5,5,1,0.0
Wayne Newton_S5,Wayne Newton,5,5,2,0.0
Wayne Newton_S5,Wayne Newton,5,5,3,0.0
Wayne Newton_S5,Wayne Newton,5,6,1,0.0
Wayne Newton_S5,Wayne Newton,5,6,2,0.0
Wayne Newton_S5,Wayne Newton,5,6,3,0.0
Wayne Newton_S5,Wayne Newton,5,7,1,0.0
Wayne Newton_S5,Wayne Newton,5,7,2,0.0
Wayne Newton_S5,Wayne Newton,5,7,3,0.0
Wayne Newton_S5,Wayne Newton,5,8,1,0.0
Wayne Newton_S5,Wayne Newton,5,8,2,0.0
Wayne Newton_S5,Wayne Newton,5,8,3,0.0
Wayne Newton_S5,Wayne Newton,5,9,1,0.0
Wayne Newton_S5,Wayne Newton,5,9,2,0.0
Wayne Newton_S5,Wayne Newton,5,9,3,0.0
Wayne Newton_S5,Wayne Newton,5,10,1,0.0
Wayne Newton_S5,Wayne Newton,5,10,2,0.0
Wayne Newton_S5,Wayne Newton,5,10,3,0.0
Marie Osmond_S5,Marie Osmond,5,1,1,7.0
Marie Osmond_S5,Marie Osmond,5,1,2,7.0
Marie Osmond_S5,Marie Osmond,5,1,3,7.0
Marie Osmond_S5,Marie Osmond,5,2,1,8.0
Marie Osmond_S5,Marie Osmond,5,2,2,8.0
Marie Osmond_S5,Marie Osmond,5,2,3,8.0
Marie Osmond_S5,Marie Osmond,5,3,1,9.0
Marie Osmond_S5,Marie Osmond,5,3,2,8.0
Marie Osmond_S5,Marie Osmond,5,3,3,9.0
Marie Osmond_S5,Marie Osmond,5,4,1,9.0
Marie Osmond_S5,Marie Osmond,5,4,2,9.0
Marie Osmond_S5,Marie Osmond,5,4,3,8.0
Marie Osmond_S5,Marie Osmond,5,5,1,7.0
Marie Osmond_S5,Marie Osmond,5,5,2,7.0
Marie Osmond_S5,Marie Osmond,5,5,3,7.0
Marie Osmond_S5,Marie Osmond,5,6,1,8.0
Marie Osmond_S5,Marie Osmond,5,6,2,8.0
Marie Osmond_S5,Marie Osmond,5,6,3,7.0
Marie Osmond_S5,Marie Osmond,5,7,1,9.0
Marie Osmond_S5,Marie Osmond,5,7,2,8.5
Marie Osmond_S5,Marie Osmond,5,7,3,8.5
Marie Osmond_S5,Marie Osmond,5,8,1,8.0
Marie Osmond_S5,Marie Osmond,5,8,2,8.5
Marie Osmond_S5,Marie Osmond,5,8,3,8.0
Marie Osmond_S5,Marie Osmond,5,9,1,9.5
Marie Osmond_S5,Marie Osmond,5,9,2,9.5
Marie Osmond_S5,Marie Osmond,5,9,3,9.0
Marie Osmond_S5,Marie Osmond,5,10,1,8.0
Marie Osmond_S5,Marie Osmond,5,10,2,7.5
Marie Osmond_S5,Marie Osmond,5,10,3,7.5
Mark Cuban_S5,Mark Cuban,5,1,1,7.0
Mark Cuban_S5,Mark Cuban,5,1,2,7.0
Mark Cuban_S5,Mark Cuban,5,1,3,7.0
Mark Cuban_S5,Mark Cuban,5,2,1,6.0
Mark Cuban_S5,Mark Cuban,5,2,2,6.0
Mark Cuban_S5,Mark Cuban,5,2,3,6.0
Mark Cuban_S5,Mark Cuban,5,3,1,6.0
Mark Cuban_S5,Mark Cuban,5,3,2,7.0
Mark Cuban_S5,Mark Cuban,5,3,3,7.0
Mark Cuban_S5,Mark Cuban,5,4,1,7.0
Mark Cuban_S5,Mark Cuban,5,4,2,8.0
Mark Cuban_S5,Mark Cuban,5,4,3,7.0
Mark Cuban_S5,Mark Cuban,5,5,1,7.0
Mark Cuban_S5,Mark Cuban,5,5,2,7.0
Mark Cuban_S5,Mark Cuban,5,5,3,7.0
Mark Cuban_S5,Mark Cuban,5,6,1,0.0
Mark Cuban_S5,Mark Cuban,5,6,2,0.0
Mark Cuban_S5,Mark Cuban,5,6,3,0.0
Mark Cuban_S5,Mark Cuban,5,7,1,0.0
Mark Cuban_S5,Mark Cuban,5,7,2,0.0
Mark Cuban_S5,Mark Cuban,5,7,3,0.0
Mark Cuban_S5,Mark Cuban,5,8,1,0.0
Mark Cuban_S5,Mark Cuban,5,8,2,0.0
Mark Cuban_S5,Mark Cuban,5,8,3,0.0
Mark Cuban_S5,Mark Cuban,5,9,1,0.0
Mark Cuban_S5,Mark Cuban,5,9,2,0.0
Mark Cuban_S5,Mark Cuban,5,9,3,0.0
Mark Cuban_S5,Mark Cuban,5,10,1,0.0
Mark Cuban_S5,Mark Cuban,5,10,2,0.0
Mark Cuban_S5,Mark Cuban,5,10,3,0.0
Cristian de la Fuente_S6,Cristian de la Fuente,6,1,1,7.0
Cristian de la Fuente_S6,Cristian de la Fuente,6,1,2,7.0
Cristian de la Fuente_S6,Cristian de la Fuente,6,1,3,7.0
Cristian de la Fuente_S6,Cristian de la Fuente,6,2,1,7.0
Cristian de la Fuente_S6,Cristian de la Fuente,6,2,2,6.0
Cristian de la Fuente_S6,Cristian de la Fuente,6,2,3,7.0
Cristian de la Fuente_S6,Cristian de la Fuente,6,3,1,8.0
Cristian de la Fuente_S6,Cristian de la Fuente,6,3,2,8.0
Cristian de la Fuente_S6,Cristian de la Fuente,6,3,3,9.0
Cristian de la Fuente_S6,Cristian de la Fuente,6,4,1,9.0
Cristian de la Fuente_S6,Cristian de la Fuente,6,4,2,8.0
Cristian de la Fuente_S6,Cristian de la Fuente,6,4,3,9.0
Cristian de la Fuente_S6,Cristian de la Fuente,6,5,1,7.0
Cristian de la Fuente_S6,Cristian de la Fuente,6,5,2,8.0
Cristian de la Fuente_S6,Cristian de la Fuente,6,5,3,8.0
Cristian de la Fuente_S6,Cristian de la Fuente,6,6,1,9.0
Cristian de la Fuente_S6,Cristian de la Fuente,6,6,2,9.0
Cristian de la Fuente_S6,Cristian de la Fuente,6,6,3,9.0
Cristian de la Fuente_S6,Cristian de la Fuente,6,7,1,7.5
Cristian de la Fuente_S6,Cristian de la Fuente,6,7,2,7.5
Cristian de la Fuente_S6,Cristian de la Fuente,6,7,3,8.0
Cristian de la Fuente_S6,Cristian de la Fuente,6,8,1,10.0
Cristian de la Fuente_S6,Cristian de la Fuente,6,8,2,9.0
Cristian de la Fuente_S6,Cristian de la Fuente,6,8,3,9.5
Cristian de la Fuente_S6,Cristian de la Fuente,6,9,1,9.5
Cristian de la Fuente_S6,Cristian de la Fuente,6,9,2,9.0
Cristian de la Fuente_S6,Cristian de la Fuente,6,9,3,9.5
Cristian de la Fuente_S6,Cristian de la Fuente,6,10,1,9.0
Cristian de la Fuente_S6,Cristian de la Fuente,6,10,2,8.0
Cristian de la Fuente_S6,Cristian de la Fuente,6,10,3,9.0
Steve Guttenberg_S6,Steve Guttenberg,6,1,1,6.0
Steve Guttenberg_S6,Steve Guttenberg,6,1,2,6.0
Steve Guttenberg_S6,Steve Guttenberg,6,1,3,6.0
Steve Guttenberg_S6,Steve Guttenberg,6,2,1,6.0
Steve Guttenberg_S6,Steve Guttenberg,6,2,2,5.0
Steve Guttenberg_S6,Steve Guttenberg,6,2,3,5.0
Steve Guttenberg_S6,Steve Guttenberg,6,3,1,7.0
Steve Guttenberg_S6,Steve Guttenberg,6,3,2,7.0
Steve Guttenberg_S6,Steve Guttenberg,6,3,3,7.0
Steve Guttenberg_S6,Steve Guttenberg,6,4,1,0.0
Steve Guttenberg_S6,Steve Guttenberg,6,4,2,0.0
Steve Guttenberg_S6,Steve Guttenberg,6,4,3,0.0
Steve Guttenberg_S6,Steve Guttenberg,6,5,1,0.0
Steve Guttenberg_S6,Steve Guttenberg,6,5,2,0.0
Steve Guttenberg_S6,Steve Guttenberg,6,5,3,0.0
Steve Guttenberg_S6,Steve Guttenberg,6,6,1,0.0
Steve Guttenberg_S6,Steve Guttenberg,6,6,2,0.0
Steve Guttenberg_S6,Steve Guttenberg,6,6,3,0.0
Steve Guttenberg_S6,Steve Guttenberg,6,7,1,0.0
Steve Guttenberg_S6,Steve Guttenberg,6,7,2,0.0
Steve Guttenberg_S6,Steve Guttenberg,6,7,3,0.0
Steve Guttenberg_S6,Steve Guttenberg,6,8,1,0.0
Steve Guttenberg_S6,Steve Guttenberg,6,8,2,0.0
Steve Guttenberg_S6,Steve Guttenberg,6,8,3,0.0
Steve Guttenberg_S6,Steve Guttenberg,6,9,1,0.0
Steve Guttenberg_S6,Steve Guttenberg,6,9,2,0.0
Steve Guttenberg_S6,Steve Guttenberg,6,9,3,0.0
Steve Guttenberg_S6,Steve Guttenberg,6,10,1,0.0
Steve Guttenberg_S6,Steve Guttenberg,6,10,2,0.0
Steve Guttenberg_S6,Steve Guttenberg,6,10,3,0.0
Priscilla Presley_S6,Priscilla Presley,6,1,1,8.0
Priscilla Presley_S6,Priscilla Presley,6,1,2,8.0
Priscilla Presley_S6,Priscilla Presley,6,1,3,8.0
Priscilla Presley_S6,Priscilla Presley,6,2,1,7.0
Priscilla Presley_S6,Priscilla Presley,6,2,2,7.0
Priscilla Presley_S6,Priscilla Presley,6,2,3,7.0
Priscilla Presley_S6,Priscilla Presley,6,3,1,8.0
Priscilla Presley_S6,Priscilla Presley,6,3,2,9.0
Priscilla Presley_S6,Priscilla Presley,6,3,3,9.0
Priscilla Presley_S6,Priscilla Presley,6,4,1,7.0
Priscilla Presley_S6,Priscilla Presley,6,4,2,7.0
Priscilla Presley_S6,Priscilla Presley,6,4,3,8.0
Priscilla Presley_S6,Priscilla Presley,6,5,1,7.0
Priscilla Presley_S6,Priscilla Presley,6,5,2,7.0
Priscilla Presley_S6,Priscilla Presley,6,5,3,7.0
Priscilla Presley_S6,Priscilla Presley,6,6,1,0.0
Priscilla Presley_S6,Priscilla Presley,6,6,2,0.0
Priscilla Presley_S6,Priscilla Presley,6,6,3,0.0
Priscilla Presley_S6,Priscilla Presley,6,7,1,0.0
Priscilla Presley_S6,Priscilla Presley,6,7,2,0.0
Priscilla Presley_S6,Priscilla Presley,6,7,3,0.0
Priscilla Presley_S6,Priscilla Presley,6,8,1,0.0
Priscilla Presley_S6,Priscilla Presley,6,8,2,0.0
Priscilla Presley_S6,Priscilla Presley,6,8,3,0.0
Priscilla Presley_S6,Priscilla Presley,6,9,1,0.0
Priscilla Presley_S6,Priscilla Presley,6,9,2,0.0
Priscilla Presley_S6,Priscilla Presley,6,9,3,0.0
Priscilla Presley_S6,Priscilla Presley,6,10,1,0.0
Priscilla Presley_S6,Priscilla Presley,6,10,2,0.0
Priscilla Presley_S6,Priscilla Presley,6,10,3,0.0
Marlee Matlin_S6,Marlee Matlin,6,1,1,7.0
Marlee Matlin_S6,Marlee Matlin,6,1,2,7.0
Marlee Matlin_S6,Marlee Matlin,6,1,3,8.0
Marlee Matlin_S6,Marlee Matlin,6,2,1,8.0
Marlee Matlin_S6,Marlee Matlin,6,2,2,8.0
Marlee Matlin_S6,Marlee Matlin,6,2,3,8.0
Marlee Matlin_S6,Marlee Matlin,6,3,1,7.0
Marlee Matlin_S6,Marlee Matlin,6,3,2,7.0
Marlee Matlin_S6,Marlee Matlin,6,3,3,7.0
Marlee Matlin_S6,Marlee Matlin,6,4,1,8.0
Marlee Matlin_S6,Marlee Matlin,6,4,2,8.0
Marlee Matlin_S6,Marlee Matlin,6,4,3,8.0
Marlee Matlin_S6,Marlee Matlin,6,5,1,7.0
Marlee Matlin_S6,Marlee Matlin,6,5,2,7.0
Marlee Matlin_S6,Marlee Matlin,6,5,3,8.0
Marlee Matlin_S6,Marlee Matlin,6,6,1,7.0
Marlee Matlin_S6,Marlee Matlin,6,6,2,7.0
Marlee Matlin_S6,Marlee Matlin,6,6,3,7.0
Marlee Matlin_S6,Marlee Matlin,6,7,1,0.0
Marlee Matlin_S6,Marlee Matlin,6,7,2,0.0
Marlee Matlin_S6,Marlee Matlin,6,7,3,0.0
Marlee Matlin_S6,Marlee Matlin,6,8,1,0.0
Marlee Matlin_S6,Marlee Matlin,6,8,2,0.0
Marlee Matlin_S6,Marlee Matlin,6,8,3,0.0
Marlee Matlin_S6,Marlee Matlin,6,9,1,0.0
Marlee Matlin_S6,Marlee Matlin,6,9,2,0.0
Marlee Matlin_S6,Marlee Matlin,6,9,3,0.0
Marlee Matlin_S6,Marlee Matlin,6,10,1,0.0
Marlee Matlin_S6,Marlee Matlin,6,10,2,0.0
Marlee Matlin_S6,Marlee Matlin,6,10,3,0.0
Shannon Elizabeth_S6,Shannon Elizabeth,6,1,1,7.0
Shannon Elizabeth_S6,Shannon Elizabeth,6,1,2,7.0
Shannon Elizabeth_S6,Shannon Elizabeth,6,1,3,7.0
Shannon Elizabeth_S6,Shannon Elizabeth,6,2,1,8.0
Shannon Elizabeth_S6,Shannon Elizabeth,6,2,2,8.0
Shannon Elizabeth_S6,Shannon Elizabeth,6,2,3,8.0
Shannon Elizabeth_S6,Shannon Elizabeth,6,3,1,8.0
Shannon Elizabeth_S6,Shannon Elizabeth,6,3,2,8.0
Shannon Elizabeth_S6,Shannon Elizabeth,6,3,3,8.0
Shannon Elizabeth_S6,Shannon Elizabeth,6,4,1,9.0
Shannon Elizabeth_S6,Shannon Elizabeth,6,4,2,10.0
Shannon Elizabeth_S6,Shannon Elizabeth,6,4,3,9.0
Shannon Elizabeth_S6,Shannon Elizabeth,6,5,1,8.0
Shannon Elizabeth_S6,Shannon Elizabeth,6,5,2,8.0
Shannon Elizabeth_S6,Shannon Elizabeth,6,5,3,7.0
Shannon Elizabeth_S6,Shannon Elizabeth,6,6,1,8.0
Shannon Elizabeth_S6,Shannon Elizabeth,6,6,2,8.0
Shannon Elizabeth_S6,Shannon Elizabeth,6,6,3,8.0
Shannon Elizabeth_S6,Shannon Elizabeth,6,7,1,8.5
Shannon Elizabeth_S6,Shannon Elizabeth,6,7,2,8.5
Shannon Elizabeth_S6,Shannon Elizabeth,6,7,3,8.5
Shannon Elizabeth_S6,Shannon Elizabeth,6,8,1,0.0
Shannon Elizabeth_S6,Shannon Elizabeth,6,8,2,0.0
Shannon Elizabeth_S6,Shannon Elizabeth,6,8,3,0.0
Shannon Elizabeth_S6,Shannon Elizabeth,6,9,1,0.0
Shannon Elizabeth_S6,Shannon Elizabeth,6,9,2,0.0
Shannon Elizabeth_S6,Shannon Elizabeth,6,9,3,0.0
Shannon Elizabeth_S6,Shannon Elizabeth,6,10,1,0.0
Shannon Elizabeth_S6,Shannon Elizabeth,6,10,2,0.0
Shannon Elizabeth_S6,Shannon Elizabeth,6,10,3,0.0
Marissa Jaret Winokur_S6,Marissa Jaret Winokur,6,1,1,6.0
Marissa Jaret Winokur_S6,Marissa Jaret Winokur,6,1,2,6.0
Marissa Jaret Winokur_S6,Marissa Jaret Winokur,6,1,3,6.0
Marissa Jaret Winokur_S6,Marissa Jaret Winokur,6,2,1,7.0
Marissa Jaret Winokur_S6,Marissa Jaret Winokur,6,2,2,7.0
Marissa Jaret Winokur_S6,Marissa Jaret Winokur,6,2,3,7.0
Marissa Jaret Winokur_S6,Marissa Jaret Winokur,6,3,1,6.0
Marissa Jaret Winokur_S6,Marissa Jaret Winokur,6,3,2,7.0
Marissa Jaret Winokur_S6,Marissa Jaret Winokur,6,3,3,6.0
Marissa Jaret Winokur_S6,Marissa Jaret Winokur,6,4,1,8.0
Marissa Jaret Winokur_S6,Marissa Jaret Winokur,6,4,2,8.0
Marissa Jaret Winokur_S6,Marissa Jaret Winokur,6,4,3,8.0
Marissa Jaret Winokur_S6,Marissa Jaret Winokur,6,5,1,8.0
Marissa Jaret Winokur_S6,Marissa Jaret Winokur,6,5,2,8.0
Marissa Jaret Winokur_S6,Marissa Jaret Winokur,6,5,3,8.0
Marissa Jaret Winokur_S6,Marissa Jaret Winokur,6,6,1,9.0
Marissa Jaret Winokur_S6,Marissa Jaret Winokur,6,6,2,8.0
Marissa Jaret Winokur_S6,Marissa Jaret Winokur,6,6,3,9.0
Marissa Jaret Winokur_S6,Marissa Jaret Winokur,6,7,1,9.0
Marissa Jaret Winokur_S6,Marissa Jaret Winokur,6,7,2,8.5
Marissa Jaret Winokur_S6,Marissa Jaret Winokur,6,7,3,8.5
Marissa Jaret Winokur_S6,Marissa Jaret Winokur,6,8,1,8.5
Marissa Jaret Winokur_S6,Marissa Jaret Winokur,6,8,2,8.0
Marissa Jaret Winokur_S6,Marissa Jaret Winokur,6,8,3,8.5
Marissa Jaret Winokur_S6,Marissa Jaret Winokur,6,9,1,8.5
Marissa Jaret Winokur_S6,Marissa Jaret Winokur,6,9,2,9.0
Marissa Jaret Winokur_S6,Marissa Jaret Winokur,6,9,3,8.5
Marissa Jaret Winokur_S6,Marissa Jaret Winokur,6,10,1,0.0
Marissa Jaret Winokur_S6,Marissa Jaret Winokur,6,10,2,0.0
Marissa Jaret Winokur_S6,Marissa Jaret Winokur,6,10,3,0.0
Jason Taylor_S6,Jason Taylor,6,1,1,7.0
Jason Taylor_S6,Jason Taylor,6,1,2,8.0
Jason Taylor_S6,Jason Taylor,6,1,3,7.0
Jason Taylor_S6,Jason Taylor,6,2,1,9.0
Jason Taylor_S6,Jason Taylor,6,2,2,9.0
Jason Taylor_S6,Jason Taylor,6,2,3,9.0
Jason Taylor_S6,Jason Taylor,6,3,1,8.0
Jason Taylor_S6,Jason Taylor,6,3,2,7.0
Jason Taylor_S6,Jason Taylor,6,3,3,8.0
Jason Taylor_S6,Jason Taylor,6,4,1,10.0
Jason Taylor_S6,Jason Taylor,6,4,2,9.0
Jason Taylor_S6,Jason Taylor,6,4,3,10.0
Jason Taylor_S6,Jason Taylor,6,5,1,9.0
Jason Taylor_S6,Jason Taylor,6,5,2,9.0
Jason Taylor_S6,Jason Taylor,6,5,3,9.0
Jason Taylor_S6,Jason Taylor,6,6,1,8.0
Jason Taylor_S6,Jason Taylor,6,6,2,8.0
Jason Taylor_S6,Jason Taylor,6,6,3,8.0
Jason Taylor_S6,Jason Taylor,6,7,1,9.5
Jason Taylor_S6,Jason Taylor,6,7,2,8.5
Jason Taylor_S6,Jason Taylor,6,7,3,9.5
Jason Taylor_S6,Jason Taylor,6,8,1,9.0
Jason Taylor_S6,Jason Taylor,6,8,2,8.0
Jason Taylor_S6,Jason Taylor,6,8,3,9.0
Jason Taylor_S6,Jason Taylor,6,9,1,9.0
Jason Taylor_S6,Jason Taylor,6,9,2,9.5
Jason Taylor_S6,Jason Taylor,6,9,3,9.0
Jason Taylor_S6,Jason Taylor,6,10,1,9.5
Jason Taylor_S6,Jason Taylor,6,10,2,9.5
Jason Taylor_S6,Jason Taylor,6,10,3,9.5
Kristi Yamaguchi_S6,Kristi Yamaguchi,6,1,1,9.0
Kristi Yamaguchi_S6,Kristi Yamaguchi,6,1,2,9.0
Kristi Yamaguchi_S6,Kristi Yamaguchi,6,1,3,9.0
Kristi Yamaguchi_S6,Kristi Yamaguchi,6,2,1,9.0
Kristi Yamaguchi_S6,Kristi Yamaguchi,6,2,2,9.0
Kristi Yamaguchi_S6,Kristi Yamaguchi,6,2,3,9.0
Kristi Yamaguchi_S6,Kristi Yamaguchi,6,3,1,9.0
Kristi Yamaguchi_S6,Kristi Yamaguchi,6,3,2,9.0
Kristi Yamaguchi_S6,Kristi Yamaguchi,6,3,3,9.0
Kristi Yamaguchi_S6,Kristi Yamaguchi,6,4,1,10.0
Kristi Yamaguchi_S6,Kristi Yamaguchi,6,4,2,9.0
Kristi Yamaguchi_S6,Kristi Yamaguchi,6,4,3,10.0
Kristi Yamaguchi_S6,Kristi Yamaguchi,6,5,1,9.0
Kristi Yamaguchi_S6,Kristi Yamaguchi,6,5,2,10.0
Kristi Yamaguchi_S6,Kristi Yamaguchi,6,5,3,10.0
Kristi Yamaguchi_S6,Kristi Yamaguchi,6,6,1,10.0
Kristi Yamaguchi_S6,Kristi Yamaguchi,6,6,2,10.0
Kristi Yamaguchi_S6,Kristi Yamaguchi,6,6,3,10.0
Kristi Yamaguchi_S6,Kristi Yamaguchi,6,7,1,9.5
Kristi Yamaguchi_S6,Kristi Yamaguchi,6,7,2,8.0
Kristi Yamaguchi_S6,Kristi Yamaguchi,6,7,3,9.5
Kristi Yamaguchi_S6,Kristi Yamaguchi,6,8,1,8.5
Kristi Yamaguchi_S6,Kristi Yamaguchi,6,8,2,9.5
Kristi Yamaguchi_S6,Kristi Yamaguchi,6,8,3,9.5
Kristi Yamaguchi_S6,Kristi Yamaguchi,6,9,1,9.5
Kristi Yamaguchi_S6,Kristi Yamaguchi,6,9,2,9.0
Kristi Yamaguchi_S6,Kristi Yamaguchi,6,9,3,10.0
Kristi Yamaguchi_S6,Kristi Yamaguchi,6,10,1,10.0
Kristi Yamaguchi_S6,Kristi Yamaguchi,6,10,2,10.0
Kristi Yamaguchi_S6,Kristi Yamaguchi,6,10,3,10.0
Monica Seles_S6,Monica Seles,6,1,1,5.0
Monica Seles_S6,Monica Seles,6,1,2,5.0
Monica Seles_S6,Monica Seles,6,1,3,5.0
Monica Seles_S6,Monica Seles,6,2,1,5.0
Monica Seles_S6,Monica Seles,6,2,2,5.0
Monica Seles_S6,Monica Seles,6,2,3,5.0
Monica Seles_S6,Monica Seles,6,3,1,0.0
Monica Seles_S6,Monica Seles,6,3,2,0.0
Monica Seles_S6,Monica Seles,6,3,3,0.0
Monica Seles_S6,Monica Seles,6,4,1,0.0
Monica Seles_S6,Monica Seles,6,4,2,0.0
Monica Seles_S6,Monica Seles,6,4,3,0.0
Monica Seles_S6,Monica Seles,6,5,1,0.0
Monica Seles_S6,Monica Seles,6,5,2,0.0
Monica Seles_S6,Monica Seles,6,5,3,0.0
Monica Seles_S6,Monica Seles,6,6,1,0.0
Monica Seles_S6,Monica Seles,6,6,2,0.0
Monica Seles_S6,Monica Seles,6,6,3,0.0
Monica Seles_S6,Monica Seles,6,7,1,0.0
Monica Seles_S6,Monica Seles,6,7,2,0.0
Monica Seles_S6,Monica Seles,6,7,3,0.0
Monica Seles_S6,Monica Seles,6,8,1,0.0
Monica Seles_S6,Monica Seles,6,8,2,0.0
Monica Seles_S6,Monica Seles,6,8,3,0.0
Monica Seles_S6,Monica Seles,6,9,1,0.0
Monica Seles_S6,Monica Seles,6,9,2,0.0
Monica Seles_S6,Monica Seles,6,9,3,0.0
Monica Seles_S6,Monica Seles,6,10,1,0.0
Monica Seles_S6,Monica Seles,6,10,2,0.0
Monica Seles_S6,Monica Seles,6,10,3,0.0
Penn Jillette_S6,Penn Jillette,6,1,1,5.0
Penn Jillette_S6,Penn Jillette,6,1,2,6.0
Penn Jillette_S6,Penn Jillette,6,1,3,5.0
Penn Jillette_S6,Penn Jillette,6,2,1,6.0
Penn Jillette_S6,Penn Jillette,6,2,2,6.0
Penn Jillette_S6,Penn Jillette,6,2,3,5.0
Penn Jillette_S6,Penn Jillette,6,3,1,0.0
Penn Jillette_S6,Penn Jillette,6,3,2,0.0
Penn Jillette_S6,Penn Jillette,6,3,3,0.0
Penn Jillette_S6,Penn Jillette,6,4,1,0.0
Penn Jillette_S6,Penn Jillette,6,4,2,0.0
Penn Jillette_S6,Penn Jillette,6,4,3,0.0
Penn Jillette_S6,Penn Jillette,6,5,1,0.0
Penn Jillette_S6,Penn Jillette,6,5,2,0.0
Penn Jillette_S6,Penn Jillette,6,5,3,0.0
Penn Jillette_S6,Penn Jillette,6,6,1,0.0
Penn Jillette_S6,Penn Jillette,6,6,2,0.0
Penn Jillette_S6,Penn Jillette,6,6,3,0.0
Penn Jillette_S6,Penn Jillette,6,7,1,0.0
Penn Jillette_S6,Penn Jillette,6,7,2,0.0
Penn Jillette_S6,Penn Jillette,6,7,3,0.0
Penn Jillette_S6,Penn Jillette,6,8,1,0.0
Penn Jillette_S6,Penn Jillette,6,8,2,0.0
Penn Jillette_S6,Penn Jillette,6,8,3,0.0
Penn Jillette_S6,Penn Jillette,6,9,1,0.0
Penn Jillette_S6,Penn Jillette,6,9,2,0.0
Penn Jillette_S6,Penn Jillette,6,9,3,0.0
Penn Jillette_S6,Penn Jillette,6,10,1,0.0
Penn Jillette_S6,Penn Jillette,6,10,2,0.0
Penn Jillette_S6,Penn Jillette,6,10,3,0.0
Adam Carolla_S6,Adam Carolla,6,1,1,5.0
Adam Carolla_S6,Adam Carolla,6,1,2,5.0
Adam Carolla_S6,Adam Carolla,6,1,3,5.0
Adam Carolla_S6,Adam Carolla,6,2,1,6.0
Adam Carolla_S6,Adam Carolla,6,2,2,7.0
Adam Carolla_S6,Adam Carolla,6,2,3,6.0
Adam Carolla_S6,Adam Carolla,6,3,1,7.0
Adam Carolla_S6,Adam Carolla,6,3,2,7.0
Adam Carolla_S6,Adam Carolla,6,3,3,7.0
Adam Carolla_S6,Adam Carolla,6,4,1,6.0
Adam Carolla_S6,Adam Carolla,6,4,2,7.0
Adam Carolla_S6,Adam Carolla,6,4,3,6.0
Adam Carolla_S6,Adam Carolla,6,5,1,0.0
Adam Carolla_S6,Adam Carolla,6,5,2,0.0
Adam Carolla_S6,Adam Carolla,6,5,3,0.0
Adam Carolla_S6,Adam Carolla,6,6,1,0.0
Adam Carolla_S6,Adam Carolla,6,6,2,0.0
Adam Carolla_S6,Adam Carolla,6,6,3,0.0
Adam Carolla_S6,Adam Carolla,6,7,1,0.0
Adam Carolla_S6,Adam Carolla,6,7,2,0.0
Adam Carolla_S6,Adam Carolla,6,7,3,0.0
Adam Carolla_S6,Adam Carolla,6,8,1,0.0
Adam Carolla_S6,Adam Carolla,6,8,2,0.0
Adam Carolla_S6,Adam Carolla,6,8,3,0.0
Adam Carolla_S6,Adam Carolla,6,9,1,0.0
Adam Carolla_S6,Adam Carolla,6,9,2,0.0
Adam Carolla_S6,Adam Carolla,6,9,3,0.0
Adam Carolla_S6,Adam Carolla,6,10,1,0.0
Adam Carolla_S6,Adam Carolla,6,10,2,0.0
Adam Carolla_S6,Adam Carolla,6,10,3,0.0
Mario_S6,Mario,6,1,1,8.0
Mario_S6,Mario,6,1,2,8.0
Mario_S6,Mario,6,1,3,8.0
Mario_S6,Mario,6,2,1,9.0
Mario_S6,Mario,6,2,2,8.0
Mario_S6,Mario,6,2,3,9.0
Mario_S6,Mario,6,3,1,7.0
Mario_S6,Mario,6,3,2,6.0
Mario_S6,Mario,6,3,3,8.0
Mario_S6,Mario,6,4,1,8.0
Mario_S6,Mario,6,4,2,7.0
Mario_S6,Mario,6,4,3,9.0
Mario_S6,Mario,6,5,1,9.0
Mario_S6,Mario,6,5,2,9.0
Mario_S6,Mario,6,5,3,9.0
Mario_S6,Mario,6,6,1,9.0
Mario_S6,Mario,6,6,2,9.0
Mario_S6,Mario,6,6,3,10.0
Mario_S6,Mario,6,7,1,8.5
Mario_S6,Mario,6,7,2,8.5
Mario_S6,Mario,6,7,3,8.5
Mario_S6,Mario,6,8,1,9.0
Mario_S6,Mario,6,8,2,8.5
Mario_S6,Mario,6,8,3,9.0
Mario_S6,Mario,6,9,1,0.0
Mario_S6,Mario,6,9,2,0.0
Mario_S6,Mario,6,9,3,0.0
Mario_S6,Mario,6,10,1,0.0
Mario_S6,Mario,6,10,2,0.0
Mario_S6,Mario,6,10,3,0.0
Ted McGinley_S7,Ted McGinley,7,1,1,6.0
Ted McGinley_S7,Ted McGinley,7,1,2,6.0
Ted McGinley_S7,Ted McGinley,7,1,3,6.5
Ted McGinley_S7,Ted McGinley,7,2,1,0.0
Ted McGinley_S7,Ted McGinley,7,2,2,0.0
Ted McGinley_S7,Ted McGinley,7,2,3,0.0
Ted McGinley_S7,Ted McGinley,7,3,1,0.0
Ted McGinley_S7,Ted McGinley,7,3,2,0.0
Ted McGinley_S7,Ted McGinley,7,3,3,0.0
Ted McGinley_S7,Ted McGinley,7,4,1,0.0
Ted McGinley_S7,Ted McGinley,7,4,2,0.0
Ted McGinley_S7,Ted McGinley,7,4,3,0.0
Ted McGinley_S7,Ted McGinley,7,5,1,0.0
Ted McGinley_S7,Ted McGinley,7,5,2,0.0
Ted McGinley_S7,Ted McGinley,7,5,3,0.0
Ted McGinley_S7,Ted McGinley,7,6,1,0.0
Ted McGinley_S7,Ted McGinley,7,6,2,0.0
Ted McGinley_S7,Ted McGinley,7,6,3,0.0
Ted McGinley_S7,Ted McGinley,7,7,1,0.0
Ted McGinley_S7,Ted McGinley,7,7,2,0.0
Ted McGinley_S7,Ted McGinley,7,7,3,0.0
Ted McGinley_S7,Ted McGinley,7,8,1,0.0
Ted McGinley_S7,Ted McGinley,7,8,2,0.0
Ted McGinley_S7,Ted McGinley,7,8,3,0.0
Ted McGinley_S7,Ted McGinley,7,9,1,0.0
Ted McGinley_S7,Ted McGinley,7,9,2,0.0
Ted McGinley_S7,Ted McGinley,7,9,3,0.0
Ted McGinley_S7,Ted McGinley,7,10,1,0.0
Ted McGinley_S7,Ted McGinley,7,10,2,0.0
Ted McGinley_S7,Ted McGinley,7,10,3,0.0
Cloris Leachman_S7,Cloris Leachman,7,1,1,6.0
Cloris Leachman_S7,Cloris Leachman,7,1,2,5.0
Cloris Leachman_S7,Cloris Leachman,7,1,3,5.0
Cloris Leachman_S7,Cloris Leachman,7,2,1,5.0
Cloris Leachman_S7,Cloris Leachman,7,2,2,5.0
Cloris Leachman_S7,Cloris Leachman,7,2,3,5.0
Cloris Leachman_S7,Cloris Leachman,7,3,1,6.0
Cloris Leachman_S7,Cloris Leachman,7,3,2,5.0
Cloris Leachman_S7,Cloris Leachman,7,3,3,5.0
Cloris Leachman_S7,Cloris Leachman,7,4,1,8.0
Cloris Leachman_S7,Cloris Leachman,7,4,2,7.0
Cloris Leachman_S7,Cloris Leachman,7,4,3,7.0
Cloris Leachman_S7,Cloris Leachman,7,5,1,7.0
Cloris Leachman_S7,Cloris Leachman,7,5,2,7.0
Cloris Leachman_S7,Cloris Leachman,7,5,3,7.0
Cloris Leachman_S7,Cloris Leachman,7,6,1,5.0
Cloris Leachman_S7,Cloris Leachman,7,6,2,5.0
Cloris Leachman_S7,Cloris Leachman,7,6,3,5.0
Cloris Leachman_S7,Cloris Leachman,7,7,1,0.0
Cloris Leachman_S7,Cloris Leachman,7,7,2,0.0
Cloris Leachman_S7,Cloris Leachman,7,7,3,0.0
Cloris Leachman_S7,Cloris Leachman,7,8,1,0.0
Cloris Leachman_S7,Cloris Leachman,7,8,2,0.0
Cloris Leachman_S7,Cloris Leachman,7,8,3,0.0
Cloris Leachman_S7,Cloris Leachman,7,9,1,0.0
Cloris Leachman_S7,Cloris Leachman,7,9,2,0.0
Cloris Leachman_S7,Cloris Leachman,7,9,3,0.0
Cloris Leachman_S7,Cloris Leachman,7,10,1,0.0
Cloris Leachman_S7,Cloris Leachman,7,10,2,0.0
Cloris Leachman_S7,Cloris Leachman,7,10,3,0.0
Susan Lucci_S7,Susan Lucci,7,1,1,6.0
Susan Lucci_S7,Susan Lucci,7,1,2,6.0
Susan Lucci_S7,Susan Lucci,7,1,3,6.5
Susan Lucci_S7,Susan Lucci,7,2,1,7.0
Susan Lucci_S7,Susan Lucci,7,2,2,7.0
Susan Lucci_S7,Susan Lucci,7,2,3,7.0
Susan Lucci_S7,Susan Lucci,7,3,1,7.0
Susan Lucci_S7,Susan Lucci,7,3,2,7.0
Susan Lucci_S7,Susan Lucci,7,3,3,7.0
Susan Lucci_S7,Susan Lucci,7,4,1,8.0
Susan Lucci_S7,Susan Lucci,7,4,2,8.0
Susan Lucci_S7,Susan Lucci,7,4,3,8.0
Susan Lucci_S7,Susan Lucci,7,5,1,7.0
Susan Lucci_S7,Susan Lucci,7,5,2,7.0
Susan Lucci_S7,Susan Lucci,7,5,3,8.0
Susan Lucci_S7,Susan Lucci,7,6,1,8.0
Susan Lucci_S7,Susan Lucci,7,6,2,8.0
Susan Lucci_S7,Susan Lucci,7,6,3,7.0
Susan Lucci_S7,Susan Lucci,7,7,1,8.0
Susan Lucci_S7,Susan Lucci,7,7,2,8.0
Susan Lucci_S7,Susan Lucci,7,7,3,8.0
Susan Lucci_S7,Susan Lucci,7,8,1,0.0
Susan Lucci_S7,Susan Lucci,7,8,2,0.0
Susan Lucci_S7,Susan Lucci,7,8,3,0.0
Susan Lucci_S7,Susan Lucci,7,9,1,0.0
Susan Lucci_S7,Susan Lucci,7,9,2,0.0
Susan Lucci_S7,Susan Lucci,7,9,3,0.0
Susan Lucci_S7,Susan Lucci,7,10,1,0.0
Susan Lucci_S7,Susan Lucci,7,10,2,0.0
Susan Lucci_S7,Susan Lucci,7,10,3,0.0
Cody Linley_S7,Cody Linley,7,1,1,7.0
Cody Linley_S7,Cody Linley,7,1,2,6.5
Cody Linley_S7,Cody Linley,7,1,3,7.0
Cody Linley_S7,Cody Linley,7,2,1,7.0
Cody Linley_S7,Cody Linley,7,2,2,7.0
Cody Linley_S7,Cody Linley,7,2,3,7.0
Cody Linley_S7,Cody Linley,7,3,1,7.0
Cody Linley_S7,Cody Linley,7,3,2,7.0
Cody Linley_S7,Cody Linley,7,3,3,7.0
Cody Linley_S7,Cody Linley,7,4,1,7.0
Cody Linley_S7,Cody Linley,7,4,2,8.0
Cody Linley_S7,Cody Linley,7,4,3,8.0
Cody Linley_S7,Cody Linley,7,5,1,10.0
Cody Linley_S7,Cody Linley,7,5,2,9.0
Cody Linley_S7,Cody Linley,7,5,3,9.0
Cody Linley_S7,Cody Linley,7,6,1,8.0
Cody Linley_S7,Cody Linley,7,6,2,8.0
Cody Linley_S7,Cody Linley,7,6,3,7.0
Cody Linley_S7,Cody Linley,7,7,1,8.0
Cody Linley_S7,Cody Linley,7,7,2,7.0
Cody Linley_S7,Cody Linley,7,7,3,7.0
Cody Linley_S7,Cody Linley,7,8,1,8.0
Cody Linley_S7,Cody Linley,7,8,2,8.0
Cody Linley_S7,Cody Linley,7,8,3,8.0
Cody Linley_S7,Cody Linley,7,9,1,8.0
Cody Linley_S7,Cody Linley,7,9,2,7.5
Cody Linley_S7,Cody Linley,7,9,3,7.5
Cody Linley_S7,Cody Linley,7,10,1,0.0
Cody Linley_S7,Cody Linley,7,10,2,0.0
Cody Linley_S7,Cody Linley,7,10,3,0.0
Misty May-Treanor_S7,Misty May-Treanor,7,1,1,6.5
Misty May-Treanor_S7,Misty May-Treanor,7,1,2,7.5
Misty May-Treanor_S7,Misty May-Treanor,7,1,3,7.0
Misty May-Treanor_S7,Misty May-Treanor,7,2,1,7.0
Misty May-Treanor_S7,Misty May-Treanor,7,2,2,7.0
Misty May-Treanor_S7,Misty May-Treanor,7,2,3,7.0
Misty May-Treanor_S7,Misty May-Treanor,7,3,1,0.0
Misty May-Treanor_S7,Misty May-Treanor,7,3,2,0.0
Misty May-Treanor_S7,Misty May-Treanor,7,3,3,0.0
Misty May-Treanor_S7,Misty May-Treanor,7,4,1,0.0
Misty May-Treanor_S7,Misty May-Treanor,7,4,2,0.0
Misty May-Treanor_S7,Misty May-Treanor,7,4,3,0.0
Misty May-Treanor_S7,Misty May-Treanor,7,5,1,0.0
Misty May-Treanor_S7,Misty May-Treanor,7,5,2,0.0
Misty May-Treanor_S7,Misty May-Treanor,7,5,3,0.0
Misty May-Treanor_S7,Misty May-Treanor,7,6,1,0.0
Misty May-Treanor_S7,Misty May-Treanor,7,6,2,0.0
Misty May-Treanor_S7,Misty May-Treanor,7,6,3,0.0
Misty May-Treanor_S7,Misty May-Treanor,7,7,1,0.0
Misty May-Treanor_S7,Misty May-Treanor,7,7,2,0.0
Misty May-Treanor_S7,Misty May-Treanor,7,7,3,0.0
Misty May-Treanor_S7,Misty May-Treanor,7,8,1,0.0
Misty May-Treanor_S7,Misty May-Treanor,7,8,2,0.0
Misty May-Treanor_S7,Misty May-Treanor,7,8,3,0.0
Misty May-Treanor_S7,Misty May-Treanor,7,9,1,0.0
Misty May-Treanor_S7,Misty May-Treanor,7,9,2,0.0
Misty May-Treanor_S7,Misty May-Treanor,7,9,3,0.0
Misty May-Treanor_S7,Misty May-Treanor,7,10,1,0.0
Misty May-Treanor_S7,Misty May-Treanor,7,10,2,0.0
Misty May-Treanor_S7,Misty May-Treanor,7,10,3,0.0
Maurice Greene_S7,Maurice Greene,7,1,1,6.5
Maurice Greene_S7,Maurice Greene,7,1,2,6.5
Maurice Greene_S7,Maurice Greene,7,1,3,6.5
Maurice Greene_S7,Maurice Greene,7,2,1,7.0
Maurice Greene_S7,Maurice Greene,7,2,2,6.0
Maurice Greene_S7,Maurice Greene,7,2,3,6.0
Maurice Greene_S7,Maurice Greene,7,3,1,8.0
Maurice Greene_S7,Maurice Greene,7,3,2,8.0
Maurice Greene_S7,Maurice Greene,7,3,3,8.0
Maurice Greene_S7,Maurice Greene,7,4,1,6.0
Maurice Greene_S7,Maurice Greene,7,4,2,7.0
Maurice Greene_S7,Maurice Greene,7,4,3,7.0
Maurice Greene_S7,Maurice Greene,7,5,1,9.0
Maurice Greene_S7,Maurice Greene,7,5,2,9.0
Maurice Greene_S7,Maurice Greene,7,5,3,9.0
Maurice Greene_S7,Maurice Greene,7,6,1,7.0
Maurice Greene_S7,Maurice Greene,7,6,2,7.0
Maurice Greene_S7,Maurice Greene,7,6,3,7.0
Maurice Greene_S7,Maurice Greene,7,7,1,8.0
Maurice Greene_S7,Maurice Greene,7,7,2,9.0
Maurice Greene_S7,Maurice Greene,7,7,3,8.0
Maurice Greene_S7,Maurice Greene,7,8,1,8.0
Maurice Greene_S7,Maurice Greene,7,8,2,8.0
Maurice Greene_S7,Maurice Greene,7,8,3,8.0
Maurice Greene_S7,Maurice Greene,7,9,1,0.0
Maurice Greene_S7,Maurice Greene,7,9,2,0.0
Maurice Greene_S7,Maurice Greene,7,9,3,0.0
Maurice Greene_S7,Maurice Greene,7,10,1,0.0
Maurice Greene_S7,Maurice Greene,7,10,2,0.0
Maurice Greene_S7,Maurice Greene,7,10,3,0.0
Warren Sapp_S7,Warren Sapp,7,1,1,7.0
Warren Sapp_S7,Warren Sapp,7,1,2,7.0
Warren Sapp_S7,Warren Sapp,7,1,3,7.5
Warren Sapp_S7,Warren Sapp,7,2,1,8.0
Warren Sapp_S7,Warren Sapp,7,2,2,8.0
Warren Sapp_S7,Warren Sapp,7,2,3,8.0
Warren Sapp_S7,Warren Sapp,7,3,1,9.0
Warren Sapp_S7,Warren Sapp,7,3,2,8.0
Warren Sapp_S7,Warren Sapp,7,3,3,8.0
Warren Sapp_S7,Warren Sapp,7,4,1,8.0
Warren Sapp_S7,Warren Sapp,7,4,2,7.0
Warren Sapp_S7,Warren Sapp,7,4,3,7.0
Warren Sapp_S7,Warren Sapp,7,5,1,8.0
Warren Sapp_S7,Warren Sapp,7,5,2,8.0
Warren Sapp_S7,Warren Sapp,7,5,3,9.0
Warren Sapp_S7,Warren Sapp,7,6,1,8.0
Warren Sapp_S7,Warren Sapp,7,6,2,9.0
Warren Sapp_S7,Warren Sapp,7,6,3,8.0
Warren Sapp_S7,Warren Sapp,7,7,1,7.0
Warren Sapp_S7,Warren Sapp,7,7,2,7.0
Warren Sapp_S7,Warren Sapp,7,7,3,7.0
Warren Sapp_S7,Warren Sapp,7,8,1,9.5
Warren Sapp_S7,Warren Sapp,7,8,2,8.5
Warren Sapp_S7,Warren Sapp,7,8,3,9.0
Warren Sapp_S7,Warren Sapp,7,9,1,8.5
Warren Sapp_S7,Warren Sapp,7,9,2,8.0
Warren Sapp_S7,Warren Sapp,7,9,3,8.0
Warren Sapp_S7,Warren Sapp,7,10,1,9.0
Warren Sapp_S7,Warren Sapp,7,10,2,9.5
Warren Sapp_S7,Warren Sapp,7,10,3,9.0
Jeffrey Ross_S7,Jeffrey Ross,7,1,1,4.0
Jeffrey Ross_S7,Jeffrey Ross,7,1,2,4.0
Jeffrey Ross_S7,Jeffrey Ross,7,1,3,4.0
Jeffrey Ross_S7,Jeffrey Ross,7,2,1,0.0
Jeffrey Ross_S7,Jeffrey Ross,7,2,2,0.0
Jeffrey Ross_S7,Jeffrey Ross,7,2,3,0.0
Jeffrey Ross_S7,Jeffrey Ross,7,3,1,0.0
Jeffrey Ross_S7,Jeffrey Ross,7,3,2,0.0
Jeffrey Ross_S7,Jeffrey Ross,7,3,3,0.0
Jeffrey Ross_S7,Jeffrey Ross,7,4,1,0.0
Jeffrey Ross_S7,Jeffrey Ross,7,4,2,0.0
Jeffrey Ross_S7,Jeffrey Ross,7,4,3,0.0
Jeffrey Ross_S7,Jeffrey Ross,7,5,1,0.0
Jeffrey Ross_S7,Jeffrey Ross,7,5,2,0.0
Jeffrey Ross_S7,Jeffrey Ross,7,5,3,0.0
Jeffrey Ross_S7,Jeffrey Ross,7,6,1,0.0
Jeffrey Ross_S7,Jeffrey Ross,7,6,2,0.0
Jeffrey Ross_S7,Jeffrey Ross,7,6,3,0.0
Jeffrey Ross_S7,Jeffrey Ross,7,7,1,0.0
Jeffrey Ross_S7,Jeffrey Ross,7,7,2,0.0
Jeffrey Ross_S7,Jeffrey Ross,7,7,3,0.0
Jeffrey Ross_S7,Jeffrey Ross,7,8,1,0.0
Jeffrey Ross_S7,Jeffrey Ross,7,8,2,0.0
Jeffrey Ross_S7,Jeffrey Ross,7,8,3,0.0
Jeffrey Ross_S7,Jeffrey Ross,7,9,1,0.0
Jeffrey Ross_S7,Jeffrey Ross,7,9,2,0.0
Jeffrey Ross_S7,Jeffrey Ross,7,9,3,0.0
Jeffrey Ross_S7,Jeffrey Ross,7,10,1,0.0
Jeffrey Ross_S7,Jeffrey Ross,7,10,2,0.0
Jeffrey Ross_S7,Jeffrey Ross,7,10,3,0.0
Toni Braxton_S7,Toni Braxton,7,1,1,7.5
Toni Braxton_S7,Toni Braxton,7,1,2,7.0
Toni Braxton_S7,Toni Braxton,7,1,3,8.0
Toni Braxton_S7,Toni Braxton,7,2,1,7.0
Toni Braxton_S7,Toni Braxton,7,2,2,8.0
Toni Braxton_S7,Toni Braxton,7,2,3,8.0
Toni Braxton_S7,Toni Braxton,7,3,1,8.0
Toni Braxton_S7,Toni Braxton,7,3,2,7.0
Toni Braxton_S7,Toni Braxton,7,3,3,7.0
Toni Braxton_S7,Toni Braxton,7,4,1,7.0
Toni Braxton_S7,Toni Braxton,7,4,2,7.0
Toni Braxton_S7,Toni Braxton,7,4,3,8.0
Toni Braxton_S7,Toni Braxton,7,5,1,7.0
Toni Braxton_S7,Toni Braxton,7,5,2,7.0
Toni Braxton_S7,Toni Braxton,7,5,3,8.0
Toni Braxton_S7,Toni Braxton,7,6,1,0.0
Toni Braxton_S7,Toni Braxton,7,6,2,0.0
Toni Braxton_S7,Toni Braxton,7,6,3,0.0
Toni Braxton_S7,Toni Braxton,7,7,1,0.0
Toni Braxton_S7,Toni Braxton,7,7,2,0.0
Toni Braxton_S7,Toni Braxton,7,7,3,0.0
Toni Braxton_S7,Toni Braxton,7,8,1,0.0
Toni Braxton_S7,Toni Braxton,7,8,2,0.0
Toni Braxton_S7,Toni Braxton,7,8,3,0.0
Toni Braxton_S7,Toni Braxton,7,9,1,0.0
Toni Braxton_S7,Toni Braxton,7,9,2,0.0
Toni Braxton_S7,Toni Braxton,7,9,3,0.0
Toni Braxton_S7,Toni Braxton,7,10,1,0.0
Toni Braxton_S7,Toni Braxton,7,10,2,0.0
Toni Braxton_S7,Toni Braxton,7,10,3,0.0
Lance Bass_S7,Lance Bass,7,1,1,7.5
Lance Bass_S7,Lance Bass,7,1,2,6.0
Lance Bass_S7,Lance Bass,7,1,3,8.0
Lance Bass_S7,Lance Bass,7,2,1,7.0
Lance Bass_S7,Lance Bass,7,2,2,6.0
Lance Bass_S7,Lance Bass,7,2,3,7.0
Lance Bass_S7,Lance Bass,7,3,1,8.0
Lance Bass_S7,Lance Bass,7,3,2,7.0
Lance Bass_S7,Lance Bass,7,3,3,7.0
Lance Bass_S7,Lance Bass,7,4,1,9.0
Lance Bass_S7,Lance Bass,7,4,2,8.0
Lance Bass_S7,Lance Bass,7,4,3,9.0
Lance Bass_S7,Lance Bass,7,5,1,7.0
Lance Bass_S7,Lance Bass,7,5,2,7.0
Lance Bass_S7,Lance Bass,7,5,3,7.0
Lance Bass_S7,Lance Bass,7,6,1,9.0
Lance Bass_S7,Lance Bass,7,6,2,9.0
Lance Bass_S7,Lance Bass,7,6,3,9.0
Lance Bass_S7,Lance Bass,7,7,1,9.0
Lance Bass_S7,Lance Bass,7,7,2,7.0
Lance Bass_S7,Lance Bass,7,7,3,9.0
Lance Bass_S7,Lance Bass,7,8,1,8.5
Lance Bass_S7,Lance Bass,7,8,2,7.5
Lance Bass_S7,Lance Bass,7,8,3,9.0
Lance Bass_S7,Lance Bass,7,9,1,10.0
Lance Bass_S7,Lance Bass,7,9,2,9.0
Lance Bass_S7,Lance Bass,7,9,3,9.5
Lance Bass_S7,Lance Bass,7,10,1,9.0
Lance Bass_S7,Lance Bass,7,10,2,9.0
Lance Bass_S7,Lance Bass,7,10,3,9.5
Kim Kardashian_S7,Kim Kardashian,7,1,1,6.0
Kim Kardashian_S7,Kim Kardashian,7,1,2,6.5
Kim Kardashian_S7,Kim Kardashian,7,1,3,6.0
Kim Kardashian_S7,Kim Kardashian,7,2,1,6.0
Kim Kardashian_S7,Kim Kardashian,7,2,2,6.0
Kim Kardashian_S7,Kim Kardashian,7,2,3,5.0
Kim Kardashian_S7,Kim Kardashian,7,3,1,0.0
Kim Kardashian_S7,Kim Kardashian,7,3,2,0.0
Kim Kardashian_S7,Kim Kardashian,7,3,3,0.0
Kim Kardashian_S7,Kim Kardashian,7,4,1,0.0
Kim Kardashian_S7,Kim Kardashian,7,4,2,0.0
Kim Kardashian_S7,Kim Kardashian,7,4,3,0.0
Kim Kardashian_S7,Kim Kardashian,7,5,1,0.0
Kim Kardashian_S7,Kim Kardashian,7,5,2,0.0
Kim Kardashian_S7,Kim Kardashian,7,5,3,0.0
Kim Kardashian_S7,Kim Kardashian,7,6,1,0.0
Kim Kardashian_S7,Kim Kardashian,7,6,2,0.0
Kim Kardashian_S7,Kim Kardashian,7,6,3,0.0
Kim Kardashian_S7,Kim Kardashian,7,7,1,0.0
Kim Kardashian_S7,Kim Kardashian,7,7,2,0.0
Kim Kardashian_S7,Kim Kardashian,7,7,3,0.0
Kim Kardashian_S7,Kim Kardashian,7,8,1,0.0
Kim Kardashian_S7,Kim Kardashian,7,8,2,0.0
Kim Kardashian_S7,Kim Kardashian,7,8,3,0.0
Kim Kardashian_S7,Kim Kardashian,7,9,1,0.0
Kim Kardashian_S7,Kim Kardashian,7,9,2,0.0
Kim Kardashian_S7,Kim Kardashian,7,9,3,0.0
Kim Kardashian_S7,Kim Kardashian,7,10,1,0.0
Kim Kardashian_S7,Kim Kardashian,7,10,2,0.0
Kim Kardashian_S7,Kim Kardashian,7,10,3,0.0
Rocco DiSpirito_S7,Rocco DiSpirito,7,1,1,6.0
Rocco DiSpirito_S7,Rocco DiSpirito,7,1,2,5.5
Rocco DiSpirito_S7,Rocco DiSpirito,7,1,3,6.0
Rocco DiSpirito_S7,Rocco DiSpirito,7,2,1,5.0
Rocco DiSpirito_S7,Rocco DiSpirito,7,2,2,6.0
Rocco DiSpirito_S7,Rocco DiSpirito,7,2,3,5.0
Rocco DiSpirito_S7,Rocco DiSpirito,7,3,1,7.0
Rocco DiSpirito_S7,Rocco DiSpirito,7,3,2,7.0
Rocco DiSpirito_S7,Rocco DiSpirito,7,3,3,6.0
Rocco DiSpirito_S7,Rocco DiSpirito,7,4,1,6.0
Rocco DiSpirito_S7,Rocco DiSpirito,7,4,2,6.0
Rocco DiSpirito_S7,Rocco DiSpirito,7,4,3,6.0
Rocco DiSpirito_S7,Rocco DiSpirito,7,5,1,0.0
Rocco DiSpirito_S7,Rocco DiSpirito,7,5,2,0.0
Rocco DiSpirito_S7,Rocco DiSpirito,7,5,3,0.0
Rocco DiSpirito_S7,Rocco DiSpirito,7,6,1,0.0
Rocco DiSpirito_S7,Rocco DiSpirito,7,6,2,0.0
Rocco DiSpirito_S7,Rocco DiSpirito,7,6,3,0.0
Rocco DiSpirito_S7,Rocco DiSpirito,7,7,1,0.0
Rocco DiSpirito_S7,Rocco DiSpirito,7,7,2,0.0
Rocco DiSpirito_S7,Rocco DiSpirito,7,7,3,0.0
Rocco DiSpirito_S7,Rocco DiSpirito,7,8,1,0.0
Rocco DiSpirito_S7,Rocco DiSpirito,7,8,2,0.0
Rocco DiSpirito_S7,Rocco DiSpirito,7,8,3,0.0
Rocco DiSpirito_S7,Rocco DiSpirito,7,9,1,0.0
Rocco DiSpirito_S7,Rocco DiSpirito,7,9,2,0.0
Rocco DiSpirito_S7,Rocco DiSpirito,7,9,3,0.0
Rocco DiSpirito_S7,Rocco DiSpirito,7,10,1,0.0
Rocco DiSpirito_S7,Rocco DiSpirito,7,10,2,0.0
Rocco DiSpirito_S7,Rocco DiSpirito,7,10,3,0.0
Brooke Burke_S7,Brooke Burke,7,1,1,8.0
Brooke Burke_S7,Brooke Burke,7,1,2,8.0
Brooke Burke_S7,Brooke Burke,7,1,3,8.5
Brooke Burke_S7,Brooke Burke,7,2,1,8.0
Brooke Burke_S7,Brooke Burke,7,2,2,8.0
Brooke Burke_S7,Brooke Burke,7,2,3,8.0
Brooke Burke_S7,Brooke Burke,7,3,1,9.0
Brooke Burke_S7,Brooke Burke,7,3,2,10.0
Brooke Burke_S7,Brooke Burke,7,3,3,9.0
Brooke Burke_S7,Brooke Burke,7,4,1,9.0
Brooke Burke_S7,Brooke Burke,7,4,2,8.0
Brooke Burke_S7,Brooke Burke,7,4,3,9.0
Brooke Burke_S7,Brooke Burke,7,5,1,10.0
Brooke Burke_S7,Brooke Burke,7,5,2,9.0
Brooke Burke_S7,Brooke Burke,7,5,3,10.0
Brooke Burke_S7,Brooke Burke,7,6,1,8.0
Brooke Burke_S7,Brooke Burke,7,6,2,10.0
Brooke Burke_S7,Brooke Burke,7,6,3,8.0
Brooke Burke_S7,Brooke Burke,7,7,1,10.0
Brooke Burke_S7,Brooke Burke,7,7,2,10.0
Brooke Burke_S7,Brooke Burke,7,7,3,10.0
Brooke Burke_S7,Brooke Burke,7,8,1,9.5
Brooke Burke_S7,Brooke Burke,7,8,2,8.5
Brooke Burke_S7,Brooke Burke,7,8,3,9.5
Brooke Burke_S7,Brooke Burke,7,9,1,8.0
Brooke Burke_S7,Brooke Burke,7,9,2,8.5
Brooke Burke_S7,Brooke Burke,7,9,3,8.0
Brooke Burke_S7,Brooke Burke,7,10,1,10.0
Brooke Burke_S7,Brooke Burke,7,10,2,10.0
Brooke Burke_S7,Brooke Burke,7,10,3,10.0
Gilles Marini_S8,Gilles Marini,8,1,1,8.0
Gilles Marini_S8,Gilles Marini,8,1,2,8.0
Gilles Marini_S8,Gilles Marini,8,1,3,8.0
Gilles Marini_S8,Gilles Marini,8,2,1,9.0
Gilles Marini_S8,Gilles Marini,8,2,2,9.0
Gilles Marini_S8,Gilles Marini,8,2,3,9.0
Gilles Marini_S8,Gilles Marini,8,3,1,9.0
Gilles Marini_S8,Gilles Marini,8,3,2,9.0
Gilles Marini_S8,Gilles Marini,8,3,3,9.0
Gilles Marini_S8,Gilles Marini,8,4,1,10.0
Gilles Marini_S8,Gilles Marini,8,4,2,10.0
Gilles Marini_S8,Gilles Marini,8,4,3,10.0
Gilles Marini_S8,Gilles Marini,8,5,1,10.0
Gilles Marini_S8,Gilles Marini,8,5,2,9.0
Gilles Marini_S8,Gilles Marini,8,5,3,10.0
Gilles Marini_S8,Gilles Marini,8,6,1,9.0
Gilles Marini_S8,Gilles Marini,8,6,2,8.0
Gilles Marini_S8,Gilles Marini,8,6,3,9.0
Gilles Marini_S8,Gilles Marini,8,7,1,9.0
Gilles Marini_S8,Gilles Marini,8,7,2,9.0
Gilles Marini_S8,Gilles Marini,8,7,3,9.0
Gilles Marini_S8,Gilles Marini,8,8,1,9.0
Gilles Marini_S8,Gilles Marini,8,8,2,9.0
Gilles Marini_S8,Gilles Marini,8,8,3,9.5
Gilles Marini_S8,Gilles Marini,8,9,1,9.5
Gilles Marini_S8,Gilles Marini,8,9,2,9.0
Gilles Marini_S8,Gilles Marini,8,9,3,9.5
Gilles Marini_S8,Gilles Marini,8,10,1,10.0
Gilles Marini_S8,Gilles Marini,8,10,2,10.0
Gilles Marini_S8,Gilles Marini,8,10,3,10.0
Gilles Marini_S8,Gilles Marini,8,11,1,9.5
Gilles Marini_S8,Gilles Marini,8,11,2,10.0
Gilles Marini_S8,Gilles Marini,8,11,3,9.5
Denise Richards_S8,Denise Richards,8,1,1,6.0
Denise Richards_S8,Denise Richards,8,1,2,6.0
Denise Richards_S8,Denise Richards,8,1,3,6.0
Denise Richards_S8,Denise Richards,8,2,1,7.0
Denise Richards_S8,Denise Richards,8,2,2,7.0
Denise Richards_S8,Denise Richards,8,2,3,7.0
Denise Richards_S8,Denise Richards,8,3,1,5.0
Denise Richards_S8,Denise Richards,8,3,2,6.0
Denise Richards_S8,Denise Richards,8,3,3,5.0
Denise Richards_S8,Denise Richards,8,4,1,0.0
Denise Richards_S8,Denise Richards,8,4,2,0.0
Denise Richards_S8,Denise Richards,8,4,3,0.0
Denise Richards_S8,Denise Richards,8,5,1,0.0
Denise Richards_S8,Denise Richards,8,5,2,0.0
Denise Richards_S8,Denise Richards,8,5,3,0.0
Denise Richards_S8,Denise Richards,8,6,1,0.0
Denise Richards_S8,Denise Richards,8,6,2,0.0
Denise Richards_S8,Denise Richards,8,6,3,0.0
Denise Richards_S8,Denise Richards,8,7,1,0.0
Denise Richards_S8,Denise Richards,8,7,2,0.0
Denise Richards_S8,Denise Richards,8,7,3,0.0
Denise Richards_S8,Denise Richards,8,8,1,0.0
Denise Richards_S8,Denise Richards,8,8,2,0.0
Denise Richards_S8,Denise Richards,8,8,3,0.0
Denise Richards_S8,Denise Richards,8,9,1,0.0
Denise Richards_S8,Denise Richards,8,9,2,0.0
Denise Richards_S8,Denise Richards,8,9,3,0.0
Denise Richards_S8,Denise Richards,8,10,1,0.0
Denise Richards_S8,Denise Richards,8,10,2,0.0
Denise Richards_S8,Denise Richards,8,10,3,0.0
Denise Richards_S8,Denise Richards,8,11,1,0.0
Denise Richards_S8,Denise Richards,8,11,2,0.0
Denise Richards_S8,Denise Richards,8,11,3,0.0
David Alan Grier_S8,David Alan Grier,8,1,1,6.0
David Alan Grier_S8,David Alan Grier,8,1,2,7.0
David Alan Grier_S8,David Alan Grier,8,1,3,6.0
David Alan Grier_S8,David Alan Grier,8,2,1,6.0
David Alan Grier_S8,David Alan Grier,8,2,2,5.0
David Alan Grier_S8,David Alan Grier,8,2,3,6.0
David Alan Grier_S8,David Alan Grier,8,3,1,8.0
David Alan Grier_S8,David Alan Grier,8,3,2,8.0
David Alan Grier_S8,David Alan Grier,8,3,3,8.0
David Alan Grier_S8,David Alan Grier,8,4,1,8.0
David Alan Grier_S8,David Alan Grier,8,4,2,7.0
David Alan Grier_S8,David Alan Grier,8,4,3,7.0
David Alan Grier_S8,David Alan Grier,8,5,1,7.0
David Alan Grier_S8,David Alan Grier,8,5,2,8.0
David Alan Grier_S8,David Alan Grier,8,5,3,7.0
David Alan Grier_S8,David Alan Grier,8,6,1,0.0
David Alan Grier_S8,David Alan Grier,8,6,2,0.0
David Alan Grier_S8,David Alan Grier,8,6,3,0.0
David Alan Grier_S8,David Alan Grier,8,7,1,0.0
David Alan Grier_S8,David Alan Grier,8,7,2,0.0
David Alan Grier_S8,David Alan Grier,8,7,3,0.0
David Alan Grier_S8,David Alan Grier,8,8,1,0.0
David Alan Grier_S8,David Alan Grier,8,8,2,0.0
David Alan Grier_S8,David Alan Grier,8,8,3,0.0
David Alan Grier_S8,David Alan Grier,8,9,1,0.0
David Alan Grier_S8,David Alan Grier,8,9,2,0.0
David Alan Grier_S8,David Alan Grier,8,9,3,0.0
David Alan Grier_S8,David Alan Grier,8,10,1,0.0
David Alan Grier_S8,David Alan Grier,8,10,2,0.0
David Alan Grier_S8,David Alan Grier,8,10,3,0.0
David Alan Grier_S8,David Alan Grier,8,11,1,0.0
David Alan Grier_S8,David Alan Grier,8,11,2,0.0
David Alan Grier_S8,David Alan Grier,8,11,3,0.0
Lawrence Taylor_S8,Lawrence Taylor,8,1,1,6.0
Lawrence Taylor_S8,Lawrence Taylor,8,1,2,5.0
Lawrence Taylor_S8,Lawrence Taylor,8,1,3,5.0
Lawrence Taylor_S8,Lawrence Taylor,8,2,1,7.0
Lawrence Taylor_S8,Lawrence Taylor,8,2,2,6.0
Lawrence Taylor_S8,Lawrence Taylor,8,2,3,7.0
Lawrence Taylor_S8,Lawrence Taylor,8,3,1,7.0
Lawrence Taylor_S8,Lawrence Taylor,8,3,2,6.0
Lawrence Taylor_S8,Lawrence Taylor,8,3,3,7.0
Lawrence Taylor_S8,Lawrence Taylor,8,4,1,7.0
Lawrence Taylor_S8,Lawrence Taylor,8,4,2,5.0
Lawrence Taylor_S8,Lawrence Taylor,8,4,3,7.0
Lawrence Taylor_S8,Lawrence Taylor,8,5,1,6.0
Lawrence Taylor_S8,Lawrence Taylor,8,5,2,7.0
Lawrence Taylor_S8,Lawrence Taylor,8,5,3,7.0
Lawrence Taylor_S8,Lawrence Taylor,8,6,1,7.0
Lawrence Taylor_S8,Lawrence Taylor,8,6,2,7.0
Lawrence Taylor_S8,Lawrence Taylor,8,6,3,8.0
Lawrence Taylor_S8,Lawrence Taylor,8,7,1,7.0
Lawrence Taylor_S8,Lawrence Taylor,8,7,2,7.0
Lawrence Taylor_S8,Lawrence Taylor,8,7,3,7.0
Lawrence Taylor_S8,Lawrence Taylor,8,8,1,0.0
Lawrence Taylor_S8,Lawrence Taylor,8,8,2,0.0
Lawrence Taylor_S8,Lawrence Taylor,8,8,3,0.0
Lawrence Taylor_S8,Lawrence Taylor,8,9,1,0.0
Lawrence Taylor_S8,Lawrence Taylor,8,9,2,0.0
Lawrence Taylor_S8,Lawrence Taylor,8,9,3,0.0
Lawrence Taylor_S8,Lawrence Taylor,8,10,1,0.0
Lawrence Taylor_S8,Lawrence Taylor,8,10,2,0.0
Lawrence Taylor_S8,Lawrence Taylor,8,10,3,0.0
Lawrence Taylor_S8,Lawrence Taylor,8,11,1,0.0
Lawrence Taylor_S8,Lawrence Taylor,8,11,2,0.0
Lawrence Taylor_S8,Lawrence Taylor,8,11,3,0.0
Ty Murray_S8,Ty Murray,8,1,1,5.0
Ty Murray_S8,Ty Murray,8,1,2,4.0
Ty Murray_S8,Ty Murray,8,1,3,5.0
Ty Murray_S8,Ty Murray,8,2,1,7.0
Ty Murray_S8,Ty Murray,8,2,2,6.0
Ty Murray_S8,Ty Murray,8,2,3,7.0
Ty Murray_S8,Ty Murray,8,3,1,8.0
Ty Murray_S8,Ty Murray,8,3,2,8.0
Ty Murray_S8,Ty Murray,8,3,3,7.0
Ty Murray_S8,Ty Murray,8,4,1,9.0
Ty Murray_S8,Ty Murray,8,4,2,8.0
Ty Murray_S8,Ty Murray,8,4,3,8.0
Ty Murray_S8,Ty Murray,8,5,1,7.0
Ty Murray_S8,Ty Murray,8,5,2,7.0
Ty Murray_S8,Ty Murray,8,5,3,7.0
Ty Murray_S8,Ty Murray,8,6,1,6.0
Ty Murray_S8,Ty Murray,8,6,2,6.0
Ty Murray_S8,Ty Murray,8,6,3,6.0
Ty Murray_S8,Ty Murray,8,7,1,8.0
Ty Murray_S8,Ty Murray,8,7,2,8.0
Ty Murray_S8,Ty Murray,8,7,3,8.0
Ty Murray_S8,Ty Murray,8,8,1,9.0
Ty Murray_S8,Ty Murray,8,8,2,8.0
Ty Murray_S8,Ty Murray,8,8,3,9.0
Ty Murray_S8,Ty Murray,8,9,1,7.5
Ty Murray_S8,Ty Murray,8,9,2,8.0
Ty Murray_S8,Ty Murray,8,9,3,7.5
Ty Murray_S8,Ty Murray,8,10,1,8.0
Ty Murray_S8,Ty Murray,8,10,2,8.0
Ty Murray_S8,Ty Murray,8,10,3,8.0
Ty Murray_S8,Ty Murray,8,11,1,0.0
Ty Murray_S8,Ty Murray,8,11,2,0.0
Ty Murray_S8,Ty Murray,8,11,3,0.0
Shawn Johnson_S8,Shawn Johnson,8,1,1,8.0
Shawn Johnson_S8,Shawn Johnson,8,1,2,8.0
Shawn Johnson_S8,Shawn Johnson,8,1,3,7.0
Shawn Johnson_S8,Shawn Johnson,8,2,1,8.0
Shawn Johnson_S8,Shawn Johnson,8,2,2,8.0
Shawn Johnson_S8,Shawn Johnson,8,2,3,8.0
Shawn Johnson_S8,Shawn Johnson,8,3,1,9.0
Shawn Johnson_S8,Shawn Johnson,8,3,2,9.0
Shawn Johnson_S8,Shawn Johnson,8,3,3,9.0
Shawn Johnson_S8,Shawn Johnson,8,4,1,8.0
Shawn Johnson_S8,Shawn Johnson,8,4,2,8.0
Shawn Johnson_S8,Shawn Johnson,8,4,3,9.0
Shawn Johnson_S8,Shawn Johnson,8,5,1,9.0
Shawn Johnson_S8,Shawn Johnson,8,5,2,8.0
Shawn Johnson_S8,Shawn Johnson,8,5,3,9.0
Shawn Johnson_S8,Shawn Johnson,8,6,1,8.0
Shawn Johnson_S8,Shawn Johnson,8,6,2,9.0
Shawn Johnson_S8,Shawn Johnson,8,6,3,9.0
Shawn Johnson_S8,Shawn Johnson,8,7,1,9.0
Shawn Johnson_S8,Shawn Johnson,8,7,2,9.0
Shawn Johnson_S8,Shawn Johnson,8,7,3,10.0
Shawn Johnson_S8,Shawn Johnson,8,8,1,9.0
Shawn Johnson_S8,Shawn Johnson,8,8,2,8.0
Shawn Johnson_S8,Shawn Johnson,8,8,3,9.0
Shawn Johnson_S8,Shawn Johnson,8,9,1,9.5
Shawn Johnson_S8,Shawn Johnson,8,9,2,9.0
Shawn Johnson_S8,Shawn Johnson,8,9,3,9.5
Shawn Johnson_S8,Shawn Johnson,8,10,1,9.5
Shawn Johnson_S8,Shawn Johnson,8,10,2,9.0
Shawn Johnson_S8,Shawn Johnson,8,10,3,9.5
Shawn Johnson_S8,Shawn Johnson,8,11,1,10.0
Shawn Johnson_S8,Shawn Johnson,8,11,2,10.0
Shawn Johnson_S8,Shawn Johnson,8,11,3,10.0
Steve Wozniak_S8,Steve Wozniak,8,1,1,5.0
Steve Wozniak_S8,Steve Wozniak,8,1,2,4.0
Steve Wozniak_S8,Steve Wozniak,8,1,3,4.0
Steve Wozniak_S8,Steve Wozniak,8,2,1,6.0
Steve Wozniak_S8,Steve Wozniak,8,2,2,5.0
Steve Wozniak_S8,Steve Wozniak,8,2,3,6.0
Steve Wozniak_S8,Steve Wozniak,8,3,1,4.0
Steve Wozniak_S8,Steve Wozniak,8,3,2,3.0
Steve Wozniak_S8,Steve Wozniak,8,3,3,3.0
Steve Wozniak_S8,Steve Wozniak,8,4,1,4.0
Steve Wozniak_S8,Steve Wozniak,8,4,2,4.0
Steve Wozniak_S8,Steve Wozniak,8,4,3,4.0
Steve Wozniak_S8,Steve Wozniak,8,5,1,0.0
Steve Wozniak_S8,Steve Wozniak,8,5,2,0.0
Steve Wozniak_S8,Steve Wozniak,8,5,3,0.0
Steve Wozniak_S8,Steve Wozniak,8,6,1,0.0
Steve Wozniak_S8,Steve Wozniak,8,6,2,0.0
Steve Wozniak_S8,Steve Wozniak,8,6,3,0.0
Steve Wozniak_S8,Steve Wozniak,8,7,1,0.0
Steve Wozniak_S8,Steve Wozniak,8,7,2,0.0
Steve Wozniak_S8,Steve Wozniak,8,7,3,0.0
Steve Wozniak_S8,Steve Wozniak,8,8,1,0.0
Steve Wozniak_S8,Steve Wozniak,8,8,2,0.0
Steve Wozniak_S8,Steve Wozniak,8,8,3,0.0
Steve Wozniak_S8,Steve Wozniak,8,9,1,0.0
Steve Wozniak_S8,Steve Wozniak,8,9,2,0.0
Steve Wozniak_S8,Steve Wozniak,8,9,3,0.0
Steve Wozniak_S8,Steve Wozniak,8,10,1,0.0
Steve Wozniak_S8,Steve Wozniak,8,10,2,0.0
Steve Wozniak_S8,Steve Wozniak,8,10,3,0.0
Steve Wozniak_S8,Steve Wozniak,8,11,1,0.0
Steve Wozniak_S8,Steve Wozniak,8,11,2,0.0
Steve Wozniak_S8,Steve Wozniak,8,11,3,0.0
Belinda Carlisle_S8,Belinda Carlisle,8,1,1,6.0
Belinda Carlisle_S8,Belinda Carlisle,8,1,2,6.0
Belinda Carlisle_S8,Belinda Carlisle,8,1,3,5.0
Belinda Carlisle_S8,Belinda Carlisle,8,2,1,6.0
Belinda Carlisle_S8,Belinda Carlisle,8,2,2,6.0
Belinda Carlisle_S8,Belinda Carlisle,8,2,3,6.0
Belinda Carlisle_S8,Belinda Carlisle,8,3,1,0.0
Belinda Carlisle_S8,Belinda Carlisle,8,3,2,0.0
Belinda Carlisle_S8,Belinda Carlisle,8,3,3,0.0
Belinda Carlisle_S8,Belinda Carlisle,8,4,1,0.0
Belinda Carlisle_S8,Belinda Carlisle,8,4,2,0.0
Belinda Carlisle_S8,Belinda Carlisle,8,4,3,0.0
Belinda Carlisle_S8,Belinda Carlisle,8,5,1,0.0
Belinda Carlisle_S8,Belinda Carlisle,8,5,2,0.0
Belinda Carlisle_S8,Belinda Carlisle,8,5,3,0.0
Belinda Carlisle_S8,Belinda Carlisle,8,6,1,0.0
Belinda Carlisle_S8,Belinda Carlisle,8,6,2,0.0
Belinda Carlisle_S8,Belinda Carlisle,8,6,3,0.0
Belinda Carlisle_S8,Belinda Carlisle,8,7,1,0.0
Belinda Carlisle_S8,Belinda Carlisle,8,7,2,0.0
Belinda Carlisle_S8,Belinda Carlisle,8,7,3,0.0
Belinda Carlisle_S8,Belinda Carlisle,8,8,1,0.0
Belinda Carlisle_S8,Belinda Carlisle,8,8,2,0.0
Belinda Carlisle_S8,Belinda Carlisle,8,8,3,0.0
Belinda Carlisle_S8,Belinda Carlisle,8,9,1,0.0
Belinda Carlisle_S8,Belinda Carlisle,8,9,2,0.0
Belinda Carlisle_S8,Belinda Carlisle,8,9,3,0.0
Belinda Carlisle_S8,Belinda Carlisle,8,10,1,0.0
Belinda Carlisle_S8,Belinda Carlisle,8,10,2,0.0
Belinda Carlisle_S8,Belinda Carlisle,8,10,3,0.0
Belinda Carlisle_S8,Belinda Carlisle,8,11,1,0.0
Belinda Carlisle_S8,Belinda Carlisle,8,11,2,0.0
Belinda Carlisle_S8,Belinda Carlisle,8,11,3,0.0
Chuck Wicks_S8,Chuck Wicks,8,1,1,6.0
Chuck Wicks_S8,Chuck Wicks,8,1,2,7.0
Chuck Wicks_S8,Chuck Wicks,8,1,3,7.0
Chuck Wicks_S8,Chuck Wicks,8,2,1,6.0
Chuck Wicks_S8,Chuck Wicks,8,2,2,7.0
Chuck Wicks_S8,Chuck Wicks,8,2,3,7.0
Chuck Wicks_S8,Chuck Wicks,8,3,1,8.0
Chuck Wicks_S8,Chuck Wicks,8,3,2,7.0
Chuck Wicks_S8,Chuck Wicks,8,3,3,8.0
Chuck Wicks_S8,Chuck Wicks,8,4,1,8.0
Chuck Wicks_S8,Chuck Wicks,8,4,2,7.0
Chuck Wicks_S8,Chuck Wicks,8,4,3,7.0
Chuck Wicks_S8,Chuck Wicks,8,5,1,7.0
Chuck Wicks_S8,Chuck Wicks,8,5,2,8.0
Chuck Wicks_S8,Chuck Wicks,8,5,3,8.0
Chuck Wicks_S8,Chuck Wicks,8,6,1,8.0
Chuck Wicks_S8,Chuck Wicks,8,6,2,7.0
Chuck Wicks_S8,Chuck Wicks,8,6,3,8.0
Chuck Wicks_S8,Chuck Wicks,8,7,1,9.0
Chuck Wicks_S8,Chuck Wicks,8,7,2,9.0
Chuck Wicks_S8,Chuck Wicks,8,7,3,9.0
Chuck Wicks_S8,Chuck Wicks,8,8,1,8.5
Chuck Wicks_S8,Chuck Wicks,8,8,2,8.5
Chuck Wicks_S8,Chuck Wicks,8,8,3,8.5
Chuck Wicks_S8,Chuck Wicks,8,9,1,0.0
Chuck Wicks_S8,Chuck Wicks,8,9,2,0.0
Chuck Wicks_S8,Chuck Wicks,8,9,3,0.0
Chuck Wicks_S8,Chuck Wicks,8,10,1,0.0
Chuck Wicks_S8,Chuck Wicks,8,10,2,0.0
Chuck Wicks_S8,Chuck Wicks,8,10,3,0.0
Chuck Wicks_S8,Chuck Wicks,8,11,1,0.0
Chuck Wicks_S8,Chuck Wicks,8,11,2,0.0
Chuck Wicks_S8,Chuck Wicks,8,11,3,0.0
Lil' Kim_S8,Lil' Kim,8,1,1,7.0
Lil' Kim_S8,Lil' Kim,8,1,2,7.0
Lil' Kim_S8,Lil' Kim,8,1,3,7.0
Lil' Kim_S8,Lil' Kim,8,2,1,8.0
Lil' Kim_S8,Lil' Kim,8,2,2,7.0
Lil' Kim_S8,Lil' Kim,8,2,3,8.0
Lil' Kim_S8,Lil' Kim,8,3,1,8.0
Lil' Kim_S8,Lil' Kim,8,3,2,8.0
Lil' Kim_S8,Lil' Kim,8,3,3,9.0
Lil' Kim_S8,Lil' Kim,8,4,1,9.0
Lil' Kim_S8,Lil' Kim,8,4,2,8.0
Lil' Kim_S8,Lil' Kim,8,4,3,10.0
Lil' Kim_S8,Lil' Kim,8,5,1,9.0
Lil' Kim_S8,Lil' Kim,8,5,2,8.0
Lil' Kim_S8,Lil' Kim,8,5,3,9.0
Lil' Kim_S8,Lil' Kim,8,6,1,10.0
Lil' Kim_S8,Lil' Kim,8,6,2,8.0
Lil' Kim_S8,Lil' Kim,8,6,3,10.0
Lil' Kim_S8,Lil' Kim,8,7,1,9.0
Lil' Kim_S8,Lil' Kim,8,7,2,8.0
Lil' Kim_S8,Lil' Kim,8,7,3,9.0
Lil' Kim_S8,Lil' Kim,8,8,1,9.0
Lil' Kim_S8,Lil' Kim,8,8,2,9.0
Lil' Kim_S8,Lil' Kim,8,8,3,10.0
Lil' Kim_S8,Lil' Kim,8,9,1,8.5
Lil' Kim_S8,Lil' Kim,8,9,2,9.0
Lil' Kim_S8,Lil' Kim,8,9,3,8.5
Lil' Kim_S8,Lil' Kim,8,10,1,0.0
Lil' Kim_S8,Lil' Kim,8,10,2,0.0
Lil' Kim_S8,Lil' Kim,8,10,3,0.0
Lil' Kim_S8,Lil' Kim,8,11,1,0.0
Lil' Kim_S8,Lil' Kim,8,11,2,0.0
Lil' Kim_S8,Lil' Kim,8,11,3,0.0
Steve-O_S8,Steve-O,8,1,1,6.0
Steve-O_S8,Steve-O,8,1,2,5.0
Steve-O_S8,Steve-O,8,1,3,6.0
Steve-O_S8,Steve-O,8,2,1,5.0
Steve-O_S8,Steve-O,8,2,2,4.0
Steve-O_S8,Steve-O,8,2,3,5.0
Steve-O_S8,Steve-O,8,3,1,5.0
Steve-O_S8,Steve-O,8,3,2,5.0
Steve-O_S8,Steve-O,8,3,3,5.0
Steve-O_S8,Steve-O,8,4,1,5.0
Steve-O_S8,Steve-O,8,4,2,5.0
Steve-O_S8,Steve-O,8,4,3,5.0
Steve-O_S8,Steve-O,8,5,1,6.0
Steve-O_S8,Steve-O,8,5,2,6.0
Steve-O_S8,Steve-O,8,5,3,6.0
Steve-O_S8,Steve-O,8,6,1,7.0
Steve-O_S8,Steve-O,8,6,2,4.0
Steve-O_S8,Steve-O,8,6,3,5.0
Steve-O_S8,Steve-O,8,7,1,0.0
Steve-O_S8,Steve-O,8,7,2,0.0
Steve-O_S8,Steve-O,8,7,3,0.0
Steve-O_S8,Steve-O,8,8,1,0.0
Steve-O_S8,Steve-O,8,8,2,0.0
Steve-O_S8,Steve-O,8,8,3,0.0
Steve-O_S8,Steve-O,8,9,1,0.0
Steve-O_S8,Steve-O,8,9,2,0.0
Steve-O_S8,Steve-O,8,9,3,0.0
Steve-O_S8,Steve-O,8,10,1,0.0
Steve-O_S8,Steve-O,8,10,2,0.0
Steve-O_S8,Steve-O,8,10,3,0.0
Steve-O_S8,Steve-O,8,11,1,0.0
Steve-O_S8,Steve-O,8,11,2,0.0
Steve-O_S8,Steve-O,8,11,3,0.0
Holly Madison_S8,Holly Madison,8,1,1,6.0
Holly Madison_S8,Holly Madison,8,1,2,6.0
Holly Madison_S8,Holly Madison,8,1,3,6.0
Holly Madison_S8,Holly Madison,8,2,1,6.0
Holly Madison_S8,Holly Madison,8,2,2,6.0
Holly Madison_S8,Holly Madison,8,2,3,6.0
Holly Madison_S8,Holly Madison,8,3,1,5.0
Holly Madison_S8,Holly Madison,8,3,2,6.0
Holly Madison_S8,Holly Madison,8,3,3,6.0
Holly Madison_S8,Holly Madison,8,4,1,5.0
Holly Madison_S8,Holly Madison,8,4,2,6.0
Holly Madison_S8,Holly Madison,8,4,3,5.0
Holly Madison_S8,Holly Madison,8,5,1,0.0
Holly Madison_S8,Holly Madison,8,5,2,0.0
Holly Madison_S8,Holly Madison,8,5,3,0.0
Holly Madison_S8,Holly Madison,8,6,1,0.0
Holly Madison_S8,Holly Madison,8,6,2,0.0
Holly Madison_S8,Holly Madison,8,6,3,0.0
Holly Madison_S8,Holly Madison,8,7,1,0.0
Holly Madison_S8,Holly Madison,8,7,2,0.0
Holly Madison_S8,Holly Madison,8,7,3,0.0
Holly Madison_S8,Holly Madison,8,8,1,0.0
Holly Madison_S8,Holly Madison,8,8,2,0.0
Holly Madison_S8,Holly Madison,8,8,3,0.0
Holly Madison_S8,Holly Madison,8,9,1,0.0
Holly Madison_S8,Holly Madison,8,9,2,0.0
Holly Madison_S8,Holly Madison,8,9,3,0.0
Holly Madison_S8,Holly Madison,8,10,1,0.0
Holly Madison_S8,Holly Madison,8,10,2,0.0
Holly Madison_S8,Holly Madison,8,10,3,0.0
Holly Madison_S8,Holly Madison,8,11,1,0.0
Holly Madison_S8,Holly Madison,8,11,2,0.0
Holly Madison_S8,Holly Madison,8,11,3,0.0
Melissa Rycroft_S8,Melissa Rycroft,8,1,1,8.0
Melissa Rycroft_S8,Melissa Rycroft,8,1,2,7.0
Melissa Rycroft_S8,Melissa Rycroft,8,1,3,8.0
Melissa Rycroft_S8,Melissa Rycroft,8,2,1,9.0
Melissa Rycroft_S8,Melissa Rycroft,8,2,2,8.0
Melissa Rycroft_S8,Melissa Rycroft,8,2,3,9.0
Melissa Rycroft_S8,Melissa Rycroft,8,3,1,9.0
Melissa Rycroft_S8,Melissa Rycroft,8,3,2,9.0
Melissa Rycroft_S8,Melissa Rycroft,8,3,3,9.0
Melissa Rycroft_S8,Melissa Rycroft,8,4,1,10.0
Melissa Rycroft_S8,Melissa Rycroft,8,4,2,9.0
Melissa Rycroft_S8,Melissa Rycroft,8,4,3,10.0
Melissa Rycroft_S8,Melissa Rycroft,8,5,1,8.0
Melissa Rycroft_S8,Melissa Rycroft,8,5,2,8.0
Melissa Rycroft_S8,Melissa Rycroft,8,5,3,9.0
Melissa Rycroft_S8,Melissa Rycroft,8,6,1,9.0
Melissa Rycroft_S8,Melissa Rycroft,8,6,2,9.0
Melissa Rycroft_S8,Melissa Rycroft,8,6,3,9.0
Melissa Rycroft_S8,Melissa Rycroft,8,7,1,10.0
Melissa Rycroft_S8,Melissa Rycroft,8,7,2,9.0
Melissa Rycroft_S8,Melissa Rycroft,8,7,3,10.0
Melissa Rycroft_S8,Melissa Rycroft,8,8,1,7.5
Melissa Rycroft_S8,Melissa Rycroft,8,8,2,7.5
Melissa Rycroft_S8,Melissa Rycroft,8,8,3,8.0
Melissa Rycroft_S8,Melissa Rycroft,8,9,1,9.5
Melissa Rycroft_S8,Melissa Rycroft,8,9,2,9.5
Melissa Rycroft_S8,Melissa Rycroft,8,9,3,9.5
Melissa Rycroft_S8,Melissa Rycroft,8,10,1,9.0
Melissa Rycroft_S8,Melissa Rycroft,8,10,2,9.5
Melissa Rycroft_S8,Melissa Rycroft,8,10,3,9.0
Melissa Rycroft_S8,Melissa Rycroft,8,11,1,9.5
Melissa Rycroft_S8,Melissa Rycroft,8,11,2,9.5
Melissa Rycroft_S8,Melissa Rycroft,8,11,3,9.5
Ashley Hamiliton_S9,Ashley Hamiliton,9,1,1,6.3333
Ashley Hamiliton_S9,Ashley Hamiliton,9,1,2,7.3333
Ashley Hamiliton_S9,Ashley Hamiliton,9,1,3,5.3333
Ashley Hamiliton_S9,Ashley Hamiliton,9,2,1,0.0
Ashley Hamiliton_S9,Ashley Hamiliton,9,2,2,0.0
Ashley Hamiliton_S9,Ashley Hamiliton,9,2,3,0.0
Ashley Hamiliton_S9,Ashley Hamiliton,9,3,1,0.0
Ashley Hamiliton_S9,Ashley Hamiliton,9,3,2,0.0
Ashley Hamiliton_S9,Ashley Hamiliton,9,3,3,0.0
Ashley Hamiliton_S9,Ashley Hamiliton,9,4,1,0.0
Ashley Hamiliton_S9,Ashley Hamiliton,9,4,2,0.0
Ashley Hamiliton_S9,Ashley Hamiliton,9,4,3,0.0
Ashley Hamiliton_S9,Ashley Hamiliton,9,5,1,0.0
Ashley Hamiliton_S9,Ashley Hamiliton,9,5,2,0.0
Ashley Hamiliton_S9,Ashley Hamiliton,9,5,3,0.0
Ashley Hamiliton_S9,Ashley Hamiliton,9,6,1,0.0
Ashley Hamiliton_S9,Ashley Hamiliton,9,6,2,0.0
Ashley Hamiliton_S9,Ashley Hamiliton,9,6,3,0.0
Ashley Hamiliton_S9,Ashley Hamiliton,9,7,1,0.0
Ashley Hamiliton_S9,Ashley Hamiliton,9,7,2,0.0
Ashley Hamiliton_S9,Ashley Hamiliton,9,7,3,0.0
Ashley Hamiliton_S9,Ashley Hamiliton,9,8,1,0.0
Ashley Hamiliton_S9,Ashley Hamiliton,9,8,2,0.0
Ashley Hamiliton_S9,Ashley Hamiliton,9,8,3,0.0
Ashley Hamiliton_S9,Ashley Hamiliton,9,9,1,0.0
Ashley Hamiliton_S9,Ashley Hamiliton,9,9,2,0.0
Ashley Hamiliton_S9,Ashley Hamiliton,9,9,3,0.0
Ashley Hamiliton_S9,Ashley Hamiliton,9,10,1,0.0
Ashley Hamiliton_S9,Ashley Hamiliton,9,10,2,0.0
Ashley Hamiliton_S9,Ashley Hamiliton,9,10,3,0.0
Debi Mazar_S9,Debi Mazar,9,1,1,8.0
Debi Mazar_S9,Debi Mazar,9,1,2,7.0
Debi Mazar_S9,Debi Mazar,9,1,3,7.0
Debi Mazar_S9,Debi Mazar,9,2,1,7.0
Debi Mazar_S9,Debi Mazar,9,2,2,7.0
Debi Mazar_S9,Debi Mazar,9,2,3,7.0
Debi Mazar_S9,Debi Mazar,9,3,1,6.0
Debi Mazar_S9,Debi Mazar,9,3,2,5.0
Debi Mazar_S9,Debi Mazar,9,3,3,6.0
Debi Mazar_S9,Debi Mazar,9,4,1,0.0
Debi Mazar_S9,Debi Mazar,9,4,2,0.0
Debi Mazar_S9,Debi Mazar,9,4,3,0.0
Debi Mazar_S9,Debi Mazar,9,5,1,0.0
Debi Mazar_S9,Debi Mazar,9,5,2,0.0
Debi Mazar_S9,Debi Mazar,9,5,3,0.0
Debi Mazar_S9,Debi Mazar,9,6,1,0.0
Debi Mazar_S9,Debi Mazar,9,6,2,0.0
Debi Mazar_S9,Debi Mazar,9,6,3,0.0
Debi Mazar_S9,Debi Mazar,9,7,1,0.0
Debi Mazar_S9,Debi Mazar,9,7,2,0.0
Debi Mazar_S9,Debi Mazar,9,7,3,0.0
Debi Mazar_S9,Debi Mazar,9,8,1,0.0
Debi Mazar_S9,Debi Mazar,9,8,2,0.0
Debi Mazar_S9,Debi Mazar,9,8,3,0.0
Debi Mazar_S9,Debi Mazar,9,9,1,0.0
Debi Mazar_S9,Debi Mazar,9,9,2,0.0
Debi Mazar_S9,Debi Mazar,9,9,3,0.0
Debi Mazar_S9,Debi Mazar,9,10,1,0.0
Debi Mazar_S9,Debi Mazar,9,10,2,0.0
Debi Mazar_S9,Debi Mazar,9,10,3,0.0
Melissa Joan Hart_S9,Melissa Joan Hart,9,1,1,8.0
Melissa Joan Hart_S9,Melissa Joan Hart,9,1,2,8.0
Melissa Joan Hart_S9,Melissa Joan Hart,9,1,3,8.0
Melissa Joan Hart_S9,Melissa Joan Hart,9,2,1,7.0
Melissa Joan Hart_S9,Melissa Joan Hart,9,2,2,6.0
Melissa Joan Hart_S9,Melissa Joan Hart,9,2,3,6.0
Melissa Joan Hart_S9,Melissa Joan Hart,9,3,1,6.0
Melissa Joan Hart_S9,Melissa Joan Hart,9,3,2,6.0
Melissa Joan Hart_S9,Melissa Joan Hart,9,3,3,7.0
Melissa Joan Hart_S9,Melissa Joan Hart,9,4,1,9.0
Melissa Joan Hart_S9,Melissa Joan Hart,9,4,2,9.0
Melissa Joan Hart_S9,Melissa Joan Hart,9,4,3,10.0
Melissa Joan Hart_S9,Melissa Joan Hart,9,5,1,8.0
Melissa Joan Hart_S9,Melissa Joan Hart,9,5,2,8.0
Melissa Joan Hart_S9,Melissa Joan Hart,9,5,3,7.0
Melissa Joan Hart_S9,Melissa Joan Hart,9,6,1,8.3333
Melissa Joan Hart_S9,Melissa Joan Hart,9,6,2,8.3333
Melissa Joan Hart_S9,Melissa Joan Hart,9,6,3,7.3333
Melissa Joan Hart_S9,Melissa Joan Hart,9,7,1,0.0
Melissa Joan Hart_S9,Melissa Joan Hart,9,7,2,0.0
Melissa Joan Hart_S9,Melissa Joan Hart,9,7,3,0.0
Melissa Joan Hart_S9,Melissa Joan Hart,9,8,1,0.0
Melissa Joan Hart_S9,Melissa Joan Hart,9,8,2,0.0
Melissa Joan Hart_S9,Melissa Joan Hart,9,8,3,0.0
Melissa Joan Hart_S9,Melissa Joan Hart,9,9,1,0.0
Melissa Joan Hart_S9,Melissa Joan Hart,9,9,2,0.0
Melissa Joan Hart_S9,Melissa Joan Hart,9,9,3,0.0
Melissa Joan Hart_S9,Melissa Joan Hart,9,10,1,0.0
Melissa Joan Hart_S9,Melissa Joan Hart,9,10,2,0.0
Melissa Joan Hart_S9,Melissa Joan Hart,9,10,3,0.0
Mark Dacascos_S9,Mark Dacascos,9,1,1,9.6666
Mark Dacascos_S9,Mark Dacascos,9,1,2,9.6666
Mark Dacascos_S9,Mark Dacascos,9,1,3,9.6666
Mark Dacascos_S9,Mark Dacascos,9,2,1,7.0
Mark Dacascos_S9,Mark Dacascos,9,2,2,7.0
Mark Dacascos_S9,Mark Dacascos,9,2,3,7.0
Mark Dacascos_S9,Mark Dacascos,9,3,1,6.0
Mark Dacascos_S9,Mark Dacascos,9,3,2,6.0
Mark Dacascos_S9,Mark Dacascos,9,3,3,6.0
Mark Dacascos_S9,Mark Dacascos,9,4,1,8.0
Mark Dacascos_S9,Mark Dacascos,9,4,2,7.0
Mark Dacascos_S9,Mark Dacascos,9,4,3,7.0
Mark Dacascos_S9,Mark Dacascos,9,5,1,9.0
Mark Dacascos_S9,Mark Dacascos,9,5,2,9.0
Mark Dacascos_S9,Mark Dacascos,9,5,3,8.0
Mark Dacascos_S9,Mark Dacascos,9,6,1,11.0
Mark Dacascos_S9,Mark Dacascos,9,6,2,11.0
Mark Dacascos_S9,Mark Dacascos,9,6,3,10.0
Mark Dacascos_S9,Mark Dacascos,9,7,1,7.0
Mark Dacascos_S9,Mark Dacascos,9,7,2,7.5
Mark Dacascos_S9,Mark Dacascos,9,7,3,7.0
Mark Dacascos_S9,Mark Dacascos,9,8,1,0.0
Mark Dacascos_S9,Mark Dacascos,9,8,2,0.0
Mark Dacascos_S9,Mark Dacascos,9,8,3,0.0
Mark Dacascos_S9,Mark Dacascos,9,9,1,0.0
Mark Dacascos_S9,Mark Dacascos,9,9,2,0.0
Mark Dacascos_S9,Mark Dacascos,9,9,3,0.0
Mark Dacascos_S9,Mark Dacascos,9,10,1,0.0
Mark Dacascos_S9,Mark Dacascos,9,10,2,0.0
Mark Dacascos_S9,Mark Dacascos,9,10,3,0.0
Chuck Liddell_S9,Chuck Liddell,9,1,1,8.0
Chuck Liddell_S9,Chuck Liddell,9,1,2,7.0
Chuck Liddell_S9,Chuck Liddell,9,1,3,7.0
Chuck Liddell_S9,Chuck Liddell,9,2,1,6.0
Chuck Liddell_S9,Chuck Liddell,9,2,2,7.0
Chuck Liddell_S9,Chuck Liddell,9,2,3,6.0
Chuck Liddell_S9,Chuck Liddell,9,3,1,6.0
Chuck Liddell_S9,Chuck Liddell,9,3,2,5.0
Chuck Liddell_S9,Chuck Liddell,9,3,3,6.0
Chuck Liddell_S9,Chuck Liddell,9,4,1,6.0
Chuck Liddell_S9,Chuck Liddell,9,4,2,5.0
Chuck Liddell_S9,Chuck Liddell,9,4,3,6.0
Chuck Liddell_S9,Chuck Liddell,9,5,1,0.0
Chuck Liddell_S9,Chuck Liddell,9,5,2,0.0
Chuck Liddell_S9,Chuck Liddell,9,5,3,0.0
Chuck Liddell_S9,Chuck Liddell,9,6,1,0.0
Chuck Liddell_S9,Chuck Liddell,9,6,2,0.0
Chuck Liddell_S9,Chuck Liddell,9,6,3,0.0
Chuck Liddell_S9,Chuck Liddell,9,7,1,0.0
Chuck Liddell_S9,Chuck Liddell,9,7,2,0.0
Chuck Liddell_S9,Chuck Liddell,9,7,3,0.0
Chuck Liddell_S9,Chuck Liddell,9,8,1,0.0
Chuck Liddell_S9,Chuck Liddell,9,8,2,0.0
Chuck Liddell_S9,Chuck Liddell,9,8,3,0.0
Chuck Liddell_S9,Chuck Liddell,9,9,1,0.0
Chuck Liddell_S9,Chuck Liddell,9,9,2,0.0
Chuck Liddell_S9,Chuck Liddell,9,9,3,0.0
Chuck Liddell_S9,Chuck Liddell,9,10,1,0.0
Chuck Liddell_S9,Chuck Liddell,9,10,2,0.0
Chuck Liddell_S9,Chuck Liddell,9,10,3,0.0
Natalie Coughlin_S9,Natalie Coughlin,9,1,1,9.6666
Natalie Coughlin_S9,Natalie Coughlin,9,1,2,8.6666
Natalie Coughlin_S9,Natalie Coughlin,9,1,3,8.6666
Natalie Coughlin_S9,Natalie Coughlin,9,2,1,7.0
Natalie Coughlin_S9,Natalie Coughlin,9,2,2,7.0
Natalie Coughlin_S9,Natalie Coughlin,9,2,3,7.0
Natalie Coughlin_S9,Natalie Coughlin,9,3,1,9.0
Natalie Coughlin_S9,Natalie Coughlin,9,3,2,8.0
Natalie Coughlin_S9,Natalie Coughlin,9,3,3,9.0
Natalie Coughlin_S9,Natalie Coughlin,9,4,1,8.0
Natalie Coughlin_S9,Natalie Coughlin,9,4,2,8.0
Natalie Coughlin_S9,Natalie Coughlin,9,4,3,8.0
Natalie Coughlin_S9,Natalie Coughlin,9,5,1,7.0
Natalie Coughlin_S9,Natalie Coughlin,9,5,2,8.0
Natalie Coughlin_S9,Natalie Coughlin,9,5,3,7.0
Natalie Coughlin_S9,Natalie Coughlin,9,6,1,0.0
Natalie Coughlin_S9,Natalie Coughlin,9,6,2,0.0
Natalie Coughlin_S9,Natalie Coughlin,9,6,3,0.0
Natalie Coughlin_S9,Natalie Coughlin,9,7,1,0.0
Natalie Coughlin_S9,Natalie Coughlin,9,7,2,0.0
Natalie Coughlin_S9,Natalie Coughlin,9,7,3,0.0
Natalie Coughlin_S9,Natalie Coughlin,9,8,1,0.0
Natalie Coughlin_S9,Natalie Coughlin,9,8,2,0.0
Natalie Coughlin_S9,Natalie Coughlin,9,8,3,0.0
Natalie Coughlin_S9,Natalie Coughlin,9,9,1,0.0
Natalie Coughlin_S9,Natalie Coughlin,9,9,2,0.0
Natalie Coughlin_S9,Natalie Coughlin,9,9,3,0.0
Natalie Coughlin_S9,Natalie Coughlin,9,10,1,0.0
Natalie Coughlin_S9,Natalie Coughlin,9,10,2,0.0
Natalie Coughlin_S9,Natalie Coughlin,9,10,3,0.0
Louie Vito_S9,Louie Vito,9,1,1,8.6666
Louie Vito_S9,Louie Vito,9,1,2,9.6666
Louie Vito_S9,Louie Vito,9,1,3,8.6666
Louie Vito_S9,Louie Vito,9,2,1,6.0
Louie Vito_S9,Louie Vito,9,2,2,7.0
Louie Vito_S9,Louie Vito,9,2,3,6.0
Louie Vito_S9,Louie Vito,9,3,1,8.0
Louie Vito_S9,Louie Vito,9,3,2,5.0
Louie Vito_S9,Louie Vito,9,3,3,7.0
Louie Vito_S9,Louie Vito,9,4,1,5.0
Louie Vito_S9,Louie Vito,9,4,2,5.0
Louie Vito_S9,Louie Vito,9,4,3,6.0
Louie Vito_S9,Louie Vito,9,5,1,7.0
Louie Vito_S9,Louie Vito,9,5,2,8.0
Louie Vito_S9,Louie Vito,9,5,3,7.0
Louie Vito_S9,Louie Vito,9,6,1,8.0
Louie Vito_S9,Louie Vito,9,6,2,8.0
Louie Vito_S9,Louie Vito,9,6,3,8.0
Louie Vito_S9,Louie Vito,9,7,1,0.0
Louie Vito_S9,Louie Vito,9,7,2,0.0
Louie Vito_S9,Louie Vito,9,7,3,0.0
Louie Vito_S9,Louie Vito,9,8,1,0.0
Louie Vito_S9,Louie Vito,9,8,2,0.0
Louie Vito_S9,Louie Vito,9,8,3,0.0
Louie Vito_S9,Louie Vito,9,9,1,0.0
Louie Vito_S9,Louie Vito,9,9,2,0.0
Louie Vito_S9,Louie Vito,9,9,3,0.0
Louie Vito_S9,Louie Vito,9,10,1,0.0
Louie Vito_S9,Louie Vito,9,10,2,0.0
Louie Vito_S9,Louie Vito,9,10,3,0.0
Michael Irvin_S9,Michael Irvin,9,1,1,7.0
Michael Irvin_S9,Michael Irvin,9,1,2,6.0
Michael Irvin_S9,Michael Irvin,9,1,3,6.0
Michael Irvin_S9,Michael Irvin,9,2,1,7.0
Michael Irvin_S9,Michael Irvin,9,2,2,7.0
Michael Irvin_S9,Michael Irvin,9,2,3,6.0
Michael Irvin_S9,Michael Irvin,9,3,1,5.0
Michael Irvin_S9,Michael Irvin,9,3,2,4.0
Michael Irvin_S9,Michael Irvin,9,3,3,5.0
Michael Irvin_S9,Michael Irvin,9,4,1,5.0
Michael Irvin_S9,Michael Irvin,9,4,2,6.0
Michael Irvin_S9,Michael Irvin,9,4,3,5.0
Michael Irvin_S9,Michael Irvin,9,5,1,7.0
Michael Irvin_S9,Michael Irvin,9,5,2,7.0
Michael Irvin_S9,Michael Irvin,9,5,3,7.0
Michael Irvin_S9,Michael Irvin,9,6,1,6.6666
Michael Irvin_S9,Michael Irvin,9,6,2,8.6666
Michael Irvin_S9,Michael Irvin,9,6,3,6.6666
Michael Irvin_S9,Michael Irvin,9,7,1,8.0
Michael Irvin_S9,Michael Irvin,9,7,2,8.0
Michael Irvin_S9,Michael Irvin,9,7,3,7.5
Michael Irvin_S9,Michael Irvin,9,8,1,0.0
Michael Irvin_S9,Michael Irvin,9,8,2,0.0
Michael Irvin_S9,Michael Irvin,9,8,3,0.0
Michael Irvin_S9,Michael Irvin,9,9,1,0.0
Michael Irvin_S9,Michael Irvin,9,9,2,0.0
Michael Irvin_S9,Michael Irvin,9,9,3,0.0
Michael Irvin_S9,Michael Irvin,9,10,1,0.0
Michael Irvin_S9,Michael Irvin,9,10,2,0.0
Michael Irvin_S9,Michael Irvin,9,10,3,0.0
Joanna Krupa_S9,Joanna Krupa,9,1,1,11.3333
Joanna Krupa_S9,Joanna Krupa,9,1,2,11.3333
Joanna Krupa_S9,Joanna Krupa,9,1,3,11.3333
Joanna Krupa_S9,Joanna Krupa,9,2,1,6.0
Joanna Krupa_S9,Joanna Krupa,9,2,2,7.0
Joanna Krupa_S9,Joanna Krupa,9,2,3,7.0
Joanna Krupa_S9,Joanna Krupa,9,3,1,7.0
Joanna Krupa_S9,Joanna Krupa,9,3,2,8.0
Joanna Krupa_S9,Joanna Krupa,9,3,3,8.0
Joanna Krupa_S9,Joanna Krupa,9,4,1,9.0
Joanna Krupa_S9,Joanna Krupa,9,4,2,8.0
Joanna Krupa_S9,Joanna Krupa,9,4,3,9.0
Joanna Krupa_S9,Joanna Krupa,9,5,1,8.0
Joanna Krupa_S9,Joanna Krupa,9,5,2,8.0
Joanna Krupa_S9,Joanna Krupa,9,5,3,8.0
Joanna Krupa_S9,Joanna Krupa,9,6,1,11.3333
Joanna Krupa_S9,Joanna Krupa,9,6,2,12.3333
Joanna Krupa_S9,Joanna Krupa,9,6,3,12.3333
Joanna Krupa_S9,Joanna Krupa,9,7,1,9.0
Joanna Krupa_S9,Joanna Krupa,9,7,2,9.0
Joanna Krupa_S9,Joanna Krupa,9,7,3,9.5
Joanna Krupa_S9,Joanna Krupa,9,8,1,8.5
Joanna Krupa_S9,Joanna Krupa,9,8,2,8.5
Joanna Krupa_S9,Joanna Krupa,9,8,3,9.0
Joanna Krupa_S9,Joanna Krupa,9,9,1,9.0
Joanna Krupa_S9,Joanna Krupa,9,9,2,9.0
Joanna Krupa_S9,Joanna Krupa,9,9,3,9.0
Joanna Krupa_S9,Joanna Krupa,9,10,1,0.0
Joanna Krupa_S9,Joanna Krupa,9,10,2,0.0
Joanna Krupa_S9,Joanna Krupa,9,10,3,0.0
Kathy Ireland_S9,Kathy Ireland,9,1,1,7.3333
Kathy Ireland_S9,Kathy Ireland,9,1,2,6.3333
Kathy Ireland_S9,Kathy Ireland,9,1,3,6.3333
Kathy Ireland_S9,Kathy Ireland,9,2,1,6.0
Kathy Ireland_S9,Kathy Ireland,9,2,2,6.0
Kathy Ireland_S9,Kathy Ireland,9,2,3,6.0
Kathy Ireland_S9,Kathy Ireland,9,3,1,0.0
Kathy Ireland_S9,Kathy Ireland,9,3,2,0.0
Kathy Ireland_S9,Kathy Ireland,9,3,3,0.0
Kathy Ireland_S9,Kathy Ireland,9,4,1,0.0
Kathy Ireland_S9,Kathy Ireland,9,4,2,0.0
Kathy Ireland_S9,Kathy Ireland,9,4,3,0.0
Kathy Ireland_S9,Kathy Ireland,9,5,1,0.0
Kathy Ireland_S9,Kathy Ireland,9,5,2,0.0
Kathy Ireland_S9,Kathy Ireland,9,5,3,0.0
Kathy Ireland_S9,Kathy Ireland,9,6,1,0.0
Kathy Ireland_S9,Kathy Ireland,9,6,2,0.0
Kathy Ireland_S9,Kathy Ireland,9,6,3,0.0
Kathy Ireland_S9,Kathy Ireland,9,7,1,0.0
Kathy Ireland_S9,Kathy Ireland,9,7,2,0.0
Kathy Ireland_S9,Kathy Ireland,9,7,3,0.0
Kathy Ireland_S9,Kathy Ireland,9,8,1,0.0
Kathy Ireland_S9,Kathy Ireland,9,8,2,0.0
Kathy Ireland_S9,Kathy Ireland,9,8,3,0.0
Kathy Ireland_S9,Kathy Ireland,9,9,1,0.0
Kathy Ireland_S9,Kathy Ireland,9,9,2,0.0
Kathy Ireland_S9,Kathy Ireland,9,9,3,0.0
Kathy Ireland_S9,Kathy Ireland,9,10,1,0.0
Kathy Ireland_S9,Kathy Ireland,9,10,2,0.0
Kathy Ireland_S9,Kathy Ireland,9,10,3,0.0
Tom DeLay_S9,Tom DeLay,9,1,1,7.3333
Tom DeLay_S9,Tom DeLay,9,1,2,6.3333
Tom DeLay_S9,Tom DeLay,9,1,3,6.3333
Tom DeLay_S9,Tom DeLay,9,2,1,6.0
Tom DeLay_S9,Tom DeLay,9,2,2,6.0
Tom DeLay_S9,Tom DeLay,9,2,3,6.0
Tom DeLay_S9,Tom DeLay,9,3,1,6.0
Tom DeLay_S9,Tom DeLay,9,3,2,4.0
Tom DeLay_S9,Tom DeLay,9,3,3,5.0
Tom DeLay_S9,Tom DeLay,9,4,1,0.0
Tom DeLay_S9,Tom DeLay,9,4,2,0.0
Tom DeLay_S9,Tom DeLay,9,4,3,0.0
Tom DeLay_S9,Tom DeLay,9,5,1,0.0
Tom DeLay_S9,Tom DeLay,9,5,2,0.0
Tom DeLay_S9,Tom DeLay,9,5,3,0.0
Tom DeLay_S9,Tom DeLay,9,6,1,0.0
Tom DeLay_S9,Tom DeLay,9,6,2,0.0
Tom DeLay_S9,Tom DeLay,9,6,3,0.0
Tom DeLay_S9,Tom DeLay,9,7,1,0.0
Tom DeLay_S9,Tom DeLay,9,7,2,0.0
Tom DeLay_S9,Tom DeLay,9,7,3,0.0
Tom DeLay_S9,Tom DeLay,9,8,1,0.0
Tom DeLay_S9,Tom DeLay,9,8,2,0.0
Tom DeLay_S9,Tom DeLay,9,8,3,0.0
Tom DeLay_S9,Tom DeLay,9,9,1,0.0
Tom DeLay_S9,Tom DeLay,9,9,2,0.0
Tom DeLay_S9,Tom DeLay,9,9,3,0.0
Tom DeLay_S9,Tom DeLay,9,10,1,0.0
Tom DeLay_S9,Tom DeLay,9,10,2,0.0
Tom DeLay_S9,Tom DeLay,9,10,3,0.0
Macy Gray_S9,Macy Gray,9,1,1,7.3333
Macy Gray_S9,Macy Gray,9,1,2,5.3333
Macy Gray_S9,Macy Gray,9,1,3,6.3333
Macy Gray_S9,Macy Gray,9,2,1,0.0
Macy Gray_S9,Macy Gray,9,2,2,0.0
Macy Gray_S9,Macy Gray,9,2,3,0.0
Macy Gray_S9,Macy Gray,9,3,1,0.0
Macy Gray_S9,Macy Gray,9,3,2,0.0
Macy Gray_S9,Macy Gray,9,3,3,0.0
Macy Gray_S9,Macy Gray,9,4,1,0.0
Macy Gray_S9,Macy Gray,9,4,2,0.0
Macy Gray_S9,Macy Gray,9,4,3,0.0
Macy Gray_S9,Macy Gray,9,5,1,0.0
Macy Gray_S9,Macy Gray,9,5,2,0.0
Macy Gray_S9,Macy Gray,9,5,3,0.0
Macy Gray_S9,Macy Gray,9,6,1,0.0
Macy Gray_S9,Macy Gray,9,6,2,0.0
Macy Gray_S9,Macy Gray,9,6,3,0.0
Macy Gray_S9,Macy Gray,9,7,1,0.0
Macy Gray_S9,Macy Gray,9,7,2,0.0
Macy Gray_S9,Macy Gray,9,7,3,0.0
Macy Gray_S9,Macy Gray,9,8,1,0.0
Macy Gray_S9,Macy Gray,9,8,2,0.0
Macy Gray_S9,Macy Gray,9,8,3,0.0
Macy Gray_S9,Macy Gray,9,9,1,0.0
Macy Gray_S9,Macy Gray,9,9,2,0.0
Macy Gray_S9,Macy Gray,9,9,3,0.0
Macy Gray_S9,Macy Gray,9,10,1,0.0
Macy Gray_S9,Macy Gray,9,10,2,0.0
Macy Gray_S9,Macy Gray,9,10,3,0.0
Aaron Carter_S9,Aaron Carter,9,1,1,10.3333
Aaron Carter_S9,Aaron Carter,9,1,2,11.3333
Aaron Carter_S9,Aaron Carter,9,1,3,10.3333
Aaron Carter_S9,Aaron Carter,9,2,1,9.0
Aaron Carter_S9,Aaron Carter,9,2,2,9.0
Aaron Carter_S9,Aaron Carter,9,2,3,9.0
Aaron Carter_S9,Aaron Carter,9,3,1,8.0
Aaron Carter_S9,Aaron Carter,9,3,2,6.0
Aaron Carter_S9,Aaron Carter,9,3,3,7.0
Aaron Carter_S9,Aaron Carter,9,4,1,6.0
Aaron Carter_S9,Aaron Carter,9,4,2,6.0
Aaron Carter_S9,Aaron Carter,9,4,3,6.0
Aaron Carter_S9,Aaron Carter,9,5,1,8.0
Aaron Carter_S9,Aaron Carter,9,5,2,8.0
Aaron Carter_S9,Aaron Carter,9,5,3,8.0
Aaron Carter_S9,Aaron Carter,9,6,1,10.6666
Aaron Carter_S9,Aaron Carter,9,6,2,11.6666
Aaron Carter_S9,Aaron Carter,9,6,3,10.6666
Aaron Carter_S9,Aaron Carter,9,7,1,8.5
Aaron Carter_S9,Aaron Carter,9,7,2,9.0
Aaron Carter_S9,Aaron Carter,9,7,3,9.0
Aaron Carter_S9,Aaron Carter,9,8,1,8.0
Aaron Carter_S9,Aaron Carter,9,8,2,8.5
Aaron Carter_S9,Aaron Carter,9,8,3,8.5
Aaron Carter_S9,Aaron Carter,9,9,1,0.0
Aaron Carter_S9,Aaron Carter,9,9,2,0.0
Aaron Carter_S9,Aaron Carter,9,9,3,0.0
Aaron Carter_S9,Aaron Carter,9,10,1,0.0
Aaron Carter_S9,Aaron Carter,9,10,2,0.0
Aaron Carter_S9,Aaron Carter,9,10,3,0.0
Mya_S9,Mya,9,1,1,11.3333
Mya_S9,Mya,9,1,2,8.3333
Mya_S9,Mya,9,1,3,11.3333
Mya_S9,Mya,9,2,1,9.0
Mya_S9,Mya,9,2,2,9.0
Mya_S9,Mya,9,2,3,9.0
Mya_S9,Mya,9,3,1,10.0
Mya_S9,Mya,9,3,2,7.0
Mya_S9,Mya,9,3,3,10.0
Mya_S9,Mya,9,4,1,10.0
Mya_S9,Mya,9,4,2,8.0
Mya_S9,Mya,9,4,3,10.0
Mya_S9,Mya,9,5,1,9.0
Mya_S9,Mya,9,5,2,9.0
Mya_S9,Mya,9,5,3,9.0
Mya_S9,Mya,9,6,1,11.0
Mya_S9,Mya,9,6,2,10.0
Mya_S9,Mya,9,6,3,12.0
Mya_S9,Mya,9,7,1,8.5
Mya_S9,Mya,9,7,2,7.5
Mya_S9,Mya,9,7,3,8.5
Mya_S9,Mya,9,8,1,9.5
Mya_S9,Mya,9,8,2,10.0
Mya_S9,Mya,9,8,3,10.0
Mya_S9,Mya,9,9,1,9.3333
Mya_S9,Mya,9,9,2,9.6666
Mya_S9,Mya,9,9,3,10.0
Mya_S9,Mya,9,10,1,9.4444
Mya_S9,Mya,9,10,2,9.4444
Mya_S9,Mya,9,10,3,9.4444
Donny Osmond_S9,Donny Osmond,9,1,1,10.3333
Donny Osmond_S9,Donny Osmond,9,1,2,9.3333
Donny Osmond_S9,Donny Osmond,9,1,3,10.3333
Donny Osmond_S9,Donny Osmond,9,2,1,8.0
Donny Osmond_S9,Donny Osmond,9,2,2,9.0
Donny Osmond_S9,Donny Osmond,9,2,3,8.0
Donny Osmond_S9,Donny Osmond,9,3,1,7.0
Donny Osmond_S9,Donny Osmond,9,3,2,7.0
Donny Osmond_S9,Donny Osmond,9,3,3,7.0
Donny Osmond_S9,Donny Osmond,9,4,1,8.0
Donny Osmond_S9,Donny Osmond,9,4,2,8.0
Donny Osmond_S9,Donny Osmond,9,4,3,8.0
Donny Osmond_S9,Donny Osmond,9,5,1,10.0
Donny Osmond_S9,Donny Osmond,9,5,2,9.0
Donny Osmond_S9,Donny Osmond,9,5,3,10.0
Donny Osmond_S9,Donny Osmond,9,6,1,10.3333
Donny Osmond_S9,Donny Osmond,9,6,2,10.3333
Donny Osmond_S9,Donny Osmond,9,6,3,10.3333
Donny Osmond_S9,Donny Osmond,9,7,1,8.5
Donny Osmond_S9,Donny Osmond,9,7,2,8.5
Donny Osmond_S9,Donny Osmond,9,7,3,9.0
Donny Osmond_S9,Donny Osmond,9,8,1,8.5
Donny Osmond_S9,Donny Osmond,9,8,2,8.0
Donny Osmond_S9,Donny Osmond,9,8,3,8.5
Donny Osmond_S9,Donny Osmond,9,9,1,8.0
Donny Osmond_S9,Donny Osmond,9,9,2,8.3333
Donny Osmond_S9,Donny Osmond,9,9,3,8.3333
Donny Osmond_S9,Donny Osmond,9,10,1,9.6666
Donny Osmond_S9,Donny Osmond,9,10,2,9.6666
Donny Osmond_S9,Donny Osmond,9,10,3,9.6666
Kelly Osbourne_S9,Kelly Osbourne,9,1,1,9.6666
Kelly Osbourne_S9,Kelly Osbourne,9,1,2,10.6666
Kelly Osbourne_S9,Kelly Osbourne,9,1,3,10.6666
Kelly Osbourne_S9,Kelly Osbourne,9,2,1,6.0
Kelly Osbourne_S9,Kelly Osbourne,9,2,2,7.0
Kelly Osbourne_S9,Kelly Osbourne,9,2,3,6.0
Kelly Osbourne_S9,Kelly Osbourne,9,3,1,7.0
Kelly Osbourne_S9,Kelly Osbourne,9,3,2,6.0
Kelly Osbourne_S9,Kelly Osbourne,9,3,3,7.0
Kelly Osbourne_S9,Kelly Osbourne,9,4,1,8.0
Kelly Osbourne_S9,Kelly Osbourne,9,4,2,7.0
Kelly Osbourne_S9,Kelly Osbourne,9,4,3,8.0
Kelly Osbourne_S9,Kelly Osbourne,9,5,1,8.0
Kelly Osbourne_S9,Kelly Osbourne,9,5,2,8.0
Kelly Osbourne_S9,Kelly Osbourne,9,5,3,8.0
Kelly Osbourne_S9,Kelly Osbourne,9,6,1,8.6666
Kelly Osbourne_S9,Kelly Osbourne,9,6,2,7.6666
Kelly Osbourne_S9,Kelly Osbourne,9,6,3,8.6666
Kelly Osbourne_S9,Kelly Osbourne,9,7,1,8.5
Kelly Osbourne_S9,Kelly Osbourne,9,7,2,8.5
Kelly Osbourne_S9,Kelly Osbourne,9,7,3,9.0
Kelly Osbourne_S9,Kelly Osbourne,9,8,1,8.0
Kelly Osbourne_S9,Kelly Osbourne,9,8,2,8.5
Kelly Osbourne_S9,Kelly Osbourne,9,8,3,9.0
Kelly Osbourne_S9,Kelly Osbourne,9,9,1,8.6666
Kelly Osbourne_S9,Kelly Osbourne,9,9,2,8.6666
Kelly Osbourne_S9,Kelly Osbourne,9,9,3,8.6666
Kelly Osbourne_S9,Kelly Osbourne,9,10,1,8.5
Kelly Osbourne_S9,Kelly Osbourne,9,10,2,8.5
Kelly Osbourne_S9,Kelly Osbourne,9,10,3,8.2222
Aiden Turner_S10,Aiden Turner,10,1,1,5.0
Aiden Turner_S10,Aiden Turner,10,1,2,5.0
Aiden Turner_S10,Aiden Turner,10,1,3,5.0
Aiden Turner_S10,Aiden Turner,10,2,1,7.0
Aiden Turner_S10,Aiden Turner,10,2,2,6.0
Aiden Turner_S10,Aiden Turner,10,2,3,6.0
Aiden Turner_S10,Aiden Turner,10,3,1,7.0
Aiden Turner_S10,Aiden Turner,10,3,2,6.0
Aiden Turner_S10,Aiden Turner,10,3,3,7.0
Aiden Turner_S10,Aiden Turner,10,4,1,5.5
Aiden Turner_S10,Aiden Turner,10,4,2,5.5
Aiden Turner_S10,Aiden Turner,10,4,3,5.5
Aiden Turner_S10,Aiden Turner,10,5,1,0.0
Aiden Turner_S10,Aiden Turner,10,5,2,0.0
Aiden Turner_S10,Aiden Turner,10,5,3,0.0
Aiden Turner_S10,Aiden Turner,10,6,1,0.0
Aiden Turner_S10,Aiden Turner,10,6,2,0.0
Aiden Turner_S10,Aiden Turner,10,6,3,0.0
Aiden Turner_S10,Aiden Turner,10,7,1,0.0
Aiden Turner_S10,Aiden Turner,10,7,2,0.0
Aiden Turner_S10,Aiden Turner,10,7,3,0.0
Aiden Turner_S10,Aiden Turner,10,8,1,0.0
Aiden Turner_S10,Aiden Turner,10,8,2,0.0
Aiden Turner_S10,Aiden Turner,10,8,3,0.0
Aiden Turner_S10,Aiden Turner,10,9,1,0.0
Aiden Turner_S10,Aiden Turner,10,9,2,0.0
Aiden Turner_S10,Aiden Turner,10,9,3,0.0
Aiden Turner_S10,Aiden Turner,10,10,1,0.0
Aiden Turner_S10,Aiden Turner,10,10,2,0.0
Aiden Turner_S10,Aiden Turner,10,10,3,0.0
Shannen Doherty_S10,Shannen Doherty,10,1,1,6.0
Shannen Doherty_S10,Shannen Doherty,10,1,2,6.0
Shannen Doherty_S10,Shannen Doherty,10,1,3,6.0
Shannen Doherty_S10,Shannen Doherty,10,2,1,7.0
Shannen Doherty_S10,Shannen Doherty,10,2,2,6.0
Shannen Doherty_S10,Shannen Doherty,10,2,3,7.0
Shannen Doherty_S10,Shannen Doherty,10,3,1,0.0
Shannen Doherty_S10,Shannen Doherty,10,3,2,0.0
Shannen Doherty_S10,Shannen Doherty,10,3,3,0.0
Shannen Doherty_S10,Shannen Doherty,10,4,1,0.0
Shannen Doherty_S10,Shannen Doherty,10,4,2,0.0
Shannen Doherty_S10,Shannen Doherty,10,4,3,0.0
Shannen Doherty_S10,Shannen Doherty,10,5,1,0.0
Shannen Doherty_S10,Shannen Doherty,10,5,2,0.0
Shannen Doherty_S10,Shannen Doherty,10,5,3,0.0
Shannen Doherty_S10,Shannen Doherty,10,6,1,0.0
Shannen Doherty_S10,Shannen Doherty,10,6,2,0.0
Shannen Doherty_S10,Shannen Doherty,10,6,3,0.0
Shannen Doherty_S10,Shannen Doherty,10,7,1,0.0
Shannen Doherty_S10,Shannen Doherty,10,7,2,0.0
Shannen Doherty_S10,Shannen Doherty,10,7,3,0.0
Shannen Doherty_S10,Shannen Doherty,10,8,1,0.0
Shannen Doherty_S10,Shannen Doherty,10,8,2,0.0
Shannen Doherty_S10,Shannen Doherty,10,8,3,0.0
Shannen Doherty_S10,Shannen Doherty,10,9,1,0.0
Shannen Doherty_S10,Shannen Doherty,10,9,2,0.0
Shannen Doherty_S10,Shannen Doherty,10,9,3,0.0
Shannen Doherty_S10,Shannen Doherty,10,10,1,0.0
Shannen Doherty_S10,Shannen Doherty,10,10,2,0.0
Shannen Doherty_S10,Shannen Doherty,10,10,3,0.0
Niecy Nash_S10,Niecy Nash,10,1,1,7.0
Niecy Nash_S10,Niecy Nash,10,1,2,5.0
Niecy Nash_S10,Niecy Nash,10,1,3,6.0
Niecy Nash_S10,Niecy Nash,10,2,1,7.0
Niecy Nash_S10,Niecy Nash,10,2,2,7.0
Niecy Nash_S10,Niecy Nash,10,2,3,7.0
Niecy Nash_S10,Niecy Nash,10,3,1,7.0
Niecy Nash_S10,Niecy Nash,10,3,2,7.0
Niecy Nash_S10,Niecy Nash,10,3,3,7.0
Niecy Nash_S10,Niecy Nash,10,4,1,6.0
Niecy Nash_S10,Niecy Nash,10,4,2,6.0
Niecy Nash_S10,Niecy Nash,10,4,3,6.0
Niecy Nash_S10,Niecy Nash,10,5,1,6.0
Niecy Nash_S10,Niecy Nash,10,5,2,6.0
Niecy Nash_S10,Niecy Nash,10,5,3,6.0
Niecy Nash_S10,Niecy Nash,10,6,1,8.6666
Niecy Nash_S10,Niecy Nash,10,6,2,8.6666
Niecy Nash_S10,Niecy Nash,10,6,3,8.6666
Niecy Nash_S10,Niecy Nash,10,7,1,8.5
Niecy Nash_S10,Niecy Nash,10,7,2,8.0
Niecy Nash_S10,Niecy Nash,10,7,3,8.0
Niecy Nash_S10,Niecy Nash,10,8,1,7.0
Niecy Nash_S10,Niecy Nash,10,8,2,7.0
Niecy Nash_S10,Niecy Nash,10,8,3,7.5
Niecy Nash_S10,Niecy Nash,10,9,1,0.0
Niecy Nash_S10,Niecy Nash,10,9,2,0.0
Niecy Nash_S10,Niecy Nash,10,9,3,0.0
Niecy Nash_S10,Niecy Nash,10,10,1,0.0
Niecy Nash_S10,Niecy Nash,10,10,2,0.0
Niecy Nash_S10,Niecy Nash,10,10,3,0.0
Buzz Aldrin_S10,Buzz Aldrin,10,1,1,5.0
Buzz Aldrin_S10,Buzz Aldrin,10,1,2,4.0
Buzz Aldrin_S10,Buzz Aldrin,10,1,3,5.0
Buzz Aldrin_S10,Buzz Aldrin,10,2,1,4.0
Buzz Aldrin_S10,Buzz Aldrin,10,2,2,4.0
Buzz Aldrin_S10,Buzz Aldrin,10,2,3,4.0
Buzz Aldrin_S10,Buzz Aldrin,10,3,1,5.0
Buzz Aldrin_S10,Buzz Aldrin,10,3,2,4.0
Buzz Aldrin_S10,Buzz Aldrin,10,3,3,4.0
Buzz Aldrin_S10,Buzz Aldrin,10,4,1,0.0
Buzz Aldrin_S10,Buzz Aldrin,10,4,2,0.0
Buzz Aldrin_S10,Buzz Aldrin,10,4,3,0.0
Buzz Aldrin_S10,Buzz Aldrin,10,5,1,0.0
Buzz Aldrin_S10,Buzz Aldrin,10,5,2,0.0
Buzz Aldrin_S10,Buzz Aldrin,10,5,3,0.0
Buzz Aldrin_S10,Buzz Aldrin,10,6,1,0.0
Buzz Aldrin_S10,Buzz Aldrin,10,6,2,0.0
Buzz Aldrin_S10,Buzz Aldrin,10,6,3,0.0
Buzz Aldrin_S10,Buzz Aldrin,10,7,1,0.0
Buzz Aldrin_S10,Buzz Aldrin,10,7,2,0.0
Buzz Aldrin_S10,Buzz Aldrin,10,7,3,0.0
Buzz Aldrin_S10,Buzz Aldrin,10,8,1,0.0
Buzz Aldrin_S10,Buzz Aldrin,10,8,2,0.0
Buzz Aldrin_S10,Buzz Aldrin,10,8,3,0.0
Buzz Aldrin_S10,Buzz Aldrin,10,9,1,0.0
Buzz Aldrin_S10,Buzz Aldrin,10,9,2,0.0
Buzz Aldrin_S10,Buzz Aldrin,10,9,3,0.0
Buzz Aldrin_S10,Buzz Aldrin,10,10,1,0.0
Buzz Aldrin_S10,Buzz Aldrin,10,10,2,0.0
Buzz Aldrin_S10,Buzz Aldrin,10,10,3,0.0
Chad Ochocinco_S10,Chad Ochocinco,10,1,1,6.0
Chad Ochocinco_S10,Chad Ochocinco,10,1,2,6.0
Chad Ochocinco_S10,Chad Ochocinco,10,1,3,6.0
Chad Ochocinco_S10,Chad Ochocinco,10,2,1,6.0
Chad Ochocinco_S10,Chad Ochocinco,10,2,2,5.0
Chad Ochocinco_S10,Chad Ochocinco,10,2,3,5.0
Chad Ochocinco_S10,Chad Ochocinco,10,3,1,7.0
Chad Ochocinco_S10,Chad Ochocinco,10,3,2,6.0
Chad Ochocinco_S10,Chad Ochocinco,10,3,3,7.0
Chad Ochocinco_S10,Chad Ochocinco,10,4,1,7.5
Chad Ochocinco_S10,Chad Ochocinco,10,4,2,6.5
Chad Ochocinco_S10,Chad Ochocinco,10,4,3,8.0
Chad Ochocinco_S10,Chad Ochocinco,10,5,1,6.0
Chad Ochocinco_S10,Chad Ochocinco,10,5,2,6.0
Chad Ochocinco_S10,Chad Ochocinco,10,5,3,6.0
Chad Ochocinco_S10,Chad Ochocinco,10,6,1,10.3333
Chad Ochocinco_S10,Chad Ochocinco,10,6,2,10.3333
Chad Ochocinco_S10,Chad Ochocinco,10,6,3,10.3333
Chad Ochocinco_S10,Chad Ochocinco,10,7,1,8.5
Chad Ochocinco_S10,Chad Ochocinco,10,7,2,9.0
Chad Ochocinco_S10,Chad Ochocinco,10,7,3,8.5
Chad Ochocinco_S10,Chad Ochocinco,10,8,1,7.5
Chad Ochocinco_S10,Chad Ochocinco,10,8,2,7.5
Chad Ochocinco_S10,Chad Ochocinco,10,8,3,7.5
Chad Ochocinco_S10,Chad Ochocinco,10,9,1,8.5
Chad Ochocinco_S10,Chad Ochocinco,10,9,2,8.5
Chad Ochocinco_S10,Chad Ochocinco,10,9,3,9.0
Chad Ochocinco_S10,Chad Ochocinco,10,10,1,0.0
Chad Ochocinco_S10,Chad Ochocinco,10,10,2,0.0
Chad Ochocinco_S10,Chad Ochocinco,10,10,3,0.0
Evan Lysacek_S10,Evan Lysacek,10,1,1,8.0
Evan Lysacek_S10,Evan Lysacek,10,1,2,7.0
Evan Lysacek_S10,Evan Lysacek,10,1,3,8.0
Evan Lysacek_S10,Evan Lysacek,10,2,1,8.0
Evan Lysacek_S10,Evan Lysacek,10,2,2,8.0
Evan Lysacek_S10,Evan Lysacek,10,2,3,8.0
Evan Lysacek_S10,Evan Lysacek,10,3,1,9.0
Evan Lysacek_S10,Evan Lysacek,10,3,2,8.0
Evan Lysacek_S10,Evan Lysacek,10,3,3,9.0
Evan Lysacek_S10,Evan Lysacek,10,4,1,9.0
Evan Lysacek_S10,Evan Lysacek,10,4,2,8.0
Evan Lysacek_S10,Evan Lysacek,10,4,3,9.0
Evan Lysacek_S10,Evan Lysacek,10,5,1,9.0
Evan Lysacek_S10,Evan Lysacek,10,5,2,9.0
Evan Lysacek_S10,Evan Lysacek,10,5,3,9.0
Evan Lysacek_S10,Evan Lysacek,10,6,1,9.0
Evan Lysacek_S10,Evan Lysacek,10,6,2,9.0
Evan Lysacek_S10,Evan Lysacek,10,6,3,9.0
Evan Lysacek_S10,Evan Lysacek,10,7,1,9.0
Evan Lysacek_S10,Evan Lysacek,10,7,2,9.0
Evan Lysacek_S10,Evan Lysacek,10,7,3,9.0
Evan Lysacek_S10,Evan Lysacek,10,8,1,9.0
Evan Lysacek_S10,Evan Lysacek,10,8,2,8.5
Evan Lysacek_S10,Evan Lysacek,10,8,3,9.0
Evan Lysacek_S10,Evan Lysacek,10,9,1,10.0
Evan Lysacek_S10,Evan Lysacek,10,9,2,9.5
Evan Lysacek_S10,Evan Lysacek,10,9,3,10.0
Evan Lysacek_S10,Evan Lysacek,10,10,1,9.3333
Evan Lysacek_S10,Evan Lysacek,10,10,2,8.7777
Evan Lysacek_S10,Evan Lysacek,10,10,3,8.7777
Pamela Anderson_S10,Pamela Anderson,10,1,1,7.0
Pamela Anderson_S10,Pamela Anderson,10,1,2,6.0
Pamela Anderson_S10,Pamela Anderson,10,1,3,8.0
Pamela Anderson_S10,Pamela Anderson,10,2,1,7.0
Pamela Anderson_S10,Pamela Anderson,10,2,2,7.0
Pamela Anderson_S10,Pamela Anderson,10,2,3,8.0
Pamela Anderson_S10,Pamela Anderson,10,3,1,7.0
Pamela Anderson_S10,Pamela Anderson,10,3,2,7.0
Pamela Anderson_S10,Pamela Anderson,10,3,3,7.0
Pamela Anderson_S10,Pamela Anderson,10,4,1,7.5
Pamela Anderson_S10,Pamela Anderson,10,4,2,7.5
Pamela Anderson_S10,Pamela Anderson,10,4,3,8.5
Pamela Anderson_S10,Pamela Anderson,10,5,1,7.0
Pamela Anderson_S10,Pamela Anderson,10,5,2,6.0
Pamela Anderson_S10,Pamela Anderson,10,5,3,8.0
Pamela Anderson_S10,Pamela Anderson,10,6,1,9.6666
Pamela Anderson_S10,Pamela Anderson,10,6,2,9.6666
Pamela Anderson_S10,Pamela Anderson,10,6,3,10.6666
Pamela Anderson_S10,Pamela Anderson,10,7,1,8.5
Pamela Anderson_S10,Pamela Anderson,10,7,2,8.5
Pamela Anderson_S10,Pamela Anderson,10,7,3,8.5
Pamela Anderson_S10,Pamela Anderson,10,8,1,0.0
Pamela Anderson_S10,Pamela Anderson,10,8,2,0.0
Pamela Anderson_S10,Pamela Anderson,10,8,3,0.0
Pamela Anderson_S10,Pamela Anderson,10,9,1,0.0
Pamela Anderson_S10,Pamela Anderson,10,9,2,0.0
Pamela Anderson_S10,Pamela Anderson,10,9,3,0.0
Pamela Anderson_S10,Pamela Anderson,10,10,1,0.0
Pamela Anderson_S10,Pamela Anderson,10,10,2,0.0
Pamela Anderson_S10,Pamela Anderson,10,10,3,0.0
Nicole Scherzinger_S10,Nicole Scherzinger,10,1,1,9.0
Nicole Scherzinger_S10,Nicole Scherzinger,10,1,2,7.0
Nicole Scherzinger_S10,Nicole Scherzinger,10,1,3,9.0
Nicole Scherzinger_S10,Nicole Scherzinger,10,2,1,10.0
Nicole Scherzinger_S10,Nicole Scherzinger,10,2,2,8.0
Nicole Scherzinger_S10,Nicole Scherzinger,10,2,3,10.0
Nicole Scherzinger_S10,Nicole Scherzinger,10,3,1,8.0
Nicole Scherzinger_S10,Nicole Scherzinger,10,3,2,6.0
Nicole Scherzinger_S10,Nicole Scherzinger,10,3,3,9.0
Nicole Scherzinger_S10,Nicole Scherzinger,10,4,1,8.5
Nicole Scherzinger_S10,Nicole Scherzinger,10,4,2,8.0
Nicole Scherzinger_S10,Nicole Scherzinger,10,4,3,8.5
Nicole Scherzinger_S10,Nicole Scherzinger,10,5,1,10.0
Nicole Scherzinger_S10,Nicole Scherzinger,10,5,2,9.0
Nicole Scherzinger_S10,Nicole Scherzinger,10,5,3,10.0
Nicole Scherzinger_S10,Nicole Scherzinger,10,6,1,12.3333
Nicole Scherzinger_S10,Nicole Scherzinger,10,6,2,10.3333
Nicole Scherzinger_S10,Nicole Scherzinger,10,6,3,13.3333
Nicole Scherzinger_S10,Nicole Scherzinger,10,7,1,9.0
Nicole Scherzinger_S10,Nicole Scherzinger,10,7,2,9.0
Nicole Scherzinger_S10,Nicole Scherzinger,10,7,3,9.0
Nicole Scherzinger_S10,Nicole Scherzinger,10,8,1,10.0
Nicole Scherzinger_S10,Nicole Scherzinger,10,8,2,9.5
Nicole Scherzinger_S10,Nicole Scherzinger,10,8,3,10.0
Nicole Scherzinger_S10,Nicole Scherzinger,10,9,1,10.0
Nicole Scherzinger_S10,Nicole Scherzinger,10,9,2,9.5
Nicole Scherzinger_S10,Nicole Scherzinger,10,9,3,10.0
Nicole Scherzinger_S10,Nicole Scherzinger,10,10,1,9.5
Nicole Scherzinger_S10,Nicole Scherzinger,10,10,2,9.5
Nicole Scherzinger_S10,Nicole Scherzinger,10,10,3,9.7777
Erin Andrews_S10,Erin Andrews,10,1,1,7.0
Erin Andrews_S10,Erin Andrews,10,1,2,7.0
Erin Andrews_S10,Erin Andrews,10,1,3,7.0
Erin Andrews_S10,Erin Andrews,10,2,1,8.0
Erin Andrews_S10,Erin Andrews,10,2,2,7.0
Erin Andrews_S10,Erin Andrews,10,2,3,8.0
Erin Andrews_S10,Erin Andrews,10,3,1,8.0
Erin Andrews_S10,Erin Andrews,10,3,2,7.0
Erin Andrews_S10,Erin Andrews,10,3,3,8.0
Erin Andrews_S10,Erin Andrews,10,4,1,6.5
Erin Andrews_S10,Erin Andrews,10,4,2,6.5
Erin Andrews_S10,Erin Andrews,10,4,3,6.5
Erin Andrews_S10,Erin Andrews,10,5,1,7.0
Erin Andrews_S10,Erin Andrews,10,5,2,7.0
Erin Andrews_S10,Erin Andrews,10,5,3,8.0
Erin Andrews_S10,Erin Andrews,10,6,1,12.0
Erin Andrews_S10,Erin Andrews,10,6,2,10.0
Erin Andrews_S10,Erin Andrews,10,6,3,12.0
Erin Andrews_S10,Erin Andrews,10,7,1,8.5
Erin Andrews_S10,Erin Andrews,10,7,2,8.5
Erin Andrews_S10,Erin Andrews,10,7,3,8.5
Erin Andrews_S10,Erin Andrews,10,8,1,8.5
Erin Andrews_S10,Erin Andrews,10,8,2,9.0
Erin Andrews_S10,Erin Andrews,10,8,3,9.0
Erin Andrews_S10,Erin Andrews,10,9,1,9.5
Erin Andrews_S10,Erin Andrews,10,9,2,9.0
Erin Andrews_S10,Erin Andrews,10,9,3,9.5
Erin Andrews_S10,Erin Andrews,10,10,1,9.2222
Erin Andrews_S10,Erin Andrews,10,10,2,8.8888
Erin Andrews_S10,Erin Andrews,10,10,3,8.8888
Kate Gosselin_S10,Kate Gosselin,10,1,1,6.0
Kate Gosselin_S10,Kate Gosselin,10,1,2,5.0
Kate Gosselin_S10,Kate Gosselin,10,1,3,5.0
Kate Gosselin_S10,Kate Gosselin,10,2,1,5.0
Kate Gosselin_S10,Kate Gosselin,10,2,2,5.0
Kate Gosselin_S10,Kate Gosselin,10,2,3,5.0
Kate Gosselin_S10,Kate Gosselin,10,3,1,5.0
Kate Gosselin_S10,Kate Gosselin,10,3,2,5.0
Kate Gosselin_S10,Kate Gosselin,10,3,3,5.0
Kate Gosselin_S10,Kate Gosselin,10,4,1,5.0
Kate Gosselin_S10,Kate Gosselin,10,4,2,5.5
Kate Gosselin_S10,Kate Gosselin,10,4,3,5.5
Kate Gosselin_S10,Kate Gosselin,10,5,1,5.0
Kate Gosselin_S10,Kate Gosselin,10,5,2,5.0
Kate Gosselin_S10,Kate Gosselin,10,5,3,5.0
Kate Gosselin_S10,Kate Gosselin,10,6,1,0.0
Kate Gosselin_S10,Kate Gosselin,10,6,2,0.0
Kate Gosselin_S10,Kate Gosselin,10,6,3,0.0
Kate Gosselin_S10,Kate Gosselin,10,7,1,0.0
Kate Gosselin_S10,Kate Gosselin,10,7,2,0.0
Kate Gosselin_S10,Kate Gosselin,10,7,3,0.0
Kate Gosselin_S10,Kate Gosselin,10,8,1,0.0
Kate Gosselin_S10,Kate Gosselin,10,8,2,0.0
Kate Gosselin_S10,Kate Gosselin,10,8,3,0.0
Kate Gosselin_S10,Kate Gosselin,10,9,1,0.0
Kate Gosselin_S10,Kate Gosselin,10,9,2,0.0
Kate Gosselin_S10,Kate Gosselin,10,9,3,0.0
Kate Gosselin_S10,Kate Gosselin,10,10,1,0.0
Kate Gosselin_S10,Kate Gosselin,10,10,2,0.0
Kate Gosselin_S10,Kate Gosselin,10,10,3,0.0
Jake Pavelka_S10,Jake Pavelka,10,1,1,7.0
Jake Pavelka_S10,Jake Pavelka,10,1,2,6.0
Jake Pavelka_S10,Jake Pavelka,10,1,3,7.0
Jake Pavelka_S10,Jake Pavelka,10,2,1,6.0
Jake Pavelka_S10,Jake Pavelka,10,2,2,7.0
Jake Pavelka_S10,Jake Pavelka,10,2,3,7.0
Jake Pavelka_S10,Jake Pavelka,10,3,1,7.0
Jake Pavelka_S10,Jake Pavelka,10,3,2,7.0
Jake Pavelka_S10,Jake Pavelka,10,3,3,7.0
Jake Pavelka_S10,Jake Pavelka,10,4,1,6.5
Jake Pavelka_S10,Jake Pavelka,10,4,2,6.5
Jake Pavelka_S10,Jake Pavelka,10,4,3,6.0
Jake Pavelka_S10,Jake Pavelka,10,5,1,8.0
Jake Pavelka_S10,Jake Pavelka,10,5,2,7.0
Jake Pavelka_S10,Jake Pavelka,10,5,3,8.0
Jake Pavelka_S10,Jake Pavelka,10,6,1,8.3333
Jake Pavelka_S10,Jake Pavelka,10,6,2,8.3333
Jake Pavelka_S10,Jake Pavelka,10,6,3,8.3333
Jake Pavelka_S10,Jake Pavelka,10,7,1,0.0
Jake Pavelka_S10,Jake Pavelka,10,7,2,0.0
Jake Pavelka_S10,Jake Pavelka,10,7,3,0.0
Jake Pavelka_S10,Jake Pavelka,10,8,1,0.0
Jake Pavelka_S10,Jake Pavelka,10,8,2,0.0
Jake Pavelka_S10,Jake Pavelka,10,8,3,0.0
Jake Pavelka_S10,Jake Pavelka,10,9,1,0.0
Jake Pavelka_S10,Jake Pavelka,10,9,2,0.0
Jake Pavelka_S10,Jake Pavelka,10,9,3,0.0
Jake Pavelka_S10,Jake Pavelka,10,10,1,0.0
Jake Pavelka_S10,Jake Pavelka,10,10,2,0.0
Jake Pavelka_S10,Jake Pavelka,10,10,3,0.0
David Hasselhoff_S11,David Hasselhoff,11,1,1,5.0
David Hasselhoff_S11,David Hasselhoff,11,1,2,5.0
David Hasselhoff_S11,David Hasselhoff,11,1,3,5.0
David Hasselhoff_S11,David Hasselhoff,11,2,1,0.0
David Hasselhoff_S11,David Hasselhoff,11,2,2,0.0
David Hasselhoff_S11,David Hasselhoff,11,2,3,0.0
David Hasselhoff_S11,David Hasselhoff,11,3,1,0.0
David Hasselhoff_S11,David Hasselhoff,11,3,2,0.0
David Hasselhoff_S11,David Hasselhoff,11,3,3,0.0
David Hasselhoff_S11,David Hasselhoff,11,4,1,0.0
David Hasselhoff_S11,David Hasselhoff,11,4,2,0.0
David Hasselhoff_S11,David Hasselhoff,11,4,3,0.0
David Hasselhoff_S11,David Hasselhoff,11,5,1,0.0
David Hasselhoff_S11,David Hasselhoff,11,5,2,0.0
David Hasselhoff_S11,David Hasselhoff,11,5,3,0.0
David Hasselhoff_S11,David Hasselhoff,11,6,1,0.0
David Hasselhoff_S11,David Hasselhoff,11,6,2,0.0
David Hasselhoff_S11,David Hasselhoff,11,6,3,0.0
David Hasselhoff_S11,David Hasselhoff,11,7,1,0.0
David Hasselhoff_S11,David Hasselhoff,11,7,2,0.0
David Hasselhoff_S11,David Hasselhoff,11,7,3,0.0
David Hasselhoff_S11,David Hasselhoff,11,7,4,0.0
David Hasselhoff_S11,David Hasselhoff,11,8,1,0.0
David Hasselhoff_S11,David Hasselhoff,11,8,2,0.0
David Hasselhoff_S11,David Hasselhoff,11,8,3,0.0
David Hasselhoff_S11,David Hasselhoff,11,9,1,0.0
David Hasselhoff_S11,David Hasselhoff,11,9,2,0.0
David Hasselhoff_S11,David Hasselhoff,11,9,3,0.0
David Hasselhoff_S11,David Hasselhoff,11,10,1,0.0
David Hasselhoff_S11,David Hasselhoff,11,10,2,0.0
David Hasselhoff_S11,David Hasselhoff,11,10,3,0.0
Florence Henderson_S11,Florence Henderson,11,1,1,6.0
Florence Henderson_S11,Florence Henderson,11,1,2,6.0
Florence Henderson_S11,Florence Henderson,11,1,3,6.0
Florence Henderson_S11,Florence Henderson,11,2,1,7.0
Florence Henderson_S11,Florence Henderson,11,2,2,6.0
Florence Henderson_S11,Florence Henderson,11,2,3,6.0
Florence Henderson_S11,Florence Henderson,11,3,1,7.0
Florence Henderson_S11,Florence Henderson,11,3,2,6.0
Florence Henderson_S11,Florence Henderson,11,3,3,7.0
Florence Henderson_S11,Florence Henderson,11,4,1,6.0
Florence Henderson_S11,Florence Henderson,11,4,2,6.0
Florence Henderson_S11,Florence Henderson,11,4,3,5.5
Florence Henderson_S11,Florence Henderson,11,5,1,7.0
Florence Henderson_S11,Florence Henderson,11,5,2,7.0
Florence Henderson_S11,Florence Henderson,11,5,3,7.0
Florence Henderson_S11,Florence Henderson,11,6,1,0.0
Florence Henderson_S11,Florence Henderson,11,6,2,0.0
Florence Henderson_S11,Florence Henderson,11,6,3,0.0
Florence Henderson_S11,Florence Henderson,11,7,1,0.0
Florence Henderson_S11,Florence Henderson,11,7,2,0.0
Florence Henderson_S11,Florence Henderson,11,7,3,0.0
Florence Henderson_S11,Florence Henderson,11,7,4,0.0
Florence Henderson_S11,Florence Henderson,11,8,1,0.0
Florence Henderson_S11,Florence Henderson,11,8,2,0.0
Florence Henderson_S11,Florence Henderson,11,8,3,0.0
Florence Henderson_S11,Florence Henderson,11,9,1,0.0
Florence Henderson_S11,Florence Henderson,11,9,2,0.0
Florence Henderson_S11,Florence Henderson,11,9,3,0.0
Florence Henderson_S11,Florence Henderson,11,10,1,0.0
Florence Henderson_S11,Florence Henderson,11,10,2,0.0
Florence Henderson_S11,Florence Henderson,11,10,3,0.0
Kyle Massey_S11,Kyle Massey,11,1,1,8.0
Kyle Massey_S11,Kyle Massey,11,1,2,7.0
Kyle Massey_S11,Kyle Massey,11,1,3,8.0
Kyle Massey_S11,Kyle Massey,11,2,1,8.0
Kyle Massey_S11,Kyle Massey,11,2,2,7.0
Kyle Massey_S11,Kyle Massey,11,2,3,7.0
Kyle Massey_S11,Kyle Massey,11,3,1,8.0
Kyle Massey_S11,Kyle Massey,11,3,2,7.0
Kyle Massey_S11,Kyle Massey,11,3,3,8.0
Kyle Massey_S11,Kyle Massey,11,4,1,7.0
Kyle Massey_S11,Kyle Massey,11,4,2,6.5
Kyle Massey_S11,Kyle Massey,11,4,3,6.5
Kyle Massey_S11,Kyle Massey,11,5,1,8.0
Kyle Massey_S11,Kyle Massey,11,5,2,5.0
Kyle Massey_S11,Kyle Massey,11,5,3,7.0
Kyle Massey_S11,Kyle Massey,11,6,1,10.3333
Kyle Massey_S11,Kyle Massey,11,6,2,9.3333
Kyle Massey_S11,Kyle Massey,11,6,3,10.3333
Kyle Massey_S11,Kyle Massey,11,7,1,9.0
Kyle Massey_S11,Kyle Massey,11,7,2,8.5
Kyle Massey_S11,Kyle Massey,11,7,3,8.0
Kyle Massey_S11,Kyle Massey,11,7,4,8.0
Kyle Massey_S11,Kyle Massey,11,8,1,9.5
Kyle Massey_S11,Kyle Massey,11,8,2,9.0
Kyle Massey_S11,Kyle Massey,11,8,3,9.5
Kyle Massey_S11,Kyle Massey,11,9,1,10.0
Kyle Massey_S11,Kyle Massey,11,9,2,9.0
Kyle Massey_S11,Kyle Massey,11,9,3,10.0
Kyle Massey_S11,Kyle Massey,11,10,1,9.3333
Kyle Massey_S11,Kyle Massey,11,10,2,8.6666
Kyle Massey_S11,Kyle Massey,11,10,3,9.3333
Jennifer Grey_S11,Jennifer Grey,11,1,1,8.0
Jennifer Grey_S11,Jennifer Grey,11,1,2,8.0
Jennifer Grey_S11,Jennifer Grey,11,1,3,8.0
Jennifer Grey_S11,Jennifer Grey,11,2,1,8.0
Jennifer Grey_S11,Jennifer Grey,11,2,2,8.0
Jennifer Grey_S11,Jennifer Grey,11,2,3,8.0
Jennifer Grey_S11,Jennifer Grey,11,3,1,8.0
Jennifer Grey_S11,Jennifer Grey,11,3,2,8.0
Jennifer Grey_S11,Jennifer Grey,11,3,3,8.0
Jennifer Grey_S11,Jennifer Grey,11,4,1,9.5
Jennifer Grey_S11,Jennifer Grey,11,4,2,9.0
Jennifer Grey_S11,Jennifer Grey,11,4,3,9.5
Jennifer Grey_S11,Jennifer Grey,11,5,1,8.0
Jennifer Grey_S11,Jennifer Grey,11,5,2,8.0
Jennifer Grey_S11,Jennifer Grey,11,5,3,9.0
Jennifer Grey_S11,Jennifer Grey,11,6,1,9.0
Jennifer Grey_S11,Jennifer Grey,11,6,2,10.0
Jennifer Grey_S11,Jennifer Grey,11,6,3,10.0
Jennifer Grey_S11,Jennifer Grey,11,7,1,9.5
Jennifer Grey_S11,Jennifer Grey,11,7,2,9.0
Jennifer Grey_S11,Jennifer Grey,11,7,3,9.0
Jennifer Grey_S11,Jennifer Grey,11,7,4,9.0
Jennifer Grey_S11,Jennifer Grey,11,8,1,9.5
Jennifer Grey_S11,Jennifer Grey,11,8,2,9.5
Jennifer Grey_S11,Jennifer Grey,11,8,3,9.5
Jennifer Grey_S11,Jennifer Grey,11,9,1,10.0
Jennifer Grey_S11,Jennifer Grey,11,9,2,10.0
Jennifer Grey_S11,Jennifer Grey,11,9,3,10.0
Jennifer Grey_S11,Jennifer Grey,11,10,1,10.0
Jennifer Grey_S11,Jennifer Grey,11,10,2,10.0
Jennifer Grey_S11,Jennifer Grey,11,10,3,10.0
Rick Fox_S11,Rick Fox,11,1,1,8.0
Rick Fox_S11,Rick Fox,11,1,2,7.0
Rick Fox_S11,Rick Fox,11,1,3,7.0
Rick Fox_S11,Rick Fox,11,2,1,7.0
Rick Fox_S11,Rick Fox,11,2,2,7.0
Rick Fox_S11,Rick Fox,11,2,3,7.0
Rick Fox_S11,Rick Fox,11,3,1,8.0
Rick Fox_S11,Rick Fox,11,3,2,8.0
Rick Fox_S11,Rick Fox,11,3,3,8.0
Rick Fox_S11,Rick Fox,11,4,1,6.0
Rick Fox_S11,Rick Fox,11,4,2,7.0
Rick Fox_S11,Rick Fox,11,4,3,6.5
Rick Fox_S11,Rick Fox,11,5,1,8.0
Rick Fox_S11,Rick Fox,11,5,2,8.0
Rick Fox_S11,Rick Fox,11,5,3,8.0
Rick Fox_S11,Rick Fox,11,6,1,10.0
Rick Fox_S11,Rick Fox,11,6,2,10.0
Rick Fox_S11,Rick Fox,11,6,3,10.0
Rick Fox_S11,Rick Fox,11,7,1,9.0
Rick Fox_S11,Rick Fox,11,7,2,8.5
Rick Fox_S11,Rick Fox,11,7,3,8.5
Rick Fox_S11,Rick Fox,11,7,4,8.5
Rick Fox_S11,Rick Fox,11,8,1,0.0
Rick Fox_S11,Rick Fox,11,8,2,0.0
Rick Fox_S11,Rick Fox,11,8,3,0.0
Rick Fox_S11,Rick Fox,11,9,1,0.0
Rick Fox_S11,Rick Fox,11,9,2,0.0
Rick Fox_S11,Rick Fox,11,9,3,0.0
Rick Fox_S11,Rick Fox,11,10,1,0.0
Rick Fox_S11,Rick Fox,11,10,2,0.0
Rick Fox_S11,Rick Fox,11,10,3,0.0
Kurt Warner_S11,Kurt Warner,11,1,1,7.0
Kurt Warner_S11,Kurt Warner,11,1,2,5.0
Kurt Warner_S11,Kurt Warner,11,1,3,7.0
Kurt Warner_S11,Kurt Warner,11,2,1,7.0
Kurt Warner_S11,Kurt Warner,11,2,2,7.0
Kurt Warner_S11,Kurt Warner,11,2,3,7.0
Kurt Warner_S11,Kurt Warner,11,3,1,8.0
Kurt Warner_S11,Kurt Warner,11,3,2,8.0
Kurt Warner_S11,Kurt Warner,11,3,3,7.0
Kurt Warner_S11,Kurt Warner,11,4,1,6.0
Kurt Warner_S11,Kurt Warner,11,4,2,5.5
Kurt Warner_S11,Kurt Warner,11,4,3,5.5
Kurt Warner_S11,Kurt Warner,11,5,1,8.0
Kurt Warner_S11,Kurt Warner,11,5,2,8.0
Kurt Warner_S11,Kurt Warner,11,5,3,8.0
Kurt Warner_S11,Kurt Warner,11,6,1,7.3333
Kurt Warner_S11,Kurt Warner,11,6,2,7.3333
Kurt Warner_S11,Kurt Warner,11,6,3,7.3333
Kurt Warner_S11,Kurt Warner,11,7,1,9.5
Kurt Warner_S11,Kurt Warner,11,7,2,8.5
Kurt Warner_S11,Kurt Warner,11,7,3,8.5
Kurt Warner_S11,Kurt Warner,11,7,4,8.5
Kurt Warner_S11,Kurt Warner,11,8,1,8.0
Kurt Warner_S11,Kurt Warner,11,8,2,8.0
Kurt Warner_S11,Kurt Warner,11,8,3,8.0
Kurt Warner_S11,Kurt Warner,11,9,1,0.0
Kurt Warner_S11,Kurt Warner,11,9,2,0.0
Kurt Warner_S11,Kurt Warner,11,9,3,0.0
Kurt Warner_S11,Kurt Warner,11,10,1,0.0
Kurt Warner_S11,Kurt Warner,11,10,2,0.0
Kurt Warner_S11,Kurt Warner,11,10,3,0.0
Margaret Cho_S11,Margaret Cho,11,1,1,5.0
Margaret Cho_S11,Margaret Cho,11,1,2,5.0
Margaret Cho_S11,Margaret Cho,11,1,3,5.0
Margaret Cho_S11,Margaret Cho,11,2,1,6.0
Margaret Cho_S11,Margaret Cho,11,2,2,6.0
Margaret Cho_S11,Margaret Cho,11,2,3,6.0
Margaret Cho_S11,Margaret Cho,11,3,1,6.0
Margaret Cho_S11,Margaret Cho,11,3,2,6.0
Margaret Cho_S11,Margaret Cho,11,3,3,6.0
Margaret Cho_S11,Margaret Cho,11,4,1,0.0
Margaret Cho_S11,Margaret Cho,11,4,2,0.0
Margaret Cho_S11,Margaret Cho,11,4,3,0.0
Margaret Cho_S11,Margaret Cho,11,5,1,0.0
Margaret Cho_S11,Margaret Cho,11,5,2,0.0
Margaret Cho_S11,Margaret Cho,11,5,3,0.0
Margaret Cho_S11,Margaret Cho,11,6,1,0.0
Margaret Cho_S11,Margaret Cho,11,6,2,0.0
Margaret Cho_S11,Margaret Cho,11,6,3,0.0
Margaret Cho_S11,Margaret Cho,11,7,1,0.0
Margaret Cho_S11,Margaret Cho,11,7,2,0.0
Margaret Cho_S11,Margaret Cho,11,7,3,0.0
Margaret Cho_S11,Margaret Cho,11,7,4,0.0
Margaret Cho_S11,Margaret Cho,11,8,1,0.0
Margaret Cho_S11,Margaret Cho,11,8,2,0.0
Margaret Cho_S11,Margaret Cho,11,8,3,0.0
Margaret Cho_S11,Margaret Cho,11,9,1,0.0
Margaret Cho_S11,Margaret Cho,11,9,2,0.0
Margaret Cho_S11,Margaret Cho,11,9,3,0.0
Margaret Cho_S11,Margaret Cho,11,10,1,0.0
Margaret Cho_S11,Margaret Cho,11,10,2,0.0
Margaret Cho_S11,Margaret Cho,11,10,3,0.0
Michael Bolton_S11,Michael Bolton,11,1,1,6.0
Michael Bolton_S11,Michael Bolton,11,1,2,5.0
Michael Bolton_S11,Michael Bolton,11,1,3,5.0
Michael Bolton_S11,Michael Bolton,11,2,1,4.0
Michael Bolton_S11,Michael Bolton,11,2,2,5.0
Michael Bolton_S11,Michael Bolton,11,2,3,3.0
Michael Bolton_S11,Michael Bolton,11,3,1,0.0
Michael Bolton_S11,Michael Bolton,11,3,2,0.0
Michael Bolton_S11,Michael Bolton,11,3,3,0.0
Michael Bolton_S11,Michael Bolton,11,4,1,0.0
Michael Bolton_S11,Michael Bolton,11,4,2,0.0
Michael Bolton_S11,Michael Bolton,11,4,3,0.0
Michael Bolton_S11,Michael Bolton,11,5,1,0.0
Michael Bolton_S11,Michael Bolton,11,5,2,0.0
Michael Bolton_S11,Michael Bolton,11,5,3,0.0
Michael Bolton_S11,Michael Bolton,11,6,1,0.0
Michael Bolton_S11,Michael Bolton,11,6,2,0.0
Michael Bolton_S11,Michael Bolton,11,6,3,0.0
Michael Bolton_S11,Michael Bolton,11,7,1,0.0
Michael Bolton_S11,Michael Bolton,11,7,2,0.0
Michael Bolton_S11,Michael Bolton,11,7,3,0.0
Michael Bolton_S11,Michael Bolton,11,7,4,0.0
Michael Bolton_S11,Michael Bolton,11,8,1,0.0
Michael Bolton_S11,Michael Bolton,11,8,2,0.0
Michael Bolton_S11,Michael Bolton,11,8,3,0.0
Michael Bolton_S11,Michael Bolton,11,9,1,0.0
Michael Bolton_S11,Michael Bolton,11,9,2,0.0
Michael Bolton_S11,Michael Bolton,11,9,3,0.0
Michael Bolton_S11,Michael Bolton,11,10,1,0.0
Michael Bolton_S11,Michael Bolton,11,10,2,0.0
Michael Bolton_S11,Michael Bolton,11,10,3,0.0
Brandy_S11,Brandy,11,1,1,7.0
Brandy_S11,Brandy,11,1,2,8.0
Brandy_S11,Brandy,11,1,3,8.0
Brandy_S11,Brandy,11,2,1,7.0
Brandy_S11,Brandy,11,2,2,7.0
Brandy_S11,Brandy,11,2,3,7.0
Brandy_S11,Brandy,11,3,1,8.0
Brandy_S11,Brandy,11,3,2,8.0
Brandy_S11,Brandy,11,3,3,8.0
Brandy_S11,Brandy,11,4,1,8.0
Brandy_S11,Brandy,11,4,2,8.0
Brandy_S11,Brandy,11,4,3,8.0
Brandy_S11,Brandy,11,5,1,9.0
Brandy_S11,Brandy,11,5,2,9.0
Brandy_S11,Brandy,11,5,3,9.0
Brandy_S11,Brandy,11,6,1,11.3333
Brandy_S11,Brandy,11,6,2,12.3333
Brandy_S11,Brandy,11,6,3,12.3333
Brandy_S11,Brandy,11,7,1,9.0
Brandy_S11,Brandy,11,7,2,9.0
Brandy_S11,Brandy,11,7,3,9.5
Brandy_S11,Brandy,11,7,4,9.0
Brandy_S11,Brandy,11,8,1,9.0
Brandy_S11,Brandy,11,8,2,9.5
Brandy_S11,Brandy,11,8,3,10.0
Brandy_S11,Brandy,11,9,1,9.5
Brandy_S11,Brandy,11,9,2,9.5
Brandy_S11,Brandy,11,9,3,9.5
Brandy_S11,Brandy,11,10,1,0.0
Brandy_S11,Brandy,11,10,2,0.0
Brandy_S11,Brandy,11,10,3,0.0
The Situation_S11,The Situation,11,1,1,5.0
The Situation_S11,The Situation,11,1,2,5.0
The Situation_S11,The Situation,11,1,3,5.0
The Situation_S11,The Situation,11,2,1,6.0
The Situation_S11,The Situation,11,2,2,6.0
The Situation_S11,The Situation,11,2,3,6.0
The Situation_S11,The Situation,11,3,1,7.0
The Situation_S11,The Situation,11,3,2,6.0
The Situation_S11,The Situation,11,3,3,7.0
The Situation_S11,The Situation,11,4,1,5.0
The Situation_S11,The Situation,11,4,2,4.5
The Situation_S11,The Situation,11,4,3,4.5
The Situation_S11,The Situation,11,5,1,0.0
The Situation_S11,The Situation,11,5,2,0.0
The Situation_S11,The Situation,11,5,3,0.0
The Situation_S11,The Situation,11,6,1,0.0
The Situation_S11,The Situation,11,6,2,0.0
The Situation_S11,The Situation,11,6,3,0.0
The Situation_S11,The Situation,11,7,1,0.0
The Situation_S11,The Situation,11,7,2,0.0
The Situation_S11,The Situation,11,7,3,0.0
The Situation_S11,The Situation,11,7,4,0.0
The Situation_S11,The Situation,11,8,1,0.0
The Situation_S11,The Situation,11,8,2,0.0
The Situation_S11,The Situation,11,8,3,0.0
The Situation_S11,The Situation,11,9,1,0.0
The Situation_S11,The Situation,11,9,2,0.0
The Situation_S11,The Situation,11,9,3,0.0
The Situation_S11,The Situation,11,10,1,0.0
The Situation_S11,The Situation,11,10,2,0.0
The Situation_S11,The Situation,11,10,3,0.0
Audrina Patridge_S11,Audrina Patridge,11,1,1,6.0
Audrina Patridge_S11,Audrina Patridge,11,1,2,7.0
Audrina Patridge_S11,Audrina Patridge,11,1,3,6.0
Audrina Patridge_S11,Audrina Patridge,11,2,1,8.0
Audrina Patridge_S11,Audrina Patridge,11,2,2,8.0
Audrina Patridge_S11,Audrina Patridge,11,2,3,7.0
Audrina Patridge_S11,Audrina Patridge,11,3,1,8.0
Audrina Patridge_S11,Audrina Patridge,11,3,2,9.0
Audrina Patridge_S11,Audrina Patridge,11,3,3,9.0
Audrina Patridge_S11,Audrina Patridge,11,4,1,8.0
Audrina Patridge_S11,Audrina Patridge,11,4,2,7.5
Audrina Patridge_S11,Audrina Patridge,11,4,3,7.5
Audrina Patridge_S11,Audrina Patridge,11,5,1,7.0
Audrina Patridge_S11,Audrina Patridge,11,5,2,8.0
Audrina Patridge_S11,Audrina Patridge,11,5,3,8.0
Audrina Patridge_S11,Audrina Patridge,11,6,1,10.6666
Audrina Patridge_S11,Audrina Patridge,11,6,2,10.6666
Audrina Patridge_S11,Audrina Patridge,11,6,3,10.6666
Audrina Patridge_S11,Audrina Patridge,11,7,1,0.0
Audrina Patridge_S11,Audrina Patridge,11,7,2,0.0
Audrina Patridge_S11,Audrina Patridge,11,7,3,0.0
Audrina Patridge_S11,Audrina Patridge,11,7,4,0.0
Audrina Patridge_S11,Audrina Patridge,11,8,1,0.0
Audrina Patridge_S11,Audrina Patridge,11,8,2,0.0
Audrina Patridge_S11,Audrina Patridge,11,8,3,0.0
Audrina Patridge_S11,Audrina Patridge,11,9,1,0.0
Audrina Patridge_S11,Audrina Patridge,11,9,2,0.0
Audrina Patridge_S11,Audrina Patridge,11,9,3,0.0
Audrina Patridge_S11,Audrina Patridge,11,10,1,0.0
Audrina Patridge_S11,Audrina Patridge,11,10,2,0.0
Audrina Patridge_S11,Audrina Patridge,11,10,3,0.0
Bristol Palin_S11,Bristol Palin,11,1,1,6.0
Bristol Palin_S11,Bristol Palin,11,1,2,6.0
Bristol Palin_S11,Bristol Palin,11,1,3,6.0
Bristol Palin_S11,Bristol Palin,11,2,1,7.0
Bristol Palin_S11,Bristol Palin,11,2,2,8.0
Bristol Palin_S11,Bristol Palin,11,2,3,7.0
Bristol Palin_S11,Bristol Palin,11,3,1,6.0
Bristol Palin_S11,Bristol Palin,11,3,2,6.0
Bristol Palin_S11,Bristol Palin,11,3,3,7.0
Bristol Palin_S11,Bristol Palin,11,4,1,5.0
Bristol Palin_S11,Bristol Palin,11,4,2,5.5
Bristol Palin_S11,Bristol Palin,11,4,3,5.5
Bristol Palin_S11,Bristol Palin,11,5,1,6.0
Bristol Palin_S11,Bristol Palin,11,5,2,6.0
Bristol Palin_S11,Bristol Palin,11,5,3,6.0
Bristol Palin_S11,Bristol Palin,11,6,1,9.6666
Bristol Palin_S11,Bristol Palin,11,6,2,8.6666
Bristol Palin_S11,Bristol Palin,11,6,3,9.6666
Bristol Palin_S11,Bristol Palin,11,7,1,8.5
Bristol Palin_S11,Bristol Palin,11,7,2,8.0
Bristol Palin_S11,Bristol Palin,11,7,3,8.0
Bristol Palin_S11,Bristol Palin,11,7,4,8.0
Bristol Palin_S11,Bristol Palin,11,8,1,7.5
Bristol Palin_S11,Bristol Palin,11,8,2,8.0
Bristol Palin_S11,Bristol Palin,11,8,3,8.0
Bristol Palin_S11,Bristol Palin,11,9,1,8.5
Bristol Palin_S11,Bristol Palin,11,9,2,9.0
Bristol Palin_S11,Bristol Palin,11,9,3,9.0
Bristol Palin_S11,Bristol Palin,11,10,1,8.3333
Bristol Palin_S11,Bristol Palin,11,10,2,9.0
Bristol Palin_S11,Bristol Palin,11,10,3,8.3333
Ralph Macchio_S12,Ralph Macchio,12,1,1,8.0
Ralph Macchio_S12,Ralph Macchio,12,1,2,8.0
Ralph Macchio_S12,Ralph Macchio,12,1,3,8.0
Ralph Macchio_S12,Ralph Macchio,12,2,1,7.0
Ralph Macchio_S12,Ralph Macchio,12,2,2,7.0
Ralph Macchio_S12,Ralph Macchio,12,2,3,7.0
Ralph Macchio_S12,Ralph Macchio,12,3,1,7.0
Ralph Macchio_S12,Ralph Macchio,12,3,2,7.0
Ralph Macchio_S12,Ralph Macchio,12,3,3,7.0
Ralph Macchio_S12,Ralph Macchio,12,4,1,8.0
Ralph Macchio_S12,Ralph Macchio,12,4,2,8.0
Ralph Macchio_S12,Ralph Macchio,12,4,3,9.0
Ralph Macchio_S12,Ralph Macchio,12,5,1,8.0
Ralph Macchio_S12,Ralph Macchio,12,5,2,7.0
Ralph Macchio_S12,Ralph Macchio,12,5,3,7.0
Ralph Macchio_S12,Ralph Macchio,12,6,1,8.0
Ralph Macchio_S12,Ralph Macchio,12,6,2,8.0
Ralph Macchio_S12,Ralph Macchio,12,6,3,8.0
Ralph Macchio_S12,Ralph Macchio,12,7,1,9.0
Ralph Macchio_S12,Ralph Macchio,12,7,2,8.5
Ralph Macchio_S12,Ralph Macchio,12,7,3,7.5
Ralph Macchio_S12,Ralph Macchio,12,7,4,8.0
Ralph Macchio_S12,Ralph Macchio,12,8,1,7.5
Ralph Macchio_S12,Ralph Macchio,12,8,2,7.5
Ralph Macchio_S12,Ralph Macchio,12,8,3,8.0
Ralph Macchio_S12,Ralph Macchio,12,9,1,8.0
Ralph Macchio_S12,Ralph Macchio,12,9,2,8.0
Ralph Macchio_S12,Ralph Macchio,12,9,3,8.0
Ralph Macchio_S12,Ralph Macchio,12,10,1,0.0
Ralph Macchio_S12,Ralph Macchio,12,10,2,0.0
Ralph Macchio_S12,Ralph Macchio,12,10,3,0.0
Chelsea Kane_S12,Chelsea Kane,12,1,1,7.0
Chelsea Kane_S12,Chelsea Kane,12,1,2,7.0
Chelsea Kane_S12,Chelsea Kane,12,1,3,7.0
Chelsea Kane_S12,Chelsea Kane,12,2,1,6.0
Chelsea Kane_S12,Chelsea Kane,12,2,2,5.0
Chelsea Kane_S12,Chelsea Kane,12,2,3,7.0
Chelsea Kane_S12,Chelsea Kane,12,3,1,7.0
Chelsea Kane_S12,Chelsea Kane,12,3,2,8.0
Chelsea Kane_S12,Chelsea Kane,12,3,3,8.0
Chelsea Kane_S12,Chelsea Kane,12,4,1,9.0
Chelsea Kane_S12,Chelsea Kane,12,4,2,8.0
Chelsea Kane_S12,Chelsea Kane,12,4,3,9.0
Chelsea Kane_S12,Chelsea Kane,12,5,1,9.0
Chelsea Kane_S12,Chelsea Kane,12,5,2,8.0
Chelsea Kane_S12,Chelsea Kane,12,5,3,9.0
Chelsea Kane_S12,Chelsea Kane,12,6,1,10.0
Chelsea Kane_S12,Chelsea Kane,12,6,2,9.0
Chelsea Kane_S12,Chelsea Kane,12,6,3,9.0
Chelsea Kane_S12,Chelsea Kane,12,7,1,8.0
Chelsea Kane_S12,Chelsea Kane,12,7,2,8.5
Chelsea Kane_S12,Chelsea Kane,12,7,3,7.5
Chelsea Kane_S12,Chelsea Kane,12,7,4,8.0
Chelsea Kane_S12,Chelsea Kane,12,8,1,9.0
Chelsea Kane_S12,Chelsea Kane,12,8,2,9.0
Chelsea Kane_S12,Chelsea Kane,12,8,3,9.5
Chelsea Kane_S12,Chelsea Kane,12,9,1,12.0
Chelsea Kane_S12,Chelsea Kane,12,9,2,12.0
Chelsea Kane_S12,Chelsea Kane,12,9,3,12.5
Chelsea Kane_S12,Chelsea Kane,12,10,1,10.0
Chelsea Kane_S12,Chelsea Kane,12,10,2,9.6666
Chelsea Kane_S12,Chelsea Kane,12,10,3,10.0
Kirstie Alley_S12,Kirstie Alley,12,1,1,8.0
Kirstie Alley_S12,Kirstie Alley,12,1,2,7.0
Kirstie Alley_S12,Kirstie Alley,12,1,3,8.0
Kirstie Alley_S12,Kirstie Alley,12,2,1,7.0
Kirstie Alley_S12,Kirstie Alley,12,2,2,6.0
Kirstie Alley_S12,Kirstie Alley,12,2,3,7.0
Kirstie Alley_S12,Kirstie Alley,12,3,1,7.0
Kirstie Alley_S12,Kirstie Alley,12,3,2,7.0
Kirstie Alley_S12,Kirstie Alley,12,3,3,7.0
Kirstie Alley_S12,Kirstie Alley,12,4,1,7.0
Kirstie Alley_S12,Kirstie Alley,12,4,2,7.0
Kirstie Alley_S12,Kirstie Alley,12,4,3,8.0
Kirstie Alley_S12,Kirstie Alley,12,5,1,8.0
Kirstie Alley_S12,Kirstie Alley,12,5,2,7.0
Kirstie Alley_S12,Kirstie Alley,12,5,3,8.0
Kirstie Alley_S12,Kirstie Alley,12,6,1,8.0
Kirstie Alley_S12,Kirstie Alley,12,6,2,9.0
Kirstie Alley_S12,Kirstie Alley,12,6,3,9.0
Kirstie Alley_S12,Kirstie Alley,12,7,1,8.0
Kirstie Alley_S12,Kirstie Alley,12,7,2,7.0
Kirstie Alley_S12,Kirstie Alley,12,7,3,7.0
Kirstie Alley_S12,Kirstie Alley,12,7,4,8.0
Kirstie Alley_S12,Kirstie Alley,12,8,1,8.5
Kirstie Alley_S12,Kirstie Alley,12,8,2,9.0
Kirstie Alley_S12,Kirstie Alley,12,8,3,9.0
Kirstie Alley_S12,Kirstie Alley,12,9,1,9.0
Kirstie Alley_S12,Kirstie Alley,12,9,2,9.0
Kirstie Alley_S12,Kirstie Alley,12,9,3,9.0
Kirstie Alley_S12,Kirstie Alley,12,10,1,9.3333
Kirstie Alley_S12,Kirstie Alley,12,10,2,9.3333
Kirstie Alley_S12,Kirstie Alley,12,10,3,9.3333
Hines Ward_S12,Hines Ward,12,1,1,7.0
Hines Ward_S12,Hines Ward,12,1,2,7.0
Hines Ward_S12,Hines Ward,12,1,3,7.0
Hines Ward_S12,Hines Ward,12,2,1,8.0
Hines Ward_S12,Hines Ward,12,2,2,7.0
Hines Ward_S12,Hines Ward,12,2,3,8.0
Hines Ward_S12,Hines Ward,12,3,1,9.0
Hines Ward_S12,Hines Ward,12,3,2,8.0
Hines Ward_S12,Hines Ward,12,3,3,8.0
Hines Ward_S12,Hines Ward,12,4,1,9.0
Hines Ward_S12,Hines Ward,12,4,2,8.0
Hines Ward_S12,Hines Ward,12,4,3,8.0
Hines Ward_S12,Hines Ward,12,5,1,9.0
Hines Ward_S12,Hines Ward,12,5,2,9.0
Hines Ward_S12,Hines Ward,12,5,3,9.0
Hines Ward_S12,Hines Ward,12,6,1,9.0
Hines Ward_S12,Hines Ward,12,6,2,9.0
Hines Ward_S12,Hines Ward,12,6,3,9.0
Hines Ward_S12,Hines Ward,12,7,1,8.0
Hines Ward_S12,Hines Ward,12,7,2,8.0
Hines Ward_S12,Hines Ward,12,7,3,8.0
Hines Ward_S12,Hines Ward,12,7,4,9.0
Hines Ward_S12,Hines Ward,12,8,1,9.0
Hines Ward_S12,Hines Ward,12,8,2,9.0
Hines Ward_S12,Hines Ward,12,8,3,9.0
Hines Ward_S12,Hines Ward,12,9,1,10.0
Hines Ward_S12,Hines Ward,12,9,2,10.0
Hines Ward_S12,Hines Ward,12,9,3,10.0
Hines Ward_S12,Hines Ward,12,10,1,10.0
Hines Ward_S12,Hines Ward,12,10,2,9.6666
Hines Ward_S12,Hines Ward,12,10,3,10.0
Sugar Ray Leonard_S12,Sugar Ray Leonard,12,1,1,6.0
Sugar Ray Leonard_S12,Sugar Ray Leonard,12,1,2,5.0
Sugar Ray Leonard_S12,Sugar Ray Leonard,12,1,3,6.0
Sugar Ray Leonard_S12,Sugar Ray Leonard,12,2,1,6.0
Sugar Ray Leonard_S12,Sugar Ray Leonard,12,2,2,5.0
Sugar Ray Leonard_S12,Sugar Ray Leonard,12,2,3,6.0
Sugar Ray Leonard_S12,Sugar Ray Leonard,12,3,1,7.0
Sugar Ray Leonard_S12,Sugar Ray Leonard,12,3,2,6.0
Sugar Ray Leonard_S12,Sugar Ray Leonard,12,3,3,7.0
Sugar Ray Leonard_S12,Sugar Ray Leonard,12,4,1,7.0
Sugar Ray Leonard_S12,Sugar Ray Leonard,12,4,2,7.0
Sugar Ray Leonard_S12,Sugar Ray Leonard,12,4,3,7.0
Sugar Ray Leonard_S12,Sugar Ray Leonard,12,5,1,0.0
Sugar Ray Leonard_S12,Sugar Ray Leonard,12,5,2,0.0
Sugar Ray Leonard_S12,Sugar Ray Leonard,12,5,3,0.0
Sugar Ray Leonard_S12,Sugar Ray Leonard,12,6,1,0.0
Sugar Ray Leonard_S12,Sugar Ray Leonard,12,6,2,0.0
Sugar Ray Leonard_S12,Sugar Ray Leonard,12,6,3,0.0
Sugar Ray Leonard_S12,Sugar Ray Leonard,12,7,1,0.0
Sugar Ray Leonard_S12,Sugar Ray Leonard,12,7,2,0.0
Sugar Ray Leonard_S12,Sugar Ray Leonard,12,7,3,0.0
Sugar Ray Leonard_S12,Sugar Ray Leonard,12,7,4,0.0
Sugar Ray Leonard_S12,Sugar Ray Leonard,12,8,1,0.0
Sugar Ray Leonard_S12,Sugar Ray Leonard,12,8,2,0.0
Sugar Ray Leonard_S12,Sugar Ray Leonard,12,8,3,0.0
Sugar Ray Leonard_S12,Sugar Ray Leonard,12,9,1,0.0
Sugar Ray Leonard_S12,Sugar Ray Leonard,12,9,2,0.0
Sugar Ray Leonard_S12,Sugar Ray Leonard,12,9,3,0.0
Sugar Ray Leonard_S12,Sugar Ray Leonard,12,10,1,0.0
Sugar Ray Leonard_S12,Sugar Ray Leonard,12,10,2,0.0
Sugar Ray Leonard_S12,Sugar Ray Leonard,12,10,3,0.0
Chris Jericho_S12,Chris Jericho,12,1,1,7.0
Chris Jericho_S12,Chris Jericho,12,1,2,6.0
Chris Jericho_S12,Chris Jericho,12,1,3,6.0
Chris Jericho_S12,Chris Jericho,12,2,1,8.0
Chris Jericho_S12,Chris Jericho,12,2,2,7.0
Chris Jericho_S12,Chris Jericho,12,2,3,8.0
Chris Jericho_S12,Chris Jericho,12,3,1,7.0
Chris Jericho_S12,Chris Jericho,12,3,2,7.0
Chris Jericho_S12,Chris Jericho,12,3,3,7.0
Chris Jericho_S12,Chris Jericho,12,4,1,8.0
Chris Jericho_S12,Chris Jericho,12,4,2,7.0
Chris Jericho_S12,Chris Jericho,12,4,3,8.0
Chris Jericho_S12,Chris Jericho,12,5,1,9.0
Chris Jericho_S12,Chris Jericho,12,5,2,8.0
Chris Jericho_S12,Chris Jericho,12,5,3,9.0
Chris Jericho_S12,Chris Jericho,12,6,1,7.0
Chris Jericho_S12,Chris Jericho,12,6,2,8.0
Chris Jericho_S12,Chris Jericho,12,6,3,7.0
Chris Jericho_S12,Chris Jericho,12,7,1,0.0
Chris Jericho_S12,Chris Jericho,12,7,2,0.0
Chris Jericho_S12,Chris Jericho,12,7,3,0.0
Chris Jericho_S12,Chris Jericho,12,7,4,0.0
Chris Jericho_S12,Chris Jericho,12,8,1,0.0
Chris Jericho_S12,Chris Jericho,12,8,2,0.0
Chris Jericho_S12,Chris Jericho,12,8,3,0.0
Chris Jericho_S12,Chris Jericho,12,9,1,0.0
Chris Jericho_S12,Chris Jericho,12,9,2,0.0
Chris Jericho_S12,Chris Jericho,12,9,3,0.0
Chris Jericho_S12,Chris Jericho,12,10,1,0.0
Chris Jericho_S12,Chris Jericho,12,10,2,0.0
Chris Jericho_S12,Chris Jericho,12,10,3,0.0
Petra Nemcova_S12,Petra Nemcova,12,1,1,6.0
Petra Nemcova_S12,Petra Nemcova,12,1,2,6.0
Petra Nemcova_S12,Petra Nemcova,12,1,3,6.0
Petra Nemcova_S12,Petra Nemcova,12,2,1,6.0
Petra Nemcova_S12,Petra Nemcova,12,2,2,6.0
Petra Nemcova_S12,Petra Nemcova,12,2,3,6.0
Petra Nemcova_S12,Petra Nemcova,12,3,1,8.0
Petra Nemcova_S12,Petra Nemcova,12,3,2,9.0
Petra Nemcova_S12,Petra Nemcova,12,3,3,8.0
Petra Nemcova_S12,Petra Nemcova,12,4,1,8.0
Petra Nemcova_S12,Petra Nemcova,12,4,2,7.0
Petra Nemcova_S12,Petra Nemcova,12,4,3,8.0
Petra Nemcova_S12,Petra Nemcova,12,5,1,7.0
Petra Nemcova_S12,Petra Nemcova,12,5,2,7.0
Petra Nemcova_S12,Petra Nemcova,12,5,3,8.0
Petra Nemcova_S12,Petra Nemcova,12,6,1,0.0
Petra Nemcova_S12,Petra Nemcova,12,6,2,0.0
Petra Nemcova_S12,Petra Nemcova,12,6,3,0.0
Petra Nemcova_S12,Petra Nemcova,12,7,1,0.0
Petra Nemcova_S12,Petra Nemcova,12,7,2,0.0
Petra Nemcova_S12,Petra Nemcova,12,7,3,0.0
Petra Nemcova_S12,Petra Nemcova,12,7,4,0.0
Petra Nemcova_S12,Petra Nemcova,12,8,1,0.0
Petra Nemcova_S12,Petra Nemcova,12,8,2,0.0
Petra Nemcova_S12,Petra Nemcova,12,8,3,0.0
Petra Nemcova_S12,Petra Nemcova,12,9,1,0.0
Petra Nemcova_S12,Petra Nemcova,12,9,2,0.0
Petra Nemcova_S12,Petra Nemcova,12,9,3,0.0
Petra Nemcova_S12,Petra Nemcova,12,10,1,0.0
Petra Nemcova_S12,Petra Nemcova,12,10,2,0.0
Petra Nemcova_S12,Petra Nemcova,12,10,3,0.0
Mike Catherwood_S12,Mike Catherwood,12,1,1,5.0
Mike Catherwood_S12,Mike Catherwood,12,1,2,4.0
Mike Catherwood_S12,Mike Catherwood,12,1,3,4.0
Mike Catherwood_S12,Mike Catherwood,12,2,1,6.0
Mike Catherwood_S12,Mike Catherwood,12,2,2,5.0
Mike Catherwood_S12,Mike Catherwood,12,2,3,6.0
Mike Catherwood_S12,Mike Catherwood,12,3,1,0.0
Mike Catherwood_S12,Mike Catherwood,12,3,2,0.0
Mike Catherwood_S12,Mike Catherwood,12,3,3,0.0
Mike Catherwood_S12,Mike Catherwood,12,4,1,0.0
Mike Catherwood_S12,Mike Catherwood,12,4,2,0.0
Mike Catherwood_S12,Mike Catherwood,12,4,3,0.0
Mike Catherwood_S12,Mike Catherwood,12,5,1,0.0
Mike Catherwood_S12,Mike Catherwood,12,5,2,0.0
Mike Catherwood_S12,Mike Catherwood,12,5,3,0.0
Mike Catherwood_S12,Mike Catherwood,12,6,1,0.0
Mike Catherwood_S12,Mike Catherwood,12,6,2,0.0
Mike Catherwood_S12,Mike Catherwood,12,6,3,0.0
Mike Catherwood_S12,Mike Catherwood,12,7,1,0.0
Mike Catherwood_S12,Mike Catherwood,12,7,2,0.0
Mike Catherwood_S12,Mike Catherwood,12,7,3,0.0
Mike Catherwood_S12,Mike Catherwood,12,7,4,0.0
Mike Catherwood_S12,Mike Catherwood,12,8,1,0.0
Mike Catherwood_S12,Mike Catherwood,12,8,2,0.0
Mike Catherwood_S12,Mike Catherwood,12,8,3,0.0
Mike Catherwood_S12,Mike Catherwood,12,9,1,0.0
Mike Catherwood_S12,Mike Catherwood,12,9,2,0.0
Mike Catherwood_S12,Mike Catherwood,12,9,3,0.0
Mike Catherwood_S12,Mike Catherwood,12,10,1,0.0
Mike Catherwood_S12,Mike Catherwood,12,10,2,0.0
Mike Catherwood_S12,Mike Catherwood,12,10,3,0.0
Romeo_S12,Romeo,12,1,1,7.0
Romeo_S12,Romeo,12,1,2,6.0
Romeo_S12,Romeo,12,1,3,6.0
Romeo_S12,Romeo,12,2,1,7.0
Romeo_S12,Romeo,12,2,2,8.0
Romeo_S12,Romeo,12,2,3,8.0
Romeo_S12,Romeo,12,3,1,7.0
Romeo_S12,Romeo,12,3,2,6.0
Romeo_S12,Romeo,12,3,3,7.0
Romeo_S12,Romeo,12,4,1,7.0
Romeo_S12,Romeo,12,4,2,8.0
Romeo_S12,Romeo,12,4,3,8.0
Romeo_S12,Romeo,12,5,1,9.0
Romeo_S12,Romeo,12,5,2,8.0
Romeo_S12,Romeo,12,5,3,9.0
Romeo_S12,Romeo,12,6,1,10.0
Romeo_S12,Romeo,12,6,2,9.0
Romeo_S12,Romeo,12,6,3,9.0
Romeo_S12,Romeo,12,7,1,7.5
Romeo_S12,Romeo,12,7,2,8.0
Romeo_S12,Romeo,12,7,3,7.0
Romeo_S12,Romeo,12,7,4,7.5
Romeo_S12,Romeo,12,8,1,8.5
Romeo_S12,Romeo,12,8,2,9.0
Romeo_S12,Romeo,12,8,3,8.5
Romeo_S12,Romeo,12,9,1,0.0
Romeo_S12,Romeo,12,9,2,0.0
Romeo_S12,Romeo,12,9,3,0.0
Romeo_S12,Romeo,12,10,1,0.0
Romeo_S12,Romeo,12,10,2,0.0
Romeo_S12,Romeo,12,10,3,0.0
Wendy Williams_S12,Wendy Williams,12,1,1,5.0
Wendy Williams_S12,Wendy Williams,12,1,2,4.0
Wendy Williams_S12,Wendy Williams,12,1,3,5.0
Wendy Williams_S12,Wendy Williams,12,2,1,6.0
Wendy Williams_S12,Wendy Williams,12,2,2,5.0
Wendy Williams_S12,Wendy Williams,12,2,3,6.0
Wendy Williams_S12,Wendy Williams,12,3,1,5.0
Wendy Williams_S12,Wendy Williams,12,3,2,5.0
Wendy Williams_S12,Wendy Williams,12,3,3,5.0
Wendy Williams_S12,Wendy Williams,12,4,1,0.0
Wendy Williams_S12,Wendy Williams,12,4,2,0.0
Wendy Williams_S12,Wendy Williams,12,4,3,0.0
Wendy Williams_S12,Wendy Williams,12,5,1,0.0
Wendy Williams_S12,Wendy Williams,12,5,2,0.0
Wendy Williams_S12,Wendy Williams,12,5,3,0.0
Wendy Williams_S12,Wendy Williams,12,6,1,0.0
Wendy Williams_S12,Wendy Williams,12,6,2,0.0
Wendy Williams_S12,Wendy Williams,12,6,3,0.0
Wendy Williams_S12,Wendy Williams,12,7,1,0.0
Wendy Williams_S12,Wendy Williams,12,7,2,0.0
Wendy Williams_S12,Wendy Williams,12,7,3,0.0
Wendy Williams_S12,Wendy Williams,12,7,4,0.0
Wendy Williams_S12,Wendy Williams,12,8,1,0.0
Wendy Williams_S12,Wendy Williams,12,8,2,0.0
Wendy Williams_S12,Wendy Williams,12,8,3,0.0
Wendy Williams_S12,Wendy Williams,12,9,1,0.0
Wendy Williams_S12,Wendy Williams,12,9,2,0.0
Wendy Williams_S12,Wendy Williams,12,9,3,0.0
Wendy Williams_S12,Wendy Williams,12,10,1,0.0
Wendy Williams_S12,Wendy Williams,12,10,2,0.0
Wendy Williams_S12,Wendy Williams,12,10,3,0.0
Kendra Wilkinson_S12,Kendra Wilkinson,12,1,1,6.0
Kendra Wilkinson_S12,Kendra Wilkinson,12,1,2,6.0
Kendra Wilkinson_S12,Kendra Wilkinson,12,1,3,6.0
Kendra Wilkinson_S12,Kendra Wilkinson,12,2,1,7.0
Kendra Wilkinson_S12,Kendra Wilkinson,12,2,2,6.0
Kendra Wilkinson_S12,Kendra Wilkinson,12,2,3,6.0
Kendra Wilkinson_S12,Kendra Wilkinson,12,3,1,8.0
Kendra Wilkinson_S12,Kendra Wilkinson,12,3,2,7.0
Kendra Wilkinson_S12,Kendra Wilkinson,12,3,3,8.0
Kendra Wilkinson_S12,Kendra Wilkinson,12,4,1,6.0
Kendra Wilkinson_S12,Kendra Wilkinson,12,4,2,6.0
Kendra Wilkinson_S12,Kendra Wilkinson,12,4,3,6.0
Kendra Wilkinson_S12,Kendra Wilkinson,12,5,1,8.0
Kendra Wilkinson_S12,Kendra Wilkinson,12,5,2,7.0
Kendra Wilkinson_S12,Kendra Wilkinson,12,5,3,7.0
Kendra Wilkinson_S12,Kendra Wilkinson,12,6,1,8.0
Kendra Wilkinson_S12,Kendra Wilkinson,12,6,2,8.0
Kendra Wilkinson_S12,Kendra Wilkinson,12,6,3,9.0
Kendra Wilkinson_S12,Kendra Wilkinson,12,7,1,7.5
Kendra Wilkinson_S12,Kendra Wilkinson,12,7,2,7.5
Kendra Wilkinson_S12,Kendra Wilkinson,12,7,3,7.5
Kendra Wilkinson_S12,Kendra Wilkinson,12,7,4,8.0
Kendra Wilkinson_S12,Kendra Wilkinson,12,8,1,0.0
Kendra Wilkinson_S12,Kendra Wilkinson,12,8,2,0.0
Kendra Wilkinson_S12,Kendra Wilkinson,12,8,3,0.0
Kendra Wilkinson_S12,Kendra Wilkinson,12,9,1,0.0
Kendra Wilkinson_S12,Kendra Wilkinson,12,9,2,0.0
Kendra Wilkinson_S12,Kendra Wilkinson,12,9,3,0.0
Kendra Wilkinson_S12,Kendra Wilkinson,12,10,1,0.0
Kendra Wilkinson_S12,Kendra Wilkinson,12,10,2,0.0
Kendra Wilkinson_S12,Kendra Wilkinson,12,10,3,0.0
Elisabetta Canalis_S13,Elisabetta Canalis,13,1,1,5.0
Elisabetta Canalis_S13,Elisabetta Canalis,13,1,2,5.0
Elisabetta Canalis_S13,Elisabetta Canalis,13,1,3,5.0
Elisabetta Canalis_S13,Elisabetta Canalis,13,2,1,7.0
Elisabetta Canalis_S13,Elisabetta Canalis,13,2,2,7.0
Elisabetta Canalis_S13,Elisabetta Canalis,13,2,3,7.0
Elisabetta Canalis_S13,Elisabetta Canalis,13,3,1,0.0
Elisabetta Canalis_S13,Elisabetta Canalis,13,3,2,0.0
Elisabetta Canalis_S13,Elisabetta Canalis,13,3,3,0.0
Elisabetta Canalis_S13,Elisabetta Canalis,13,4,1,0.0
Elisabetta Canalis_S13,Elisabetta Canalis,13,4,2,0.0
Elisabetta Canalis_S13,Elisabetta Canalis,13,4,3,0.0
Elisabetta Canalis_S13,Elisabetta Canalis,13,5,1,0.0
Elisabetta Canalis_S13,Elisabetta Canalis,13,5,2,0.0
Elisabetta Canalis_S13,Elisabetta Canalis,13,5,3,0.0
Elisabetta Canalis_S13,Elisabetta Canalis,13,6,1,0.0
Elisabetta Canalis_S13,Elisabetta Canalis,13,6,2,0.0
Elisabetta Canalis_S13,Elisabetta Canalis,13,6,3,0.0
Elisabetta Canalis_S13,Elisabetta Canalis,13,7,1,0.0
Elisabetta Canalis_S13,Elisabetta Canalis,13,7,2,0.0
Elisabetta Canalis_S13,Elisabetta Canalis,13,7,3,0.0
Elisabetta Canalis_S13,Elisabetta Canalis,13,8,1,0.0
Elisabetta Canalis_S13,Elisabetta Canalis,13,8,2,0.0
Elisabetta Canalis_S13,Elisabetta Canalis,13,8,3,0.0
Elisabetta Canalis_S13,Elisabetta Canalis,13,9,1,0.0
Elisabetta Canalis_S13,Elisabetta Canalis,13,9,2,0.0
Elisabetta Canalis_S13,Elisabetta Canalis,13,9,3,0.0
Elisabetta Canalis_S13,Elisabetta Canalis,13,10,1,0.0
Elisabetta Canalis_S13,Elisabetta Canalis,13,10,2,0.0
Elisabetta Canalis_S13,Elisabetta Canalis,13,10,3,0.0
David Arquette_S13,David Arquette,13,1,1,6.0
David Arquette_S13,David Arquette,13,1,2,6.0
David Arquette_S13,David Arquette,13,1,3,6.0
David Arquette_S13,David Arquette,13,2,1,6.0
David Arquette_S13,David Arquette,13,2,2,6.0
David Arquette_S13,David Arquette,13,2,3,6.0
David Arquette_S13,David Arquette,13,3,1,8.0
David Arquette_S13,David Arquette,13,3,2,8.0
David Arquette_S13,David Arquette,13,3,3,8.0
David Arquette_S13,David Arquette,13,4,1,8.0
David Arquette_S13,David Arquette,13,4,2,7.0
David Arquette_S13,David Arquette,13,4,3,8.0
David Arquette_S13,David Arquette,13,5,1,8.0
David Arquette_S13,David Arquette,13,5,2,9.0
David Arquette_S13,David Arquette,13,5,3,8.0
David Arquette_S13,David Arquette,13,6,1,8.0
David Arquette_S13,David Arquette,13,6,2,7.0
David Arquette_S13,David Arquette,13,6,3,8.0
David Arquette_S13,David Arquette,13,7,1,8.0
David Arquette_S13,David Arquette,13,7,2,7.5
David Arquette_S13,David Arquette,13,7,3,8.0
David Arquette_S13,David Arquette,13,8,1,0.0
David Arquette_S13,David Arquette,13,8,2,0.0
David Arquette_S13,David Arquette,13,8,3,0.0
David Arquette_S13,David Arquette,13,9,1,0.0
David Arquette_S13,David Arquette,13,9,2,0.0
David Arquette_S13,David Arquette,13,9,3,0.0
David Arquette_S13,David Arquette,13,10,1,0.0
David Arquette_S13,David Arquette,13,10,2,0.0
David Arquette_S13,David Arquette,13,10,3,0.0
Ricki Lake_S13,Ricki Lake,13,1,1,7.0
Ricki Lake_S13,Ricki Lake,13,1,2,6.0
Ricki Lake_S13,Ricki Lake,13,1,3,7.0
Ricki Lake_S13,Ricki Lake,13,2,1,8.0
Ricki Lake_S13,Ricki Lake,13,2,2,7.0
Ricki Lake_S13,Ricki Lake,13,2,3,8.0
Ricki Lake_S13,Ricki Lake,13,3,1,9.0
Ricki Lake_S13,Ricki Lake,13,3,2,9.0
Ricki Lake_S13,Ricki Lake,13,3,3,9.0
Ricki Lake_S13,Ricki Lake,13,4,1,10.0
Ricki Lake_S13,Ricki Lake,13,4,2,9.0
Ricki Lake_S13,Ricki Lake,13,4,3,10.0
Ricki Lake_S13,Ricki Lake,13,5,1,8.0
Ricki Lake_S13,Ricki Lake,13,5,2,8.0
Ricki Lake_S13,Ricki Lake,13,5,3,8.0
Ricki Lake_S13,Ricki Lake,13,6,1,10.0
Ricki Lake_S13,Ricki Lake,13,6,2,9.0
Ricki Lake_S13,Ricki Lake,13,6,3,10.0
Ricki Lake_S13,Ricki Lake,13,7,1,9.0
Ricki Lake_S13,Ricki Lake,13,7,2,8.5
Ricki Lake_S13,Ricki Lake,13,7,3,9.0
Ricki Lake_S13,Ricki Lake,13,8,1,8.5
Ricki Lake_S13,Ricki Lake,13,8,2,8.5
Ricki Lake_S13,Ricki Lake,13,8,3,9.0
Ricki Lake_S13,Ricki Lake,13,9,1,10.8333
Ricki Lake_S13,Ricki Lake,13,9,2,11.3333
Ricki Lake_S13,Ricki Lake,13,9,3,11.3333
Ricki Lake_S13,Ricki Lake,13,10,1,9.3333
Ricki Lake_S13,Ricki Lake,13,10,2,9.3333
Ricki Lake_S13,Ricki Lake,13,10,3,9.3333
J.R. Martinez_S13,J.R. Martinez,13,1,1,8.0
J.R. Martinez_S13,J.R. Martinez,13,1,2,7.0
J.R. Martinez_S13,J.R. Martinez,13,1,3,7.0
J.R. Martinez_S13,J.R. Martinez,13,2,1,7.0
J.R. Martinez_S13,J.R. Martinez,13,2,2,7.0
J.R. Martinez_S13,J.R. Martinez,13,2,3,8.0
J.R. Martinez_S13,J.R. Martinez,13,3,1,9.0
J.R. Martinez_S13,J.R. Martinez,13,3,2,8.0
J.R. Martinez_S13,J.R. Martinez,13,3,3,9.0
J.R. Martinez_S13,J.R. Martinez,13,4,1,8.0
J.R. Martinez_S13,J.R. Martinez,13,4,2,9.0
J.R. Martinez_S13,J.R. Martinez,13,4,3,9.0
J.R. Martinez_S13,J.R. Martinez,13,5,1,9.0
J.R. Martinez_S13,J.R. Martinez,13,5,2,9.0
J.R. Martinez_S13,J.R. Martinez,13,5,3,10.0
J.R. Martinez_S13,J.R. Martinez,13,6,1,10.0
J.R. Martinez_S13,J.R. Martinez,13,6,2,9.0
J.R. Martinez_S13,J.R. Martinez,13,6,3,10.0
J.R. Martinez_S13,J.R. Martinez,13,7,1,8.5
J.R. Martinez_S13,J.R. Martinez,13,7,2,7.5
J.R. Martinez_S13,J.R. Martinez,13,7,3,8.0
J.R. Martinez_S13,J.R. Martinez,13,8,1,10.0
J.R. Martinez_S13,J.R. Martinez,13,8,2,10.0
J.R. Martinez_S13,J.R. Martinez,13,8,3,10.0
J.R. Martinez_S13,J.R. Martinez,13,9,1,9.5
J.R. Martinez_S13,J.R. Martinez,13,9,2,9.0
J.R. Martinez_S13,J.R. Martinez,13,9,3,9.5
J.R. Martinez_S13,J.R. Martinez,13,10,1,9.3333
J.R. Martinez_S13,J.R. Martinez,13,10,2,9.1666
J.R. Martinez_S13,J.R. Martinez,13,10,3,9.6666
Metta World Peace (Ron)_S13,Metta World Peace (Ron),13,1,1,5.0
Metta World Peace (Ron)_S13,Metta World Peace (Ron),13,1,2,4.0
Metta World Peace (Ron)_S13,Metta World Peace (Ron),13,1,3,5.0
Metta World Peace (Ron)_S13,Metta World Peace (Ron),13,2,1,0.0
Metta World Peace (Ron)_S13,Metta World Peace (Ron),13,2,2,0.0
Metta World Peace (Ron)_S13,Metta World Peace (Ron),13,2,3,0.0
Metta World Peace (Ron)_S13,Metta World Peace (Ron),13,3,1,0.0
Metta World Peace (Ron)_S13,Metta World Peace (Ron),13,3,2,0.0
Metta World Peace (Ron)_S13,Metta World Peace (Ron),13,3,3,0.0
Metta World Peace (Ron)_S13,Metta World Peace (Ron),13,4,1,0.0
Metta World Peace (Ron)_S13,Metta World Peace (Ron),13,4,2,0.0
Metta World Peace (Ron)_S13,Metta World Peace (Ron),13,4,3,0.0
Metta World Peace (Ron)_S13,Metta World Peace (Ron),13,5,1,0.0
Metta World Peace (Ron)_S13,Metta World Peace (Ron),13,5,2,0.0
Metta World Peace (Ron)_S13,Metta World Peace (Ron),13,5,3,0.0
Metta World Peace (Ron)_S13,Metta World Peace (Ron),13,6,1,0.0
Metta World Peace (Ron)_S13,Metta World Peace (Ron),13,6,2,0.0
Metta World Peace (Ron)_S13,Metta World Peace (Ron),13,6,3,0.0
Metta World Peace (Ron)_S13,Metta World Peace (Ron),13,7,1,0.0
Metta World Peace (Ron)_S13,Metta World Peace (Ron),13,7,2,0.0
Metta World Peace (Ron)_S13,Metta World Peace (Ron),13,7,3,0.0
Metta World Peace (Ron)_S13,Metta World Peace (Ron),13,8,1,0.0
Metta World Peace (Ron)_S13,Metta World Peace (Ron),13,8,2,0.0
Metta World Peace (Ron)_S13,Metta World Peace (Ron),13,8,3,0.0
Metta World Peace (Ron)_S13,Metta World Peace (Ron),13,9,1,0.0
Metta World Peace (Ron)_S13,Metta World Peace (Ron),13,9,2,0.0
Metta World Peace (Ron)_S13,Metta World Peace (Ron),13,9,3,0.0
Metta World Peace (Ron)_S13,Metta World Peace (Ron),13,10,1,0.0
Metta World Peace (Ron)_S13,Metta World Peace (Ron),13,10,2,0.0
Metta World Peace (Ron)_S13,Metta World Peace (Ron),13,10,3,0.0
Hope Solo_S13,Hope Solo,13,1,1,7.0
Hope Solo_S13,Hope Solo,13,1,2,7.0
Hope Solo_S13,Hope Solo,13,1,3,7.0
Hope Solo_S13,Hope Solo,13,2,1,6.0
Hope Solo_S13,Hope Solo,13,2,2,7.0
Hope Solo_S13,Hope Solo,13,2,3,6.0
Hope Solo_S13,Hope Solo,13,3,1,8.0
Hope Solo_S13,Hope Solo,13,3,2,8.0
Hope Solo_S13,Hope Solo,13,3,3,8.0
Hope Solo_S13,Hope Solo,13,4,1,8.0
Hope Solo_S13,Hope Solo,13,4,2,8.0
Hope Solo_S13,Hope Solo,13,4,3,8.0
Hope Solo_S13,Hope Solo,13,5,1,8.0
Hope Solo_S13,Hope Solo,13,5,2,8.0
Hope Solo_S13,Hope Solo,13,5,3,8.0
Hope Solo_S13,Hope Solo,13,6,1,7.0
Hope Solo_S13,Hope Solo,13,6,2,6.0
Hope Solo_S13,Hope Solo,13,6,3,7.0
Hope Solo_S13,Hope Solo,13,7,1,8.5
Hope Solo_S13,Hope Solo,13,7,2,8.0
Hope Solo_S13,Hope Solo,13,7,3,8.5
Hope Solo_S13,Hope Solo,13,8,1,8.5
Hope Solo_S13,Hope Solo,13,8,2,9.0
Hope Solo_S13,Hope Solo,13,8,3,8.5
Hope Solo_S13,Hope Solo,13,9,1,8.1666
Hope Solo_S13,Hope Solo,13,9,2,8.1666
Hope Solo_S13,Hope Solo,13,9,3,8.1666
Hope Solo_S13,Hope Solo,13,10,1,0.0
Hope Solo_S13,Hope Solo,13,10,2,0.0
Hope Solo_S13,Hope Solo,13,10,3,0.0
Chynna Phillips_S13,Chynna Phillips,13,1,1,8.0
Chynna Phillips_S13,Chynna Phillips,13,1,2,7.0
Chynna Phillips_S13,Chynna Phillips,13,1,3,7.0
Chynna Phillips_S13,Chynna Phillips,13,2,1,7.0
Chynna Phillips_S13,Chynna Phillips,13,2,2,7.0
Chynna Phillips_S13,Chynna Phillips,13,2,3,7.0
Chynna Phillips_S13,Chynna Phillips,13,3,1,8.0
Chynna Phillips_S13,Chynna Phillips,13,3,2,9.0
Chynna Phillips_S13,Chynna Phillips,13,3,3,9.0
Chynna Phillips_S13,Chynna Phillips,13,4,1,7.0
Chynna Phillips_S13,Chynna Phillips,13,4,2,7.0
Chynna Phillips_S13,Chynna Phillips,13,4,3,7.0
Chynna Phillips_S13,Chynna Phillips,13,5,1,0.0
Chynna Phillips_S13,Chynna Phillips,13,5,2,0.0
Chynna Phillips_S13,Chynna Phillips,13,5,3,0.0
Chynna Phillips_S13,Chynna Phillips,13,6,1,0.0
Chynna Phillips_S13,Chynna Phillips,13,6,2,0.0
Chynna Phillips_S13,Chynna Phillips,13,6,3,0.0
Chynna Phillips_S13,Chynna Phillips,13,7,1,0.0
Chynna Phillips_S13,Chynna Phillips,13,7,2,0.0
Chynna Phillips_S13,Chynna Phillips,13,7,3,0.0
Chynna Phillips_S13,Chynna Phillips,13,8,1,0.0
Chynna Phillips_S13,Chynna Phillips,13,8,2,0.0
Chynna Phillips_S13,Chynna Phillips,13,8,3,0.0
Chynna Phillips_S13,Chynna Phillips,13,9,1,0.0
Chynna Phillips_S13,Chynna Phillips,13,9,2,0.0
Chynna Phillips_S13,Chynna Phillips,13,9,3,0.0
Chynna Phillips_S13,Chynna Phillips,13,10,1,0.0
Chynna Phillips_S13,Chynna Phillips,13,10,2,0.0
Chynna Phillips_S13,Chynna Phillips,13,10,3,0.0
Kristin Cavallari_S13,Kristin Cavallari,13,1,1,7.0
Kristin Cavallari_S13,Kristin Cavallari,13,1,2,6.0
Kristin Cavallari_S13,Kristin Cavallari,13,1,3,6.0
Kristin Cavallari_S13,Kristin Cavallari,13,2,1,8.0
Kristin Cavallari_S13,Kristin Cavallari,13,2,2,7.0
Kristin Cavallari_S13,Kristin Cavallari,13,2,3,7.0
Kristin Cavallari_S13,Kristin Cavallari,13,3,1,8.0
Kristin Cavallari_S13,Kristin Cavallari,13,3,2,8.0
Kristin Cavallari_S13,Kristin Cavallari,13,3,3,8.0
Kristin Cavallari_S13,Kristin Cavallari,13,4,1,0.0
Kristin Cavallari_S13,Kristin Cavallari,13,4,2,0.0
Kristin Cavallari_S13,Kristin Cavallari,13,4,3,0.0
Kristin Cavallari_S13,Kristin Cavallari,13,5,1,0.0
Kristin Cavallari_S13,Kristin Cavallari,13,5,2,0.0
Kristin Cavallari_S13,Kristin Cavallari,13,5,3,0.0
Kristin Cavallari_S13,Kristin Cavallari,13,6,1,0.0
Kristin Cavallari_S13,Kristin Cavallari,13,6,2,0.0
Kristin Cavallari_S13,Kristin Cavallari,13,6,3,0.0
Kristin Cavallari_S13,Kristin Cavallari,13,7,1,0.0
Kristin Cavallari_S13,Kristin Cavallari,13,7,2,0.0
Kristin Cavallari_S13,Kristin Cavallari,13,7,3,0.0
Kristin Cavallari_S13,Kristin Cavallari,13,8,1,0.0
Kristin Cavallari_S13,Kristin Cavallari,13,8,2,0.0
Kristin Cavallari_S13,Kristin Cavallari,13,8,3,0.0
Kristin Cavallari_S13,Kristin Cavallari,13,9,1,0.0
Kristin Cavallari_S13,Kristin Cavallari,13,9,2,0.0
Kristin Cavallari_S13,Kristin Cavallari,13,9,3,0.0
Kristin Cavallari_S13,Kristin Cavallari,13,10,1,0.0
Kristin Cavallari_S13,Kristin Cavallari,13,10,2,0.0
Kristin Cavallari_S13,Kristin Cavallari,13,10,3,0.0
Carson Kressley_S13,Carson Kressley,13,1,1,6.0
Carson Kressley_S13,Carson Kressley,13,1,2,5.0
Carson Kressley_S13,Carson Kressley,13,1,3,6.0
Carson Kressley_S13,Carson Kressley,13,2,1,6.0
Carson Kressley_S13,Carson Kressley,13,2,2,6.0
Carson Kressley_S13,Carson Kressley,13,2,3,6.0
Carson Kressley_S13,Carson Kressley,13,3,1,8.0
Carson Kressley_S13,Carson Kressley,13,3,2,7.0
Carson Kressley_S13,Carson Kressley,13,3,3,8.0
Carson Kressley_S13,Carson Kressley,13,4,1,7.0
Carson Kressley_S13,Carson Kressley,13,4,2,6.0
Carson Kressley_S13,Carson Kressley,13,4,3,7.0
Carson Kressley_S13,Carson Kressley,13,5,1,6.0
Carson Kressley_S13,Carson Kressley,13,5,2,6.0
Carson Kressley_S13,Carson Kressley,13,5,3,7.0
Carson Kressley_S13,Carson Kressley,13,6,1,0.0
Carson Kressley_S13,Carson Kressley,13,6,2,0.0
Carson Kressley_S13,Carson Kressley,13,6,3,0.0
Carson Kressley_S13,Carson Kressley,13,7,1,0.0
Carson Kressley_S13,Carson Kressley,13,7,2,0.0
Carson Kressley_S13,Carson Kressley,13,7,3,0.0
Carson Kressley_S13,Carson Kressley,13,8,1,0.0
Carson Kressley_S13,Carson Kressley,13,8,2,0.0
Carson Kressley_S13,Carson Kressley,13,8,3,0.0
Carson Kressley_S13,Carson Kressley,13,9,1,0.0
Carson Kressley_S13,Carson Kressley,13,9,2,0.0
Carson Kressley_S13,Carson Kressley,13,9,3,0.0
Carson Kressley_S13,Carson Kressley,13,10,1,0.0
Carson Kressley_S13,Carson Kressley,13,10,2,0.0
Carson Kressley_S13,Carson Kressley,13,10,3,0.0
Chaz Bono_S13,Chaz Bono,13,1,1,6.0
Chaz Bono_S13,Chaz Bono,13,1,2,5.0
Chaz Bono_S13,Chaz Bono,13,1,3,6.0
Chaz Bono_S13,Chaz Bono,13,2,1,6.0
Chaz Bono_S13,Chaz Bono,13,2,2,5.0
Chaz Bono_S13,Chaz Bono,13,2,3,6.0
Chaz Bono_S13,Chaz Bono,13,3,1,6.0
Chaz Bono_S13,Chaz Bono,13,3,2,6.0
Chaz Bono_S13,Chaz Bono,13,3,3,6.0
Chaz Bono_S13,Chaz Bono,13,4,1,7.0
Chaz Bono_S13,Chaz Bono,13,4,2,7.0
Chaz Bono_S13,Chaz Bono,13,4,3,7.0
Chaz Bono_S13,Chaz Bono,13,5,1,7.0
Chaz Bono_S13,Chaz Bono,13,5,2,7.0
Chaz Bono_S13,Chaz Bono,13,5,3,7.0
Chaz Bono_S13,Chaz Bono,13,6,1,7.0
Chaz Bono_S13,Chaz Bono,13,6,2,6.0
Chaz Bono_S13,Chaz Bono,13,6,3,6.0
Chaz Bono_S13,Chaz Bono,13,7,1,0.0
Chaz Bono_S13,Chaz Bono,13,7,2,0.0
Chaz Bono_S13,Chaz Bono,13,7,3,0.0
Chaz Bono_S13,Chaz Bono,13,8,1,0.0
Chaz Bono_S13,Chaz Bono,13,8,2,0.0
Chaz Bono_S13,Chaz Bono,13,8,3,0.0
Chaz Bono_S13,Chaz Bono,13,9,1,0.0
Chaz Bono_S13,Chaz Bono,13,9,2,0.0
Chaz Bono_S13,Chaz Bono,13,9,3,0.0
Chaz Bono_S13,Chaz Bono,13,10,1,0.0
Chaz Bono_S13,Chaz Bono,13,10,2,0.0
Chaz Bono_S13,Chaz Bono,13,10,3,0.0
Nancy Grace_S13,Nancy Grace,13,1,1,5.0
Nancy Grace_S13,Nancy Grace,13,1,2,5.0
Nancy Grace_S13,Nancy Grace,13,1,3,6.0
Nancy Grace_S13,Nancy Grace,13,2,1,6.0
Nancy Grace_S13,Nancy Grace,13,2,2,8.0
Nancy Grace_S13,Nancy Grace,13,2,3,7.0
Nancy Grace_S13,Nancy Grace,13,3,1,7.0
Nancy Grace_S13,Nancy Grace,13,3,2,7.0
Nancy Grace_S13,Nancy Grace,13,3,3,7.0
Nancy Grace_S13,Nancy Grace,13,4,1,7.0
Nancy Grace_S13,Nancy Grace,13,4,2,7.0
Nancy Grace_S13,Nancy Grace,13,4,3,7.0
Nancy Grace_S13,Nancy Grace,13,5,1,7.0
Nancy Grace_S13,Nancy Grace,13,5,2,7.0
Nancy Grace_S13,Nancy Grace,13,5,3,8.0
Nancy Grace_S13,Nancy Grace,13,6,1,9.0
Nancy Grace_S13,Nancy Grace,13,6,2,7.0
Nancy Grace_S13,Nancy Grace,13,6,3,8.0
Nancy Grace_S13,Nancy Grace,13,7,1,7.5
Nancy Grace_S13,Nancy Grace,13,7,2,7.0
Nancy Grace_S13,Nancy Grace,13,7,3,7.5
Nancy Grace_S13,Nancy Grace,13,8,1,7.5
Nancy Grace_S13,Nancy Grace,13,8,2,7.0
Nancy Grace_S13,Nancy Grace,13,8,3,7.5
Nancy Grace_S13,Nancy Grace,13,9,1,0.0
Nancy Grace_S13,Nancy Grace,13,9,2,0.0
Nancy Grace_S13,Nancy Grace,13,9,3,0.0
Nancy Grace_S13,Nancy Grace,13,10,1,0.0
Nancy Grace_S13,Nancy Grace,13,10,2,0.0
Nancy Grace_S13,Nancy Grace,13,10,3,0.0
Rob Kardashian_S13,Rob Kardashian,13,1,1,6.0
Rob Kardashian_S13,Rob Kardashian,13,1,2,5.0
Rob Kardashian_S13,Rob Kardashian,13,1,3,5.0
Rob Kardashian_S13,Rob Kardashian,13,2,1,7.0
Rob Kardashian_S13,Rob Kardashian,13,2,2,7.0
Rob Kardashian_S13,Rob Kardashian,13,2,3,7.0
Rob Kardashian_S13,Rob Kardashian,13,3,1,8.0
Rob Kardashian_S13,Rob Kardashian,13,3,2,8.0
Rob Kardashian_S13,Rob Kardashian,13,3,3,8.0
Rob Kardashian_S13,Rob Kardashian,13,4,1,8.0
Rob Kardashian_S13,Rob Kardashian,13,4,2,8.0
Rob Kardashian_S13,Rob Kardashian,13,4,3,8.0
Rob Kardashian_S13,Rob Kardashian,13,5,1,9.0
Rob Kardashian_S13,Rob Kardashian,13,5,2,8.0
Rob Kardashian_S13,Rob Kardashian,13,5,3,8.0
Rob Kardashian_S13,Rob Kardashian,13,6,1,8.0
Rob Kardashian_S13,Rob Kardashian,13,6,2,7.0
Rob Kardashian_S13,Rob Kardashian,13,6,3,7.0
Rob Kardashian_S13,Rob Kardashian,13,7,1,9.0
Rob Kardashian_S13,Rob Kardashian,13,7,2,8.0
Rob Kardashian_S13,Rob Kardashian,13,7,3,8.5
Rob Kardashian_S13,Rob Kardashian,13,8,1,8.5
Rob Kardashian_S13,Rob Kardashian,13,8,2,8.5
Rob Kardashian_S13,Rob Kardashian,13,8,3,8.5
Rob Kardashian_S13,Rob Kardashian,13,9,1,11.1666
Rob Kardashian_S13,Rob Kardashian,13,9,2,10.6666
Rob Kardashian_S13,Rob Kardashian,13,9,3,10.6666
Rob Kardashian_S13,Rob Kardashian,13,10,1,9.4444
Rob Kardashian_S13,Rob Kardashian,13,10,2,9.4444
Rob Kardashian_S13,Rob Kardashian,13,10,3,9.4444
William Levy_S14,William Levy,14,1,1,8.0
William Levy_S14,William Levy,14,1,2,8.0
William Levy_S14,William Levy,14,1,3,8.0
William Levy_S14,William Levy,14,2,1,9.0
William Levy_S14,William Levy,14,2,2,7.0
William Levy_S14,William Levy,14,2,3,9.0
William Levy_S14,William Levy,14,3,1,9.0
William Levy_S14,William Levy,14,3,2,9.0
William Levy_S14,William Levy,14,3,3,10.0
William Levy_S14,William Levy,14,4,1,7.0
William Levy_S14,William Levy,14,4,2,7.0
William Levy_S14,William Levy,14,4,3,8.0
William Levy_S14,William Levy,14,5,1,10.0
William Levy_S14,William Levy,14,5,2,9.0
William Levy_S14,William Levy,14,5,3,10.0
William Levy_S14,William Levy,14,6,1,12.0
William Levy_S14,William Levy,14,6,2,11.0
William Levy_S14,William Levy,14,6,3,13.0
William Levy_S14,William Levy,14,7,1,9.0
William Levy_S14,William Levy,14,7,2,8.5
William Levy_S14,William Levy,14,7,3,9.0
William Levy_S14,William Levy,14,8,1,9.5
William Levy_S14,William Levy,14,8,2,9.5
William Levy_S14,William Levy,14,8,3,9.5
William Levy_S14,William Levy,14,9,1,9.5
William Levy_S14,William Levy,14,9,2,9.5
William Levy_S14,William Levy,14,9,3,10.0
William Levy_S14,William Levy,14,10,1,10.0
William Levy_S14,William Levy,14,10,2,9.6666
William Levy_S14,William Levy,14,10,3,10.0
Jack Wagner_S14,Jack Wagner,14,1,1,8.0
Jack Wagner_S14,Jack Wagner,14,1,2,7.0
Jack Wagner_S14,Jack Wagner,14,1,3,8.0
Jack Wagner_S14,Jack Wagner,14,2,1,7.0
Jack Wagner_S14,Jack Wagner,14,2,2,7.0
Jack Wagner_S14,Jack Wagner,14,2,3,7.0
Jack Wagner_S14,Jack Wagner,14,3,1,8.0
Jack Wagner_S14,Jack Wagner,14,3,2,8.0
Jack Wagner_S14,Jack Wagner,14,3,3,8.0
Jack Wagner_S14,Jack Wagner,14,4,1,0.0
Jack Wagner_S14,Jack Wagner,14,4,2,0.0
Jack Wagner_S14,Jack Wagner,14,4,3,0.0
Jack Wagner_S14,Jack Wagner,14,5,1,0.0
Jack Wagner_S14,Jack Wagner,14,5,2,0.0
Jack Wagner_S14,Jack Wagner,14,5,3,0.0
Jack Wagner_S14,Jack Wagner,14,6,1,0.0
Jack Wagner_S14,Jack Wagner,14,6,2,0.0
Jack Wagner_S14,Jack Wagner,14,6,3,0.0
Jack Wagner_S14,Jack Wagner,14,7,1,0.0
Jack Wagner_S14,Jack Wagner,14,7,2,0.0
Jack Wagner_S14,Jack Wagner,14,7,3,0.0
Jack Wagner_S14,Jack Wagner,14,8,1,0.0
Jack Wagner_S14,Jack Wagner,14,8,2,0.0
Jack Wagner_S14,Jack Wagner,14,8,3,0.0
Jack Wagner_S14,Jack Wagner,14,9,1,0.0
Jack Wagner_S14,Jack Wagner,14,9,2,0.0
Jack Wagner_S14,Jack Wagner,14,9,3,0.0
Jack Wagner_S14,Jack Wagner,14,10,1,0.0
Jack Wagner_S14,Jack Wagner,14,10,2,0.0
Jack Wagner_S14,Jack Wagner,14,10,3,0.0
Sherri Sheperd_S14,Sherri Sheperd,14,1,1,8.0
Sherri Sheperd_S14,Sherri Sheperd,14,1,2,7.0
Sherri Sheperd_S14,Sherri Sheperd,14,1,3,8.0
Sherri Sheperd_S14,Sherri Sheperd,14,2,1,8.0
Sherri Sheperd_S14,Sherri Sheperd,14,2,2,7.0
Sherri Sheperd_S14,Sherri Sheperd,14,2,3,8.0
Sherri Sheperd_S14,Sherri Sheperd,14,3,1,8.0
Sherri Sheperd_S14,Sherri Sheperd,14,3,2,8.0
Sherri Sheperd_S14,Sherri Sheperd,14,3,3,8.0
Sherri Sheperd_S14,Sherri Sheperd,14,4,1,7.0
Sherri Sheperd_S14,Sherri Sheperd,14,4,2,7.0
Sherri Sheperd_S14,Sherri Sheperd,14,4,3,7.0
Sherri Sheperd_S14,Sherri Sheperd,14,5,1,0.0
Sherri Sheperd_S14,Sherri Sheperd,14,5,2,0.0
Sherri Sheperd_S14,Sherri Sheperd,14,5,3,0.0
Sherri Sheperd_S14,Sherri Sheperd,14,6,1,0.0
Sherri Sheperd_S14,Sherri Sheperd,14,6,2,0.0
Sherri Sheperd_S14,Sherri Sheperd,14,6,3,0.0
Sherri Sheperd_S14,Sherri Sheperd,14,7,1,0.0
Sherri Sheperd_S14,Sherri Sheperd,14,7,2,0.0
Sherri Sheperd_S14,Sherri Sheperd,14,7,3,0.0
Sherri Sheperd_S14,Sherri Sheperd,14,8,1,0.0
Sherri Sheperd_S14,Sherri Sheperd,14,8,2,0.0
Sherri Sheperd_S14,Sherri Sheperd,14,8,3,0.0
Sherri Sheperd_S14,Sherri Sheperd,14,9,1,0.0
Sherri Sheperd_S14,Sherri Sheperd,14,9,2,0.0
Sherri Sheperd_S14,Sherri Sheperd,14,9,3,0.0
Sherri Sheperd_S14,Sherri Sheperd,14,10,1,0.0
Sherri Sheperd_S14,Sherri Sheperd,14,10,2,0.0
Sherri Sheperd_S14,Sherri Sheperd,14,10,3,0.0
Jaleel White_S14,Jaleel White,14,1,1,9.0
Jaleel White_S14,Jaleel White,14,1,2,8.0
Jaleel White_S14,Jaleel White,14,1,3,9.0
Jaleel White_S14,Jaleel White,14,2,1,7.0
Jaleel White_S14,Jaleel White,14,2,2,7.0
Jaleel White_S14,Jaleel White,14,2,3,8.0
Jaleel White_S14,Jaleel White,14,3,1,9.0
Jaleel White_S14,Jaleel White,14,3,2,8.0
Jaleel White_S14,Jaleel White,14,3,3,8.0
Jaleel White_S14,Jaleel White,14,4,1,8.0
Jaleel White_S14,Jaleel White,14,4,2,7.0
Jaleel White_S14,Jaleel White,14,4,3,7.0
Jaleel White_S14,Jaleel White,14,5,1,8.0
Jaleel White_S14,Jaleel White,14,5,2,8.0
Jaleel White_S14,Jaleel White,14,5,3,8.0
Jaleel White_S14,Jaleel White,14,6,1,12.6666
Jaleel White_S14,Jaleel White,14,6,2,11.6666
Jaleel White_S14,Jaleel White,14,6,3,12.6666
Jaleel White_S14,Jaleel White,14,7,1,9.0
Jaleel White_S14,Jaleel White,14,7,2,8.0
Jaleel White_S14,Jaleel White,14,7,3,8.5
Jaleel White_S14,Jaleel White,14,8,1,0.0
Jaleel White_S14,Jaleel White,14,8,2,0.0
Jaleel White_S14,Jaleel White,14,8,3,0.0
Jaleel White_S14,Jaleel White,14,9,1,0.0
Jaleel White_S14,Jaleel White,14,9,2,0.0
Jaleel White_S14,Jaleel White,14,9,3,0.0
Jaleel White_S14,Jaleel White,14,10,1,0.0
Jaleel White_S14,Jaleel White,14,10,2,0.0
Jaleel White_S14,Jaleel White,14,10,3,0.0
Roshon Fegan_S14,Roshon Fegan,14,1,1,8.0
Roshon Fegan_S14,Roshon Fegan,14,1,2,7.0
Roshon Fegan_S14,Roshon Fegan,14,1,3,8.0
Roshon Fegan_S14,Roshon Fegan,14,2,1,9.0
Roshon Fegan_S14,Roshon Fegan,14,2,2,8.0
Roshon Fegan_S14,Roshon Fegan,14,2,3,9.0
Roshon Fegan_S14,Roshon Fegan,14,3,1,8.0
Roshon Fegan_S14,Roshon Fegan,14,3,2,8.0
Roshon Fegan_S14,Roshon Fegan,14,3,3,9.0
Roshon Fegan_S14,Roshon Fegan,14,4,1,9.0
Roshon Fegan_S14,Roshon Fegan,14,4,2,8.0
Roshon Fegan_S14,Roshon Fegan,14,4,3,9.0
Roshon Fegan_S14,Roshon Fegan,14,5,1,9.0
Roshon Fegan_S14,Roshon Fegan,14,5,2,8.0
Roshon Fegan_S14,Roshon Fegan,14,5,3,9.0
Roshon Fegan_S14,Roshon Fegan,14,6,1,8.6666
Roshon Fegan_S14,Roshon Fegan,14,6,2,9.6666
Roshon Fegan_S14,Roshon Fegan,14,6,3,9.6666
Roshon Fegan_S14,Roshon Fegan,14,7,1,9.5
Roshon Fegan_S14,Roshon Fegan,14,7,2,8.0
Roshon Fegan_S14,Roshon Fegan,14,7,3,8.5
Roshon Fegan_S14,Roshon Fegan,14,8,1,9.5
Roshon Fegan_S14,Roshon Fegan,14,8,2,9.0
Roshon Fegan_S14,Roshon Fegan,14,8,3,9.5
Roshon Fegan_S14,Roshon Fegan,14,9,1,0.0
Roshon Fegan_S14,Roshon Fegan,14,9,2,0.0
Roshon Fegan_S14,Roshon Fegan,14,9,3,0.0
Roshon Fegan_S14,Roshon Fegan,14,10,1,0.0
Roshon Fegan_S14,Roshon Fegan,14,10,2,0.0
Roshon Fegan_S14,Roshon Fegan,14,10,3,0.0
Melissa Gilbert_S14,Melissa Gilbert,14,1,1,7.0
Melissa Gilbert_S14,Melissa Gilbert,14,1,2,6.0
Melissa Gilbert_S14,Melissa Gilbert,14,1,3,7.0
Melissa Gilbert_S14,Melissa Gilbert,14,2,1,7.0
Melissa Gilbert_S14,Melissa Gilbert,14,2,2,6.0
Melissa Gilbert_S14,Melissa Gilbert,14,2,3,7.0
Melissa Gilbert_S14,Melissa Gilbert,14,3,1,8.0
Melissa Gilbert_S14,Melissa Gilbert,14,3,2,8.0
Melissa Gilbert_S14,Melissa Gilbert,14,3,3,8.0
Melissa Gilbert_S14,Melissa Gilbert,14,4,1,7.0
Melissa Gilbert_S14,Melissa Gilbert,14,4,2,8.0
Melissa Gilbert_S14,Melissa Gilbert,14,4,3,7.0
Melissa Gilbert_S14,Melissa Gilbert,14,5,1,7.0
Melissa Gilbert_S14,Melissa Gilbert,14,5,2,7.0
Melissa Gilbert_S14,Melissa Gilbert,14,5,3,7.0
Melissa Gilbert_S14,Melissa Gilbert,14,6,1,10.0
Melissa Gilbert_S14,Melissa Gilbert,14,6,2,10.0
Melissa Gilbert_S14,Melissa Gilbert,14,6,3,10.0
Melissa Gilbert_S14,Melissa Gilbert,14,7,1,8.0
Melissa Gilbert_S14,Melissa Gilbert,14,7,2,7.5
Melissa Gilbert_S14,Melissa Gilbert,14,7,3,8.0
Melissa Gilbert_S14,Melissa Gilbert,14,8,1,8.5
Melissa Gilbert_S14,Melissa Gilbert,14,8,2,8.5
Melissa Gilbert_S14,Melissa Gilbert,14,8,3,8.5
Melissa Gilbert_S14,Melissa Gilbert,14,9,1,0.0
Melissa Gilbert_S14,Melissa Gilbert,14,9,2,0.0
Melissa Gilbert_S14,Melissa Gilbert,14,9,3,0.0
Melissa Gilbert_S14,Melissa Gilbert,14,10,1,0.0
Melissa Gilbert_S14,Melissa Gilbert,14,10,2,0.0
Melissa Gilbert_S14,Melissa Gilbert,14,10,3,0.0
Martina Navratilova_S14,Martina Navratilova,14,1,1,7.0
Martina Navratilova_S14,Martina Navratilova,14,1,2,6.0
Martina Navratilova_S14,Martina Navratilova,14,1,3,7.0
Martina Navratilova_S14,Martina Navratilova,14,2,1,6.0
Martina Navratilova_S14,Martina Navratilova,14,2,2,5.0
Martina Navratilova_S14,Martina Navratilova,14,2,3,6.0
Martina Navratilova_S14,Martina Navratilova,14,3,1,0.0
Martina Navratilova_S14,Martina Navratilova,14,3,2,0.0
Martina Navratilova_S14,Martina Navratilova,14,3,3,0.0
Martina Navratilova_S14,Martina Navratilova,14,4,1,0.0
Martina Navratilova_S14,Martina Navratilova,14,4,2,0.0
Martina Navratilova_S14,Martina Navratilova,14,4,3,0.0
Martina Navratilova_S14,Martina Navratilova,14,5,1,0.0
Martina Navratilova_S14,Martina Navratilova,14,5,2,0.0
Martina Navratilova_S14,Martina Navratilova,14,5,3,0.0
Martina Navratilova_S14,Martina Navratilova,14,6,1,0.0
Martina Navratilova_S14,Martina Navratilova,14,6,2,0.0
Martina Navratilova_S14,Martina Navratilova,14,6,3,0.0
Martina Navratilova_S14,Martina Navratilova,14,7,1,0.0
Martina Navratilova_S14,Martina Navratilova,14,7,2,0.0
Martina Navratilova_S14,Martina Navratilova,14,7,3,0.0
Martina Navratilova_S14,Martina Navratilova,14,8,1,0.0
Martina Navratilova_S14,Martina Navratilova,14,8,2,0.0
Martina Navratilova_S14,Martina Navratilova,14,8,3,0.0
Martina Navratilova_S14,Martina Navratilova,14,9,1,0.0
Martina Navratilova_S14,Martina Navratilova,14,9,2,0.0
Martina Navratilova_S14,Martina Navratilova,14,9,3,0.0
Martina Navratilova_S14,Martina Navratilova,14,10,1,0.0
Martina Navratilova_S14,Martina Navratilova,14,10,2,0.0
Martina Navratilova_S14,Martina Navratilova,14,10,3,0.0
Donald Driver_S14,Donald Driver,14,1,1,7.0
Donald Driver_S14,Donald Driver,14,1,2,7.0
Donald Driver_S14,Donald Driver,14,1,3,7.0
Donald Driver_S14,Donald Driver,14,2,1,8.0
Donald Driver_S14,Donald Driver,14,2,2,8.0
Donald Driver_S14,Donald Driver,14,2,3,8.0
Donald Driver_S14,Donald Driver,14,3,1,9.0
Donald Driver_S14,Donald Driver,14,3,2,8.0
Donald Driver_S14,Donald Driver,14,3,3,9.0
Donald Driver_S14,Donald Driver,14,4,1,9.0
Donald Driver_S14,Donald Driver,14,4,2,9.0
Donald Driver_S14,Donald Driver,14,4,3,9.0
Donald Driver_S14,Donald Driver,14,5,1,10.0
Donald Driver_S14,Donald Driver,14,5,2,8.0
Donald Driver_S14,Donald Driver,14,5,3,9.0
Donald Driver_S14,Donald Driver,14,6,1,11.3333
Donald Driver_S14,Donald Driver,14,6,2,11.3333
Donald Driver_S14,Donald Driver,14,6,3,11.3333
Donald Driver_S14,Donald Driver,14,7,1,9.0
Donald Driver_S14,Donald Driver,14,7,2,8.5
Donald Driver_S14,Donald Driver,14,7,3,9.0
Donald Driver_S14,Donald Driver,14,8,1,9.5
Donald Driver_S14,Donald Driver,14,8,2,9.0
Donald Driver_S14,Donald Driver,14,8,3,9.0
Donald Driver_S14,Donald Driver,14,9,1,9.5
Donald Driver_S14,Donald Driver,14,9,2,9.0
Donald Driver_S14,Donald Driver,14,9,3,10.0
Donald Driver_S14,Donald Driver,14,10,1,10.0
Donald Driver_S14,Donald Driver,14,10,2,9.6666
Donald Driver_S14,Donald Driver,14,10,3,10.0
Gavin DeGraw_S14,Gavin DeGraw,14,1,1,7.0
Gavin DeGraw_S14,Gavin DeGraw,14,1,2,6.0
Gavin DeGraw_S14,Gavin DeGraw,14,1,3,7.0
Gavin DeGraw_S14,Gavin DeGraw,14,2,1,7.0
Gavin DeGraw_S14,Gavin DeGraw,14,2,2,7.0
Gavin DeGraw_S14,Gavin DeGraw,14,2,3,7.0
Gavin DeGraw_S14,Gavin DeGraw,14,3,1,8.0
Gavin DeGraw_S14,Gavin DeGraw,14,3,2,8.0
Gavin DeGraw_S14,Gavin DeGraw,14,3,3,8.0
Gavin DeGraw_S14,Gavin DeGraw,14,4,1,8.0
Gavin DeGraw_S14,Gavin DeGraw,14,4,2,8.0
Gavin DeGraw_S14,Gavin DeGraw,14,4,3,7.0
Gavin DeGraw_S14,Gavin DeGraw,14,5,1,6.0
Gavin DeGraw_S14,Gavin DeGraw,14,5,2,6.0
Gavin DeGraw_S14,Gavin DeGraw,14,5,3,7.0
Gavin DeGraw_S14,Gavin DeGraw,14,6,1,0.0
Gavin DeGraw_S14,Gavin DeGraw,14,6,2,0.0
Gavin DeGraw_S14,Gavin DeGraw,14,6,3,0.0
Gavin DeGraw_S14,Gavin DeGraw,14,7,1,0.0
Gavin DeGraw_S14,Gavin DeGraw,14,7,2,0.0
Gavin DeGraw_S14,Gavin DeGraw,14,7,3,0.0
Gavin DeGraw_S14,Gavin DeGraw,14,8,1,0.0
Gavin DeGraw_S14,Gavin DeGraw,14,8,2,0.0
Gavin DeGraw_S14,Gavin DeGraw,14,8,3,0.0
Gavin DeGraw_S14,Gavin DeGraw,14,9,1,0.0
Gavin DeGraw_S14,Gavin DeGraw,14,9,2,0.0
Gavin DeGraw_S14,Gavin DeGraw,14,9,3,0.0
Gavin DeGraw_S14,Gavin DeGraw,14,10,1,0.0
Gavin DeGraw_S14,Gavin DeGraw,14,10,2,0.0
Gavin DeGraw_S14,Gavin DeGraw,14,10,3,0.0
Gladys Knight_S14,Gladys Knight,14,1,1,8.0
Gladys Knight_S14,Gladys Knight,14,1,2,7.0
Gladys Knight_S14,Gladys Knight,14,1,3,8.0
Gladys Knight_S14,Gladys Knight,14,2,1,7.0
Gladys Knight_S14,Gladys Knight,14,2,2,5.0
Gladys Knight_S14,Gladys Knight,14,2,3,7.0
Gladys Knight_S14,Gladys Knight,14,3,1,8.0
Gladys Knight_S14,Gladys Knight,14,3,2,8.0
Gladys Knight_S14,Gladys Knight,14,3,3,8.0
Gladys Knight_S14,Gladys Knight,14,4,1,7.0
Gladys Knight_S14,Gladys Knight,14,4,2,6.0
Gladys Knight_S14,Gladys Knight,14,4,3,7.0
Gladys Knight_S14,Gladys Knight,14,5,1,7.0
Gladys Knight_S14,Gladys Knight,14,5,2,7.0
Gladys Knight_S14,Gladys Knight,14,5,3,8.0
Gladys Knight_S14,Gladys Knight,14,6,1,8.0
Gladys Knight_S14,Gladys Knight,14,6,2,8.0
Gladys Knight_S14,Gladys Knight,14,6,3,8.0
Gladys Knight_S14,Gladys Knight,14,7,1,0.0
Gladys Knight_S14,Gladys Knight,14,7,2,0.0
Gladys Knight_S14,Gladys Knight,14,7,3,0.0
Gladys Knight_S14,Gladys Knight,14,8,1,0.0
Gladys Knight_S14,Gladys Knight,14,8,2,0.0
Gladys Knight_S14,Gladys Knight,14,8,3,0.0
Gladys Knight_S14,Gladys Knight,14,9,1,0.0
Gladys Knight_S14,Gladys Knight,14,9,2,0.0
Gladys Knight_S14,Gladys Knight,14,9,3,0.0
Gladys Knight_S14,Gladys Knight,14,10,1,0.0
Gladys Knight_S14,Gladys Knight,14,10,2,0.0
Gladys Knight_S14,Gladys Knight,14,10,3,0.0
Katherine Jenkins_S14,Katherine Jenkins,14,1,1,9.0
Katherine Jenkins_S14,Katherine Jenkins,14,1,2,8.0
Katherine Jenkins_S14,Katherine Jenkins,14,1,3,9.0
Katherine Jenkins_S14,Katherine Jenkins,14,2,1,9.0
Katherine Jenkins_S14,Katherine Jenkins,14,2,2,8.0
Katherine Jenkins_S14,Katherine Jenkins,14,2,3,9.0
Katherine Jenkins_S14,Katherine Jenkins,14,3,1,10.0
Katherine Jenkins_S14,Katherine Jenkins,14,3,2,9.0
Katherine Jenkins_S14,Katherine Jenkins,14,3,3,10.0
Katherine Jenkins_S14,Katherine Jenkins,14,4,1,8.0
Katherine Jenkins_S14,Katherine Jenkins,14,4,2,8.0
Katherine Jenkins_S14,Katherine Jenkins,14,4,3,8.0
Katherine Jenkins_S14,Katherine Jenkins,14,5,1,10.0
Katherine Jenkins_S14,Katherine Jenkins,14,5,2,9.0
Katherine Jenkins_S14,Katherine Jenkins,14,5,3,10.0
Katherine Jenkins_S14,Katherine Jenkins,14,6,1,13.3333
Katherine Jenkins_S14,Katherine Jenkins,14,6,2,12.3333
Katherine Jenkins_S14,Katherine Jenkins,14,6,3,13.3333
Katherine Jenkins_S14,Katherine Jenkins,14,7,1,9.5
Katherine Jenkins_S14,Katherine Jenkins,14,7,2,8.5
Katherine Jenkins_S14,Katherine Jenkins,14,7,3,9.0
Katherine Jenkins_S14,Katherine Jenkins,14,8,1,9.0
Katherine Jenkins_S14,Katherine Jenkins,14,8,2,9.0
Katherine Jenkins_S14,Katherine Jenkins,14,8,3,9.5
Katherine Jenkins_S14,Katherine Jenkins,14,9,1,9.5
Katherine Jenkins_S14,Katherine Jenkins,14,9,2,9.0
Katherine Jenkins_S14,Katherine Jenkins,14,9,3,9.5
Katherine Jenkins_S14,Katherine Jenkins,14,10,1,10.0
Katherine Jenkins_S14,Katherine Jenkins,14,10,2,10.0
Katherine Jenkins_S14,Katherine Jenkins,14,10,3,10.0
Maria Menounos_S14,Maria Menounos,14,1,1,7.0
Maria Menounos_S14,Maria Menounos,14,1,2,7.0
Maria Menounos_S14,Maria Menounos,14,1,3,7.0
Maria Menounos_S14,Maria Menounos,14,2,1,8.0
Maria Menounos_S14,Maria Menounos,14,2,2,8.0
Maria Menounos_S14,Maria Menounos,14,2,3,9.0
Maria Menounos_S14,Maria Menounos,14,3,1,9.0
Maria Menounos_S14,Maria Menounos,14,3,2,9.0
Maria Menounos_S14,Maria Menounos,14,3,3,9.0
Maria Menounos_S14,Maria Menounos,14,4,1,9.0
Maria Menounos_S14,Maria Menounos,14,4,2,8.0
Maria Menounos_S14,Maria Menounos,14,4,3,9.0
Maria Menounos_S14,Maria Menounos,14,5,1,9.0
Maria Menounos_S14,Maria Menounos,14,5,2,9.0
Maria Menounos_S14,Maria Menounos,14,5,3,9.0
Maria Menounos_S14,Maria Menounos,14,6,1,9.3333
Maria Menounos_S14,Maria Menounos,14,6,2,10.3333
Maria Menounos_S14,Maria Menounos,14,6,3,10.3333
Maria Menounos_S14,Maria Menounos,14,7,1,10.0
Maria Menounos_S14,Maria Menounos,14,7,2,9.0
Maria Menounos_S14,Maria Menounos,14,7,3,9.5
Maria Menounos_S14,Maria Menounos,14,8,1,9.5
Maria Menounos_S14,Maria Menounos,14,8,2,7.5
Maria Menounos_S14,Maria Menounos,14,8,3,9.5
Maria Menounos_S14,Maria Menounos,14,9,1,10.0
Maria Menounos_S14,Maria Menounos,14,9,2,9.5
Maria Menounos_S14,Maria Menounos,14,9,3,10.0
Maria Menounos_S14,Maria Menounos,14,10,1,0.0
Maria Menounos_S14,Maria Menounos,14,10,2,0.0
Maria Menounos_S14,Maria Menounos,14,10,3,0.0
Gilles Marini_S15,Gilles Marini,15,1,1,8.0
Gilles Marini_S15,Gilles Marini,15,1,2,8.0
Gilles Marini_S15,Gilles Marini,15,1,3,8.0
Gilles Marini_S15,Gilles Marini,15,2,1,8.5
Gilles Marini_S15,Gilles Marini,15,2,2,8.5
Gilles Marini_S15,Gilles Marini,15,2,3,8.5
Gilles Marini_S15,Gilles Marini,15,3,1,8.5
Gilles Marini_S15,Gilles Marini,15,3,2,8.5
Gilles Marini_S15,Gilles Marini,15,3,3,8.5
Gilles Marini_S15,Gilles Marini,15,4,1,10.0
Gilles Marini_S15,Gilles Marini,15,4,2,9.5
Gilles Marini_S15,Gilles Marini,15,4,3,10.0
Gilles Marini_S15,Gilles Marini,15,4,4,10.0
Gilles Marini_S15,Gilles Marini,15,5,1,9.5
Gilles Marini_S15,Gilles Marini,15,5,2,9.25
Gilles Marini_S15,Gilles Marini,15,5,3,9.5
Gilles Marini_S15,Gilles Marini,15,6,1,9.0
Gilles Marini_S15,Gilles Marini,15,6,2,9.0
Gilles Marini_S15,Gilles Marini,15,6,3,9.5
Gilles Marini_S15,Gilles Marini,15,7,1,11.1666
Gilles Marini_S15,Gilles Marini,15,7,2,11.1666
Gilles Marini_S15,Gilles Marini,15,7,3,11.1666
Gilles Marini_S15,Gilles Marini,15,8,1,9.5
Gilles Marini_S15,Gilles Marini,15,8,2,10.0
Gilles Marini_S15,Gilles Marini,15,8,3,9.7777
Gilles Marini_S15,Gilles Marini,15,9,1,0.0
Gilles Marini_S15,Gilles Marini,15,9,2,0.0
Gilles Marini_S15,Gilles Marini,15,9,3,0.0
Gilles Marini_S15,Gilles Marini,15,10,1,0.0
Gilles Marini_S15,Gilles Marini,15,10,2,0.0
Gilles Marini_S15,Gilles Marini,15,10,3,0.0
Sabrina Bryan_S15,Sabrina Bryan,15,1,1,7.5
Sabrina Bryan_S15,Sabrina Bryan,15,1,2,7.5
Sabrina Bryan_S15,Sabrina Bryan,15,1,3,7.5
Sabrina Bryan_S15,Sabrina Bryan,15,2,1,9.0
Sabrina Bryan_S15,Sabrina Bryan,15,2,2,8.5
Sabrina Bryan_S15,Sabrina Bryan,15,2,3,8.5
Sabrina Bryan_S15,Sabrina Bryan,15,3,1,8.5
Sabrina Bryan_S15,Sabrina Bryan,15,3,2,8.5
Sabrina Bryan_S15,Sabrina Bryan,15,3,3,8.5
Sabrina Bryan_S15,Sabrina Bryan,15,4,1,9.0
Sabrina Bryan_S15,Sabrina Bryan,15,4,2,9.0
Sabrina Bryan_S15,Sabrina Bryan,15,4,3,8.5
Sabrina Bryan_S15,Sabrina Bryan,15,4,4,9.0
Sabrina Bryan_S15,Sabrina Bryan,15,5,1,9.75
Sabrina Bryan_S15,Sabrina Bryan,15,5,2,9.75
Sabrina Bryan_S15,Sabrina Bryan,15,5,3,9.75
Sabrina Bryan_S15,Sabrina Bryan,15,6,1,10.0
Sabrina Bryan_S15,Sabrina Bryan,15,6,2,10.0
Sabrina Bryan_S15,Sabrina Bryan,15,6,3,10.0
Sabrina Bryan_S15,Sabrina Bryan,15,7,1,0.0
Sabrina Bryan_S15,Sabrina Bryan,15,7,2,0.0
Sabrina Bryan_S15,Sabrina Bryan,15,7,3,0.0
Sabrina Bryan_S15,Sabrina Bryan,15,8,1,0.0
Sabrina Bryan_S15,Sabrina Bryan,15,8,2,0.0
Sabrina Bryan_S15,Sabrina Bryan,15,8,3,0.0
Sabrina Bryan_S15,Sabrina Bryan,15,9,1,0.0
Sabrina Bryan_S15,Sabrina Bryan,15,9,2,0.0
Sabrina Bryan_S15,Sabrina Bryan,15,9,3,0.0
Sabrina Bryan_S15,Sabrina Bryan,15,10,1,0.0
Sabrina Bryan_S15,Sabrina Bryan,15,10,2,0.0
Sabrina Bryan_S15,Sabrina Bryan,15,10,3,0.0
Kirstie Alley_S15,Kirstie Alley,15,1,1,6.5
Kirstie Alley_S15,Kirstie Alley,15,1,2,6.0
Kirstie Alley_S15,Kirstie Alley,15,1,3,6.5
Kirstie Alley_S15,Kirstie Alley,15,2,1,7.0
Kirstie Alley_S15,Kirstie Alley,15,2,2,7.0
Kirstie Alley_S15,Kirstie Alley,15,2,3,7.0
Kirstie Alley_S15,Kirstie Alley,15,3,1,8.0
Kirstie Alley_S15,Kirstie Alley,15,3,2,8.0
Kirstie Alley_S15,Kirstie Alley,15,3,3,8.0
Kirstie Alley_S15,Kirstie Alley,15,4,1,7.5
Kirstie Alley_S15,Kirstie Alley,15,4,2,7.5
Kirstie Alley_S15,Kirstie Alley,15,4,3,7.5
Kirstie Alley_S15,Kirstie Alley,15,4,4,7.5
Kirstie Alley_S15,Kirstie Alley,15,5,1,8.75
Kirstie Alley_S15,Kirstie Alley,15,5,2,8.75
Kirstie Alley_S15,Kirstie Alley,15,5,3,8.75
Kirstie Alley_S15,Kirstie Alley,15,6,1,9.5
Kirstie Alley_S15,Kirstie Alley,15,6,2,8.5
Kirstie Alley_S15,Kirstie Alley,15,6,3,9.5
Kirstie Alley_S15,Kirstie Alley,15,7,1,9.3333
Kirstie Alley_S15,Kirstie Alley,15,7,2,9.3333
Kirstie Alley_S15,Kirstie Alley,15,7,3,9.3333
Kirstie Alley_S15,Kirstie Alley,15,8,1,8.5
Kirstie Alley_S15,Kirstie Alley,15,8,2,8.5
Kirstie Alley_S15,Kirstie Alley,15,8,3,8.5
Kirstie Alley_S15,Kirstie Alley,15,9,1,0.0
Kirstie Alley_S15,Kirstie Alley,15,9,2,0.0
Kirstie Alley_S15,Kirstie Alley,15,9,3,0.0
Kirstie Alley_S15,Kirstie Alley,15,10,1,0.0
Kirstie Alley_S15,Kirstie Alley,15,10,2,0.0
Kirstie Alley_S15,Kirstie Alley,15,10,3,0.0
Kelly Monaco_S15,Kelly Monaco,15,1,1,7.0
Kelly Monaco_S15,Kelly Monaco,15,1,2,7.0
Kelly Monaco_S15,Kelly Monaco,15,1,3,7.5
Kelly Monaco_S15,Kelly Monaco,15,2,1,7.5
Kelly Monaco_S15,Kelly Monaco,15,2,2,7.0
Kelly Monaco_S15,Kelly Monaco,15,2,3,7.5
Kelly Monaco_S15,Kelly Monaco,15,3,1,9.0
Kelly Monaco_S15,Kelly Monaco,15,3,2,9.0
Kelly Monaco_S15,Kelly Monaco,15,3,3,9.0
Kelly Monaco_S15,Kelly Monaco,15,4,1,9.0
Kelly Monaco_S15,Kelly Monaco,15,4,2,9.5
Kelly Monaco_S15,Kelly Monaco,15,4,3,9.5
Kelly Monaco_S15,Kelly Monaco,15,4,4,9.5
Kelly Monaco_S15,Kelly Monaco,15,5,1,8.5
Kelly Monaco_S15,Kelly Monaco,15,5,2,8.5
Kelly Monaco_S15,Kelly Monaco,15,5,3,8.75
Kelly Monaco_S15,Kelly Monaco,15,6,1,9.0
Kelly Monaco_S15,Kelly Monaco,15,6,2,9.0
Kelly Monaco_S15,Kelly Monaco,15,6,3,9.0
Kelly Monaco_S15,Kelly Monaco,15,7,1,12.0
Kelly Monaco_S15,Kelly Monaco,15,7,2,12.0
Kelly Monaco_S15,Kelly Monaco,15,7,3,12.0
Kelly Monaco_S15,Kelly Monaco,15,8,1,9.5
Kelly Monaco_S15,Kelly Monaco,15,8,2,9.3333
Kelly Monaco_S15,Kelly Monaco,15,8,3,9.5
Kelly Monaco_S15,Kelly Monaco,15,9,1,8.7777
Kelly Monaco_S15,Kelly Monaco,15,9,2,9.3333
Kelly Monaco_S15,Kelly Monaco,15,9,3,9.0
Kelly Monaco_S15,Kelly Monaco,15,10,1,9.6666
Kelly Monaco_S15,Kelly Monaco,15,10,2,9.6666
Kelly Monaco_S15,Kelly Monaco,15,10,3,9.7777
Apolo Anton Ohno_S15,Apolo Anton Ohno,15,1,1,7.5
Apolo Anton Ohno_S15,Apolo Anton Ohno,15,1,2,7.0
Apolo Anton Ohno_S15,Apolo Anton Ohno,15,1,3,7.5
Apolo Anton Ohno_S15,Apolo Anton Ohno,15,2,1,8.5
Apolo Anton Ohno_S15,Apolo Anton Ohno,15,2,2,8.0
Apolo Anton Ohno_S15,Apolo Anton Ohno,15,2,3,8.0
Apolo Anton Ohno_S15,Apolo Anton Ohno,15,3,1,9.0
Apolo Anton Ohno_S15,Apolo Anton Ohno,15,3,2,8.0
Apolo Anton Ohno_S15,Apolo Anton Ohno,15,3,3,8.5
Apolo Anton Ohno_S15,Apolo Anton Ohno,15,4,1,8.5
Apolo Anton Ohno_S15,Apolo Anton Ohno,15,4,2,9.0
Apolo Anton Ohno_S15,Apolo Anton Ohno,15,4,3,8.5
Apolo Anton Ohno_S15,Apolo Anton Ohno,15,4,4,8.5
Apolo Anton Ohno_S15,Apolo Anton Ohno,15,5,1,9.0
Apolo Anton Ohno_S15,Apolo Anton Ohno,15,5,2,9.75
Apolo Anton Ohno_S15,Apolo Anton Ohno,15,5,3,9.5
Apolo Anton Ohno_S15,Apolo Anton Ohno,15,6,1,10.0
Apolo Anton Ohno_S15,Apolo Anton Ohno,15,6,2,10.0
Apolo Anton Ohno_S15,Apolo Anton Ohno,15,6,3,10.0
Apolo Anton Ohno_S15,Apolo Anton Ohno,15,7,1,11.0
Apolo Anton Ohno_S15,Apolo Anton Ohno,15,7,2,11.0
Apolo Anton Ohno_S15,Apolo Anton Ohno,15,7,3,11.0
Apolo Anton Ohno_S15,Apolo Anton Ohno,15,8,1,9.7777
Apolo Anton Ohno_S15,Apolo Anton Ohno,15,8,2,9.5
Apolo Anton Ohno_S15,Apolo Anton Ohno,15,8,3,10.0
Apolo Anton Ohno_S15,Apolo Anton Ohno,15,9,1,9.3333
Apolo Anton Ohno_S15,Apolo Anton Ohno,15,9,2,9.5
Apolo Anton Ohno_S15,Apolo Anton Ohno,15,9,3,9.7777
Apolo Anton Ohno_S15,Apolo Anton Ohno,15,10,1,0.0
Apolo Anton Ohno_S15,Apolo Anton Ohno,15,10,2,0.0
Apolo Anton Ohno_S15,Apolo Anton Ohno,15,10,3,0.0
Emmitt Smith_S15,Emmitt Smith,15,1,1,8.0
Emmitt Smith_S15,Emmitt Smith,15,1,2,8.5
Emmitt Smith_S15,Emmitt Smith,15,1,3,8.0
Emmitt Smith_S15,Emmitt Smith,15,2,1,7.5
Emmitt Smith_S15,Emmitt Smith,15,2,2,7.5
Emmitt Smith_S15,Emmitt Smith,15,2,3,7.5
Emmitt Smith_S15,Emmitt Smith,15,3,1,8.5
Emmitt Smith_S15,Emmitt Smith,15,3,2,8.0
Emmitt Smith_S15,Emmitt Smith,15,3,3,8.5
Emmitt Smith_S15,Emmitt Smith,15,4,1,9.0
Emmitt Smith_S15,Emmitt Smith,15,4,2,9.0
Emmitt Smith_S15,Emmitt Smith,15,4,3,9.0
Emmitt Smith_S15,Emmitt Smith,15,4,4,9.0
Emmitt Smith_S15,Emmitt Smith,15,5,1,9.25
Emmitt Smith_S15,Emmitt Smith,15,5,2,9.25
Emmitt Smith_S15,Emmitt Smith,15,5,3,9.5
Emmitt Smith_S15,Emmitt Smith,15,6,1,8.5
Emmitt Smith_S15,Emmitt Smith,15,6,2,8.5
Emmitt Smith_S15,Emmitt Smith,15,6,3,9.5
Emmitt Smith_S15,Emmitt Smith,15,7,1,10.8333
Emmitt Smith_S15,Emmitt Smith,15,7,2,11.8333
Emmitt Smith_S15,Emmitt Smith,15,7,3,11.8333
Emmitt Smith_S15,Emmitt Smith,15,8,1,9.5
Emmitt Smith_S15,Emmitt Smith,15,8,2,9.7777
Emmitt Smith_S15,Emmitt Smith,15,8,3,9.7777
Emmitt Smith_S15,Emmitt Smith,15,9,1,9.0
Emmitt Smith_S15,Emmitt Smith,15,9,2,9.0
Emmitt Smith_S15,Emmitt Smith,15,9,3,9.0
Emmitt Smith_S15,Emmitt Smith,15,10,1,0.0
Emmitt Smith_S15,Emmitt Smith,15,10,2,0.0
Emmitt Smith_S15,Emmitt Smith,15,10,3,0.0
Shawn Johnson_S15,Shawn Johnson,15,1,1,8.0
Shawn Johnson_S15,Shawn Johnson,15,1,2,6.5
Shawn Johnson_S15,Shawn Johnson,15,1,3,7.5
Shawn Johnson_S15,Shawn Johnson,15,2,1,8.5
Shawn Johnson_S15,Shawn Johnson,15,2,2,8.0
Shawn Johnson_S15,Shawn Johnson,15,2,3,8.5
Shawn Johnson_S15,Shawn Johnson,15,3,1,9.0
Shawn Johnson_S15,Shawn Johnson,15,3,2,8.0
Shawn Johnson_S15,Shawn Johnson,15,3,3,9.5
Shawn Johnson_S15,Shawn Johnson,15,4,1,10.0
Shawn Johnson_S15,Shawn Johnson,15,4,2,9.5
Shawn Johnson_S15,Shawn Johnson,15,4,3,10.0
Shawn Johnson_S15,Shawn Johnson,15,4,4,10.0
Shawn Johnson_S15,Shawn Johnson,15,5,1,9.25
Shawn Johnson_S15,Shawn Johnson,15,5,2,9.0
Shawn Johnson_S15,Shawn Johnson,15,5,3,10.0
Shawn Johnson_S15,Shawn Johnson,15,6,1,9.5
Shawn Johnson_S15,Shawn Johnson,15,6,2,8.5
Shawn Johnson_S15,Shawn Johnson,15,6,3,10.0
Shawn Johnson_S15,Shawn Johnson,15,7,1,12.6666
Shawn Johnson_S15,Shawn Johnson,15,7,2,12.6666
Shawn Johnson_S15,Shawn Johnson,15,7,3,12.6666
Shawn Johnson_S15,Shawn Johnson,15,8,1,10.0
Shawn Johnson_S15,Shawn Johnson,15,8,2,8.3333
Shawn Johnson_S15,Shawn Johnson,15,8,3,9.5
Shawn Johnson_S15,Shawn Johnson,15,9,1,9.5
Shawn Johnson_S15,Shawn Johnson,15,9,2,10.0
Shawn Johnson_S15,Shawn Johnson,15,9,3,10.0
Shawn Johnson_S15,Shawn Johnson,15,10,1,9.6666
Shawn Johnson_S15,Shawn Johnson,15,10,2,9.5
Shawn Johnson_S15,Shawn Johnson,15,10,3,9.7777
Pamela Anderson_S15,Pamela Anderson,15,1,1,5.5
Pamela Anderson_S15,Pamela Anderson,15,1,2,5.5
Pamela Anderson_S15,Pamela Anderson,15,1,3,6.0
Pamela Anderson_S15,Pamela Anderson,15,2,1,0.0
Pamela Anderson_S15,Pamela Anderson,15,2,2,0.0
Pamela Anderson_S15,Pamela Anderson,15,2,3,0.0
Pamela Anderson_S15,Pamela Anderson,15,3,1,0.0
Pamela Anderson_S15,Pamela Anderson,15,3,2,0.0
Pamela Anderson_S15,Pamela Anderson,15,3,3,0.0
Pamela Anderson_S15,Pamela Anderson,15,4,1,0.0
Pamela Anderson_S15,Pamela Anderson,15,4,2,0.0
Pamela Anderson_S15,Pamela Anderson,15,4,3,0.0
Pamela Anderson_S15,Pamela Anderson,15,4,4,0.0
Pamela Anderson_S15,Pamela Anderson,15,5,1,0.0
Pamela Anderson_S15,Pamela Anderson,15,5,2,0.0
Pamela Anderson_S15,Pamela Anderson,15,5,3,0.0
Pamela Anderson_S15,Pamela Anderson,15,6,1,0.0
Pamela Anderson_S15,Pamela Anderson,15,6,2,0.0
Pamela Anderson_S15,Pamela Anderson,15,6,3,0.0
Pamela Anderson_S15,Pamela Anderson,15,7,1,0.0
Pamela Anderson_S15,Pamela Anderson,15,7,2,0.0
Pamela Anderson_S15,Pamela Anderson,15,7,3,0.0
Pamela Anderson_S15,Pamela Anderson,15,8,1,0.0
Pamela Anderson_S15,Pamela Anderson,15,8,2,0.0
Pamela Anderson_S15,Pamela Anderson,15,8,3,0.0
Pamela Anderson_S15,Pamela Anderson,15,9,1,0.0
Pamela Anderson_S15,Pamela Anderson,15,9,2,0.0
Pamela Anderson_S15,Pamela Anderson,15,9,3,0.0
Pamela Anderson_S15,Pamela Anderson,15,10,1,0.0
Pamela Anderson_S15,Pamela Anderson,15,10,2,0.0
Pamela Anderson_S15,Pamela Anderson,15,10,3,0.0
Helio Castroneves_S15,Helio Castroneves,15,1,1,7.0
Helio Castroneves_S15,Helio Castroneves,15,1,2,7.5
Helio Castroneves_S15,Helio Castroneves,15,1,3,7.0
Helio Castroneves_S15,Helio Castroneves,15,2,1,8.0
Helio Castroneves_S15,Helio Castroneves,15,2,2,7.5
Helio Castroneves_S15,Helio Castroneves,15,2,3,7.5
Helio Castroneves_S15,Helio Castroneves,15,3,1,8.5
Helio Castroneves_S15,Helio Castroneves,15,3,2,8.5
Helio Castroneves_S15,Helio Castroneves,15,3,3,8.5
Helio Castroneves_S15,Helio Castroneves,15,4,1,0.0
Helio Castroneves_S15,Helio Castroneves,15,4,2,0.0
Helio Castroneves_S15,Helio Castroneves,15,4,3,0.0
Helio Castroneves_S15,Helio Castroneves,15,4,4,0.0
Helio Castroneves_S15,Helio Castroneves,15,5,1,0.0
Helio Castroneves_S15,Helio Castroneves,15,5,2,0.0
Helio Castroneves_S15,Helio Castroneves,15,5,3,0.0
Helio Castroneves_S15,Helio Castroneves,15,6,1,0.0
Helio Castroneves_S15,Helio Castroneves,15,6,2,0.0
Helio Castroneves_S15,Helio Castroneves,15,6,3,0.0
Helio Castroneves_S15,Helio Castroneves,15,7,1,0.0
Helio Castroneves_S15,Helio Castroneves,15,7,2,0.0
Helio Castroneves_S15,Helio Castroneves,15,7,3,0.0
Helio Castroneves_S15,Helio Castroneves,15,8,1,0.0
Helio Castroneves_S15,Helio Castroneves,15,8,2,0.0
Helio Castroneves_S15,Helio Castroneves,15,8,3,0.0
Helio Castroneves_S15,Helio Castroneves,15,9,1,0.0
Helio Castroneves_S15,Helio Castroneves,15,9,2,0.0
Helio Castroneves_S15,Helio Castroneves,15,9,3,0.0
Helio Castroneves_S15,Helio Castroneves,15,10,1,0.0
Helio Castroneves_S15,Helio Castroneves,15,10,2,0.0
Helio Castroneves_S15,Helio Castroneves,15,10,3,0.0
Joey Fatone_S15,Joey Fatone,15,1,1,6.5
Joey Fatone_S15,Joey Fatone,15,1,2,7.0
Joey Fatone_S15,Joey Fatone,15,1,3,7.0
Joey Fatone_S15,Joey Fatone,15,2,1,7.5
Joey Fatone_S15,Joey Fatone,15,2,2,7.5
Joey Fatone_S15,Joey Fatone,15,2,3,7.5
Joey Fatone_S15,Joey Fatone,15,3,1,0.0
Joey Fatone_S15,Joey Fatone,15,3,2,0.0
Joey Fatone_S15,Joey Fatone,15,3,3,0.0
Joey Fatone_S15,Joey Fatone,15,4,1,0.0
Joey Fatone_S15,Joey Fatone,15,4,2,0.0
Joey Fatone_S15,Joey Fatone,15,4,3,0.0
Joey Fatone_S15,Joey Fatone,15,4,4,0.0
Joey Fatone_S15,Joey Fatone,15,5,1,0.0
Joey Fatone_S15,Joey Fatone,15,5,2,0.0
Joey Fatone_S15,Joey Fatone,15,5,3,0.0
Joey Fatone_S15,Joey Fatone,15,6,1,0.0
Joey Fatone_S15,Joey Fatone,15,6,2,0.0
Joey Fatone_S15,Joey Fatone,15,6,3,0.0
Joey Fatone_S15,Joey Fatone,15,7,1,0.0
Joey Fatone_S15,Joey Fatone,15,7,2,0.0
Joey Fatone_S15,Joey Fatone,15,7,3,0.0
Joey Fatone_S15,Joey Fatone,15,8,1,0.0
Joey Fatone_S15,Joey Fatone,15,8,2,0.0
Joey Fatone_S15,Joey Fatone,15,8,3,0.0
Joey Fatone_S15,Joey Fatone,15,9,1,0.0
Joey Fatone_S15,Joey Fatone,15,9,2,0.0
Joey Fatone_S15,Joey Fatone,15,9,3,0.0
Joey Fatone_S15,Joey Fatone,15,10,1,0.0
Joey Fatone_S15,Joey Fatone,15,10,2,0.0
Joey Fatone_S15,Joey Fatone,15,10,3,0.0
Drew Lachey_S15,Drew Lachey,15,1,1,7.0
Drew Lachey_S15,Drew Lachey,15,1,2,7.0
Drew Lachey_S15,Drew Lachey,15,1,3,7.5
Drew Lachey_S15,Drew Lachey,15,2,1,7.5
Drew Lachey_S15,Drew Lachey,15,2,2,7.5
Drew Lachey_S15,Drew Lachey,15,2,3,7.5
Drew Lachey_S15,Drew Lachey,15,3,1,8.0
Drew Lachey_S15,Drew Lachey,15,3,2,8.0
Drew Lachey_S15,Drew Lachey,15,3,3,8.0
Drew Lachey_S15,Drew Lachey,15,4,1,0.0
Drew Lachey_S15,Drew Lachey,15,4,2,0.0
Drew Lachey_S15,Drew Lachey,15,4,3,0.0
Drew Lachey_S15,Drew Lachey,15,4,4,0.0
Drew Lachey_S15,Drew Lachey,15,5,1,0.0
Drew Lachey_S15,Drew Lachey,15,5,2,0.0
Drew Lachey_S15,Drew Lachey,15,5,3,0.0
Drew Lachey_S15,Drew Lachey,15,6,1,0.0
Drew Lachey_S15,Drew Lachey,15,6,2,0.0
Drew Lachey_S15,Drew Lachey,15,6,3,0.0
Drew Lachey_S15,Drew Lachey,15,7,1,0.0
Drew Lachey_S15,Drew Lachey,15,7,2,0.0
Drew Lachey_S15,Drew Lachey,15,7,3,0.0
Drew Lachey_S15,Drew Lachey,15,8,1,0.0
Drew Lachey_S15,Drew Lachey,15,8,2,0.0
Drew Lachey_S15,Drew Lachey,15,8,3,0.0
Drew Lachey_S15,Drew Lachey,15,9,1,0.0
Drew Lachey_S15,Drew Lachey,15,9,2,0.0
Drew Lachey_S15,Drew Lachey,15,9,3,0.0
Drew Lachey_S15,Drew Lachey,15,10,1,0.0
Drew Lachey_S15,Drew Lachey,15,10,2,0.0
Drew Lachey_S15,Drew Lachey,15,10,3,0.0
Bristol Palin_S15,Bristol Palin,15,1,1,6.5
Bristol Palin_S15,Bristol Palin,15,1,2,6.5
Bristol Palin_S15,Bristol Palin,15,1,3,6.5
Bristol Palin_S15,Bristol Palin,15,2,1,6.0
Bristol Palin_S15,Bristol Palin,15,2,2,6.0
Bristol Palin_S15,Bristol Palin,15,2,3,6.0
Bristol Palin_S15,Bristol Palin,15,3,1,7.5
Bristol Palin_S15,Bristol Palin,15,3,2,7.5
Bristol Palin_S15,Bristol Palin,15,3,3,7.5
Bristol Palin_S15,Bristol Palin,15,4,1,8.0
Bristol Palin_S15,Bristol Palin,15,4,2,8.0
Bristol Palin_S15,Bristol Palin,15,4,3,8.0
Bristol Palin_S15,Bristol Palin,15,4,4,8.0
Bristol Palin_S15,Bristol Palin,15,5,1,0.0
Bristol Palin_S15,Bristol Palin,15,5,2,0.0
Bristol Palin_S15,Bristol Palin,15,5,3,0.0
Bristol Palin_S15,Bristol Palin,15,6,1,0.0
Bristol Palin_S15,Bristol Palin,15,6,2,0.0
Bristol Palin_S15,Bristol Palin,15,6,3,0.0
Bristol Palin_S15,Bristol Palin,15,7,1,0.0
Bristol Palin_S15,Bristol Palin,15,7,2,0.0
Bristol Palin_S15,Bristol Palin,15,7,3,0.0
Bristol Palin_S15,Bristol Palin,15,8,1,0.0
Bristol Palin_S15,Bristol Palin,15,8,2,0.0
Bristol Palin_S15,Bristol Palin,15,8,3,0.0
Bristol Palin_S15,Bristol Palin,15,9,1,0.0
Bristol Palin_S15,Bristol Palin,15,9,2,0.0
Bristol Palin_S15,Bristol Palin,15,9,3,0.0
Bristol Palin_S15,Bristol Palin,15,10,1,0.0
Bristol Palin_S15,Bristol Palin,15,10,2,0.0
Bristol Palin_S15,Bristol Palin,15,10,3,0.0
Melissa Rycroft_S15,Melissa Rycroft,15,1,1,7.0
Melissa Rycroft_S15,Melissa Rycroft,15,1,2,7.0
Melissa Rycroft_S15,Melissa Rycroft,15,1,3,7.0
Melissa Rycroft_S15,Melissa Rycroft,15,2,1,8.0
Melissa Rycroft_S15,Melissa Rycroft,15,2,2,8.0
Melissa Rycroft_S15,Melissa Rycroft,15,2,3,7.5
Melissa Rycroft_S15,Melissa Rycroft,15,3,1,9.0
Melissa Rycroft_S15,Melissa Rycroft,15,3,2,9.0
Melissa Rycroft_S15,Melissa Rycroft,15,3,3,9.0
Melissa Rycroft_S15,Melissa Rycroft,15,4,1,9.0
Melissa Rycroft_S15,Melissa Rycroft,15,4,2,9.0
Melissa Rycroft_S15,Melissa Rycroft,15,4,3,9.5
Melissa Rycroft_S15,Melissa Rycroft,15,4,4,9.5
Melissa Rycroft_S15,Melissa Rycroft,15,5,1,9.25
Melissa Rycroft_S15,Melissa Rycroft,15,5,2,9.5
Melissa Rycroft_S15,Melissa Rycroft,15,5,3,9.5
Melissa Rycroft_S15,Melissa Rycroft,15,6,1,9.5
Melissa Rycroft_S15,Melissa Rycroft,15,6,2,10.0
Melissa Rycroft_S15,Melissa Rycroft,15,6,3,10.0
Melissa Rycroft_S15,Melissa Rycroft,15,7,1,13.3333
Melissa Rycroft_S15,Melissa Rycroft,15,7,2,12.8333
Melissa Rycroft_S15,Melissa Rycroft,15,7,3,12.8333
Melissa Rycroft_S15,Melissa Rycroft,15,8,1,10.0
Melissa Rycroft_S15,Melissa Rycroft,15,8,2,10.0
Melissa Rycroft_S15,Melissa Rycroft,15,8,3,10.0
Melissa Rycroft_S15,Melissa Rycroft,15,9,1,9.5
Melissa Rycroft_S15,Melissa Rycroft,15,9,2,9.7777
Melissa Rycroft_S15,Melissa Rycroft,15,9,3,9.5
Melissa Rycroft_S15,Melissa Rycroft,15,10,1,9.7777
Melissa Rycroft_S15,Melissa Rycroft,15,10,2,9.7777
Melissa Rycroft_S15,Melissa Rycroft,15,10,3,9.7777
Ingo Rademacher_S16,Ingo Rademacher,16,1,1,7.0
Ingo Rademacher_S16,Ingo Rademacher,16,1,2,6.0
Ingo Rademacher_S16,Ingo Rademacher,16,1,3,7.0
Ingo Rademacher_S16,Ingo Rademacher,16,2,1,6.0
Ingo Rademacher_S16,Ingo Rademacher,16,2,2,7.0
Ingo Rademacher_S16,Ingo Rademacher,16,2,3,7.0
Ingo Rademacher_S16,Ingo Rademacher,16,3,1,7.0
Ingo Rademacher_S16,Ingo Rademacher,16,3,2,7.0
Ingo Rademacher_S16,Ingo Rademacher,16,3,3,7.0
Ingo Rademacher_S16,Ingo Rademacher,16,4,1,8.0
Ingo Rademacher_S16,Ingo Rademacher,16,4,2,7.0
Ingo Rademacher_S16,Ingo Rademacher,16,4,3,8.0
Ingo Rademacher_S16,Ingo Rademacher,16,5,1,7.0
Ingo Rademacher_S16,Ingo Rademacher,16,5,2,7.0
Ingo Rademacher_S16,Ingo Rademacher,16,5,3,7.0
Ingo Rademacher_S16,Ingo Rademacher,16,6,1,7.5
Ingo Rademacher_S16,Ingo Rademacher,16,6,2,8.0
Ingo Rademacher_S16,Ingo Rademacher,16,6,3,7.5
Ingo Rademacher_S16,Ingo Rademacher,16,7,1,8.0
Ingo Rademacher_S16,Ingo Rademacher,16,7,2,9.0
Ingo Rademacher_S16,Ingo Rademacher,16,7,3,8.0
Ingo Rademacher_S16,Ingo Rademacher,16,8,1,8.0
Ingo Rademacher_S16,Ingo Rademacher,16,8,2,8.0
Ingo Rademacher_S16,Ingo Rademacher,16,8,3,8.0
Ingo Rademacher_S16,Ingo Rademacher,16,9,1,8.5
Ingo Rademacher_S16,Ingo Rademacher,16,9,2,8.5
Ingo Rademacher_S16,Ingo Rademacher,16,9,3,8.5
Ingo Rademacher_S16,Ingo Rademacher,16,10,1,0.0
Ingo Rademacher_S16,Ingo Rademacher,16,10,2,0.0
Ingo Rademacher_S16,Ingo Rademacher,16,10,3,0.0
Zendaya_S16,Zendaya,16,1,1,8.0
Zendaya_S16,Zendaya,16,1,2,8.0
Zendaya_S16,Zendaya,16,1,3,8.0
Zendaya_S16,Zendaya,16,2,1,9.0
Zendaya_S16,Zendaya,16,2,2,8.0
Zendaya_S16,Zendaya,16,2,3,9.0
Zendaya_S16,Zendaya,16,3,1,8.6666
Zendaya_S16,Zendaya,16,3,2,8.6666
Zendaya_S16,Zendaya,16,3,3,8.6666
Zendaya_S16,Zendaya,16,4,1,9.0
Zendaya_S16,Zendaya,16,4,2,8.0
Zendaya_S16,Zendaya,16,4,3,9.0
Zendaya_S16,Zendaya,16,5,1,10.0
Zendaya_S16,Zendaya,16,5,2,9.0
Zendaya_S16,Zendaya,16,5,3,10.0
Zendaya_S16,Zendaya,16,6,1,8.5
Zendaya_S16,Zendaya,16,6,2,8.5
Zendaya_S16,Zendaya,16,6,3,8.5
Zendaya_S16,Zendaya,16,7,1,10.0
Zendaya_S16,Zendaya,16,7,2,10.0
Zendaya_S16,Zendaya,16,7,3,10.0
Zendaya_S16,Zendaya,16,8,1,9.5
Zendaya_S16,Zendaya,16,8,2,10.0
Zendaya_S16,Zendaya,16,8,3,9.5
Zendaya_S16,Zendaya,16,9,1,9.0
Zendaya_S16,Zendaya,16,9,2,9.0
Zendaya_S16,Zendaya,16,9,3,9.5
Zendaya_S16,Zendaya,16,10,1,10.0
Zendaya_S16,Zendaya,16,10,2,10.0
Zendaya_S16,Zendaya,16,10,3,10.0
Dorothy Hamill_S16,Dorothy Hamill,16,1,1,7.0
Dorothy Hamill_S16,Dorothy Hamill,16,1,2,7.0
Dorothy Hamill_S16,Dorothy Hamill,16,1,3,7.0
Dorothy Hamill_S16,Dorothy Hamill,16,2,1,5.0
Dorothy Hamill_S16,Dorothy Hamill,16,2,2,5.0
Dorothy Hamill_S16,Dorothy Hamill,16,2,3,5.0
Dorothy Hamill_S16,Dorothy Hamill,16,3,1,0.0
Dorothy Hamill_S16,Dorothy Hamill,16,3,2,0.0
Dorothy Hamill_S16,Dorothy Hamill,16,3,3,0.0
Dorothy Hamill_S16,Dorothy Hamill,16,4,1,0.0
Dorothy Hamill_S16,Dorothy Hamill,16,4,2,0.0
Dorothy Hamill_S16,Dorothy Hamill,16,4,3,0.0
Dorothy Hamill_S16,Dorothy Hamill,16,5,1,0.0
Dorothy Hamill_S16,Dorothy Hamill,16,5,2,0.0
Dorothy Hamill_S16,Dorothy Hamill,16,5,3,0.0
Dorothy Hamill_S16,Dorothy Hamill,16,6,1,0.0
Dorothy Hamill_S16,Dorothy Hamill,16,6,2,0.0
Dorothy Hamill_S16,Dorothy Hamill,16,6,3,0.0
Dorothy Hamill_S16,Dorothy Hamill,16,7,1,0.0
Dorothy Hamill_S16,Dorothy Hamill,16,7,2,0.0
Dorothy Hamill_S16,Dorothy Hamill,16,7,3,0.0
Dorothy Hamill_S16,Dorothy Hamill,16,8,1,0.0
Dorothy Hamill_S16,Dorothy Hamill,16,8,2,0.0
Dorothy Hamill_S16,Dorothy Hamill,16,8,3,0.0
Dorothy Hamill_S16,Dorothy Hamill,16,9,1,0.0
Dorothy Hamill_S16,Dorothy Hamill,16,9,2,0.0
Dorothy Hamill_S16,Dorothy Hamill,16,9,3,0.0
Dorothy Hamill_S16,Dorothy Hamill,16,10,1,0.0
Dorothy Hamill_S16,Dorothy Hamill,16,10,2,0.0
Dorothy Hamill_S16,Dorothy Hamill,16,10,3,0.0
Victor Ortiz_S16,Victor Ortiz,16,1,1,6.0
Victor Ortiz_S16,Victor Ortiz,16,1,2,6.0
Victor Ortiz_S16,Victor Ortiz,16,1,3,6.0
Victor Ortiz_S16,Victor Ortiz,16,2,1,6.0
Victor Ortiz_S16,Victor Ortiz,16,2,2,6.0
Victor Ortiz_S16,Victor Ortiz,16,2,3,6.0
Victor Ortiz_S16,Victor Ortiz,16,3,1,8.0
Victor Ortiz_S16,Victor Ortiz,16,3,2,7.0
Victor Ortiz_S16,Victor Ortiz,16,3,3,8.0
Victor Ortiz_S16,Victor Ortiz,16,4,1,6.0
Victor Ortiz_S16,Victor Ortiz,16,4,2,6.0
Victor Ortiz_S16,Victor Ortiz,16,4,3,6.0
Victor Ortiz_S16,Victor Ortiz,16,5,1,7.0
Victor Ortiz_S16,Victor Ortiz,16,5,2,7.0
Victor Ortiz_S16,Victor Ortiz,16,5,3,7.0
Victor Ortiz_S16,Victor Ortiz,16,6,1,6.5
Victor Ortiz_S16,Victor Ortiz,16,6,2,7.0
Victor Ortiz_S16,Victor Ortiz,16,6,3,6.5
Victor Ortiz_S16,Victor Ortiz,16,7,1,0.0
Victor Ortiz_S16,Victor Ortiz,16,7,2,0.0
Victor Ortiz_S16,Victor Ortiz,16,7,3,0.0
Victor Ortiz_S16,Victor Ortiz,16,8,1,0.0
Victor Ortiz_S16,Victor Ortiz,16,8,2,0.0
Victor Ortiz_S16,Victor Ortiz,16,8,3,0.0
Victor Ortiz_S16,Victor Ortiz,16,9,1,0.0
Victor Ortiz_S16,Victor Ortiz,16,9,2,0.0
Victor Ortiz_S16,Victor Ortiz,16,9,3,0.0
Victor Ortiz_S16,Victor Ortiz,16,10,1,0.0
Victor Ortiz_S16,Victor Ortiz,16,10,2,0.0
Victor Ortiz_S16,Victor Ortiz,16,10,3,0.0
Alexandra Raisman_S16,Alexandra Raisman,16,1,1,7.0
Alexandra Raisman_S16,Alexandra Raisman,16,1,2,7.0
Alexandra Raisman_S16,Alexandra Raisman,16,1,3,7.0
Alexandra Raisman_S16,Alexandra Raisman,16,2,1,8.0
Alexandra Raisman_S16,Alexandra Raisman,16,2,2,8.0
Alexandra Raisman_S16,Alexandra Raisman,16,2,3,8.0
Alexandra Raisman_S16,Alexandra Raisman,16,3,1,7.0
Alexandra Raisman_S16,Alexandra Raisman,16,3,2,8.0
Alexandra Raisman_S16,Alexandra Raisman,16,3,3,8.0
Alexandra Raisman_S16,Alexandra Raisman,16,4,1,9.0
Alexandra Raisman_S16,Alexandra Raisman,16,4,2,9.0
Alexandra Raisman_S16,Alexandra Raisman,16,4,3,9.0
Alexandra Raisman_S16,Alexandra Raisman,16,5,1,8.0
Alexandra Raisman_S16,Alexandra Raisman,16,5,2,8.0
Alexandra Raisman_S16,Alexandra Raisman,16,5,3,9.0
Alexandra Raisman_S16,Alexandra Raisman,16,6,1,8.5
Alexandra Raisman_S16,Alexandra Raisman,16,6,2,9.0
Alexandra Raisman_S16,Alexandra Raisman,16,6,3,8.5
Alexandra Raisman_S16,Alexandra Raisman,16,7,1,11.0
Alexandra Raisman_S16,Alexandra Raisman,16,7,2,10.0
Alexandra Raisman_S16,Alexandra Raisman,16,7,3,11.0
Alexandra Raisman_S16,Alexandra Raisman,16,8,1,9.0
Alexandra Raisman_S16,Alexandra Raisman,16,8,2,9.5
Alexandra Raisman_S16,Alexandra Raisman,16,8,3,9.5
Alexandra Raisman_S16,Alexandra Raisman,16,9,1,10.0
Alexandra Raisman_S16,Alexandra Raisman,16,9,2,9.5
Alexandra Raisman_S16,Alexandra Raisman,16,9,3,10.0
Alexandra Raisman_S16,Alexandra Raisman,16,10,1,9.5
Alexandra Raisman_S16,Alexandra Raisman,16,10,2,9.5
Alexandra Raisman_S16,Alexandra Raisman,16,10,3,10.0
Jacoby Jones_S16,Jacoby Jones,16,1,1,7.0
Jacoby Jones_S16,Jacoby Jones,16,1,2,6.0
Jacoby Jones_S16,Jacoby Jones,16,1,3,7.0
Jacoby Jones_S16,Jacoby Jones,16,2,1,8.0
Jacoby Jones_S16,Jacoby Jones,16,2,2,7.0
Jacoby Jones_S16,Jacoby Jones,16,2,3,8.0
Jacoby Jones_S16,Jacoby Jones,16,3,1,8.6666
Jacoby Jones_S16,Jacoby Jones,16,3,2,8.6666
Jacoby Jones_S16,Jacoby Jones,16,3,3,8.6666
Jacoby Jones_S16,Jacoby Jones,16,4,1,8.0
Jacoby Jones_S16,Jacoby Jones,16,4,2,8.0
Jacoby Jones_S16,Jacoby Jones,16,4,3,8.0
Jacoby Jones_S16,Jacoby Jones,16,5,1,9.0
Jacoby Jones_S16,Jacoby Jones,16,5,2,8.0
Jacoby Jones_S16,Jacoby Jones,16,5,3,9.0
Jacoby Jones_S16,Jacoby Jones,16,6,1,7.5
Jacoby Jones_S16,Jacoby Jones,16,6,2,7.5
Jacoby Jones_S16,Jacoby Jones,16,6,3,7.5
Jacoby Jones_S16,Jacoby Jones,16,7,1,9.0
Jacoby Jones_S16,Jacoby Jones,16,7,2,9.0
Jacoby Jones_S16,Jacoby Jones,16,7,3,9.0
Jacoby Jones_S16,Jacoby Jones,16,8,1,8.5
Jacoby Jones_S16,Jacoby Jones,16,8,2,9.0
Jacoby Jones_S16,Jacoby Jones,16,8,3,8.5
Jacoby Jones_S16,Jacoby Jones,16,9,1,10.0
Jacoby Jones_S16,Jacoby Jones,16,9,2,9.5
Jacoby Jones_S16,Jacoby Jones,16,9,3,10.0
Jacoby Jones_S16,Jacoby Jones,16,10,1,9.3333
Jacoby Jones_S16,Jacoby Jones,16,10,2,9.3333
Jacoby Jones_S16,Jacoby Jones,16,10,3,9.3333
D. L. Hughley_S16,D. L. Hughley,16,1,1,4.0
D. L. Hughley_S16,D. L. Hughley,16,1,2,4.0
D. L. Hughley_S16,D. L. Hughley,16,1,3,4.0
D. L. Hughley_S16,D. L. Hughley,16,2,1,5.0
D. L. Hughley_S16,D. L. Hughley,16,2,2,5.0
D. L. Hughley_S16,D. L. Hughley,16,2,3,6.0
D. L. Hughley_S16,D. L. Hughley,16,3,1,6.0
D. L. Hughley_S16,D. L. Hughley,16,3,2,5.0
D. L. Hughley_S16,D. L. Hughley,16,3,3,5.0
D. L. Hughley_S16,D. L. Hughley,16,4,1,7.0
D. L. Hughley_S16,D. L. Hughley,16,4,2,7.0
D. L. Hughley_S16,D. L. Hughley,16,4,3,7.0
D. L. Hughley_S16,D. L. Hughley,16,5,1,6.0
D. L. Hughley_S16,D. L. Hughley,16,5,2,6.0
D. L. Hughley_S16,D. L. Hughley,16,5,3,6.0
D. L. Hughley_S16,D. L. Hughley,16,6,1,0.0
D. L. Hughley_S16,D. L. Hughley,16,6,2,0.0
D. L. Hughley_S16,D. L. Hughley,16,6,3,0.0
D. L. Hughley_S16,D. L. Hughley,16,7,1,0.0
D. L. Hughley_S16,D. L. Hughley,16,7,2,0.0
D. L. Hughley_S16,D. L. Hughley,16,7,3,0.0
D. L. Hughley_S16,D. L. Hughley,16,8,1,0.0
D. L. Hughley_S16,D. L. Hughley,16,8,2,0.0
D. L. Hughley_S16,D. L. Hughley,16,8,3,0.0
D. L. Hughley_S16,D. L. Hughley,16,9,1,0.0
D. L. Hughley_S16,D. L. Hughley,16,9,2,0.0
D. L. Hughley_S16,D. L. Hughley,16,9,3,0.0
D. L. Hughley_S16,D. L. Hughley,16,10,1,0.0
D. L. Hughley_S16,D. L. Hughley,16,10,2,0.0
D. L. Hughley_S16,D. L. Hughley,16,10,3,0.0
Andy Dick_S16,Andy Dick,16,1,1,6.0
Andy Dick_S16,Andy Dick,16,1,2,5.0
Andy Dick_S16,Andy Dick,16,1,3,6.0
Andy Dick_S16,Andy Dick,16,2,1,7.0
Andy Dick_S16,Andy Dick,16,2,2,6.0
Andy Dick_S16,Andy Dick,16,2,3,7.0
Andy Dick_S16,Andy Dick,16,3,1,6.0
Andy Dick_S16,Andy Dick,16,3,2,6.0
Andy Dick_S16,Andy Dick,16,3,3,6.0
Andy Dick_S16,Andy Dick,16,4,1,7.0
Andy Dick_S16,Andy Dick,16,4,2,7.0
Andy Dick_S16,Andy Dick,16,4,3,7.0
Andy Dick_S16,Andy Dick,16,5,1,6.0
Andy Dick_S16,Andy Dick,16,5,2,6.0
Andy Dick_S16,Andy Dick,16,5,3,6.0
Andy Dick_S16,Andy Dick,16,6,1,7.0
Andy Dick_S16,Andy Dick,16,6,2,7.5
Andy Dick_S16,Andy Dick,16,6,3,7.0
Andy Dick_S16,Andy Dick,16,7,1,5.0
Andy Dick_S16,Andy Dick,16,7,2,6.0
Andy Dick_S16,Andy Dick,16,7,3,6.0
Andy Dick_S16,Andy Dick,16,8,1,0.0
Andy Dick_S16,Andy Dick,16,8,2,0.0
Andy Dick_S16,Andy Dick,16,8,3,0.0
Andy Dick_S16,Andy Dick,16,9,1,0.0
Andy Dick_S16,Andy Dick,16,9,2,0.0
Andy Dick_S16,Andy Dick,16,9,3,0.0
Andy Dick_S16,Andy Dick,16,10,1,0.0
Andy Dick_S16,Andy Dick,16,10,2,0.0
Andy Dick_S16,Andy Dick,16,10,3,0.0
Wynonna Judd_S16,Wynonna Judd,16,1,1,6.0
Wynonna Judd_S16,Wynonna Judd,16,1,2,6.0
Wynonna Judd_S16,Wynonna Judd,16,1,3,6.0
Wynonna Judd_S16,Wynonna Judd,16,2,1,6.0
Wynonna Judd_S16,Wynonna Judd,16,2,2,6.0
Wynonna Judd_S16,Wynonna Judd,16,2,3,6.0
Wynonna Judd_S16,Wynonna Judd,16,3,1,5.0
Wynonna Judd_S16,Wynonna Judd,16,3,2,5.0
Wynonna Judd_S16,Wynonna Judd,16,3,3,5.0
Wynonna Judd_S16,Wynonna Judd,16,4,1,0.0
Wynonna Judd_S16,Wynonna Judd,16,4,2,0.0
Wynonna Judd_S16,Wynonna Judd,16,4,3,0.0
Wynonna Judd_S16,Wynonna Judd,16,5,1,0.0
Wynonna Judd_S16,Wynonna Judd,16,5,2,0.0
Wynonna Judd_S16,Wynonna Judd,16,5,3,0.0
Wynonna Judd_S16,Wynonna Judd,16,6,1,0.0
Wynonna Judd_S16,Wynonna Judd,16,6,2,0.0
Wynonna Judd_S16,Wynonna Judd,16,6,3,0.0
Wynonna Judd_S16,Wynonna Judd,16,7,1,0.0
Wynonna Judd_S16,Wynonna Judd,16,7,2,0.0
Wynonna Judd_S16,Wynonna Judd,16,7,3,0.0
Wynonna Judd_S16,Wynonna Judd,16,8,1,0.0
Wynonna Judd_S16,Wynonna Judd,16,8,2,0.0
Wynonna Judd_S16,Wynonna Judd,16,8,3,0.0
Wynonna Judd_S16,Wynonna Judd,16,9,1,0.0
Wynonna Judd_S16,Wynonna Judd,16,9,2,0.0
Wynonna Judd_S16,Wynonna Judd,16,9,3,0.0
Wynonna Judd_S16,Wynonna Judd,16,10,1,0.0
Wynonna Judd_S16,Wynonna Judd,16,10,2,0.0
Wynonna Judd_S16,Wynonna Judd,16,10,3,0.0
Kellie Pickler_S16,Kellie Pickler,16,1,1,7.0
Kellie Pickler_S16,Kellie Pickler,16,1,2,7.0
Kellie Pickler_S16,Kellie Pickler,16,1,3,7.0
Kellie Pickler_S16,Kellie Pickler,16,2,1,9.0
Kellie Pickler_S16,Kellie Pickler,16,2,2,8.0
Kellie Pickler_S16,Kellie Pickler,16,2,3,9.0
Kellie Pickler_S16,Kellie Pickler,16,3,1,8.0
Kellie Pickler_S16,Kellie Pickler,16,3,2,9.0
Kellie Pickler_S16,Kellie Pickler,16,3,3,8.0
Kellie Pickler_S16,Kellie Pickler,16,4,1,9.0
Kellie Pickler_S16,Kellie Pickler,16,4,2,8.0
Kellie Pickler_S16,Kellie Pickler,16,4,3,9.0
Kellie Pickler_S16,Kellie Pickler,16,5,1,9.0
Kellie Pickler_S16,Kellie Pickler,16,5,2,9.0
Kellie Pickler_S16,Kellie Pickler,16,5,3,9.0
Kellie Pickler_S16,Kellie Pickler,16,6,1,8.5
Kellie Pickler_S16,Kellie Pickler,16,6,2,9.5
Kellie Pickler_S16,Kellie Pickler,16,6,3,9.0
Kellie Pickler_S16,Kellie Pickler,16,7,1,9.0
Kellie Pickler_S16,Kellie Pickler,16,7,2,10.0
Kellie Pickler_S16,Kellie Pickler,16,7,3,10.0
Kellie Pickler_S16,Kellie Pickler,16,8,1,9.5
Kellie Pickler_S16,Kellie Pickler,16,8,2,8.0
Kellie Pickler_S16,Kellie Pickler,16,8,3,10.0
Kellie Pickler_S16,Kellie Pickler,16,9,1,9.5
Kellie Pickler_S16,Kellie Pickler,16,9,2,10.0
Kellie Pickler_S16,Kellie Pickler,16,9,3,9.5
Kellie Pickler_S16,Kellie Pickler,16,10,1,10.0
Kellie Pickler_S16,Kellie Pickler,16,10,2,10.0
Kellie Pickler_S16,Kellie Pickler,16,10,3,10.0
Lisa Vanderpump_S16,Lisa Vanderpump,16,1,1,6.0
Lisa Vanderpump_S16,Lisa Vanderpump,16,1,2,6.0
Lisa Vanderpump_S16,Lisa Vanderpump,16,1,3,6.0
Lisa Vanderpump_S16,Lisa Vanderpump,16,2,1,6.0
Lisa Vanderpump_S16,Lisa Vanderpump,16,2,2,6.0
Lisa Vanderpump_S16,Lisa Vanderpump,16,2,3,6.0
Lisa Vanderpump_S16,Lisa Vanderpump,16,3,1,7.0
Lisa Vanderpump_S16,Lisa Vanderpump,16,3,2,7.0
Lisa Vanderpump_S16,Lisa Vanderpump,16,3,3,7.0
Lisa Vanderpump_S16,Lisa Vanderpump,16,4,1,6.0
Lisa Vanderpump_S16,Lisa Vanderpump,16,4,2,6.0
Lisa Vanderpump_S16,Lisa Vanderpump,16,4,3,6.0
Lisa Vanderpump_S16,Lisa Vanderpump,16,5,1,0.0
Lisa Vanderpump_S16,Lisa Vanderpump,16,5,2,0.0
Lisa Vanderpump_S16,Lisa Vanderpump,16,5,3,0.0
Lisa Vanderpump_S16,Lisa Vanderpump,16,6,1,0.0
Lisa Vanderpump_S16,Lisa Vanderpump,16,6,2,0.0
Lisa Vanderpump_S16,Lisa Vanderpump,16,6,3,0.0
Lisa Vanderpump_S16,Lisa Vanderpump,16,7,1,0.0
Lisa Vanderpump_S16,Lisa Vanderpump,16,7,2,0.0
Lisa Vanderpump_S16,Lisa Vanderpump,16,7,3,0.0
Lisa Vanderpump_S16,Lisa Vanderpump,16,8,1,0.0
Lisa Vanderpump_S16,Lisa Vanderpump,16,8,2,0.0
Lisa Vanderpump_S16,Lisa Vanderpump,16,8,3,0.0
Lisa Vanderpump_S16,Lisa Vanderpump,16,9,1,0.0
Lisa Vanderpump_S16,Lisa Vanderpump,16,9,2,0.0
Lisa Vanderpump_S16,Lisa Vanderpump,16,9,3,0.0
Lisa Vanderpump_S16,Lisa Vanderpump,16,10,1,0.0
Lisa Vanderpump_S16,Lisa Vanderpump,16,10,2,0.0
Lisa Vanderpump_S16,Lisa Vanderpump,16,10,3,0.0
Sean Lowe_S16,Sean Lowe,16,1,1,7.0
Sean Lowe_S16,Sean Lowe,16,1,2,6.0
Sean Lowe_S16,Sean Lowe,16,1,3,6.0
Sean Lowe_S16,Sean Lowe,16,2,1,7.0
Sean Lowe_S16,Sean Lowe,16,2,2,6.0
Sean Lowe_S16,Sean Lowe,16,2,3,7.0
Sean Lowe_S16,Sean Lowe,16,3,1,7.0
Sean Lowe_S16,Sean Lowe,16,3,2,7.0
Sean Lowe_S16,Sean Lowe,16,3,3,7.0
Sean Lowe_S16,Sean Lowe,16,4,1,6.0
Sean Lowe_S16,Sean Lowe,16,4,2,7.0
Sean Lowe_S16,Sean Lowe,16,4,3,7.0
Sean Lowe_S16,Sean Lowe,16,5,1,8.0
Sean Lowe_S16,Sean Lowe,16,5,2,8.0
Sean Lowe_S16,Sean Lowe,16,5,3,8.0
Sean Lowe_S16,Sean Lowe,16,6,1,7.5
Sean Lowe_S16,Sean Lowe,16,6,2,8.0
Sean Lowe_S16,Sean Lowe,16,6,3,7.5
Sean Lowe_S16,Sean Lowe,16,7,1,8.0
Sean Lowe_S16,Sean Lowe,16,7,2,8.0
Sean Lowe_S16,Sean Lowe,16,7,3,8.0
Sean Lowe_S16,Sean Lowe,16,8,1,7.0
Sean Lowe_S16,Sean Lowe,16,8,2,7.0
Sean Lowe_S16,Sean Lowe,16,8,3,7.0
Sean Lowe_S16,Sean Lowe,16,9,1,0.0
Sean Lowe_S16,Sean Lowe,16,9,2,0.0
Sean Lowe_S16,Sean Lowe,16,9,3,0.0
Sean Lowe_S16,Sean Lowe,16,10,1,0.0
Sean Lowe_S16,Sean Lowe,16,10,2,0.0
Sean Lowe_S16,Sean Lowe,16,10,3,0.0
Valerie Harper_S17,Valerie Harper,17,1,1,7.0
Valerie Harper_S17,Valerie Harper,17,1,2,7.0
Valerie Harper_S17,Valerie Harper,17,1,3,7.0
Valerie Harper_S17,Valerie Harper,17,2,1,6.0
Valerie Harper_S17,Valerie Harper,17,2,2,6.0
Valerie Harper_S17,Valerie Harper,17,2,3,7.0
Valerie Harper_S17,Valerie Harper,17,3,1,6.0
Valerie Harper_S17,Valerie Harper,17,3,2,5.0
Valerie Harper_S17,Valerie Harper,17,3,3,5.0
Valerie Harper_S17,Valerie Harper,17,4,1,6.0
Valerie Harper_S17,Valerie Harper,17,4,2,6.0
Valerie Harper_S17,Valerie Harper,17,4,3,6.0
Valerie Harper_S17,Valerie Harper,17,5,1,0.0
Valerie Harper_S17,Valerie Harper,17,5,2,0.0
Valerie Harper_S17,Valerie Harper,17,5,3,0.0
Valerie Harper_S17,Valerie Harper,17,6,1,0.0
Valerie Harper_S17,Valerie Harper,17,6,2,0.0
Valerie Harper_S17,Valerie Harper,17,6,3,0.0
Valerie Harper_S17,Valerie Harper,17,7,1,0.0
Valerie Harper_S17,Valerie Harper,17,7,2,0.0
Valerie Harper_S17,Valerie Harper,17,7,3,0.0
Valerie Harper_S17,Valerie Harper,17,8,1,0.0
Valerie Harper_S17,Valerie Harper,17,8,2,0.0
Valerie Harper_S17,Valerie Harper,17,8,3,0.0
Valerie Harper_S17,Valerie Harper,17,9,1,0.0
Valerie Harper_S17,Valerie Harper,17,9,2,0.0
Valerie Harper_S17,Valerie Harper,17,9,3,0.0
Valerie Harper_S17,Valerie Harper,17,10,1,0.0
Valerie Harper_S17,Valerie Harper,17,10,2,0.0
Valerie Harper_S17,Valerie Harper,17,10,3,0.0
Valerie Harper_S17,Valerie Harper,17,10,4,0.0
Valerie Harper_S17,Valerie Harper,17,11,1,0.0
Valerie Harper_S17,Valerie Harper,17,11,2,0.0
Valerie Harper_S17,Valerie Harper,17,11,3,0.0
Brant Daugherty_S17,Brant Daugherty,17,1,1,7.0
Brant Daugherty_S17,Brant Daugherty,17,1,2,8.0
Brant Daugherty_S17,Brant Daugherty,17,1,3,7.0
Brant Daugherty_S17,Brant Daugherty,17,2,1,8.0
Brant Daugherty_S17,Brant Daugherty,17,2,2,7.0
Brant Daugherty_S17,Brant Daugherty,17,2,3,8.0
Brant Daugherty_S17,Brant Daugherty,17,3,1,9.0
Brant Daugherty_S17,Brant Daugherty,17,3,2,9.0
Brant Daugherty_S17,Brant Daugherty,17,3,3,9.0
Brant Daugherty_S17,Brant Daugherty,17,4,1,7.0
Brant Daugherty_S17,Brant Daugherty,17,4,2,7.0
Brant Daugherty_S17,Brant Daugherty,17,4,3,7.0
Brant Daugherty_S17,Brant Daugherty,17,5,1,9.0
Brant Daugherty_S17,Brant Daugherty,17,5,2,9.0
Brant Daugherty_S17,Brant Daugherty,17,5,3,9.0
Brant Daugherty_S17,Brant Daugherty,17,6,1,10.0
Brant Daugherty_S17,Brant Daugherty,17,6,2,11.0
Brant Daugherty_S17,Brant Daugherty,17,6,3,10.0
Brant Daugherty_S17,Brant Daugherty,17,7,1,9.5
Brant Daugherty_S17,Brant Daugherty,17,7,2,9.5
Brant Daugherty_S17,Brant Daugherty,17,7,3,9.5
Brant Daugherty_S17,Brant Daugherty,17,8,1,9.0
Brant Daugherty_S17,Brant Daugherty,17,8,2,9.0
Brant Daugherty_S17,Brant Daugherty,17,8,3,9.0
Brant Daugherty_S17,Brant Daugherty,17,9,1,0.0
Brant Daugherty_S17,Brant Daugherty,17,9,2,0.0
Brant Daugherty_S17,Brant Daugherty,17,9,3,0.0
Brant Daugherty_S17,Brant Daugherty,17,10,1,0.0
Brant Daugherty_S17,Brant Daugherty,17,10,2,0.0
Brant Daugherty_S17,Brant Daugherty,17,10,3,0.0
Brant Daugherty_S17,Brant Daugherty,17,10,4,0.0
Brant Daugherty_S17,Brant Daugherty,17,11,1,0.0
Brant Daugherty_S17,Brant Daugherty,17,11,2,0.0
Brant Daugherty_S17,Brant Daugherty,17,11,3,0.0
Elizabeth Berkley Lauren_S17,Elizabeth Berkley Lauren,17,1,1,8.0
Elizabeth Berkley Lauren_S17,Elizabeth Berkley Lauren,17,1,2,8.0
Elizabeth Berkley Lauren_S17,Elizabeth Berkley Lauren,17,1,3,8.0
Elizabeth Berkley Lauren_S17,Elizabeth Berkley Lauren,17,2,1,8.0
Elizabeth Berkley Lauren_S17,Elizabeth Berkley Lauren,17,2,2,9.0
Elizabeth Berkley Lauren_S17,Elizabeth Berkley Lauren,17,2,3,8.0
Elizabeth Berkley Lauren_S17,Elizabeth Berkley Lauren,17,3,1,8.0
Elizabeth Berkley Lauren_S17,Elizabeth Berkley Lauren,17,3,2,9.0
Elizabeth Berkley Lauren_S17,Elizabeth Berkley Lauren,17,3,3,8.0
Elizabeth Berkley Lauren_S17,Elizabeth Berkley Lauren,17,4,1,9.0
Elizabeth Berkley Lauren_S17,Elizabeth Berkley Lauren,17,4,2,9.0
Elizabeth Berkley Lauren_S17,Elizabeth Berkley Lauren,17,4,3,9.0
Elizabeth Berkley Lauren_S17,Elizabeth Berkley Lauren,17,5,1,8.0
Elizabeth Berkley Lauren_S17,Elizabeth Berkley Lauren,17,5,2,9.0
Elizabeth Berkley Lauren_S17,Elizabeth Berkley Lauren,17,5,3,9.0
Elizabeth Berkley Lauren_S17,Elizabeth Berkley Lauren,17,6,1,10.6666
Elizabeth Berkley Lauren_S17,Elizabeth Berkley Lauren,17,6,2,10.6666
Elizabeth Berkley Lauren_S17,Elizabeth Berkley Lauren,17,6,3,10.6666
Elizabeth Berkley Lauren_S17,Elizabeth Berkley Lauren,17,7,1,9.0
Elizabeth Berkley Lauren_S17,Elizabeth Berkley Lauren,17,7,2,9.0
Elizabeth Berkley Lauren_S17,Elizabeth Berkley Lauren,17,7,3,9.0
Elizabeth Berkley Lauren_S17,Elizabeth Berkley Lauren,17,8,1,8.0
Elizabeth Berkley Lauren_S17,Elizabeth Berkley Lauren,17,8,2,9.0
Elizabeth Berkley Lauren_S17,Elizabeth Berkley Lauren,17,8,3,8.0
Elizabeth Berkley Lauren_S17,Elizabeth Berkley Lauren,17,9,1,9.5
Elizabeth Berkley Lauren_S17,Elizabeth Berkley Lauren,17,9,2,9.0
Elizabeth Berkley Lauren_S17,Elizabeth Berkley Lauren,17,9,3,9.5
Elizabeth Berkley Lauren_S17,Elizabeth Berkley Lauren,17,10,1,0.0
Elizabeth Berkley Lauren_S17,Elizabeth Berkley Lauren,17,10,2,0.0
Elizabeth Berkley Lauren_S17,Elizabeth Berkley Lauren,17,10,3,0.0
Elizabeth Berkley Lauren_S17,Elizabeth Berkley Lauren,17,10,4,0.0
Elizabeth Berkley Lauren_S17,Elizabeth Berkley Lauren,17,11,1,0.0
Elizabeth Berkley Lauren_S17,Elizabeth Berkley Lauren,17,11,2,0.0
Elizabeth Berkley Lauren_S17,Elizabeth Berkley Lauren,17,11,3,0.0
Leah Remini_S17,Leah Remini,17,1,1,7.0
Leah Remini_S17,Leah Remini,17,1,2,7.0
Leah Remini_S17,Leah Remini,17,1,3,7.0
Leah Remini_S17,Leah Remini,17,2,1,8.0
Leah Remini_S17,Leah Remini,17,2,2,8.0
Leah Remini_S17,Leah Remini,17,2,3,8.0
Leah Remini_S17,Leah Remini,17,3,1,8.0
Leah Remini_S17,Leah Remini,17,3,2,8.0
Leah Remini_S17,Leah Remini,17,3,3,8.0
Leah Remini_S17,Leah Remini,17,4,1,8.0
Leah Remini_S17,Leah Remini,17,4,2,8.0
Leah Remini_S17,Leah Remini,17,4,3,8.0
Leah Remini_S17,Leah Remini,17,5,1,7.0
Leah Remini_S17,Leah Remini,17,5,2,7.0
Leah Remini_S17,Leah Remini,17,5,3,8.0
Leah Remini_S17,Leah Remini,17,6,1,9.3333
Leah Remini_S17,Leah Remini,17,6,2,9.3333
Leah Remini_S17,Leah Remini,17,6,3,9.3333
Leah Remini_S17,Leah Remini,17,7,1,9.0
Leah Remini_S17,Leah Remini,17,7,2,8.5
Leah Remini_S17,Leah Remini,17,7,3,9.0
Leah Remini_S17,Leah Remini,17,8,1,9.0
Leah Remini_S17,Leah Remini,17,8,2,10.0
Leah Remini_S17,Leah Remini,17,8,3,9.0
Leah Remini_S17,Leah Remini,17,9,1,9.0
Leah Remini_S17,Leah Remini,17,9,2,9.0
Leah Remini_S17,Leah Remini,17,9,3,9.0
Leah Remini_S17,Leah Remini,17,10,1,8.0
Leah Remini_S17,Leah Remini,17,10,2,8.0
Leah Remini_S17,Leah Remini,17,10,3,8.0
Leah Remini_S17,Leah Remini,17,10,4,8.5
Leah Remini_S17,Leah Remini,17,11,1,0.0
Leah Remini_S17,Leah Remini,17,11,2,0.0
Leah Remini_S17,Leah Remini,17,11,3,0.0
Corbin Bleu_S17,Corbin Bleu,17,1,1,8.0
Corbin Bleu_S17,Corbin Bleu,17,1,2,8.0
Corbin Bleu_S17,Corbin Bleu,17,1,3,8.0
Corbin Bleu_S17,Corbin Bleu,17,2,1,9.0
Corbin Bleu_S17,Corbin Bleu,17,2,2,8.0
Corbin Bleu_S17,Corbin Bleu,17,2,3,9.0
Corbin Bleu_S17,Corbin Bleu,17,3,1,9.0
Corbin Bleu_S17,Corbin Bleu,17,3,2,8.0
Corbin Bleu_S17,Corbin Bleu,17,3,3,9.0
Corbin Bleu_S17,Corbin Bleu,17,4,1,9.0
Corbin Bleu_S17,Corbin Bleu,17,4,2,9.0
Corbin Bleu_S17,Corbin Bleu,17,4,3,9.0
Corbin Bleu_S17,Corbin Bleu,17,5,1,9.0
Corbin Bleu_S17,Corbin Bleu,17,5,2,9.0
Corbin Bleu_S17,Corbin Bleu,17,5,3,10.0
Corbin Bleu_S17,Corbin Bleu,17,6,1,9.3333
Corbin Bleu_S17,Corbin Bleu,17,6,2,8.3333
Corbin Bleu_S17,Corbin Bleu,17,6,3,9.3333
Corbin Bleu_S17,Corbin Bleu,17,7,1,10.0
Corbin Bleu_S17,Corbin Bleu,17,7,2,9.5
Corbin Bleu_S17,Corbin Bleu,17,7,3,10.0
Corbin Bleu_S17,Corbin Bleu,17,8,1,10.0
Corbin Bleu_S17,Corbin Bleu,17,8,2,10.0
Corbin Bleu_S17,Corbin Bleu,17,8,3,10.0
Corbin Bleu_S17,Corbin Bleu,17,9,1,9.5
Corbin Bleu_S17,Corbin Bleu,17,9,2,9.5
Corbin Bleu_S17,Corbin Bleu,17,9,3,10.0
Corbin Bleu_S17,Corbin Bleu,17,10,1,9.5
Corbin Bleu_S17,Corbin Bleu,17,10,2,9.0
Corbin Bleu_S17,Corbin Bleu,17,10,3,9.5
Corbin Bleu_S17,Corbin Bleu,17,10,4,9.5
Corbin Bleu_S17,Corbin Bleu,17,11,1,9.8888
Corbin Bleu_S17,Corbin Bleu,17,11,2,9.8888
Corbin Bleu_S17,Corbin Bleu,17,11,3,9.8888
Amber Riley_S17,Amber Riley,17,1,1,9.0
Amber Riley_S17,Amber Riley,17,1,2,9.0
Amber Riley_S17,Amber Riley,17,1,3,9.0
Amber Riley_S17,Amber Riley,17,2,1,8.0
Amber Riley_S17,Amber Riley,17,2,2,8.0
Amber Riley_S17,Amber Riley,17,2,3,8.0
Amber Riley_S17,Amber Riley,17,3,1,8.0
Amber Riley_S17,Amber Riley,17,3,2,8.0
Amber Riley_S17,Amber Riley,17,3,3,8.0
Amber Riley_S17,Amber Riley,17,4,1,9.0
Amber Riley_S17,Amber Riley,17,4,2,9.0
Amber Riley_S17,Amber Riley,17,4,3,9.0
Amber Riley_S17,Amber Riley,17,5,1,9.0
Amber Riley_S17,Amber Riley,17,5,2,7.0
Amber Riley_S17,Amber Riley,17,5,3,10.0
Amber Riley_S17,Amber Riley,17,6,1,11.3333
Amber Riley_S17,Amber Riley,17,6,2,9.3333
Amber Riley_S17,Amber Riley,17,6,3,11.3333
Amber Riley_S17,Amber Riley,17,7,1,10.0
Amber Riley_S17,Amber Riley,17,7,2,10.0
Amber Riley_S17,Amber Riley,17,7,3,9.5
Amber Riley_S17,Amber Riley,17,8,1,9.0
Amber Riley_S17,Amber Riley,17,8,2,9.0
Amber Riley_S17,Amber Riley,17,8,3,10.0
Amber Riley_S17,Amber Riley,17,9,1,8.5
Amber Riley_S17,Amber Riley,17,9,2,8.5
Amber Riley_S17,Amber Riley,17,9,3,8.5
Amber Riley_S17,Amber Riley,17,10,1,10.0
Amber Riley_S17,Amber Riley,17,10,2,10.0
Amber Riley_S17,Amber Riley,17,10,3,9.5
Amber Riley_S17,Amber Riley,17,10,4,10.0
Amber Riley_S17,Amber Riley,17,11,1,10.4444
Amber Riley_S17,Amber Riley,17,11,2,10.4444
Amber Riley_S17,Amber Riley,17,11,3,10.4444
Keyshawn Johnson_S17,Keyshawn Johnson,17,1,1,6.0
Keyshawn Johnson_S17,Keyshawn Johnson,17,1,2,5.0
Keyshawn Johnson_S17,Keyshawn Johnson,17,1,3,6.0
Keyshawn Johnson_S17,Keyshawn Johnson,17,2,1,6.0
Keyshawn Johnson_S17,Keyshawn Johnson,17,2,2,6.0
Keyshawn Johnson_S17,Keyshawn Johnson,17,2,3,6.0
Keyshawn Johnson_S17,Keyshawn Johnson,17,3,1,0.0
Keyshawn Johnson_S17,Keyshawn Johnson,17,3,2,0.0
Keyshawn Johnson_S17,Keyshawn Johnson,17,3,3,0.0
Keyshawn Johnson_S17,Keyshawn Johnson,17,4,1,0.0
Keyshawn Johnson_S17,Keyshawn Johnson,17,4,2,0.0
Keyshawn Johnson_S17,Keyshawn Johnson,17,4,3,0.0
Keyshawn Johnson_S17,Keyshawn Johnson,17,5,1,0.0
Keyshawn Johnson_S17,Keyshawn Johnson,17,5,2,0.0
Keyshawn Johnson_S17,Keyshawn Johnson,17,5,3,0.0
Keyshawn Johnson_S17,Keyshawn Johnson,17,6,1,0.0
Keyshawn Johnson_S17,Keyshawn Johnson,17,6,2,0.0
Keyshawn Johnson_S17,Keyshawn Johnson,17,6,3,0.0
Keyshawn Johnson_S17,Keyshawn Johnson,17,7,1,0.0
Keyshawn Johnson_S17,Keyshawn Johnson,17,7,2,0.0
Keyshawn Johnson_S17,Keyshawn Johnson,17,7,3,0.0
Keyshawn Johnson_S17,Keyshawn Johnson,17,8,1,0.0
Keyshawn Johnson_S17,Keyshawn Johnson,17,8,2,0.0
Keyshawn Johnson_S17,Keyshawn Johnson,17,8,3,0.0
Keyshawn Johnson_S17,Keyshawn Johnson,17,9,1,0.0
Keyshawn Johnson_S17,Keyshawn Johnson,17,9,2,0.0
Keyshawn Johnson_S17,Keyshawn Johnson,17,9,3,0.0
Keyshawn Johnson_S17,Keyshawn Johnson,17,10,1,0.0
Keyshawn Johnson_S17,Keyshawn Johnson,17,10,2,0.0
Keyshawn Johnson_S17,Keyshawn Johnson,17,10,3,0.0
Keyshawn Johnson_S17,Keyshawn Johnson,17,10,4,0.0
Keyshawn Johnson_S17,Keyshawn Johnson,17,11,1,0.0
Keyshawn Johnson_S17,Keyshawn Johnson,17,11,2,0.0
Keyshawn Johnson_S17,Keyshawn Johnson,17,11,3,0.0
Bill Engvall_S17,Bill Engvall,17,1,1,6.0
Bill Engvall_S17,Bill Engvall,17,1,2,6.0
Bill Engvall_S17,Bill Engvall,17,1,3,6.0
Bill Engvall_S17,Bill Engvall,17,2,1,7.0
Bill Engvall_S17,Bill Engvall,17,2,2,7.0
Bill Engvall_S17,Bill Engvall,17,2,3,7.0
Bill Engvall_S17,Bill Engvall,17,3,1,8.0
Bill Engvall_S17,Bill Engvall,17,3,2,8.0
Bill Engvall_S17,Bill Engvall,17,3,3,8.0
Bill Engvall_S17,Bill Engvall,17,4,1,7.0
Bill Engvall_S17,Bill Engvall,17,4,2,7.0
Bill Engvall_S17,Bill Engvall,17,4,3,7.0
Bill Engvall_S17,Bill Engvall,17,5,1,8.0
Bill Engvall_S17,Bill Engvall,17,5,2,8.0
Bill Engvall_S17,Bill Engvall,17,5,3,8.0
Bill Engvall_S17,Bill Engvall,17,6,1,8.3333
Bill Engvall_S17,Bill Engvall,17,6,2,8.3333
Bill Engvall_S17,Bill Engvall,17,6,3,7.3333
Bill Engvall_S17,Bill Engvall,17,7,1,8.5
Bill Engvall_S17,Bill Engvall,17,7,2,8.0
Bill Engvall_S17,Bill Engvall,17,7,3,8.5
Bill Engvall_S17,Bill Engvall,17,8,1,8.0
Bill Engvall_S17,Bill Engvall,17,8,2,8.0
Bill Engvall_S17,Bill Engvall,17,8,3,8.0
Bill Engvall_S17,Bill Engvall,17,9,1,7.0
Bill Engvall_S17,Bill Engvall,17,9,2,7.0
Bill Engvall_S17,Bill Engvall,17,9,3,7.0
Bill Engvall_S17,Bill Engvall,17,10,1,7.5
Bill Engvall_S17,Bill Engvall,17,10,2,7.5
Bill Engvall_S17,Bill Engvall,17,10,3,7.5
Bill Engvall_S17,Bill Engvall,17,10,4,7.5
Bill Engvall_S17,Bill Engvall,17,11,1,8.3333
Bill Engvall_S17,Bill Engvall,17,11,2,8.8333
Bill Engvall_S17,Bill Engvall,17,11,3,8.3333
Christina Milian_S17,Christina Milian,17,1,1,7.0
Christina Milian_S17,Christina Milian,17,1,2,7.0
Christina Milian_S17,Christina Milian,17,1,3,8.0
Christina Milian_S17,Christina Milian,17,2,1,9.0
Christina Milian_S17,Christina Milian,17,2,2,8.0
Christina Milian_S17,Christina Milian,17,2,3,8.0
Christina Milian_S17,Christina Milian,17,3,1,9.0
Christina Milian_S17,Christina Milian,17,3,2,8.0
Christina Milian_S17,Christina Milian,17,3,3,9.0
Christina Milian_S17,Christina Milian,17,4,1,8.0
Christina Milian_S17,Christina Milian,17,4,2,8.0
Christina Milian_S17,Christina Milian,17,4,3,8.0
Christina Milian_S17,Christina Milian,17,5,1,9.0
Christina Milian_S17,Christina Milian,17,5,2,10.0
Christina Milian_S17,Christina Milian,17,5,3,9.0
Christina Milian_S17,Christina Milian,17,6,1,0.0
Christina Milian_S17,Christina Milian,17,6,2,0.0
Christina Milian_S17,Christina Milian,17,6,3,0.0
Christina Milian_S17,Christina Milian,17,7,1,0.0
Christina Milian_S17,Christina Milian,17,7,2,0.0
Christina Milian_S17,Christina Milian,17,7,3,0.0
Christina Milian_S17,Christina Milian,17,8,1,0.0
Christina Milian_S17,Christina Milian,17,8,2,0.0
Christina Milian_S17,Christina Milian,17,8,3,0.0
Christina Milian_S17,Christina Milian,17,9,1,0.0
Christina Milian_S17,Christina Milian,17,9,2,0.0
Christina Milian_S17,Christina Milian,17,9,3,0.0
Christina Milian_S17,Christina Milian,17,10,1,0.0
Christina Milian_S17,Christina Milian,17,10,2,0.0
Christina Milian_S17,Christina Milian,17,10,3,0.0
Christina Milian_S17,Christina Milian,17,10,4,0.0
Christina Milian_S17,Christina Milian,17,11,1,0.0
Christina Milian_S17,Christina Milian,17,11,2,0.0
Christina Milian_S17,Christina Milian,17,11,3,0.0
"Nicole ""Snooki"" Polizzi_S17","Nicole ""Snooki"" Polizzi",17,1,1,8.0
"Nicole ""Snooki"" Polizzi_S17","Nicole ""Snooki"" Polizzi",17,1,2,8.0
"Nicole ""Snooki"" Polizzi_S17","Nicole ""Snooki"" Polizzi",17,1,3,7.0
"Nicole ""Snooki"" Polizzi_S17","Nicole ""Snooki"" Polizzi",17,2,1,6.0
"Nicole ""Snooki"" Polizzi_S17","Nicole ""Snooki"" Polizzi",17,2,2,7.0
"Nicole ""Snooki"" Polizzi_S17","Nicole ""Snooki"" Polizzi",17,2,3,7.0
"Nicole ""Snooki"" Polizzi_S17","Nicole ""Snooki"" Polizzi",17,3,1,9.0
"Nicole ""Snooki"" Polizzi_S17","Nicole ""Snooki"" Polizzi",17,3,2,8.0
"Nicole ""Snooki"" Polizzi_S17","Nicole ""Snooki"" Polizzi",17,3,3,8.0
"Nicole ""Snooki"" Polizzi_S17","Nicole ""Snooki"" Polizzi",17,4,1,8.0
"Nicole ""Snooki"" Polizzi_S17","Nicole ""Snooki"" Polizzi",17,4,2,8.0
"Nicole ""Snooki"" Polizzi_S17","Nicole ""Snooki"" Polizzi",17,4,3,8.0
"Nicole ""Snooki"" Polizzi_S17","Nicole ""Snooki"" Polizzi",17,5,1,9.0
"Nicole ""Snooki"" Polizzi_S17","Nicole ""Snooki"" Polizzi",17,5,2,9.0
"Nicole ""Snooki"" Polizzi_S17","Nicole ""Snooki"" Polizzi",17,5,3,9.0
"Nicole ""Snooki"" Polizzi_S17","Nicole ""Snooki"" Polizzi",17,6,1,10.0
"Nicole ""Snooki"" Polizzi_S17","Nicole ""Snooki"" Polizzi",17,6,2,10.0
"Nicole ""Snooki"" Polizzi_S17","Nicole ""Snooki"" Polizzi",17,6,3,10.0
"Nicole ""Snooki"" Polizzi_S17","Nicole ""Snooki"" Polizzi",17,7,1,9.0
"Nicole ""Snooki"" Polizzi_S17","Nicole ""Snooki"" Polizzi",17,7,2,9.0
"Nicole ""Snooki"" Polizzi_S17","Nicole ""Snooki"" Polizzi",17,7,3,9.0
"Nicole ""Snooki"" Polizzi_S17","Nicole ""Snooki"" Polizzi",17,8,1,0.0
"Nicole ""Snooki"" Polizzi_S17","Nicole ""Snooki"" Polizzi",17,8,2,0.0
"Nicole ""Snooki"" Polizzi_S17","Nicole ""Snooki"" Polizzi",17,8,3,0.0
"Nicole ""Snooki"" Polizzi_S17","Nicole ""Snooki"" Polizzi",17,9,1,0.0
"Nicole ""Snooki"" Polizzi_S17","Nicole ""Snooki"" Polizzi",17,9,2,0.0
"Nicole ""Snooki"" Polizzi_S17","Nicole ""Snooki"" Polizzi",17,9,3,0.0
"Nicole ""Snooki"" Polizzi_S17","Nicole ""Snooki"" Polizzi",17,10,1,0.0
"Nicole ""Snooki"" Polizzi_S17","Nicole ""Snooki"" Polizzi",17,10,2,0.0
"Nicole ""Snooki"" Polizzi_S17","Nicole ""Snooki"" Polizzi",17,10,3,0.0
"Nicole ""Snooki"" Polizzi_S17","Nicole ""Snooki"" Polizzi",17,10,4,0.0
"Nicole ""Snooki"" Polizzi_S17","Nicole ""Snooki"" Polizzi",17,11,1,0.0
"Nicole ""Snooki"" Polizzi_S17","Nicole ""Snooki"" Polizzi",17,11,2,0.0
"Nicole ""Snooki"" Polizzi_S17","Nicole ""Snooki"" Polizzi",17,11,3,0.0
Jack Osbourne_S17,Jack Osbourne,17,1,1,8.0
Jack Osbourne_S17,Jack Osbourne,17,1,2,8.0
Jack Osbourne_S17,Jack Osbourne,17,1,3,7.0
Jack Osbourne_S17,Jack Osbourne,17,2,1,8.0
Jack Osbourne_S17,Jack Osbourne,17,2,2,8.0
Jack Osbourne_S17,Jack Osbourne,17,2,3,8.0
Jack Osbourne_S17,Jack Osbourne,17,3,1,7.0
Jack Osbourne_S17,Jack Osbourne,17,3,2,7.0
Jack Osbourne_S17,Jack Osbourne,17,3,3,8.0
Jack Osbourne_S17,Jack Osbourne,17,4,1,8.0
Jack Osbourne_S17,Jack Osbourne,17,4,2,8.0
Jack Osbourne_S17,Jack Osbourne,17,4,3,8.0
Jack Osbourne_S17,Jack Osbourne,17,5,1,9.0
Jack Osbourne_S17,Jack Osbourne,17,5,2,9.0
Jack Osbourne_S17,Jack Osbourne,17,5,3,9.0
Jack Osbourne_S17,Jack Osbourne,17,6,1,8.6666
Jack Osbourne_S17,Jack Osbourne,17,6,2,9.6666
Jack Osbourne_S17,Jack Osbourne,17,6,3,8.6666
Jack Osbourne_S17,Jack Osbourne,17,7,1,10.0
Jack Osbourne_S17,Jack Osbourne,17,7,2,9.0
Jack Osbourne_S17,Jack Osbourne,17,7,3,9.5
Jack Osbourne_S17,Jack Osbourne,17,8,1,10.0
Jack Osbourne_S17,Jack Osbourne,17,8,2,10.0
Jack Osbourne_S17,Jack Osbourne,17,8,3,10.0
Jack Osbourne_S17,Jack Osbourne,17,9,1,9.0
Jack Osbourne_S17,Jack Osbourne,17,9,2,9.0
Jack Osbourne_S17,Jack Osbourne,17,9,3,9.0
Jack Osbourne_S17,Jack Osbourne,17,10,1,9.0
Jack Osbourne_S17,Jack Osbourne,17,10,2,8.5
Jack Osbourne_S17,Jack Osbourne,17,10,3,9.0
Jack Osbourne_S17,Jack Osbourne,17,10,4,9.0
Jack Osbourne_S17,Jack Osbourne,17,11,1,9.3333
Jack Osbourne_S17,Jack Osbourne,17,11,2,9.3333
Jack Osbourne_S17,Jack Osbourne,17,11,3,9.3333
Bill Nye_S17,Bill Nye,17,1,1,5.0
Bill Nye_S17,Bill Nye,17,1,2,4.0
Bill Nye_S17,Bill Nye,17,1,3,5.0
Bill Nye_S17,Bill Nye,17,2,1,6.0
Bill Nye_S17,Bill Nye,17,2,2,5.0
Bill Nye_S17,Bill Nye,17,2,3,6.0
Bill Nye_S17,Bill Nye,17,3,1,6.0
Bill Nye_S17,Bill Nye,17,3,2,5.0
Bill Nye_S17,Bill Nye,17,3,3,5.0
Bill Nye_S17,Bill Nye,17,4,1,0.0
Bill Nye_S17,Bill Nye,17,4,2,0.0
Bill Nye_S17,Bill Nye,17,4,3,0.0
Bill Nye_S17,Bill Nye,17,5,1,0.0
Bill Nye_S17,Bill Nye,17,5,2,0.0
Bill Nye_S17,Bill Nye,17,5,3,0.0
Bill Nye_S17,Bill Nye,17,6,1,0.0
Bill Nye_S17,Bill Nye,17,6,2,0.0
Bill Nye_S17,Bill Nye,17,6,3,0.0
Bill Nye_S17,Bill Nye,17,7,1,0.0
Bill Nye_S17,Bill Nye,17,7,2,0.0
Bill Nye_S17,Bill Nye,17,7,3,0.0
Bill Nye_S17,Bill Nye,17,8,1,0.0
Bill Nye_S17,Bill Nye,17,8,2,0.0
Bill Nye_S17,Bill Nye,17,8,3,0.0
Bill Nye_S17,Bill Nye,17,9,1,0.0
Bill Nye_S17,Bill Nye,17,9,2,0.0
Bill Nye_S17,Bill Nye,17,9,3,0.0
Bill Nye_S17,Bill Nye,17,10,1,0.0
Bill Nye_S17,Bill Nye,17,10,2,0.0
Bill Nye_S17,Bill Nye,17,10,3,0.0
Bill Nye_S17,Bill Nye,17,10,4,0.0
Bill Nye_S17,Bill Nye,17,11,1,0.0
Bill Nye_S17,Bill Nye,17,11,2,0.0
Bill Nye_S17,Bill Nye,17,11,3,0.0
Billy Dee Williams_S18,Billy Dee Williams,18,1,1,5.0
Billy Dee Williams_S18,Billy Dee Williams,18,1,2,5.0
Billy Dee Williams_S18,Billy Dee Williams,18,1,3,5.0
Billy Dee Williams_S18,Billy Dee Williams,18,2,1,5.0
Billy Dee Williams_S18,Billy Dee Williams,18,2,2,5.0
Billy Dee Williams_S18,Billy Dee Williams,18,2,3,5.0
Billy Dee Williams_S18,Billy Dee Williams,18,3,1,0.0
Billy Dee Williams_S18,Billy Dee Williams,18,3,2,0.0
Billy Dee Williams_S18,Billy Dee Williams,18,3,3,0.0
Billy Dee Williams_S18,Billy Dee Williams,18,3,4,0.0
Billy Dee Williams_S18,Billy Dee Williams,18,4,1,0.0
Billy Dee Williams_S18,Billy Dee Williams,18,4,2,0.0
Billy Dee Williams_S18,Billy Dee Williams,18,4,3,0.0
Billy Dee Williams_S18,Billy Dee Williams,18,4,4,0.0
Billy Dee Williams_S18,Billy Dee Williams,18,5,1,0.0
Billy Dee Williams_S18,Billy Dee Williams,18,5,2,0.0
Billy Dee Williams_S18,Billy Dee Williams,18,5,3,0.0
Billy Dee Williams_S18,Billy Dee Williams,18,5,4,0.0
Billy Dee Williams_S18,Billy Dee Williams,18,6,1,0.0
Billy Dee Williams_S18,Billy Dee Williams,18,6,2,0.0
Billy Dee Williams_S18,Billy Dee Williams,18,6,3,0.0
Billy Dee Williams_S18,Billy Dee Williams,18,6,4,0.0
Billy Dee Williams_S18,Billy Dee Williams,18,7,1,0.0
Billy Dee Williams_S18,Billy Dee Williams,18,7,2,0.0
Billy Dee Williams_S18,Billy Dee Williams,18,7,3,0.0
Billy Dee Williams_S18,Billy Dee Williams,18,7,4,0.0
Billy Dee Williams_S18,Billy Dee Williams,18,8,1,0.0
Billy Dee Williams_S18,Billy Dee Williams,18,8,2,0.0
Billy Dee Williams_S18,Billy Dee Williams,18,8,3,0.0
Billy Dee Williams_S18,Billy Dee Williams,18,8,4,0.0
Billy Dee Williams_S18,Billy Dee Williams,18,9,1,0.0
Billy Dee Williams_S18,Billy Dee Williams,18,9,2,0.0
Billy Dee Williams_S18,Billy Dee Williams,18,9,3,0.0
Billy Dee Williams_S18,Billy Dee Williams,18,9,4,0.0
Billy Dee Williams_S18,Billy Dee Williams,18,10,1,0.0
Billy Dee Williams_S18,Billy Dee Williams,18,10,2,0.0
Billy Dee Williams_S18,Billy Dee Williams,18,10,3,0.0
Danica McKellar_S18,Danica McKellar,18,1,1,8.0
Danica McKellar_S18,Danica McKellar,18,1,2,8.0
Danica McKellar_S18,Danica McKellar,18,1,3,8.0
Danica McKellar_S18,Danica McKellar,18,2,1,8.0
Danica McKellar_S18,Danica McKellar,18,2,2,8.0
Danica McKellar_S18,Danica McKellar,18,2,3,8.0
Danica McKellar_S18,Danica McKellar,18,3,1,9.0
Danica McKellar_S18,Danica McKellar,18,3,2,9.0
Danica McKellar_S18,Danica McKellar,18,3,3,9.0
Danica McKellar_S18,Danica McKellar,18,3,4,9.0
Danica McKellar_S18,Danica McKellar,18,4,1,8.0
Danica McKellar_S18,Danica McKellar,18,4,2,8.0
Danica McKellar_S18,Danica McKellar,18,4,3,8.0
Danica McKellar_S18,Danica McKellar,18,4,4,8.0
Danica McKellar_S18,Danica McKellar,18,5,1,10.0
Danica McKellar_S18,Danica McKellar,18,5,2,9.0
Danica McKellar_S18,Danica McKellar,18,5,3,10.0
Danica McKellar_S18,Danica McKellar,18,5,4,10.0
Danica McKellar_S18,Danica McKellar,18,6,1,9.0
Danica McKellar_S18,Danica McKellar,18,6,2,9.0
Danica McKellar_S18,Danica McKellar,18,6,3,9.0
Danica McKellar_S18,Danica McKellar,18,6,4,9.0
Danica McKellar_S18,Danica McKellar,18,7,1,9.0
Danica McKellar_S18,Danica McKellar,18,7,2,9.5
Danica McKellar_S18,Danica McKellar,18,7,3,8.5
Danica McKellar_S18,Danica McKellar,18,7,4,9.0
Danica McKellar_S18,Danica McKellar,18,8,1,10.0
Danica McKellar_S18,Danica McKellar,18,8,2,9.0
Danica McKellar_S18,Danica McKellar,18,8,3,9.0
Danica McKellar_S18,Danica McKellar,18,8,4,10.0
Danica McKellar_S18,Danica McKellar,18,9,1,0.0
Danica McKellar_S18,Danica McKellar,18,9,2,0.0
Danica McKellar_S18,Danica McKellar,18,9,3,0.0
Danica McKellar_S18,Danica McKellar,18,9,4,0.0
Danica McKellar_S18,Danica McKellar,18,10,1,0.0
Danica McKellar_S18,Danica McKellar,18,10,2,0.0
Danica McKellar_S18,Danica McKellar,18,10,3,0.0
James Maslow_S18,James Maslow,18,1,1,7.0
James Maslow_S18,James Maslow,18,1,2,7.0
James Maslow_S18,James Maslow,18,1,3,7.0
James Maslow_S18,James Maslow,18,2,1,9.0
James Maslow_S18,James Maslow,18,2,2,8.0
James Maslow_S18,James Maslow,18,2,3,8.0
James Maslow_S18,James Maslow,18,3,1,9.0
James Maslow_S18,James Maslow,18,3,2,9.0
James Maslow_S18,James Maslow,18,3,3,9.0
James Maslow_S18,James Maslow,18,3,4,9.0
James Maslow_S18,James Maslow,18,4,1,9.0
James Maslow_S18,James Maslow,18,4,2,8.0
James Maslow_S18,James Maslow,18,4,3,9.0
James Maslow_S18,James Maslow,18,4,4,9.0
James Maslow_S18,James Maslow,18,5,1,10.0
James Maslow_S18,James Maslow,18,5,2,10.0
James Maslow_S18,James Maslow,18,5,3,10.0
James Maslow_S18,James Maslow,18,5,4,10.0
James Maslow_S18,James Maslow,18,6,1,9.0
James Maslow_S18,James Maslow,18,6,2,9.0
James Maslow_S18,James Maslow,18,6,3,8.0
James Maslow_S18,James Maslow,18,6,4,9.0
James Maslow_S18,James Maslow,18,7,1,8.5
James Maslow_S18,James Maslow,18,7,2,9.5
James Maslow_S18,James Maslow,18,7,3,8.0
James Maslow_S18,James Maslow,18,7,4,9.0
James Maslow_S18,James Maslow,18,8,1,8.0
James Maslow_S18,James Maslow,18,8,2,9.0
James Maslow_S18,James Maslow,18,8,3,10.0
James Maslow_S18,James Maslow,18,8,4,9.0
James Maslow_S18,James Maslow,18,9,1,9.5
James Maslow_S18,James Maslow,18,9,2,9.5
James Maslow_S18,James Maslow,18,9,3,9.5
James Maslow_S18,James Maslow,18,9,4,9.5
James Maslow_S18,James Maslow,18,10,1,9.5
James Maslow_S18,James Maslow,18,10,2,9.5
James Maslow_S18,James Maslow,18,10,3,10.0
Candace Cameron Bure_S18,Candace Cameron Bure,18,1,1,9.0
Candace Cameron Bure_S18,Candace Cameron Bure,18,1,2,8.0
Candace Cameron Bure_S18,Candace Cameron Bure,18,1,3,8.0
Candace Cameron Bure_S18,Candace Cameron Bure,18,2,1,7.0
Candace Cameron Bure_S18,Candace Cameron Bure,18,2,2,7.0
Candace Cameron Bure_S18,Candace Cameron Bure,18,2,3,7.0
Candace Cameron Bure_S18,Candace Cameron Bure,18,3,1,8.0
Candace Cameron Bure_S18,Candace Cameron Bure,18,3,2,8.0
Candace Cameron Bure_S18,Candace Cameron Bure,18,3,3,8.0
Candace Cameron Bure_S18,Candace Cameron Bure,18,3,4,8.0
Candace Cameron Bure_S18,Candace Cameron Bure,18,4,1,7.0
Candace Cameron Bure_S18,Candace Cameron Bure,18,4,2,7.0
Candace Cameron Bure_S18,Candace Cameron Bure,18,4,3,7.0
Candace Cameron Bure_S18,Candace Cameron Bure,18,4,4,7.0
Candace Cameron Bure_S18,Candace Cameron Bure,18,5,1,8.0
Candace Cameron Bure_S18,Candace Cameron Bure,18,5,2,9.0
Candace Cameron Bure_S18,Candace Cameron Bure,18,5,3,9.0
Candace Cameron Bure_S18,Candace Cameron Bure,18,5,4,9.0
Candace Cameron Bure_S18,Candace Cameron Bure,18,6,1,8.0
Candace Cameron Bure_S18,Candace Cameron Bure,18,6,2,8.0
Candace Cameron Bure_S18,Candace Cameron Bure,18,6,3,8.0
Candace Cameron Bure_S18,Candace Cameron Bure,18,6,4,8.0
Candace Cameron Bure_S18,Candace Cameron Bure,18,7,1,9.0
Candace Cameron Bure_S18,Candace Cameron Bure,18,7,2,9.5
Candace Cameron Bure_S18,Candace Cameron Bure,18,7,3,9.0
Candace Cameron Bure_S18,Candace Cameron Bure,18,7,4,9.5
Candace Cameron Bure_S18,Candace Cameron Bure,18,8,1,9.0
Candace Cameron Bure_S18,Candace Cameron Bure,18,8,2,9.0
Candace Cameron Bure_S18,Candace Cameron Bure,18,8,3,9.0
Candace Cameron Bure_S18,Candace Cameron Bure,18,8,4,9.0
Candace Cameron Bure_S18,Candace Cameron Bure,18,9,1,8.5
Candace Cameron Bure_S18,Candace Cameron Bure,18,9,2,9.5
Candace Cameron Bure_S18,Candace Cameron Bure,18,9,3,9.5
Candace Cameron Bure_S18,Candace Cameron Bure,18,9,4,8.5
Candace Cameron Bure_S18,Candace Cameron Bure,18,10,1,8.6666
Candace Cameron Bure_S18,Candace Cameron Bure,18,10,2,8.6666
Candace Cameron Bure_S18,Candace Cameron Bure,18,10,3,8.6666
Sean Avery_S18,Sean Avery,18,1,1,7.0
Sean Avery_S18,Sean Avery,18,1,2,6.0
Sean Avery_S18,Sean Avery,18,1,3,7.0
Sean Avery_S18,Sean Avery,18,2,1,7.0
Sean Avery_S18,Sean Avery,18,2,2,7.0
Sean Avery_S18,Sean Avery,18,2,3,7.0
Sean Avery_S18,Sean Avery,18,3,1,0.0
Sean Avery_S18,Sean Avery,18,3,2,0.0
Sean Avery_S18,Sean Avery,18,3,3,0.0
Sean Avery_S18,Sean Avery,18,3,4,0.0
Sean Avery_S18,Sean Avery,18,4,1,0.0
Sean Avery_S18,Sean Avery,18,4,2,0.0
Sean Avery_S18,Sean Avery,18,4,3,0.0
Sean Avery_S18,Sean Avery,18,4,4,0.0
Sean Avery_S18,Sean Avery,18,5,1,0.0
Sean Avery_S18,Sean Avery,18,5,2,0.0
Sean Avery_S18,Sean Avery,18,5,3,0.0
Sean Avery_S18,Sean Avery,18,5,4,0.0
Sean Avery_S18,Sean Avery,18,6,1,0.0
Sean Avery_S18,Sean Avery,18,6,2,0.0
Sean Avery_S18,Sean Avery,18,6,3,0.0
Sean Avery_S18,Sean Avery,18,6,4,0.0
Sean Avery_S18,Sean Avery,18,7,1,0.0
Sean Avery_S18,Sean Avery,18,7,2,0.0
Sean Avery_S18,Sean Avery,18,7,3,0.0
Sean Avery_S18,Sean Avery,18,7,4,0.0
Sean Avery_S18,Sean Avery,18,8,1,0.0
Sean Avery_S18,Sean Avery,18,8,2,0.0
Sean Avery_S18,Sean Avery,18,8,3,0.0
Sean Avery_S18,Sean Avery,18,8,4,0.0
Sean Avery_S18,Sean Avery,18,9,1,0.0
Sean Avery_S18,Sean Avery,18,9,2,0.0
Sean Avery_S18,Sean Avery,18,9,3,0.0
Sean Avery_S18,Sean Avery,18,9,4,0.0
Sean Avery_S18,Sean Avery,18,10,1,0.0
Sean Avery_S18,Sean Avery,18,10,2,0.0
Sean Avery_S18,Sean Avery,18,10,3,0.0
Diana Nyad_S18,Diana Nyad,18,1,1,6.0
Diana Nyad_S18,Diana Nyad,18,1,2,6.0
Diana Nyad_S18,Diana Nyad,18,1,3,6.0
Diana Nyad_S18,Diana Nyad,18,2,1,0.0
Diana Nyad_S18,Diana Nyad,18,2,2,0.0
Diana Nyad_S18,Diana Nyad,18,2,3,0.0
Diana Nyad_S18,Diana Nyad,18,3,1,0.0
Diana Nyad_S18,Diana Nyad,18,3,2,0.0
Diana Nyad_S18,Diana Nyad,18,3,3,0.0
Diana Nyad_S18,Diana Nyad,18,3,4,0.0
Diana Nyad_S18,Diana Nyad,18,4,1,0.0
Diana Nyad_S18,Diana Nyad,18,4,2,0.0
Diana Nyad_S18,Diana Nyad,18,4,3,0.0
Diana Nyad_S18,Diana Nyad,18,4,4,0.0
Diana Nyad_S18,Diana Nyad,18,5,1,0.0
Diana Nyad_S18,Diana Nyad,18,5,2,0.0
Diana Nyad_S18,Diana Nyad,18,5,3,0.0
Diana Nyad_S18,Diana Nyad,18,5,4,0.0
Diana Nyad_S18,Diana Nyad,18,6,1,0.0
Diana Nyad_S18,Diana Nyad,18,6,2,0.0
Diana Nyad_S18,Diana Nyad,18,6,3,0.0
Diana Nyad_S18,Diana Nyad,18,6,4,0.0
Diana Nyad_S18,Diana Nyad,18,7,1,0.0
Diana Nyad_S18,Diana Nyad,18,7,2,0.0
Diana Nyad_S18,Diana Nyad,18,7,3,0.0
Diana Nyad_S18,Diana Nyad,18,7,4,0.0
Diana Nyad_S18,Diana Nyad,18,8,1,0.0
Diana Nyad_S18,Diana Nyad,18,8,2,0.0
Diana Nyad_S18,Diana Nyad,18,8,3,0.0
Diana Nyad_S18,Diana Nyad,18,8,4,0.0
Diana Nyad_S18,Diana Nyad,18,9,1,0.0
Diana Nyad_S18,Diana Nyad,18,9,2,0.0
Diana Nyad_S18,Diana Nyad,18,9,3,0.0
Diana Nyad_S18,Diana Nyad,18,9,4,0.0
Diana Nyad_S18,Diana Nyad,18,10,1,0.0
Diana Nyad_S18,Diana Nyad,18,10,2,0.0
Diana Nyad_S18,Diana Nyad,18,10,3,0.0
Charlie White_S18,Charlie White,18,1,1,9.0
Charlie White_S18,Charlie White,18,1,2,9.0
Charlie White_S18,Charlie White,18,1,3,9.0
Charlie White_S18,Charlie White,18,2,1,9.0
Charlie White_S18,Charlie White,18,2,2,7.0
Charlie White_S18,Charlie White,18,2,3,9.0
Charlie White_S18,Charlie White,18,3,1,9.0
Charlie White_S18,Charlie White,18,3,2,9.0
Charlie White_S18,Charlie White,18,3,3,9.0
Charlie White_S18,Charlie White,18,3,4,9.0
Charlie White_S18,Charlie White,18,4,1,7.0
Charlie White_S18,Charlie White,18,4,2,8.0
Charlie White_S18,Charlie White,18,4,3,9.0
Charlie White_S18,Charlie White,18,4,4,9.0
Charlie White_S18,Charlie White,18,5,1,9.0
Charlie White_S18,Charlie White,18,5,2,10.0
Charlie White_S18,Charlie White,18,5,3,9.0
Charlie White_S18,Charlie White,18,5,4,9.0
Charlie White_S18,Charlie White,18,6,1,9.0
Charlie White_S18,Charlie White,18,6,2,9.0
Charlie White_S18,Charlie White,18,6,3,9.0
Charlie White_S18,Charlie White,18,6,4,9.0
Charlie White_S18,Charlie White,18,7,1,8.5
Charlie White_S18,Charlie White,18,7,2,10.0
Charlie White_S18,Charlie White,18,7,3,8.0
Charlie White_S18,Charlie White,18,7,4,9.0
Charlie White_S18,Charlie White,18,8,1,10.0
Charlie White_S18,Charlie White,18,8,2,10.0
Charlie White_S18,Charlie White,18,8,3,10.0
Charlie White_S18,Charlie White,18,8,4,10.0
Charlie White_S18,Charlie White,18,9,1,9.5
Charlie White_S18,Charlie White,18,9,2,9.5
Charlie White_S18,Charlie White,18,9,3,9.5
Charlie White_S18,Charlie White,18,9,4,9.5
Charlie White_S18,Charlie White,18,10,1,0.0
Charlie White_S18,Charlie White,18,10,2,0.0
Charlie White_S18,Charlie White,18,10,3,0.0
Amy Purdy_S18,Amy Purdy,18,1,1,8.0
Amy Purdy_S18,Amy Purdy,18,1,2,8.0
Amy Purdy_S18,Amy Purdy,18,1,3,8.0
Amy Purdy_S18,Amy Purdy,18,2,1,8.0
Amy Purdy_S18,Amy Purdy,18,2,2,8.0
Amy Purdy_S18,Amy Purdy,18,2,3,8.0
Amy Purdy_S18,Amy Purdy,18,3,1,9.0
Amy Purdy_S18,Amy Purdy,18,3,2,9.0
Amy Purdy_S18,Amy Purdy,18,3,3,9.0
Amy Purdy_S18,Amy Purdy,18,3,4,9.0
Amy Purdy_S18,Amy Purdy,18,4,1,9.0
Amy Purdy_S18,Amy Purdy,18,4,2,8.0
Amy Purdy_S18,Amy Purdy,18,4,3,8.0
Amy Purdy_S18,Amy Purdy,18,4,4,9.0
Amy Purdy_S18,Amy Purdy,18,5,1,9.0
Amy Purdy_S18,Amy Purdy,18,5,2,9.0
Amy Purdy_S18,Amy Purdy,18,5,3,10.0
Amy Purdy_S18,Amy Purdy,18,5,4,9.0
Amy Purdy_S18,Amy Purdy,18,6,1,9.0
Amy Purdy_S18,Amy Purdy,18,6,2,10.0
Amy Purdy_S18,Amy Purdy,18,6,3,9.0
Amy Purdy_S18,Amy Purdy,18,6,4,10.0
Amy Purdy_S18,Amy Purdy,18,7,1,9.5
Amy Purdy_S18,Amy Purdy,18,7,2,9.5
Amy Purdy_S18,Amy Purdy,18,7,3,9.0
Amy Purdy_S18,Amy Purdy,18,7,4,9.5
Amy Purdy_S18,Amy Purdy,18,8,1,10.0
Amy Purdy_S18,Amy Purdy,18,8,2,10.0
Amy Purdy_S18,Amy Purdy,18,8,3,10.0
Amy Purdy_S18,Amy Purdy,18,8,4,10.0
Amy Purdy_S18,Amy Purdy,18,9,1,9.5
Amy Purdy_S18,Amy Purdy,18,9,2,9.5
Amy Purdy_S18,Amy Purdy,18,9,3,10.0
Amy Purdy_S18,Amy Purdy,18,9,4,10.0
Amy Purdy_S18,Amy Purdy,18,10,1,10.0
Amy Purdy_S18,Amy Purdy,18,10,2,9.6666
Amy Purdy_S18,Amy Purdy,18,10,3,10.0
Meryl Davis_S18,Meryl Davis,18,1,1,8.0
Meryl Davis_S18,Meryl Davis,18,1,2,8.0
Meryl Davis_S18,Meryl Davis,18,1,3,8.0
Meryl Davis_S18,Meryl Davis,18,2,1,8.0
Meryl Davis_S18,Meryl Davis,18,2,2,9.0
Meryl Davis_S18,Meryl Davis,18,2,3,8.0
Meryl Davis_S18,Meryl Davis,18,3,1,10.0
Meryl Davis_S18,Meryl Davis,18,3,2,9.0
Meryl Davis_S18,Meryl Davis,18,3,3,10.0
Meryl Davis_S18,Meryl Davis,18,3,4,10.0
Meryl Davis_S18,Meryl Davis,18,4,1,10.0
Meryl Davis_S18,Meryl Davis,18,4,2,9.0
Meryl Davis_S18,Meryl Davis,18,4,3,10.0
Meryl Davis_S18,Meryl Davis,18,4,4,10.0
Meryl Davis_S18,Meryl Davis,18,5,1,9.0
Meryl Davis_S18,Meryl Davis,18,5,2,9.0
Meryl Davis_S18,Meryl Davis,18,5,3,9.0
Meryl Davis_S18,Meryl Davis,18,5,4,9.0
Meryl Davis_S18,Meryl Davis,18,6,1,10.0
Meryl Davis_S18,Meryl Davis,18,6,2,10.0
Meryl Davis_S18,Meryl Davis,18,6,3,10.0
Meryl Davis_S18,Meryl Davis,18,6,4,10.0
Meryl Davis_S18,Meryl Davis,18,7,1,10.0
Meryl Davis_S18,Meryl Davis,18,7,2,10.0
Meryl Davis_S18,Meryl Davis,18,7,3,9.0
Meryl Davis_S18,Meryl Davis,18,7,4,10.0
Meryl Davis_S18,Meryl Davis,18,8,1,9.0
Meryl Davis_S18,Meryl Davis,18,8,2,9.0
Meryl Davis_S18,Meryl Davis,18,8,3,8.0
Meryl Davis_S18,Meryl Davis,18,8,4,10.0
Meryl Davis_S18,Meryl Davis,18,9,1,10.0
Meryl Davis_S18,Meryl Davis,18,9,2,10.0
Meryl Davis_S18,Meryl Davis,18,9,3,10.0
Meryl Davis_S18,Meryl Davis,18,9,4,10.0
Meryl Davis_S18,Meryl Davis,18,10,1,10.0
Meryl Davis_S18,Meryl Davis,18,10,2,10.0
Meryl Davis_S18,Meryl Davis,18,10,3,10.0
Drew Carey_S18,Drew Carey,18,1,1,7.0
Drew Carey_S18,Drew Carey,18,1,2,7.0
Drew Carey_S18,Drew Carey,18,1,3,7.0
Drew Carey_S18,Drew Carey,18,2,1,7.0
Drew Carey_S18,Drew Carey,18,2,2,7.0
Drew Carey_S18,Drew Carey,18,2,3,7.0
Drew Carey_S18,Drew Carey,18,3,1,7.0
Drew Carey_S18,Drew Carey,18,3,2,7.0
Drew Carey_S18,Drew Carey,18,3,3,8.0
Drew Carey_S18,Drew Carey,18,3,4,8.0
Drew Carey_S18,Drew Carey,18,4,1,8.0
Drew Carey_S18,Drew Carey,18,4,2,8.0
Drew Carey_S18,Drew Carey,18,4,3,9.0
Drew Carey_S18,Drew Carey,18,4,4,8.0
Drew Carey_S18,Drew Carey,18,5,1,7.0
Drew Carey_S18,Drew Carey,18,5,2,7.0
Drew Carey_S18,Drew Carey,18,5,3,7.0
Drew Carey_S18,Drew Carey,18,5,4,7.0
Drew Carey_S18,Drew Carey,18,6,1,8.0
Drew Carey_S18,Drew Carey,18,6,2,9.0
Drew Carey_S18,Drew Carey,18,6,3,7.0
Drew Carey_S18,Drew Carey,18,6,4,8.0
Drew Carey_S18,Drew Carey,18,7,1,0.0
Drew Carey_S18,Drew Carey,18,7,2,0.0
Drew Carey_S18,Drew Carey,18,7,3,0.0
Drew Carey_S18,Drew Carey,18,7,4,0.0
Drew Carey_S18,Drew Carey,18,8,1,0.0
Drew Carey_S18,Drew Carey,18,8,2,0.0
Drew Carey_S18,Drew Carey,18,8,3,0.0
Drew Carey_S18,Drew Carey,18,8,4,0.0
Drew Carey_S18,Drew Carey,18,9,1,0.0
Drew Carey_S18,Drew Carey,18,9,2,0.0
Drew Carey_S18,Drew Carey,18,9,3,0.0
Drew Carey_S18,Drew Carey,18,9,4,0.0
Drew Carey_S18,Drew Carey,18,10,1,0.0
Drew Carey_S18,Drew Carey,18,10,2,0.0
Drew Carey_S18,Drew Carey,18,10,3,0.0
Cody Simpson_S18,Cody Simpson,18,1,1,7.0
Cody Simpson_S18,Cody Simpson,18,1,2,7.0
Cody Simpson_S18,Cody Simpson,18,1,3,8.0
Cody Simpson_S18,Cody Simpson,18,2,1,7.0
Cody Simpson_S18,Cody Simpson,18,2,2,7.0
Cody Simpson_S18,Cody Simpson,18,2,3,8.0
Cody Simpson_S18,Cody Simpson,18,3,1,9.0
Cody Simpson_S18,Cody Simpson,18,3,2,8.0
Cody Simpson_S18,Cody Simpson,18,3,3,9.0
Cody Simpson_S18,Cody Simpson,18,3,4,9.0
Cody Simpson_S18,Cody Simpson,18,4,1,8.0
Cody Simpson_S18,Cody Simpson,18,4,2,7.0
Cody Simpson_S18,Cody Simpson,18,4,3,8.0
Cody Simpson_S18,Cody Simpson,18,4,4,8.0
Cody Simpson_S18,Cody Simpson,18,5,1,9.0
Cody Simpson_S18,Cody Simpson,18,5,2,8.0
Cody Simpson_S18,Cody Simpson,18,5,3,8.0
Cody Simpson_S18,Cody Simpson,18,5,4,9.0
Cody Simpson_S18,Cody Simpson,18,6,1,0.0
Cody Simpson_S18,Cody Simpson,18,6,2,0.0
Cody Simpson_S18,Cody Simpson,18,6,3,0.0
Cody Simpson_S18,Cody Simpson,18,6,4,0.0
Cody Simpson_S18,Cody Simpson,18,7,1,0.0
Cody Simpson_S18,Cody Simpson,18,7,2,0.0
Cody Simpson_S18,Cody Simpson,18,7,3,0.0
Cody Simpson_S18,Cody Simpson,18,7,4,0.0
Cody Simpson_S18,Cody Simpson,18,8,1,0.0
Cody Simpson_S18,Cody Simpson,18,8,2,0.0
Cody Simpson_S18,Cody Simpson,18,8,3,0.0
Cody Simpson_S18,Cody Simpson,18,8,4,0.0
Cody Simpson_S18,Cody Simpson,18,9,1,0.0
Cody Simpson_S18,Cody Simpson,18,9,2,0.0
Cody Simpson_S18,Cody Simpson,18,9,3,0.0
Cody Simpson_S18,Cody Simpson,18,9,4,0.0
Cody Simpson_S18,Cody Simpson,18,10,1,0.0
Cody Simpson_S18,Cody Simpson,18,10,2,0.0
Cody Simpson_S18,Cody Simpson,18,10,3,0.0
NeNe Leakes_S18,NeNe Leakes,18,1,1,7.0
NeNe Leakes_S18,NeNe Leakes,18,1,2,7.0
NeNe Leakes_S18,NeNe Leakes,18,1,3,7.0
NeNe Leakes_S18,NeNe Leakes,18,2,1,7.0
NeNe Leakes_S18,NeNe Leakes,18,2,2,7.0
NeNe Leakes_S18,NeNe Leakes,18,2,3,7.0
NeNe Leakes_S18,NeNe Leakes,18,3,1,8.0
NeNe Leakes_S18,NeNe Leakes,18,3,2,7.0
NeNe Leakes_S18,NeNe Leakes,18,3,3,8.0
NeNe Leakes_S18,NeNe Leakes,18,3,4,8.0
NeNe Leakes_S18,NeNe Leakes,18,4,1,8.0
NeNe Leakes_S18,NeNe Leakes,18,4,2,8.0
NeNe Leakes_S18,NeNe Leakes,18,4,3,8.0
NeNe Leakes_S18,NeNe Leakes,18,4,4,8.0
NeNe Leakes_S18,NeNe Leakes,18,5,1,9.0
NeNe Leakes_S18,NeNe Leakes,18,5,2,9.0
NeNe Leakes_S18,NeNe Leakes,18,5,3,9.0
NeNe Leakes_S18,NeNe Leakes,18,5,4,9.0
NeNe Leakes_S18,NeNe Leakes,18,6,1,8.0
NeNe Leakes_S18,NeNe Leakes,18,6,2,9.0
NeNe Leakes_S18,NeNe Leakes,18,6,3,8.0
NeNe Leakes_S18,NeNe Leakes,18,6,4,8.0
NeNe Leakes_S18,NeNe Leakes,18,7,1,8.0
NeNe Leakes_S18,NeNe Leakes,18,7,2,9.0
NeNe Leakes_S18,NeNe Leakes,18,7,3,7.5
NeNe Leakes_S18,NeNe Leakes,18,7,4,8.5
NeNe Leakes_S18,NeNe Leakes,18,8,1,0.0
NeNe Leakes_S18,NeNe Leakes,18,8,2,0.0
NeNe Leakes_S18,NeNe Leakes,18,8,3,0.0
NeNe Leakes_S18,NeNe Leakes,18,8,4,0.0
NeNe Leakes_S18,NeNe Leakes,18,9,1,0.0
NeNe Leakes_S18,NeNe Leakes,18,9,2,0.0
NeNe Leakes_S18,NeNe Leakes,18,9,3,0.0
NeNe Leakes_S18,NeNe Leakes,18,9,4,0.0
NeNe Leakes_S18,NeNe Leakes,18,10,1,0.0
NeNe Leakes_S18,NeNe Leakes,18,10,2,0.0
NeNe Leakes_S18,NeNe Leakes,18,10,3,0.0
Antonio Sabato Jr._S19,Antonio Sabato Jr.,19,1,1,6.0
Antonio Sabato Jr._S19,Antonio Sabato Jr.,19,1,2,6.0
Antonio Sabato Jr._S19,Antonio Sabato Jr.,19,1,3,6.0
Antonio Sabato Jr._S19,Antonio Sabato Jr.,19,1,4,7.0
Antonio Sabato Jr._S19,Antonio Sabato Jr.,19,2,1,8.0
Antonio Sabato Jr._S19,Antonio Sabato Jr.,19,2,2,7.0
Antonio Sabato Jr._S19,Antonio Sabato Jr.,19,2,3,8.0
Antonio Sabato Jr._S19,Antonio Sabato Jr.,19,2,4,8.0
Antonio Sabato Jr._S19,Antonio Sabato Jr.,19,3,1,7.0
Antonio Sabato Jr._S19,Antonio Sabato Jr.,19,3,2,7.0
Antonio Sabato Jr._S19,Antonio Sabato Jr.,19,3,3,7.0
Antonio Sabato Jr._S19,Antonio Sabato Jr.,19,3,4,8.0
Antonio Sabato Jr._S19,Antonio Sabato Jr.,19,4,1,7.0
Antonio Sabato Jr._S19,Antonio Sabato Jr.,19,4,2,7.0
Antonio Sabato Jr._S19,Antonio Sabato Jr.,19,4,3,7.0
Antonio Sabato Jr._S19,Antonio Sabato Jr.,19,4,4,8.0
Antonio Sabato Jr._S19,Antonio Sabato Jr.,19,5,1,8.0
Antonio Sabato Jr._S19,Antonio Sabato Jr.,19,5,2,6.0
Antonio Sabato Jr._S19,Antonio Sabato Jr.,19,5,3,7.0
Antonio Sabato Jr._S19,Antonio Sabato Jr.,19,5,4,7.0
Antonio Sabato Jr._S19,Antonio Sabato Jr.,19,6,1,7.0
Antonio Sabato Jr._S19,Antonio Sabato Jr.,19,6,2,7.0
Antonio Sabato Jr._S19,Antonio Sabato Jr.,19,6,3,7.0
Antonio Sabato Jr._S19,Antonio Sabato Jr.,19,6,4,7.0
Antonio Sabato Jr._S19,Antonio Sabato Jr.,19,7,1,7.0
Antonio Sabato Jr._S19,Antonio Sabato Jr.,19,7,2,7.5
Antonio Sabato Jr._S19,Antonio Sabato Jr.,19,7,3,7.5
Antonio Sabato Jr._S19,Antonio Sabato Jr.,19,7,4,7.5
Antonio Sabato Jr._S19,Antonio Sabato Jr.,19,8,1,0.0
Antonio Sabato Jr._S19,Antonio Sabato Jr.,19,8,2,0.0
Antonio Sabato Jr._S19,Antonio Sabato Jr.,19,8,3,0.0
Antonio Sabato Jr._S19,Antonio Sabato Jr.,19,8,4,0.0
Antonio Sabato Jr._S19,Antonio Sabato Jr.,19,9,1,0.0
Antonio Sabato Jr._S19,Antonio Sabato Jr.,19,9,2,0.0
Antonio Sabato Jr._S19,Antonio Sabato Jr.,19,9,3,0.0
Antonio Sabato Jr._S19,Antonio Sabato Jr.,19,9,4,0.0
Antonio Sabato Jr._S19,Antonio Sabato Jr.,19,10,1,0.0
Antonio Sabato Jr._S19,Antonio Sabato Jr.,19,10,2,0.0
Antonio Sabato Jr._S19,Antonio Sabato Jr.,19,10,3,0.0
Antonio Sabato Jr._S19,Antonio Sabato Jr.,19,10,4,0.0
Antonio Sabato Jr._S19,Antonio Sabato Jr.,19,11,1,0.0
Antonio Sabato Jr._S19,Antonio Sabato Jr.,19,11,2,0.0
Antonio Sabato Jr._S19,Antonio Sabato Jr.,19,11,3,0.0
Antonio Sabato Jr._S19,Antonio Sabato Jr.,19,11,4,0.0
Jonathan Bennett_S19,Jonathan Bennett,19,1,1,8.0
Jonathan Bennett_S19,Jonathan Bennett,19,1,2,7.0
Jonathan Bennett_S19,Jonathan Bennett,19,1,3,7.0
Jonathan Bennett_S19,Jonathan Bennett,19,1,4,8.0
Jonathan Bennett_S19,Jonathan Bennett,19,2,1,7.0
Jonathan Bennett_S19,Jonathan Bennett,19,2,2,7.0
Jonathan Bennett_S19,Jonathan Bennett,19,2,3,8.0
Jonathan Bennett_S19,Jonathan Bennett,19,2,4,8.0
Jonathan Bennett_S19,Jonathan Bennett,19,3,1,8.0
Jonathan Bennett_S19,Jonathan Bennett,19,3,2,8.0
Jonathan Bennett_S19,Jonathan Bennett,19,3,3,8.0
Jonathan Bennett_S19,Jonathan Bennett,19,3,4,8.0
Jonathan Bennett_S19,Jonathan Bennett,19,4,1,6.0
Jonathan Bennett_S19,Jonathan Bennett,19,4,2,6.0
Jonathan Bennett_S19,Jonathan Bennett,19,4,3,6.0
Jonathan Bennett_S19,Jonathan Bennett,19,4,4,6.0
Jonathan Bennett_S19,Jonathan Bennett,19,5,1,6.0
Jonathan Bennett_S19,Jonathan Bennett,19,5,2,6.0
Jonathan Bennett_S19,Jonathan Bennett,19,5,3,6.0
Jonathan Bennett_S19,Jonathan Bennett,19,5,4,6.0
Jonathan Bennett_S19,Jonathan Bennett,19,6,1,8.0
Jonathan Bennett_S19,Jonathan Bennett,19,6,2,8.0
Jonathan Bennett_S19,Jonathan Bennett,19,6,3,8.0
Jonathan Bennett_S19,Jonathan Bennett,19,6,4,8.0
Jonathan Bennett_S19,Jonathan Bennett,19,7,1,0.0
Jonathan Bennett_S19,Jonathan Bennett,19,7,2,0.0
Jonathan Bennett_S19,Jonathan Bennett,19,7,3,0.0
Jonathan Bennett_S19,Jonathan Bennett,19,7,4,0.0
Jonathan Bennett_S19,Jonathan Bennett,19,8,1,0.0
Jonathan Bennett_S19,Jonathan Bennett,19,8,2,0.0
Jonathan Bennett_S19,Jonathan Bennett,19,8,3,0.0
Jonathan Bennett_S19,Jonathan Bennett,19,8,4,0.0
Jonathan Bennett_S19,Jonathan Bennett,19,9,1,0.0
Jonathan Bennett_S19,Jonathan Bennett,19,9,2,0.0
Jonathan Bennett_S19,Jonathan Bennett,19,9,3,0.0
Jonathan Bennett_S19,Jonathan Bennett,19,9,4,0.0
Jonathan Bennett_S19,Jonathan Bennett,19,10,1,0.0
Jonathan Bennett_S19,Jonathan Bennett,19,10,2,0.0
Jonathan Bennett_S19,Jonathan Bennett,19,10,3,0.0
Jonathan Bennett_S19,Jonathan Bennett,19,10,4,0.0
Jonathan Bennett_S19,Jonathan Bennett,19,11,1,0.0
Jonathan Bennett_S19,Jonathan Bennett,19,11,2,0.0
Jonathan Bennett_S19,Jonathan Bennett,19,11,3,0.0
Jonathan Bennett_S19,Jonathan Bennett,19,11,4,0.0
Lea Thompson_S19,Lea Thompson,19,1,1,8.0
Lea Thompson_S19,Lea Thompson,19,1,2,8.0
Lea Thompson_S19,Lea Thompson,19,1,3,8.0
Lea Thompson_S19,Lea Thompson,19,1,4,8.0
Lea Thompson_S19,Lea Thompson,19,2,1,9.0
Lea Thompson_S19,Lea Thompson,19,2,2,8.0
Lea Thompson_S19,Lea Thompson,19,2,3,9.0
Lea Thompson_S19,Lea Thompson,19,2,4,9.0
Lea Thompson_S19,Lea Thompson,19,3,1,7.0
Lea Thompson_S19,Lea Thompson,19,3,2,8.0
Lea Thompson_S19,Lea Thompson,19,3,3,8.0
Lea Thompson_S19,Lea Thompson,19,3,4,8.0
Lea Thompson_S19,Lea Thompson,19,4,1,10.0
Lea Thompson_S19,Lea Thompson,19,4,2,10.0
Lea Thompson_S19,Lea Thompson,19,4,3,10.0
Lea Thompson_S19,Lea Thompson,19,4,4,9.0
Lea Thompson_S19,Lea Thompson,19,5,1,9.0
Lea Thompson_S19,Lea Thompson,19,5,2,8.0
Lea Thompson_S19,Lea Thompson,19,5,3,8.0
Lea Thompson_S19,Lea Thompson,19,5,4,9.0
Lea Thompson_S19,Lea Thompson,19,6,1,8.0
Lea Thompson_S19,Lea Thompson,19,6,2,8.0
Lea Thompson_S19,Lea Thompson,19,6,3,8.0
Lea Thompson_S19,Lea Thompson,19,6,4,8.0
Lea Thompson_S19,Lea Thompson,19,7,1,8.5
Lea Thompson_S19,Lea Thompson,19,7,2,8.5
Lea Thompson_S19,Lea Thompson,19,7,3,9.0
Lea Thompson_S19,Lea Thompson,19,7,4,9.0
Lea Thompson_S19,Lea Thompson,19,8,1,8.0
Lea Thompson_S19,Lea Thompson,19,8,2,8.0
Lea Thompson_S19,Lea Thompson,19,8,3,8.0
Lea Thompson_S19,Lea Thompson,19,8,4,8.0
Lea Thompson_S19,Lea Thompson,19,9,1,8.5
Lea Thompson_S19,Lea Thompson,19,9,2,9.0
Lea Thompson_S19,Lea Thompson,19,9,3,8.5
Lea Thompson_S19,Lea Thompson,19,9,4,9.0
Lea Thompson_S19,Lea Thompson,19,10,1,0.0
Lea Thompson_S19,Lea Thompson,19,10,2,0.0
Lea Thompson_S19,Lea Thompson,19,10,3,0.0
Lea Thompson_S19,Lea Thompson,19,10,4,0.0
Lea Thompson_S19,Lea Thompson,19,11,1,0.0
Lea Thompson_S19,Lea Thompson,19,11,2,0.0
Lea Thompson_S19,Lea Thompson,19,11,3,0.0
Lea Thompson_S19,Lea Thompson,19,11,4,0.0
Janel Parrish_S19,Janel Parrish,19,1,1,7.0
Janel Parrish_S19,Janel Parrish,19,1,2,7.0
Janel Parrish_S19,Janel Parrish,19,1,3,7.0
Janel Parrish_S19,Janel Parrish,19,1,4,8.0
Janel Parrish_S19,Janel Parrish,19,2,1,9.0
Janel Parrish_S19,Janel Parrish,19,2,2,8.0
Janel Parrish_S19,Janel Parrish,19,2,3,8.0
Janel Parrish_S19,Janel Parrish,19,2,4,9.0
Janel Parrish_S19,Janel Parrish,19,3,1,10.0
Janel Parrish_S19,Janel Parrish,19,3,2,10.0
Janel Parrish_S19,Janel Parrish,19,3,3,10.0
Janel Parrish_S19,Janel Parrish,19,3,4,10.0
Janel Parrish_S19,Janel Parrish,19,4,1,9.0
Janel Parrish_S19,Janel Parrish,19,4,2,9.0
Janel Parrish_S19,Janel Parrish,19,4,3,9.0
Janel Parrish_S19,Janel Parrish,19,4,4,9.0
Janel Parrish_S19,Janel Parrish,19,5,1,8.0
Janel Parrish_S19,Janel Parrish,19,5,2,8.0
Janel Parrish_S19,Janel Parrish,19,5,3,8.0
Janel Parrish_S19,Janel Parrish,19,5,4,9.0
Janel Parrish_S19,Janel Parrish,19,6,1,8.0
Janel Parrish_S19,Janel Parrish,19,6,2,7.0
Janel Parrish_S19,Janel Parrish,19,6,3,9.0
Janel Parrish_S19,Janel Parrish,19,6,4,9.0
Janel Parrish_S19,Janel Parrish,19,7,1,8.5
Janel Parrish_S19,Janel Parrish,19,7,2,8.0
Janel Parrish_S19,Janel Parrish,19,7,3,8.5
Janel Parrish_S19,Janel Parrish,19,7,4,8.5
Janel Parrish_S19,Janel Parrish,19,8,1,10.75
Janel Parrish_S19,Janel Parrish,19,8,2,10.75
Janel Parrish_S19,Janel Parrish,19,8,3,10.75
Janel Parrish_S19,Janel Parrish,19,8,4,10.75
Janel Parrish_S19,Janel Parrish,19,9,1,9.5
Janel Parrish_S19,Janel Parrish,19,9,2,9.5
Janel Parrish_S19,Janel Parrish,19,9,3,10.0
Janel Parrish_S19,Janel Parrish,19,9,4,9.5
Janel Parrish_S19,Janel Parrish,19,10,1,9.5
Janel Parrish_S19,Janel Parrish,19,10,2,9.5
Janel Parrish_S19,Janel Parrish,19,10,3,10.0
Janel Parrish_S19,Janel Parrish,19,10,4,10.0
Janel Parrish_S19,Janel Parrish,19,11,1,9.6666
Janel Parrish_S19,Janel Parrish,19,11,2,10.0
Janel Parrish_S19,Janel Parrish,19,11,3,9.6666
Janel Parrish_S19,Janel Parrish,19,11,4,9.6666
Alfonso Ribeiro_S19,Alfonso Ribeiro,19,1,1,9.0
Alfonso Ribeiro_S19,Alfonso Ribeiro,19,1,2,9.0
Alfonso Ribeiro_S19,Alfonso Ribeiro,19,1,3,9.0
Alfonso Ribeiro_S19,Alfonso Ribeiro,19,1,4,9.0
Alfonso Ribeiro_S19,Alfonso Ribeiro,19,2,1,8.0
Alfonso Ribeiro_S19,Alfonso Ribeiro,19,2,2,8.0
Alfonso Ribeiro_S19,Alfonso Ribeiro,19,2,3,8.0
Alfonso Ribeiro_S19,Alfonso Ribeiro,19,2,4,8.0
Alfonso Ribeiro_S19,Alfonso Ribeiro,19,3,1,8.0
Alfonso Ribeiro_S19,Alfonso Ribeiro,19,3,2,8.0
Alfonso Ribeiro_S19,Alfonso Ribeiro,19,3,3,8.0
Alfonso Ribeiro_S19,Alfonso Ribeiro,19,3,4,8.0
Alfonso Ribeiro_S19,Alfonso Ribeiro,19,4,1,10.0
Alfonso Ribeiro_S19,Alfonso Ribeiro,19,4,2,10.0
Alfonso Ribeiro_S19,Alfonso Ribeiro,19,4,3,10.0
Alfonso Ribeiro_S19,Alfonso Ribeiro,19,4,4,10.0
Alfonso Ribeiro_S19,Alfonso Ribeiro,19,5,1,8.0
Alfonso Ribeiro_S19,Alfonso Ribeiro,19,5,2,9.0
Alfonso Ribeiro_S19,Alfonso Ribeiro,19,5,3,9.0
Alfonso Ribeiro_S19,Alfonso Ribeiro,19,5,4,8.0
Alfonso Ribeiro_S19,Alfonso Ribeiro,19,6,1,10.0
Alfonso Ribeiro_S19,Alfonso Ribeiro,19,6,2,10.0
Alfonso Ribeiro_S19,Alfonso Ribeiro,19,6,3,9.0
Alfonso Ribeiro_S19,Alfonso Ribeiro,19,6,4,10.0
Alfonso Ribeiro_S19,Alfonso Ribeiro,19,7,1,8.5
Alfonso Ribeiro_S19,Alfonso Ribeiro,19,7,2,8.5
Alfonso Ribeiro_S19,Alfonso Ribeiro,19,7,3,8.5
Alfonso Ribeiro_S19,Alfonso Ribeiro,19,7,4,8.5
Alfonso Ribeiro_S19,Alfonso Ribeiro,19,8,1,10.75
Alfonso Ribeiro_S19,Alfonso Ribeiro,19,8,2,9.75
Alfonso Ribeiro_S19,Alfonso Ribeiro,19,8,3,9.75
Alfonso Ribeiro_S19,Alfonso Ribeiro,19,8,4,10.75
Alfonso Ribeiro_S19,Alfonso Ribeiro,19,9,1,9.5
Alfonso Ribeiro_S19,Alfonso Ribeiro,19,9,2,9.5
Alfonso Ribeiro_S19,Alfonso Ribeiro,19,9,3,9.5
Alfonso Ribeiro_S19,Alfonso Ribeiro,19,9,4,10.0
Alfonso Ribeiro_S19,Alfonso Ribeiro,19,10,1,9.5
Alfonso Ribeiro_S19,Alfonso Ribeiro,19,10,2,9.0
Alfonso Ribeiro_S19,Alfonso Ribeiro,19,10,3,9.5
Alfonso Ribeiro_S19,Alfonso Ribeiro,19,10,4,9.5
Alfonso Ribeiro_S19,Alfonso Ribeiro,19,11,1,10.0
Alfonso Ribeiro_S19,Alfonso Ribeiro,19,11,2,10.0
Alfonso Ribeiro_S19,Alfonso Ribeiro,19,11,3,10.0
Alfonso Ribeiro_S19,Alfonso Ribeiro,19,11,4,10.0
Lolo Jones_S19,Lolo Jones,19,1,1,6.0
Lolo Jones_S19,Lolo Jones,19,1,2,6.0
Lolo Jones_S19,Lolo Jones,19,1,3,5.0
Lolo Jones_S19,Lolo Jones,19,1,4,5.0
Lolo Jones_S19,Lolo Jones,19,2,1,0.0
Lolo Jones_S19,Lolo Jones,19,2,2,0.0
Lolo Jones_S19,Lolo Jones,19,2,3,0.0
Lolo Jones_S19,Lolo Jones,19,2,4,0.0
Lolo Jones_S19,Lolo Jones,19,3,1,0.0
Lolo Jones_S19,Lolo Jones,19,3,2,0.0
Lolo Jones_S19,Lolo Jones,19,3,3,0.0
Lolo Jones_S19,Lolo Jones,19,3,4,0.0
Lolo Jones_S19,Lolo Jones,19,4,1,0.0
Lolo Jones_S19,Lolo Jones,19,4,2,0.0
Lolo Jones_S19,Lolo Jones,19,4,3,0.0
Lolo Jones_S19,Lolo Jones,19,4,4,0.0
Lolo Jones_S19,Lolo Jones,19,5,1,0.0
Lolo Jones_S19,Lolo Jones,19,5,2,0.0
Lolo Jones_S19,Lolo Jones,19,5,3,0.0
Lolo Jones_S19,Lolo Jones,19,5,4,0.0
Lolo Jones_S19,Lolo Jones,19,6,1,0.0
Lolo Jones_S19,Lolo Jones,19,6,2,0.0
Lolo Jones_S19,Lolo Jones,19,6,3,0.0
Lolo Jones_S19,Lolo Jones,19,6,4,0.0
Lolo Jones_S19,Lolo Jones,19,7,1,0.0
Lolo Jones_S19,Lolo Jones,19,7,2,0.0
Lolo Jones_S19,Lolo Jones,19,7,3,0.0
Lolo Jones_S19,Lolo Jones,19,7,4,0.0
Lolo Jones_S19,Lolo Jones,19,8,1,0.0
Lolo Jones_S19,Lolo Jones,19,8,2,0.0
Lolo Jones_S19,Lolo Jones,19,8,3,0.0
Lolo Jones_S19,Lolo Jones,19,8,4,0.0
Lolo Jones_S19,Lolo Jones,19,9,1,0.0
Lolo Jones_S19,Lolo Jones,19,9,2,0.0
Lolo Jones_S19,Lolo Jones,19,9,3,0.0
Lolo Jones_S19,Lolo Jones,19,9,4,0.0
Lolo Jones_S19,Lolo Jones,19,10,1,0.0
Lolo Jones_S19,Lolo Jones,19,10,2,0.0
Lolo Jones_S19,Lolo Jones,19,10,3,0.0
Lolo Jones_S19,Lolo Jones,19,10,4,0.0
Lolo Jones_S19,Lolo Jones,19,11,1,0.0
Lolo Jones_S19,Lolo Jones,19,11,2,0.0
Lolo Jones_S19,Lolo Jones,19,11,3,0.0
Lolo Jones_S19,Lolo Jones,19,11,4,0.0
Randy Couture_S19,Randy Couture,19,1,1,8.0
Randy Couture_S19,Randy Couture,19,1,2,7.0
Randy Couture_S19,Randy Couture,19,1,3,8.0
Randy Couture_S19,Randy Couture,19,1,4,8.0
Randy Couture_S19,Randy Couture,19,2,1,7.0
Randy Couture_S19,Randy Couture,19,2,2,7.0
Randy Couture_S19,Randy Couture,19,2,3,7.0
Randy Couture_S19,Randy Couture,19,2,4,7.0
Randy Couture_S19,Randy Couture,19,3,1,7.0
Randy Couture_S19,Randy Couture,19,3,2,7.0
Randy Couture_S19,Randy Couture,19,3,3,6.0
Randy Couture_S19,Randy Couture,19,3,4,6.0
Randy Couture_S19,Randy Couture,19,4,1,0.0
Randy Couture_S19,Randy Couture,19,4,2,0.0
Randy Couture_S19,Randy Couture,19,4,3,0.0
Randy Couture_S19,Randy Couture,19,4,4,0.0
Randy Couture_S19,Randy Couture,19,5,1,0.0
Randy Couture_S19,Randy Couture,19,5,2,0.0
Randy Couture_S19,Randy Couture,19,5,3,0.0
Randy Couture_S19,Randy Couture,19,5,4,0.0
Randy Couture_S19,Randy Couture,19,6,1,0.0
Randy Couture_S19,Randy Couture,19,6,2,0.0
Randy Couture_S19,Randy Couture,19,6,3,0.0
Randy Couture_S19,Randy Couture,19,6,4,0.0
Randy Couture_S19,Randy Couture,19,7,1,0.0
Randy Couture_S19,Randy Couture,19,7,2,0.0
Randy Couture_S19,Randy Couture,19,7,3,0.0
Randy Couture_S19,Randy Couture,19,7,4,0.0
Randy Couture_S19,Randy Couture,19,8,1,0.0
Randy Couture_S19,Randy Couture,19,8,2,0.0
Randy Couture_S19,Randy Couture,19,8,3,0.0
Randy Couture_S19,Randy Couture,19,8,4,0.0
Randy Couture_S19,Randy Couture,19,9,1,0.0
Randy Couture_S19,Randy Couture,19,9,2,0.0
Randy Couture_S19,Randy Couture,19,9,3,0.0
Randy Couture_S19,Randy Couture,19,9,4,0.0
Randy Couture_S19,Randy Couture,19,10,1,0.0
Randy Couture_S19,Randy Couture,19,10,2,0.0
Randy Couture_S19,Randy Couture,19,10,3,0.0
Randy Couture_S19,Randy Couture,19,10,4,0.0
Randy Couture_S19,Randy Couture,19,11,1,0.0
Randy Couture_S19,Randy Couture,19,11,2,0.0
Randy Couture_S19,Randy Couture,19,11,3,0.0
Randy Couture_S19,Randy Couture,19,11,4,0.0
Tommy Chong_S19,Tommy Chong,19,1,1,7.0
Tommy Chong_S19,Tommy Chong,19,1,2,6.0
Tommy Chong_S19,Tommy Chong,19,1,3,7.0
Tommy Chong_S19,Tommy Chong,19,1,4,7.0
Tommy Chong_S19,Tommy Chong,19,2,1,7.0
Tommy Chong_S19,Tommy Chong,19,2,2,7.0
Tommy Chong_S19,Tommy Chong,19,2,3,7.0
Tommy Chong_S19,Tommy Chong,19,2,4,7.0
Tommy Chong_S19,Tommy Chong,19,3,1,8.0
Tommy Chong_S19,Tommy Chong,19,3,2,10.0
Tommy Chong_S19,Tommy Chong,19,3,3,8.0
Tommy Chong_S19,Tommy Chong,19,3,4,8.0
Tommy Chong_S19,Tommy Chong,19,4,1,7.0
Tommy Chong_S19,Tommy Chong,19,4,2,7.0
Tommy Chong_S19,Tommy Chong,19,4,3,7.0
Tommy Chong_S19,Tommy Chong,19,4,4,7.0
Tommy Chong_S19,Tommy Chong,19,5,1,6.0
Tommy Chong_S19,Tommy Chong,19,5,2,6.0
Tommy Chong_S19,Tommy Chong,19,5,3,5.0
Tommy Chong_S19,Tommy Chong,19,5,4,6.0
Tommy Chong_S19,Tommy Chong,19,6,1,7.0
Tommy Chong_S19,Tommy Chong,19,6,2,7.0
Tommy Chong_S19,Tommy Chong,19,6,3,7.0
Tommy Chong_S19,Tommy Chong,19,6,4,7.0
Tommy Chong_S19,Tommy Chong,19,7,1,7.5
Tommy Chong_S19,Tommy Chong,19,7,2,7.5
Tommy Chong_S19,Tommy Chong,19,7,3,7.5
Tommy Chong_S19,Tommy Chong,19,7,4,7.5
Tommy Chong_S19,Tommy Chong,19,8,1,6.75
Tommy Chong_S19,Tommy Chong,19,8,2,7.75
Tommy Chong_S19,Tommy Chong,19,8,3,7.75
Tommy Chong_S19,Tommy Chong,19,8,4,6.75
Tommy Chong_S19,Tommy Chong,19,9,1,7.0
Tommy Chong_S19,Tommy Chong,19,9,2,7.5
Tommy Chong_S19,Tommy Chong,19,9,3,7.0
Tommy Chong_S19,Tommy Chong,19,9,4,7.0
Tommy Chong_S19,Tommy Chong,19,10,1,8.0
Tommy Chong_S19,Tommy Chong,19,10,2,7.5
Tommy Chong_S19,Tommy Chong,19,10,3,8.0
Tommy Chong_S19,Tommy Chong,19,10,4,7.5
Tommy Chong_S19,Tommy Chong,19,11,1,0.0
Tommy Chong_S19,Tommy Chong,19,11,2,0.0
Tommy Chong_S19,Tommy Chong,19,11,3,0.0
Tommy Chong_S19,Tommy Chong,19,11,4,0.0
Betsey Johnson_S19,Betsey Johnson,19,1,1,5.0
Betsey Johnson_S19,Betsey Johnson,19,1,2,5.0
Betsey Johnson_S19,Betsey Johnson,19,1,3,5.0
Betsey Johnson_S19,Betsey Johnson,19,1,4,5.0
Betsey Johnson_S19,Betsey Johnson,19,2,1,7.0
Betsey Johnson_S19,Betsey Johnson,19,2,2,7.0
Betsey Johnson_S19,Betsey Johnson,19,2,3,7.0
Betsey Johnson_S19,Betsey Johnson,19,2,4,7.0
Betsey Johnson_S19,Betsey Johnson,19,3,1,7.0
Betsey Johnson_S19,Betsey Johnson,19,3,2,9.0
Betsey Johnson_S19,Betsey Johnson,19,3,3,6.0
Betsey Johnson_S19,Betsey Johnson,19,3,4,7.0
Betsey Johnson_S19,Betsey Johnson,19,4,1,8.0
Betsey Johnson_S19,Betsey Johnson,19,4,2,7.0
Betsey Johnson_S19,Betsey Johnson,19,4,3,7.0
Betsey Johnson_S19,Betsey Johnson,19,4,4,7.0
Betsey Johnson_S19,Betsey Johnson,19,5,1,0.0
Betsey Johnson_S19,Betsey Johnson,19,5,2,0.0
Betsey Johnson_S19,Betsey Johnson,19,5,3,0.0
Betsey Johnson_S19,Betsey Johnson,19,5,4,0.0
Betsey Johnson_S19,Betsey Johnson,19,6,1,0.0
Betsey Johnson_S19,Betsey Johnson,19,6,2,0.0
Betsey Johnson_S19,Betsey Johnson,19,6,3,0.0
Betsey Johnson_S19,Betsey Johnson,19,6,4,0.0
Betsey Johnson_S19,Betsey Johnson,19,7,1,0.0
Betsey Johnson_S19,Betsey Johnson,19,7,2,0.0
Betsey Johnson_S19,Betsey Johnson,19,7,3,0.0
Betsey Johnson_S19,Betsey Johnson,19,7,4,0.0
Betsey Johnson_S19,Betsey Johnson,19,8,1,0.0
Betsey Johnson_S19,Betsey Johnson,19,8,2,0.0
Betsey Johnson_S19,Betsey Johnson,19,8,3,0.0
Betsey Johnson_S19,Betsey Johnson,19,8,4,0.0
Betsey Johnson_S19,Betsey Johnson,19,9,1,0.0
Betsey Johnson_S19,Betsey Johnson,19,9,2,0.0
Betsey Johnson_S19,Betsey Johnson,19,9,3,0.0
Betsey Johnson_S19,Betsey Johnson,19,9,4,0.0
Betsey Johnson_S19,Betsey Johnson,19,10,1,0.0
Betsey Johnson_S19,Betsey Johnson,19,10,2,0.0
Betsey Johnson_S19,Betsey Johnson,19,10,3,0.0
Betsey Johnson_S19,Betsey Johnson,19,10,4,0.0
Betsey Johnson_S19,Betsey Johnson,19,11,1,0.0
Betsey Johnson_S19,Betsey Johnson,19,11,2,0.0
Betsey Johnson_S19,Betsey Johnson,19,11,3,0.0
Betsey Johnson_S19,Betsey Johnson,19,11,4,0.0
Michael Waltrip_S19,Michael Waltrip,19,1,1,7.0
Michael Waltrip_S19,Michael Waltrip,19,1,2,6.0
Michael Waltrip_S19,Michael Waltrip,19,1,3,6.0
Michael Waltrip_S19,Michael Waltrip,19,1,4,6.0
Michael Waltrip_S19,Michael Waltrip,19,2,1,6.0
Michael Waltrip_S19,Michael Waltrip,19,2,2,6.0
Michael Waltrip_S19,Michael Waltrip,19,2,3,6.0
Michael Waltrip_S19,Michael Waltrip,19,2,4,6.0
Michael Waltrip_S19,Michael Waltrip,19,3,1,7.0
Michael Waltrip_S19,Michael Waltrip,19,3,2,7.0
Michael Waltrip_S19,Michael Waltrip,19,3,3,7.0
Michael Waltrip_S19,Michael Waltrip,19,3,4,7.0
Michael Waltrip_S19,Michael Waltrip,19,4,1,6.0
Michael Waltrip_S19,Michael Waltrip,19,4,2,6.0
Michael Waltrip_S19,Michael Waltrip,19,4,3,6.0
Michael Waltrip_S19,Michael Waltrip,19,4,4,7.0
Michael Waltrip_S19,Michael Waltrip,19,5,1,5.0
Michael Waltrip_S19,Michael Waltrip,19,5,2,5.0
Michael Waltrip_S19,Michael Waltrip,19,5,3,5.0
Michael Waltrip_S19,Michael Waltrip,19,5,4,5.0
Michael Waltrip_S19,Michael Waltrip,19,6,1,8.0
Michael Waltrip_S19,Michael Waltrip,19,6,2,7.0
Michael Waltrip_S19,Michael Waltrip,19,6,3,8.0
Michael Waltrip_S19,Michael Waltrip,19,6,4,7.0
Michael Waltrip_S19,Michael Waltrip,19,7,1,7.0
Michael Waltrip_S19,Michael Waltrip,19,7,2,7.0
Michael Waltrip_S19,Michael Waltrip,19,7,3,7.0
Michael Waltrip_S19,Michael Waltrip,19,7,4,7.0
Michael Waltrip_S19,Michael Waltrip,19,8,1,6.0
Michael Waltrip_S19,Michael Waltrip,19,8,2,7.0
Michael Waltrip_S19,Michael Waltrip,19,8,3,6.0
Michael Waltrip_S19,Michael Waltrip,19,8,4,6.0
Michael Waltrip_S19,Michael Waltrip,19,9,1,0.0
Michael Waltrip_S19,Michael Waltrip,19,9,2,0.0
Michael Waltrip_S19,Michael Waltrip,19,9,3,0.0
Michael Waltrip_S19,Michael Waltrip,19,9,4,0.0
Michael Waltrip_S19,Michael Waltrip,19,10,1,0.0
Michael Waltrip_S19,Michael Waltrip,19,10,2,0.0
Michael Waltrip_S19,Michael Waltrip,19,10,3,0.0
Michael Waltrip_S19,Michael Waltrip,19,10,4,0.0
Michael Waltrip_S19,Michael Waltrip,19,11,1,0.0
Michael Waltrip_S19,Michael Waltrip,19,11,2,0.0
Michael Waltrip_S19,Michael Waltrip,19,11,3,0.0
Michael Waltrip_S19,Michael Waltrip,19,11,4,0.0
Tavis Smiley_S19,Tavis Smiley,19,1,1,7.0
Tavis Smiley_S19,Tavis Smiley,19,1,2,7.0
Tavis Smiley_S19,Tavis Smiley,19,1,3,8.0
Tavis Smiley_S19,Tavis Smiley,19,1,4,7.0
Tavis Smiley_S19,Tavis Smiley,19,2,1,7.0
Tavis Smiley_S19,Tavis Smiley,19,2,2,7.0
Tavis Smiley_S19,Tavis Smiley,19,2,3,7.0
Tavis Smiley_S19,Tavis Smiley,19,2,4,7.0
Tavis Smiley_S19,Tavis Smiley,19,3,1,0.0
Tavis Smiley_S19,Tavis Smiley,19,3,2,0.0
Tavis Smiley_S19,Tavis Smiley,19,3,3,0.0
Tavis Smiley_S19,Tavis Smiley,19,3,4,0.0
Tavis Smiley_S19,Tavis Smiley,19,4,1,0.0
Tavis Smiley_S19,Tavis Smiley,19,4,2,0.0
Tavis Smiley_S19,Tavis Smiley,19,4,3,0.0
Tavis Smiley_S19,Tavis Smiley,19,4,4,0.0
Tavis Smiley_S19,Tavis Smiley,19,5,1,0.0
Tavis Smiley_S19,Tavis Smiley,19,5,2,0.0
Tavis Smiley_S19,Tavis Smiley,19,5,3,0.0
Tavis Smiley_S19,Tavis Smiley,19,5,4,0.0
Tavis Smiley_S19,Tavis Smiley,19,6,1,0.0
Tavis Smiley_S19,Tavis Smiley,19,6,2,0.0
Tavis Smiley_S19,Tavis Smiley,19,6,3,0.0
Tavis Smiley_S19,Tavis Smiley,19,6,4,0.0
Tavis Smiley_S19,Tavis Smiley,19,7,1,0.0
Tavis Smiley_S19,Tavis Smiley,19,7,2,0.0
Tavis Smiley_S19,Tavis Smiley,19,7,3,0.0
Tavis Smiley_S19,Tavis Smiley,19,7,4,0.0
Tavis Smiley_S19,Tavis Smiley,19,8,1,0.0
Tavis Smiley_S19,Tavis Smiley,19,8,2,0.0
Tavis Smiley_S19,Tavis Smiley,19,8,3,0.0
Tavis Smiley_S19,Tavis Smiley,19,8,4,0.0
Tavis Smiley_S19,Tavis Smiley,19,9,1,0.0
Tavis Smiley_S19,Tavis Smiley,19,9,2,0.0
Tavis Smiley_S19,Tavis Smiley,19,9,3,0.0
Tavis Smiley_S19,Tavis Smiley,19,9,4,0.0
Tavis Smiley_S19,Tavis Smiley,19,10,1,0.0
Tavis Smiley_S19,Tavis Smiley,19,10,2,0.0
Tavis Smiley_S19,Tavis Smiley,19,10,3,0.0
Tavis Smiley_S19,Tavis Smiley,19,10,4,0.0
Tavis Smiley_S19,Tavis Smiley,19,11,1,0.0
Tavis Smiley_S19,Tavis Smiley,19,11,2,0.0
Tavis Smiley_S19,Tavis Smiley,19,11,3,0.0
Tavis Smiley_S19,Tavis Smiley,19,11,4,0.0
Bethany Mota_S19,Bethany Mota,19,1,1,8.0
Bethany Mota_S19,Bethany Mota,19,1,2,8.0
Bethany Mota_S19,Bethany Mota,19,1,3,8.0
Bethany Mota_S19,Bethany Mota,19,1,4,8.0
Bethany Mota_S19,Bethany Mota,19,2,1,8.0
Bethany Mota_S19,Bethany Mota,19,2,2,9.0
Bethany Mota_S19,Bethany Mota,19,2,3,8.0
Bethany Mota_S19,Bethany Mota,19,2,4,8.0
Bethany Mota_S19,Bethany Mota,19,3,1,10.0
Bethany Mota_S19,Bethany Mota,19,3,2,10.0
Bethany Mota_S19,Bethany Mota,19,3,3,10.0
Bethany Mota_S19,Bethany Mota,19,3,4,10.0
Bethany Mota_S19,Bethany Mota,19,4,1,8.0
Bethany Mota_S19,Bethany Mota,19,4,2,8.0
Bethany Mota_S19,Bethany Mota,19,4,3,8.0
Bethany Mota_S19,Bethany Mota,19,4,4,9.0
Bethany Mota_S19,Bethany Mota,19,5,1,8.0
Bethany Mota_S19,Bethany Mota,19,5,2,8.0
Bethany Mota_S19,Bethany Mota,19,5,3,8.0
Bethany Mota_S19,Bethany Mota,19,5,4,8.0
Bethany Mota_S19,Bethany Mota,19,6,1,9.0
Bethany Mota_S19,Bethany Mota,19,6,2,9.0
Bethany Mota_S19,Bethany Mota,19,6,3,9.0
Bethany Mota_S19,Bethany Mota,19,6,4,9.0
Bethany Mota_S19,Bethany Mota,19,7,1,9.5
Bethany Mota_S19,Bethany Mota,19,7,2,9.0
Bethany Mota_S19,Bethany Mota,19,7,3,9.5
Bethany Mota_S19,Bethany Mota,19,7,4,9.5
Bethany Mota_S19,Bethany Mota,19,8,1,9.75
Bethany Mota_S19,Bethany Mota,19,8,2,9.75
Bethany Mota_S19,Bethany Mota,19,8,3,9.75
Bethany Mota_S19,Bethany Mota,19,8,4,10.75
Bethany Mota_S19,Bethany Mota,19,9,1,9.0
Bethany Mota_S19,Bethany Mota,19,9,2,9.5
Bethany Mota_S19,Bethany Mota,19,9,3,9.5
Bethany Mota_S19,Bethany Mota,19,9,4,9.0
Bethany Mota_S19,Bethany Mota,19,10,1,9.5
Bethany Mota_S19,Bethany Mota,19,10,2,9.5
Bethany Mota_S19,Bethany Mota,19,10,3,9.5
Bethany Mota_S19,Bethany Mota,19,10,4,9.5
Bethany Mota_S19,Bethany Mota,19,11,1,9.5
Bethany Mota_S19,Bethany Mota,19,11,2,9.5
Bethany Mota_S19,Bethany Mota,19,11,3,9.5
Bethany Mota_S19,Bethany Mota,19,11,4,9.5
Sadie Robertson_S19,Sadie Robertson,19,1,1,8.0
Sadie Robertson_S19,Sadie Robertson,19,1,2,8.0
Sadie Robertson_S19,Sadie Robertson,19,1,3,9.0
Sadie Robertson_S19,Sadie Robertson,19,1,4,9.0
Sadie Robertson_S19,Sadie Robertson,19,2,1,8.0
Sadie Robertson_S19,Sadie Robertson,19,2,2,7.0
Sadie Robertson_S19,Sadie Robertson,19,2,3,8.0
Sadie Robertson_S19,Sadie Robertson,19,2,4,8.0
Sadie Robertson_S19,Sadie Robertson,19,3,1,8.0
Sadie Robertson_S19,Sadie Robertson,19,3,2,8.0
Sadie Robertson_S19,Sadie Robertson,19,3,3,8.0
Sadie Robertson_S19,Sadie Robertson,19,3,4,8.0
Sadie Robertson_S19,Sadie Robertson,19,4,1,9.0
Sadie Robertson_S19,Sadie Robertson,19,4,2,10.0
Sadie Robertson_S19,Sadie Robertson,19,4,3,9.0
Sadie Robertson_S19,Sadie Robertson,19,4,4,9.0
Sadie Robertson_S19,Sadie Robertson,19,5,1,9.0
Sadie Robertson_S19,Sadie Robertson,19,5,2,9.0
Sadie Robertson_S19,Sadie Robertson,19,5,3,9.0
Sadie Robertson_S19,Sadie Robertson,19,5,4,9.0
Sadie Robertson_S19,Sadie Robertson,19,6,1,9.0
Sadie Robertson_S19,Sadie Robertson,19,6,2,10.0
Sadie Robertson_S19,Sadie Robertson,19,6,3,8.0
Sadie Robertson_S19,Sadie Robertson,19,6,4,8.0
Sadie Robertson_S19,Sadie Robertson,19,7,1,7.5
Sadie Robertson_S19,Sadie Robertson,19,7,2,7.5
Sadie Robertson_S19,Sadie Robertson,19,7,3,8.0
Sadie Robertson_S19,Sadie Robertson,19,7,4,8.0
Sadie Robertson_S19,Sadie Robertson,19,8,1,9.0
Sadie Robertson_S19,Sadie Robertson,19,8,2,9.0
Sadie Robertson_S19,Sadie Robertson,19,8,3,10.0
Sadie Robertson_S19,Sadie Robertson,19,8,4,10.0
Sadie Robertson_S19,Sadie Robertson,19,9,1,9.0
Sadie Robertson_S19,Sadie Robertson,19,9,2,9.5
Sadie Robertson_S19,Sadie Robertson,19,9,3,9.0
Sadie Robertson_S19,Sadie Robertson,19,9,4,9.0
Sadie Robertson_S19,Sadie Robertson,19,10,1,9.0
Sadie Robertson_S19,Sadie Robertson,19,10,2,9.5
Sadie Robertson_S19,Sadie Robertson,19,10,3,9.5
Sadie Robertson_S19,Sadie Robertson,19,10,4,9.0
Sadie Robertson_S19,Sadie Robertson,19,11,1,10.0
Sadie Robertson_S19,Sadie Robertson,19,11,2,9.6666
Sadie Robertson_S19,Sadie Robertson,19,11,3,10.0
Sadie Robertson_S19,Sadie Robertson,19,11,4,9.6666
Suzanne Somers_S20,Suzanne Somers,20,1,1,6.0
Suzanne Somers_S20,Suzanne Somers,20,1,2,6.0
Suzanne Somers_S20,Suzanne Somers,20,1,3,6.0
Suzanne Somers_S20,Suzanne Somers,20,1,4,7.0
Suzanne Somers_S20,Suzanne Somers,20,2,1,7.0
Suzanne Somers_S20,Suzanne Somers,20,2,2,7.0
Suzanne Somers_S20,Suzanne Somers,20,2,3,7.0
Suzanne Somers_S20,Suzanne Somers,20,2,4,7.0
Suzanne Somers_S20,Suzanne Somers,20,3,1,6.0
Suzanne Somers_S20,Suzanne Somers,20,3,2,6.0
Suzanne Somers_S20,Suzanne Somers,20,3,3,6.0
Suzanne Somers_S20,Suzanne Somers,20,3,4,7.0
Suzanne Somers_S20,Suzanne Somers,20,4,1,7.0
Suzanne Somers_S20,Suzanne Somers,20,4,2,7.0
Suzanne Somers_S20,Suzanne Somers,20,4,3,7.0
Suzanne Somers_S20,Suzanne Somers,20,4,4,7.0
Suzanne Somers_S20,Suzanne Somers,20,5,1,7.0
Suzanne Somers_S20,Suzanne Somers,20,5,2,7.0
Suzanne Somers_S20,Suzanne Somers,20,5,3,7.0
Suzanne Somers_S20,Suzanne Somers,20,5,4,7.0
Suzanne Somers_S20,Suzanne Somers,20,6,1,0.0
Suzanne Somers_S20,Suzanne Somers,20,6,2,0.0
Suzanne Somers_S20,Suzanne Somers,20,6,3,0.0
Suzanne Somers_S20,Suzanne Somers,20,6,4,0.0
Suzanne Somers_S20,Suzanne Somers,20,7,1,0.0
Suzanne Somers_S20,Suzanne Somers,20,7,2,0.0
Suzanne Somers_S20,Suzanne Somers,20,7,3,0.0
Suzanne Somers_S20,Suzanne Somers,20,7,4,0.0
Suzanne Somers_S20,Suzanne Somers,20,8,1,0.0
Suzanne Somers_S20,Suzanne Somers,20,8,2,0.0
Suzanne Somers_S20,Suzanne Somers,20,8,3,0.0
Suzanne Somers_S20,Suzanne Somers,20,8,4,0.0
Suzanne Somers_S20,Suzanne Somers,20,9,1,0.0
Suzanne Somers_S20,Suzanne Somers,20,9,2,0.0
Suzanne Somers_S20,Suzanne Somers,20,9,3,0.0
Suzanne Somers_S20,Suzanne Somers,20,9,4,0.0
Suzanne Somers_S20,Suzanne Somers,20,10,1,0.0
Suzanne Somers_S20,Suzanne Somers,20,10,2,0.0
Suzanne Somers_S20,Suzanne Somers,20,10,3,0.0
Suzanne Somers_S20,Suzanne Somers,20,10,4,0.0
Willow Shields_S20,Willow Shields,20,1,1,6.0
Willow Shields_S20,Willow Shields,20,1,2,6.0
Willow Shields_S20,Willow Shields,20,1,3,6.0
Willow Shields_S20,Willow Shields,20,1,4,7.0
Willow Shields_S20,Willow Shields,20,2,1,8.0
Willow Shields_S20,Willow Shields,20,2,2,8.0
Willow Shields_S20,Willow Shields,20,2,3,8.0
Willow Shields_S20,Willow Shields,20,2,4,8.0
Willow Shields_S20,Willow Shields,20,3,1,8.0
Willow Shields_S20,Willow Shields,20,3,2,8.0
Willow Shields_S20,Willow Shields,20,3,3,8.0
Willow Shields_S20,Willow Shields,20,3,4,8.0
Willow Shields_S20,Willow Shields,20,4,1,10.0
Willow Shields_S20,Willow Shields,20,4,2,9.0
Willow Shields_S20,Willow Shields,20,4,3,10.0
Willow Shields_S20,Willow Shields,20,4,4,10.0
Willow Shields_S20,Willow Shields,20,5,1,8.0
Willow Shields_S20,Willow Shields,20,5,2,8.0
Willow Shields_S20,Willow Shields,20,5,3,9.0
Willow Shields_S20,Willow Shields,20,5,4,9.0
Willow Shields_S20,Willow Shields,20,6,1,9.5
Willow Shields_S20,Willow Shields,20,6,2,8.5
Willow Shields_S20,Willow Shields,20,6,3,9.0
Willow Shields_S20,Willow Shields,20,6,4,9.5
Willow Shields_S20,Willow Shields,20,7,1,9.5
Willow Shields_S20,Willow Shields,20,7,2,9.5
Willow Shields_S20,Willow Shields,20,7,3,9.5
Willow Shields_S20,Willow Shields,20,7,4,10.5
Willow Shields_S20,Willow Shields,20,8,1,0.0
Willow Shields_S20,Willow Shields,20,8,2,0.0
Willow Shields_S20,Willow Shields,20,8,3,0.0
Willow Shields_S20,Willow Shields,20,8,4,0.0
Willow Shields_S20,Willow Shields,20,9,1,0.0
Willow Shields_S20,Willow Shields,20,9,2,0.0
Willow Shields_S20,Willow Shields,20,9,3,0.0
Willow Shields_S20,Willow Shields,20,9,4,0.0
Willow Shields_S20,Willow Shields,20,10,1,0.0
Willow Shields_S20,Willow Shields,20,10,2,0.0
Willow Shields_S20,Willow Shields,20,10,3,0.0
Willow Shields_S20,Willow Shields,20,10,4,0.0
Riker Lynch_S20,Riker Lynch,20,1,1,8.0
Riker Lynch_S20,Riker Lynch,20,1,2,7.0
Riker Lynch_S20,Riker Lynch,20,1,3,8.0
Riker Lynch_S20,Riker Lynch,20,1,4,8.0
Riker Lynch_S20,Riker Lynch,20,2,1,8.0
Riker Lynch_S20,Riker Lynch,20,2,2,8.0
Riker Lynch_S20,Riker Lynch,20,2,3,8.0
Riker Lynch_S20,Riker Lynch,20,2,4,8.0
Riker Lynch_S20,Riker Lynch,20,3,1,9.0
Riker Lynch_S20,Riker Lynch,20,3,2,7.0
Riker Lynch_S20,Riker Lynch,20,3,3,9.0
Riker Lynch_S20,Riker Lynch,20,3,4,9.0
Riker Lynch_S20,Riker Lynch,20,4,1,8.0
Riker Lynch_S20,Riker Lynch,20,4,2,8.0
Riker Lynch_S20,Riker Lynch,20,4,3,9.0
Riker Lynch_S20,Riker Lynch,20,4,4,9.0
Riker Lynch_S20,Riker Lynch,20,5,1,10.0
Riker Lynch_S20,Riker Lynch,20,5,2,9.0
Riker Lynch_S20,Riker Lynch,20,5,3,9.0
Riker Lynch_S20,Riker Lynch,20,5,4,10.0
Riker Lynch_S20,Riker Lynch,20,6,1,10.0
Riker Lynch_S20,Riker Lynch,20,6,2,8.5
Riker Lynch_S20,Riker Lynch,20,6,3,9.5
Riker Lynch_S20,Riker Lynch,20,6,4,10.0
Riker Lynch_S20,Riker Lynch,20,7,1,9.0
Riker Lynch_S20,Riker Lynch,20,7,2,10.0
Riker Lynch_S20,Riker Lynch,20,7,3,9.0
Riker Lynch_S20,Riker Lynch,20,7,4,9.0
Riker Lynch_S20,Riker Lynch,20,8,1,10.0
Riker Lynch_S20,Riker Lynch,20,8,2,9.0
Riker Lynch_S20,Riker Lynch,20,8,3,10.0
Riker Lynch_S20,Riker Lynch,20,8,4,10.0
Riker Lynch_S20,Riker Lynch,20,9,1,10.0
Riker Lynch_S20,Riker Lynch,20,9,2,10.0
Riker Lynch_S20,Riker Lynch,20,9,3,10.0
Riker Lynch_S20,Riker Lynch,20,9,4,10.0
Riker Lynch_S20,Riker Lynch,20,10,1,10.0
Riker Lynch_S20,Riker Lynch,20,10,2,10.0
Riker Lynch_S20,Riker Lynch,20,10,3,10.0
Riker Lynch_S20,Riker Lynch,20,10,4,10.0
Rumer Willis_S20,Rumer Willis,20,1,1,8.0
Rumer Willis_S20,Rumer Willis,20,1,2,8.0
Rumer Willis_S20,Rumer Willis,20,1,3,8.0
Rumer Willis_S20,Rumer Willis,20,1,4,8.0
Rumer Willis_S20,Rumer Willis,20,2,1,8.0
Rumer Willis_S20,Rumer Willis,20,2,2,8.0
Rumer Willis_S20,Rumer Willis,20,2,3,8.0
Rumer Willis_S20,Rumer Willis,20,2,4,8.0
Rumer Willis_S20,Rumer Willis,20,3,1,8.0
Rumer Willis_S20,Rumer Willis,20,3,2,9.0
Rumer Willis_S20,Rumer Willis,20,3,3,8.0
Rumer Willis_S20,Rumer Willis,20,3,4,8.0
Rumer Willis_S20,Rumer Willis,20,4,1,9.0
Rumer Willis_S20,Rumer Willis,20,4,2,8.0
Rumer Willis_S20,Rumer Willis,20,4,3,9.0
Rumer Willis_S20,Rumer Willis,20,4,4,9.0
Rumer Willis_S20,Rumer Willis,20,5,1,10.0
Rumer Willis_S20,Rumer Willis,20,5,2,9.0
Rumer Willis_S20,Rumer Willis,20,5,3,10.0
Rumer Willis_S20,Rumer Willis,20,5,4,10.0
Rumer Willis_S20,Rumer Willis,20,6,1,9.0
Rumer Willis_S20,Rumer Willis,20,6,2,8.5
Rumer Willis_S20,Rumer Willis,20,6,3,8.5
Rumer Willis_S20,Rumer Willis,20,6,4,9.5
Rumer Willis_S20,Rumer Willis,20,7,1,8.5
Rumer Willis_S20,Rumer Willis,20,7,2,9.5
Rumer Willis_S20,Rumer Willis,20,7,3,9.5
Rumer Willis_S20,Rumer Willis,20,7,4,9.5
Rumer Willis_S20,Rumer Willis,20,8,1,10.0
Rumer Willis_S20,Rumer Willis,20,8,2,10.0
Rumer Willis_S20,Rumer Willis,20,8,3,10.0
Rumer Willis_S20,Rumer Willis,20,8,4,10.0
Rumer Willis_S20,Rumer Willis,20,9,1,10.0
Rumer Willis_S20,Rumer Willis,20,9,2,9.5
Rumer Willis_S20,Rumer Willis,20,9,3,9.5
Rumer Willis_S20,Rumer Willis,20,9,4,10.0
Rumer Willis_S20,Rumer Willis,20,10,1,10.0
Rumer Willis_S20,Rumer Willis,20,10,2,10.0
Rumer Willis_S20,Rumer Willis,20,10,3,10.0
Rumer Willis_S20,Rumer Willis,20,10,4,10.0
Nastia Liukin_S20,Nastia Liukin,20,1,1,7.0
Nastia Liukin_S20,Nastia Liukin,20,1,2,7.0
Nastia Liukin_S20,Nastia Liukin,20,1,3,8.0
Nastia Liukin_S20,Nastia Liukin,20,1,4,8.0
Nastia Liukin_S20,Nastia Liukin,20,2,1,9.0
Nastia Liukin_S20,Nastia Liukin,20,2,2,8.0
Nastia Liukin_S20,Nastia Liukin,20,2,3,8.0
Nastia Liukin_S20,Nastia Liukin,20,2,4,9.0
Nastia Liukin_S20,Nastia Liukin,20,3,1,9.0
Nastia Liukin_S20,Nastia Liukin,20,3,2,8.0
Nastia Liukin_S20,Nastia Liukin,20,3,3,9.0
Nastia Liukin_S20,Nastia Liukin,20,3,4,8.0
Nastia Liukin_S20,Nastia Liukin,20,4,1,9.0
Nastia Liukin_S20,Nastia Liukin,20,4,2,8.0
Nastia Liukin_S20,Nastia Liukin,20,4,3,9.0
Nastia Liukin_S20,Nastia Liukin,20,4,4,10.0
Nastia Liukin_S20,Nastia Liukin,20,5,1,9.0
Nastia Liukin_S20,Nastia Liukin,20,5,2,9.0
Nastia Liukin_S20,Nastia Liukin,20,5,3,10.0
Nastia Liukin_S20,Nastia Liukin,20,5,4,10.0
Nastia Liukin_S20,Nastia Liukin,20,6,1,9.5
Nastia Liukin_S20,Nastia Liukin,20,6,2,8.5
Nastia Liukin_S20,Nastia Liukin,20,6,3,9.0
Nastia Liukin_S20,Nastia Liukin,20,6,4,9.5
Nastia Liukin_S20,Nastia Liukin,20,7,1,10.75
Nastia Liukin_S20,Nastia Liukin,20,7,2,9.75
Nastia Liukin_S20,Nastia Liukin,20,7,3,9.75
Nastia Liukin_S20,Nastia Liukin,20,7,4,10.75
Nastia Liukin_S20,Nastia Liukin,20,8,1,9.5
Nastia Liukin_S20,Nastia Liukin,20,8,2,9.5
Nastia Liukin_S20,Nastia Liukin,20,8,3,9.5
Nastia Liukin_S20,Nastia Liukin,20,8,4,9.5
Nastia Liukin_S20,Nastia Liukin,20,9,1,10.0
Nastia Liukin_S20,Nastia Liukin,20,9,2,10.0
Nastia Liukin_S20,Nastia Liukin,20,9,3,10.0
Nastia Liukin_S20,Nastia Liukin,20,9,4,10.0
Nastia Liukin_S20,Nastia Liukin,20,10,1,0.0
Nastia Liukin_S20,Nastia Liukin,20,10,2,0.0
Nastia Liukin_S20,Nastia Liukin,20,10,3,0.0
Nastia Liukin_S20,Nastia Liukin,20,10,4,0.0
Michael Sam_S20,Michael Sam,20,1,1,6.0
Michael Sam_S20,Michael Sam,20,1,2,6.0
Michael Sam_S20,Michael Sam,20,1,3,7.0
Michael Sam_S20,Michael Sam,20,1,4,7.0
Michael Sam_S20,Michael Sam,20,2,1,7.0
Michael Sam_S20,Michael Sam,20,2,2,7.0
Michael Sam_S20,Michael Sam,20,2,3,7.0
Michael Sam_S20,Michael Sam,20,2,4,7.0
Michael Sam_S20,Michael Sam,20,3,1,6.0
Michael Sam_S20,Michael Sam,20,3,2,6.0
Michael Sam_S20,Michael Sam,20,3,3,6.0
Michael Sam_S20,Michael Sam,20,3,4,6.0
Michael Sam_S20,Michael Sam,20,4,1,7.0
Michael Sam_S20,Michael Sam,20,4,2,7.0
Michael Sam_S20,Michael Sam,20,4,3,8.0
Michael Sam_S20,Michael Sam,20,4,4,8.0
Michael Sam_S20,Michael Sam,20,5,1,0.0
Michael Sam_S20,Michael Sam,20,5,2,0.0
Michael Sam_S20,Michael Sam,20,5,3,0.0
Michael Sam_S20,Michael Sam,20,5,4,0.0
Michael Sam_S20,Michael Sam,20,6,1,0.0
Michael Sam_S20,Michael Sam,20,6,2,0.0
Michael Sam_S20,Michael Sam,20,6,3,0.0
Michael Sam_S20,Michael Sam,20,6,4,0.0
Michael Sam_S20,Michael Sam,20,7,1,0.0
Michael Sam_S20,Michael Sam,20,7,2,0.0
Michael Sam_S20,Michael Sam,20,7,3,0.0
Michael Sam_S20,Michael Sam,20,7,4,0.0
Michael Sam_S20,Michael Sam,20,8,1,0.0
Michael Sam_S20,Michael Sam,20,8,2,0.0
Michael Sam_S20,Michael Sam,20,8,3,0.0
Michael Sam_S20,Michael Sam,20,8,4,0.0
Michael Sam_S20,Michael Sam,20,9,1,0.0
Michael Sam_S20,Michael Sam,20,9,2,0.0
Michael Sam_S20,Michael Sam,20,9,3,0.0
Michael Sam_S20,Michael Sam,20,9,4,0.0
Michael Sam_S20,Michael Sam,20,10,1,0.0
Michael Sam_S20,Michael Sam,20,10,2,0.0
Michael Sam_S20,Michael Sam,20,10,3,0.0
Michael Sam_S20,Michael Sam,20,10,4,0.0
Robert Herjavec_S20,Robert Herjavec,20,1,1,7.0
Robert Herjavec_S20,Robert Herjavec,20,1,2,7.0
Robert Herjavec_S20,Robert Herjavec,20,1,3,7.0
Robert Herjavec_S20,Robert Herjavec,20,1,4,7.0
Robert Herjavec_S20,Robert Herjavec,20,2,1,7.0
Robert Herjavec_S20,Robert Herjavec,20,2,2,7.0
Robert Herjavec_S20,Robert Herjavec,20,2,3,7.0
Robert Herjavec_S20,Robert Herjavec,20,2,4,7.0
Robert Herjavec_S20,Robert Herjavec,20,3,1,7.0
Robert Herjavec_S20,Robert Herjavec,20,3,2,7.0
Robert Herjavec_S20,Robert Herjavec,20,3,3,8.0
Robert Herjavec_S20,Robert Herjavec,20,3,4,7.0
Robert Herjavec_S20,Robert Herjavec,20,4,1,8.0
Robert Herjavec_S20,Robert Herjavec,20,4,2,9.0
Robert Herjavec_S20,Robert Herjavec,20,4,3,8.0
Robert Herjavec_S20,Robert Herjavec,20,4,4,9.0
Robert Herjavec_S20,Robert Herjavec,20,5,1,6.0
Robert Herjavec_S20,Robert Herjavec,20,5,2,6.0
Robert Herjavec_S20,Robert Herjavec,20,5,3,6.0
Robert Herjavec_S20,Robert Herjavec,20,5,4,6.0
Robert Herjavec_S20,Robert Herjavec,20,6,1,8.5
Robert Herjavec_S20,Robert Herjavec,20,6,2,8.0
Robert Herjavec_S20,Robert Herjavec,20,6,3,8.5
Robert Herjavec_S20,Robert Herjavec,20,6,4,8.5
Robert Herjavec_S20,Robert Herjavec,20,7,1,7.0
Robert Herjavec_S20,Robert Herjavec,20,7,2,8.0
Robert Herjavec_S20,Robert Herjavec,20,7,3,8.0
Robert Herjavec_S20,Robert Herjavec,20,7,4,8.0
Robert Herjavec_S20,Robert Herjavec,20,8,1,7.5
Robert Herjavec_S20,Robert Herjavec,20,8,2,7.5
Robert Herjavec_S20,Robert Herjavec,20,8,3,8.5
Robert Herjavec_S20,Robert Herjavec,20,8,4,7.5
Robert Herjavec_S20,Robert Herjavec,20,9,1,0.0
Robert Herjavec_S20,Robert Herjavec,20,9,2,0.0
Robert Herjavec_S20,Robert Herjavec,20,9,3,0.0
Robert Herjavec_S20,Robert Herjavec,20,9,4,0.0
Robert Herjavec_S20,Robert Herjavec,20,10,1,0.0
Robert Herjavec_S20,Robert Herjavec,20,10,2,0.0
Robert Herjavec_S20,Robert Herjavec,20,10,3,0.0
Robert Herjavec_S20,Robert Herjavec,20,10,4,0.0
Charlotte McKinney_S20,Charlotte McKinney,20,1,1,6.0
Charlotte McKinney_S20,Charlotte McKinney,20,1,2,5.0
Charlotte McKinney_S20,Charlotte McKinney,20,1,3,5.0
Charlotte McKinney_S20,Charlotte McKinney,20,1,4,6.0
Charlotte McKinney_S20,Charlotte McKinney,20,2,1,7.0
Charlotte McKinney_S20,Charlotte McKinney,20,2,2,6.0
Charlotte McKinney_S20,Charlotte McKinney,20,2,3,7.0
Charlotte McKinney_S20,Charlotte McKinney,20,2,4,6.0
Charlotte McKinney_S20,Charlotte McKinney,20,3,1,6.0
Charlotte McKinney_S20,Charlotte McKinney,20,3,2,5.0
Charlotte McKinney_S20,Charlotte McKinney,20,3,3,5.0
Charlotte McKinney_S20,Charlotte McKinney,20,3,4,6.0
Charlotte McKinney_S20,Charlotte McKinney,20,4,1,0.0
Charlotte McKinney_S20,Charlotte McKinney,20,4,2,0.0
Charlotte McKinney_S20,Charlotte McKinney,20,4,3,0.0
Charlotte McKinney_S20,Charlotte McKinney,20,4,4,0.0
Charlotte McKinney_S20,Charlotte McKinney,20,5,1,0.0
Charlotte McKinney_S20,Charlotte McKinney,20,5,2,0.0
Charlotte McKinney_S20,Charlotte McKinney,20,5,3,0.0
Charlotte McKinney_S20,Charlotte McKinney,20,5,4,0.0
Charlotte McKinney_S20,Charlotte McKinney,20,6,1,0.0
Charlotte McKinney_S20,Charlotte McKinney,20,6,2,0.0
Charlotte McKinney_S20,Charlotte McKinney,20,6,3,0.0
Charlotte McKinney_S20,Charlotte McKinney,20,6,4,0.0
Charlotte McKinney_S20,Charlotte McKinney,20,7,1,0.0
Charlotte McKinney_S20,Charlotte McKinney,20,7,2,0.0
Charlotte McKinney_S20,Charlotte McKinney,20,7,3,0.0
Charlotte McKinney_S20,Charlotte McKinney,20,7,4,0.0
Charlotte McKinney_S20,Charlotte McKinney,20,8,1,0.0
Charlotte McKinney_S20,Charlotte McKinney,20,8,2,0.0
Charlotte McKinney_S20,Charlotte McKinney,20,8,3,0.0
Charlotte McKinney_S20,Charlotte McKinney,20,8,4,0.0
Charlotte McKinney_S20,Charlotte McKinney,20,9,1,0.0
Charlotte McKinney_S20,Charlotte McKinney,20,9,2,0.0
Charlotte McKinney_S20,Charlotte McKinney,20,9,3,0.0
Charlotte McKinney_S20,Charlotte McKinney,20,9,4,0.0
Charlotte McKinney_S20,Charlotte McKinney,20,10,1,0.0
Charlotte McKinney_S20,Charlotte McKinney,20,10,2,0.0
Charlotte McKinney_S20,Charlotte McKinney,20,10,3,0.0
Charlotte McKinney_S20,Charlotte McKinney,20,10,4,0.0
Noah Galloway_S20,Noah Galloway,20,1,1,7.0
Noah Galloway_S20,Noah Galloway,20,1,2,6.0
Noah Galloway_S20,Noah Galloway,20,1,3,6.0
Noah Galloway_S20,Noah Galloway,20,1,4,7.0
Noah Galloway_S20,Noah Galloway,20,2,1,7.0
Noah Galloway_S20,Noah Galloway,20,2,2,6.0
Noah Galloway_S20,Noah Galloway,20,2,3,7.0
Noah Galloway_S20,Noah Galloway,20,2,4,7.0
Noah Galloway_S20,Noah Galloway,20,3,1,7.0
Noah Galloway_S20,Noah Galloway,20,3,2,7.0
Noah Galloway_S20,Noah Galloway,20,3,3,8.0
Noah Galloway_S20,Noah Galloway,20,3,4,8.0
Noah Galloway_S20,Noah Galloway,20,4,1,8.0
Noah Galloway_S20,Noah Galloway,20,4,2,8.0
Noah Galloway_S20,Noah Galloway,20,4,3,8.0
Noah Galloway_S20,Noah Galloway,20,4,4,8.0
Noah Galloway_S20,Noah Galloway,20,5,1,7.0
Noah Galloway_S20,Noah Galloway,20,5,2,7.0
Noah Galloway_S20,Noah Galloway,20,5,3,7.0
Noah Galloway_S20,Noah Galloway,20,5,4,7.0
Noah Galloway_S20,Noah Galloway,20,6,1,8.5
Noah Galloway_S20,Noah Galloway,20,6,2,8.0
Noah Galloway_S20,Noah Galloway,20,6,3,8.5
Noah Galloway_S20,Noah Galloway,20,6,4,9.0
Noah Galloway_S20,Noah Galloway,20,7,1,10.5
Noah Galloway_S20,Noah Galloway,20,7,2,8.5
Noah Galloway_S20,Noah Galloway,20,7,3,9.5
Noah Galloway_S20,Noah Galloway,20,7,4,9.5
Noah Galloway_S20,Noah Galloway,20,8,1,8.0
Noah Galloway_S20,Noah Galloway,20,8,2,7.5
Noah Galloway_S20,Noah Galloway,20,8,3,8.0
Noah Galloway_S20,Noah Galloway,20,8,4,8.0
Noah Galloway_S20,Noah Galloway,20,9,1,9.5
Noah Galloway_S20,Noah Galloway,20,9,2,9.5
Noah Galloway_S20,Noah Galloway,20,9,3,9.5
Noah Galloway_S20,Noah Galloway,20,9,4,9.5
Noah Galloway_S20,Noah Galloway,20,10,1,9.0
Noah Galloway_S20,Noah Galloway,20,10,2,9.0
Noah Galloway_S20,Noah Galloway,20,10,3,9.0
Noah Galloway_S20,Noah Galloway,20,10,4,9.0
Redfoo_S20,Redfoo,20,1,1,6.0
Redfoo_S20,Redfoo,20,1,2,5.0
Redfoo_S20,Redfoo,20,1,3,5.0
Redfoo_S20,Redfoo,20,1,4,6.0
Redfoo_S20,Redfoo,20,2,1,8.0
Redfoo_S20,Redfoo,20,2,2,7.0
Redfoo_S20,Redfoo,20,2,3,8.0
Redfoo_S20,Redfoo,20,2,4,8.0
Redfoo_S20,Redfoo,20,3,1,0.0
Redfoo_S20,Redfoo,20,3,2,0.0
Redfoo_S20,Redfoo,20,3,3,0.0
Redfoo_S20,Redfoo,20,3,4,0.0
Redfoo_S20,Redfoo,20,4,1,0.0
Redfoo_S20,Redfoo,20,4,2,0.0
Redfoo_S20,Redfoo,20,4,3,0.0
Redfoo_S20,Redfoo,20,4,4,0.0
Redfoo_S20,Redfoo,20,5,1,0.0
Redfoo_S20,Redfoo,20,5,2,0.0
Redfoo_S20,Redfoo,20,5,3,0.0
Redfoo_S20,Redfoo,20,5,4,0.0
Redfoo_S20,Redfoo,20,6,1,0.0
Redfoo_S20,Redfoo,20,6,2,0.0
Redfoo_S20,Redfoo,20,6,3,0.0
Redfoo_S20,Redfoo,20,6,4,0.0
Redfoo_S20,Redfoo,20,7,1,0.0
Redfoo_S20,Redfoo,20,7,2,0.0
Redfoo_S20,Redfoo,20,7,3,0.0
Redfoo_S20,Redfoo,20,7,4,0.0
Redfoo_S20,Redfoo,20,8,1,0.0
Redfoo_S20,Redfoo,20,8,2,0.0
Redfoo_S20,Redfoo,20,8,3,0.0
Redfoo_S20,Redfoo,20,8,4,0.0
Redfoo_S20,Redfoo,20,9,1,0.0
Redfoo_S20,Redfoo,20,9,2,0.0
Redfoo_S20,Redfoo,20,9,3,0.0
Redfoo_S20,Redfoo,20,9,4,0.0
Redfoo_S20,Redfoo,20,10,1,0.0
Redfoo_S20,Redfoo,20,10,2,0.0
Redfoo_S20,Redfoo,20,10,3,0.0
Redfoo_S20,Redfoo,20,10,4,0.0
Patti LaBelle_S20,Patti LaBelle,20,1,1,7.0
Patti LaBelle_S20,Patti LaBelle,20,1,2,6.0
Patti LaBelle_S20,Patti LaBelle,20,1,3,6.0
Patti LaBelle_S20,Patti LaBelle,20,1,4,6.0
Patti LaBelle_S20,Patti LaBelle,20,2,1,7.0
Patti LaBelle_S20,Patti LaBelle,20,2,2,7.0
Patti LaBelle_S20,Patti LaBelle,20,2,3,7.0
Patti LaBelle_S20,Patti LaBelle,20,2,4,7.0
Patti LaBelle_S20,Patti LaBelle,20,3,1,6.0
Patti LaBelle_S20,Patti LaBelle,20,3,2,5.0
Patti LaBelle_S20,Patti LaBelle,20,3,3,5.0
Patti LaBelle_S20,Patti LaBelle,20,3,4,6.0
Patti LaBelle_S20,Patti LaBelle,20,4,1,8.0
Patti LaBelle_S20,Patti LaBelle,20,4,2,7.0
Patti LaBelle_S20,Patti LaBelle,20,4,3,7.0
Patti LaBelle_S20,Patti LaBelle,20,4,4,8.0
Patti LaBelle_S20,Patti LaBelle,20,5,1,7.0
Patti LaBelle_S20,Patti LaBelle,20,5,2,6.0
Patti LaBelle_S20,Patti LaBelle,20,5,3,7.0
Patti LaBelle_S20,Patti LaBelle,20,5,4,7.0
Patti LaBelle_S20,Patti LaBelle,20,6,1,9.0
Patti LaBelle_S20,Patti LaBelle,20,6,2,8.0
Patti LaBelle_S20,Patti LaBelle,20,6,3,8.5
Patti LaBelle_S20,Patti LaBelle,20,6,4,8.5
Patti LaBelle_S20,Patti LaBelle,20,7,1,0.0
Patti LaBelle_S20,Patti LaBelle,20,7,2,0.0
Patti LaBelle_S20,Patti LaBelle,20,7,3,0.0
Patti LaBelle_S20,Patti LaBelle,20,7,4,0.0
Patti LaBelle_S20,Patti LaBelle,20,8,1,0.0
Patti LaBelle_S20,Patti LaBelle,20,8,2,0.0
Patti LaBelle_S20,Patti LaBelle,20,8,3,0.0
Patti LaBelle_S20,Patti LaBelle,20,8,4,0.0
Patti LaBelle_S20,Patti LaBelle,20,9,1,0.0
Patti LaBelle_S20,Patti LaBelle,20,9,2,0.0
Patti LaBelle_S20,Patti LaBelle,20,9,3,0.0
Patti LaBelle_S20,Patti LaBelle,20,9,4,0.0
Patti LaBelle_S20,Patti LaBelle,20,10,1,0.0
Patti LaBelle_S20,Patti LaBelle,20,10,2,0.0
Patti LaBelle_S20,Patti LaBelle,20,10,3,0.0
Patti LaBelle_S20,Patti LaBelle,20,10,4,0.0
Chris Soules_S20,Chris Soules,20,1,1,7.0
Chris Soules_S20,Chris Soules,20,1,2,6.0
Chris Soules_S20,Chris Soules,20,1,3,6.0
Chris Soules_S20,Chris Soules,20,1,4,7.0
Chris Soules_S20,Chris Soules,20,2,1,5.0
Chris Soules_S20,Chris Soules,20,2,2,6.0
Chris Soules_S20,Chris Soules,20,2,3,5.0
Chris Soules_S20,Chris Soules,20,2,4,5.0
Chris Soules_S20,Chris Soules,20,3,1,7.0
Chris Soules_S20,Chris Soules,20,3,2,7.0
Chris Soules_S20,Chris Soules,20,3,3,7.0
Chris Soules_S20,Chris Soules,20,3,4,7.0
Chris Soules_S20,Chris Soules,20,4,1,7.0
Chris Soules_S20,Chris Soules,20,4,2,6.0
Chris Soules_S20,Chris Soules,20,4,3,7.0
Chris Soules_S20,Chris Soules,20,4,4,7.0
Chris Soules_S20,Chris Soules,20,5,1,7.0
Chris Soules_S20,Chris Soules,20,5,2,6.0
Chris Soules_S20,Chris Soules,20,5,3,7.0
Chris Soules_S20,Chris Soules,20,5,4,7.0
Chris Soules_S20,Chris Soules,20,6,1,9.0
Chris Soules_S20,Chris Soules,20,6,2,8.0
Chris Soules_S20,Chris Soules,20,6,3,9.0
Chris Soules_S20,Chris Soules,20,6,4,9.0
Chris Soules_S20,Chris Soules,20,7,1,8.0
Chris Soules_S20,Chris Soules,20,7,2,7.0
Chris Soules_S20,Chris Soules,20,7,3,8.0
Chris Soules_S20,Chris Soules,20,7,4,8.0
Chris Soules_S20,Chris Soules,20,8,1,8.0
Chris Soules_S20,Chris Soules,20,8,2,7.5
Chris Soules_S20,Chris Soules,20,8,3,8.5
Chris Soules_S20,Chris Soules,20,8,4,8.0
Chris Soules_S20,Chris Soules,20,9,1,0.0
Chris Soules_S20,Chris Soules,20,9,2,0.0
Chris Soules_S20,Chris Soules,20,9,3,0.0
Chris Soules_S20,Chris Soules,20,9,4,0.0
Chris Soules_S20,Chris Soules,20,10,1,0.0
Chris Soules_S20,Chris Soules,20,10,2,0.0
Chris Soules_S20,Chris Soules,20,10,3,0.0
Chris Soules_S20,Chris Soules,20,10,4,0.0
Gary Busey_S21,Gary Busey,21,1,1,5.0
Gary Busey_S21,Gary Busey,21,1,2,5.0
Gary Busey_S21,Gary Busey,21,1,3,5.0
Gary Busey_S21,Gary Busey,21,2,1,5.5
Gary Busey_S21,Gary Busey,21,2,2,5.5
Gary Busey_S21,Gary Busey,21,2,3,5.5
Gary Busey_S21,Gary Busey,21,3,1,6.0
Gary Busey_S21,Gary Busey,21,3,2,7.0
Gary Busey_S21,Gary Busey,21,3,3,6.0
Gary Busey_S21,Gary Busey,21,3,4,6.0
Gary Busey_S21,Gary Busey,21,4,1,5.0
Gary Busey_S21,Gary Busey,21,4,2,6.0
Gary Busey_S21,Gary Busey,21,4,3,5.0
Gary Busey_S21,Gary Busey,21,5,1,0.0
Gary Busey_S21,Gary Busey,21,5,2,0.0
Gary Busey_S21,Gary Busey,21,5,3,0.0
Gary Busey_S21,Gary Busey,21,5,4,0.0
Gary Busey_S21,Gary Busey,21,6,1,0.0
Gary Busey_S21,Gary Busey,21,6,2,0.0
Gary Busey_S21,Gary Busey,21,6,3,0.0
Gary Busey_S21,Gary Busey,21,6,4,0.0
Gary Busey_S21,Gary Busey,21,7,1,0.0
Gary Busey_S21,Gary Busey,21,7,2,0.0
Gary Busey_S21,Gary Busey,21,7,3,0.0
Gary Busey_S21,Gary Busey,21,8,1,0.0
Gary Busey_S21,Gary Busey,21,8,2,0.0
Gary Busey_S21,Gary Busey,21,8,3,0.0
Gary Busey_S21,Gary Busey,21,9,1,0.0
Gary Busey_S21,Gary Busey,21,9,2,0.0
Gary Busey_S21,Gary Busey,21,9,3,0.0
Gary Busey_S21,Gary Busey,21,10,1,0.0
Gary Busey_S21,Gary Busey,21,10,2,0.0
Gary Busey_S21,Gary Busey,21,10,3,0.0
Gary Busey_S21,Gary Busey,21,11,1,0.0
Gary Busey_S21,Gary Busey,21,11,2,0.0
Gary Busey_S21,Gary Busey,21,11,3,0.0
Alexa PenaVega_S21,Alexa PenaVega,21,1,1,7.0
Alexa PenaVega_S21,Alexa PenaVega,21,1,2,7.0
Alexa PenaVega_S21,Alexa PenaVega,21,1,3,8.0
Alexa PenaVega_S21,Alexa PenaVega,21,2,1,7.5
Alexa PenaVega_S21,Alexa PenaVega,21,2,2,7.5
Alexa PenaVega_S21,Alexa PenaVega,21,2,3,8.0
Alexa PenaVega_S21,Alexa PenaVega,21,3,1,9.0
Alexa PenaVega_S21,Alexa PenaVega,21,3,2,9.0
Alexa PenaVega_S21,Alexa PenaVega,21,3,3,9.0
Alexa PenaVega_S21,Alexa PenaVega,21,3,4,9.0
Alexa PenaVega_S21,Alexa PenaVega,21,4,1,7.0
Alexa PenaVega_S21,Alexa PenaVega,21,4,2,7.0
Alexa PenaVega_S21,Alexa PenaVega,21,4,3,7.0
Alexa PenaVega_S21,Alexa PenaVega,21,5,1,10.0
Alexa PenaVega_S21,Alexa PenaVega,21,5,2,10.0
Alexa PenaVega_S21,Alexa PenaVega,21,5,3,10.0
Alexa PenaVega_S21,Alexa PenaVega,21,5,4,10.0
Alexa PenaVega_S21,Alexa PenaVega,21,6,1,8.0
Alexa PenaVega_S21,Alexa PenaVega,21,6,2,7.0
Alexa PenaVega_S21,Alexa PenaVega,21,6,3,7.0
Alexa PenaVega_S21,Alexa PenaVega,21,6,4,8.0
Alexa PenaVega_S21,Alexa PenaVega,21,7,1,9.0
Alexa PenaVega_S21,Alexa PenaVega,21,7,2,9.5
Alexa PenaVega_S21,Alexa PenaVega,21,7,3,9.0
Alexa PenaVega_S21,Alexa PenaVega,21,8,1,9.6666
Alexa PenaVega_S21,Alexa PenaVega,21,8,2,8.6666
Alexa PenaVega_S21,Alexa PenaVega,21,8,3,8.6666
Alexa PenaVega_S21,Alexa PenaVega,21,9,1,10.0
Alexa PenaVega_S21,Alexa PenaVega,21,9,2,10.0
Alexa PenaVega_S21,Alexa PenaVega,21,9,3,10.0
Alexa PenaVega_S21,Alexa PenaVega,21,10,1,0.0
Alexa PenaVega_S21,Alexa PenaVega,21,10,2,0.0
Alexa PenaVega_S21,Alexa PenaVega,21,10,3,0.0
Alexa PenaVega_S21,Alexa PenaVega,21,11,1,0.0
Alexa PenaVega_S21,Alexa PenaVega,21,11,2,0.0
Alexa PenaVega_S21,Alexa PenaVega,21,11,3,0.0
Carlos PenaVega_S21,Carlos PenaVega,21,1,1,8.0
Carlos PenaVega_S21,Carlos PenaVega,21,1,2,8.0
Carlos PenaVega_S21,Carlos PenaVega,21,1,3,7.0
Carlos PenaVega_S21,Carlos PenaVega,21,2,1,7.5
Carlos PenaVega_S21,Carlos PenaVega,21,2,2,7.5
Carlos PenaVega_S21,Carlos PenaVega,21,2,3,7.5
Carlos PenaVega_S21,Carlos PenaVega,21,3,1,7.0
Carlos PenaVega_S21,Carlos PenaVega,21,3,2,8.0
Carlos PenaVega_S21,Carlos PenaVega,21,3,3,8.0
Carlos PenaVega_S21,Carlos PenaVega,21,3,4,8.0
Carlos PenaVega_S21,Carlos PenaVega,21,4,1,9.0
Carlos PenaVega_S21,Carlos PenaVega,21,4,2,8.0
Carlos PenaVega_S21,Carlos PenaVega,21,4,3,8.0
Carlos PenaVega_S21,Carlos PenaVega,21,5,1,10.0
Carlos PenaVega_S21,Carlos PenaVega,21,5,2,10.0
Carlos PenaVega_S21,Carlos PenaVega,21,5,3,9.0
Carlos PenaVega_S21,Carlos PenaVega,21,5,4,10.0
Carlos PenaVega_S21,Carlos PenaVega,21,6,1,10.0
Carlos PenaVega_S21,Carlos PenaVega,21,6,2,9.0
Carlos PenaVega_S21,Carlos PenaVega,21,6,3,9.0
Carlos PenaVega_S21,Carlos PenaVega,21,6,4,10.0
Carlos PenaVega_S21,Carlos PenaVega,21,7,1,9.0
Carlos PenaVega_S21,Carlos PenaVega,21,7,2,10.0
Carlos PenaVega_S21,Carlos PenaVega,21,7,3,9.0
Carlos PenaVega_S21,Carlos PenaVega,21,8,1,9.6666
Carlos PenaVega_S21,Carlos PenaVega,21,8,2,9.6666
Carlos PenaVega_S21,Carlos PenaVega,21,8,3,9.6666
Carlos PenaVega_S21,Carlos PenaVega,21,9,1,9.0
Carlos PenaVega_S21,Carlos PenaVega,21,9,2,9.0
Carlos PenaVega_S21,Carlos PenaVega,21,9,3,9.0
Carlos PenaVega_S21,Carlos PenaVega,21,10,1,10.0
Carlos PenaVega_S21,Carlos PenaVega,21,10,2,10.5
Carlos PenaVega_S21,Carlos PenaVega,21,10,3,11.0
Carlos PenaVega_S21,Carlos PenaVega,21,11,1,10.0
Carlos PenaVega_S21,Carlos PenaVega,21,11,2,10.0
Carlos PenaVega_S21,Carlos PenaVega,21,11,3,10.0
Victor Espinoza_S21,Victor Espinoza,21,1,1,5.0
Victor Espinoza_S21,Victor Espinoza,21,1,2,5.0
Victor Espinoza_S21,Victor Espinoza,21,1,3,5.0
Victor Espinoza_S21,Victor Espinoza,21,2,1,6.5
Victor Espinoza_S21,Victor Espinoza,21,2,2,5.5
Victor Espinoza_S21,Victor Espinoza,21,2,3,6.5
Victor Espinoza_S21,Victor Espinoza,21,3,1,0.0
Victor Espinoza_S21,Victor Espinoza,21,3,2,0.0
Victor Espinoza_S21,Victor Espinoza,21,3,3,0.0
Victor Espinoza_S21,Victor Espinoza,21,3,4,0.0
Victor Espinoza_S21,Victor Espinoza,21,4,1,0.0
Victor Espinoza_S21,Victor Espinoza,21,4,2,0.0
Victor Espinoza_S21,Victor Espinoza,21,4,3,0.0
Victor Espinoza_S21,Victor Espinoza,21,5,1,0.0
Victor Espinoza_S21,Victor Espinoza,21,5,2,0.0
Victor Espinoza_S21,Victor Espinoza,21,5,3,0.0
Victor Espinoza_S21,Victor Espinoza,21,5,4,0.0
Victor Espinoza_S21,Victor Espinoza,21,6,1,0.0
Victor Espinoza_S21,Victor Espinoza,21,6,2,0.0
Victor Espinoza_S21,Victor Espinoza,21,6,3,0.0
Victor Espinoza_S21,Victor Espinoza,21,6,4,0.0
Victor Espinoza_S21,Victor Espinoza,21,7,1,0.0
Victor Espinoza_S21,Victor Espinoza,21,7,2,0.0
Victor Espinoza_S21,Victor Espinoza,21,7,3,0.0
Victor Espinoza_S21,Victor Espinoza,21,8,1,0.0
Victor Espinoza_S21,Victor Espinoza,21,8,2,0.0
Victor Espinoza_S21,Victor Espinoza,21,8,3,0.0
Victor Espinoza_S21,Victor Espinoza,21,9,1,0.0
Victor Espinoza_S21,Victor Espinoza,21,9,2,0.0
Victor Espinoza_S21,Victor Espinoza,21,9,3,0.0
Victor Espinoza_S21,Victor Espinoza,21,10,1,0.0
Victor Espinoza_S21,Victor Espinoza,21,10,2,0.0
Victor Espinoza_S21,Victor Espinoza,21,10,3,0.0
Victor Espinoza_S21,Victor Espinoza,21,11,1,0.0
Victor Espinoza_S21,Victor Espinoza,21,11,2,0.0
Victor Espinoza_S21,Victor Espinoza,21,11,3,0.0
Alek Skarlatos_S21,Alek Skarlatos,21,1,1,8.0
Alek Skarlatos_S21,Alek Skarlatos,21,1,2,7.0
Alek Skarlatos_S21,Alek Skarlatos,21,1,3,7.0
Alek Skarlatos_S21,Alek Skarlatos,21,2,1,7.5
Alek Skarlatos_S21,Alek Skarlatos,21,2,2,7.0
Alek Skarlatos_S21,Alek Skarlatos,21,2,3,8.0
Alek Skarlatos_S21,Alek Skarlatos,21,3,1,8.0
Alek Skarlatos_S21,Alek Skarlatos,21,3,2,8.0
Alek Skarlatos_S21,Alek Skarlatos,21,3,3,9.0
Alek Skarlatos_S21,Alek Skarlatos,21,3,4,8.0
Alek Skarlatos_S21,Alek Skarlatos,21,4,1,8.0
Alek Skarlatos_S21,Alek Skarlatos,21,4,2,8.0
Alek Skarlatos_S21,Alek Skarlatos,21,4,3,8.0
Alek Skarlatos_S21,Alek Skarlatos,21,5,1,8.0
Alek Skarlatos_S21,Alek Skarlatos,21,5,2,7.0
Alek Skarlatos_S21,Alek Skarlatos,21,5,3,7.0
Alek Skarlatos_S21,Alek Skarlatos,21,5,4,7.0
Alek Skarlatos_S21,Alek Skarlatos,21,6,1,8.0
Alek Skarlatos_S21,Alek Skarlatos,21,6,2,8.0
Alek Skarlatos_S21,Alek Skarlatos,21,6,3,7.0
Alek Skarlatos_S21,Alek Skarlatos,21,6,4,7.0
Alek Skarlatos_S21,Alek Skarlatos,21,7,1,9.0
Alek Skarlatos_S21,Alek Skarlatos,21,7,2,9.0
Alek Skarlatos_S21,Alek Skarlatos,21,7,3,8.5
Alek Skarlatos_S21,Alek Skarlatos,21,8,1,9.0
Alek Skarlatos_S21,Alek Skarlatos,21,8,2,8.0
Alek Skarlatos_S21,Alek Skarlatos,21,8,3,8.0
Alek Skarlatos_S21,Alek Skarlatos,21,9,1,8.5
Alek Skarlatos_S21,Alek Skarlatos,21,9,2,8.5
Alek Skarlatos_S21,Alek Skarlatos,21,9,3,8.5
Alek Skarlatos_S21,Alek Skarlatos,21,10,1,9.5
Alek Skarlatos_S21,Alek Skarlatos,21,10,2,9.5
Alek Skarlatos_S21,Alek Skarlatos,21,10,3,9.5
Alek Skarlatos_S21,Alek Skarlatos,21,11,1,9.3333
Alek Skarlatos_S21,Alek Skarlatos,21,11,2,9.3333
Alek Skarlatos_S21,Alek Skarlatos,21,11,3,9.3333
Chaka Khan_S21,Chaka Khan,21,1,1,5.0
Chaka Khan_S21,Chaka Khan,21,1,2,4.0
Chaka Khan_S21,Chaka Khan,21,1,3,4.0
Chaka Khan_S21,Chaka Khan,21,2,1,5.0
Chaka Khan_S21,Chaka Khan,21,2,2,5.0
Chaka Khan_S21,Chaka Khan,21,2,3,5.0
Chaka Khan_S21,Chaka Khan,21,3,1,0.0
Chaka Khan_S21,Chaka Khan,21,3,2,0.0
Chaka Khan_S21,Chaka Khan,21,3,3,0.0
Chaka Khan_S21,Chaka Khan,21,3,4,0.0
Chaka Khan_S21,Chaka Khan,21,4,1,0.0
Chaka Khan_S21,Chaka Khan,21,4,2,0.0
Chaka Khan_S21,Chaka Khan,21,4,3,0.0
Chaka Khan_S21,Chaka Khan,21,5,1,0.0
Chaka Khan_S21,Chaka Khan,21,5,2,0.0
Chaka Khan_S21,Chaka Khan,21,5,3,0.0
Chaka Khan_S21,Chaka Khan,21,5,4,0.0
Chaka Khan_S21,Chaka Khan,21,6,1,0.0
Chaka Khan_S21,Chaka Khan,21,6,2,0.0
Chaka Khan_S21,Chaka Khan,21,6,3,0.0
Chaka Khan_S21,Chaka Khan,21,6,4,0.0
Chaka Khan_S21,Chaka Khan,21,7,1,0.0
Chaka Khan_S21,Chaka Khan,21,7,2,0.0
Chaka Khan_S21,Chaka Khan,21,7,3,0.0
Chaka Khan_S21,Chaka Khan,21,8,1,0.0
Chaka Khan_S21,Chaka Khan,21,8,2,0.0
Chaka Khan_S21,Chaka Khan,21,8,3,0.0
Chaka Khan_S21,Chaka Khan,21,9,1,0.0
Chaka Khan_S21,Chaka Khan,21,9,2,0.0
Chaka Khan_S21,Chaka Khan,21,9,3,0.0
Chaka Khan_S21,Chaka Khan,21,10,1,0.0
Chaka Khan_S21,Chaka Khan,21,10,2,0.0
Chaka Khan_S21,Chaka Khan,21,10,3,0.0
Chaka Khan_S21,Chaka Khan,21,11,1,0.0
Chaka Khan_S21,Chaka Khan,21,11,2,0.0
Chaka Khan_S21,Chaka Khan,21,11,3,0.0
Andy Grammer_S21,Andy Grammer,21,1,1,7.0
Andy Grammer_S21,Andy Grammer,21,1,2,7.0
Andy Grammer_S21,Andy Grammer,21,1,3,7.0
Andy Grammer_S21,Andy Grammer,21,2,1,7.5
Andy Grammer_S21,Andy Grammer,21,2,2,7.5
Andy Grammer_S21,Andy Grammer,21,2,3,7.0
Andy Grammer_S21,Andy Grammer,21,3,1,7.0
Andy Grammer_S21,Andy Grammer,21,3,2,7.0
Andy Grammer_S21,Andy Grammer,21,3,3,8.0
Andy Grammer_S21,Andy Grammer,21,3,4,7.0
Andy Grammer_S21,Andy Grammer,21,4,1,7.0
Andy Grammer_S21,Andy Grammer,21,4,2,8.0
Andy Grammer_S21,Andy Grammer,21,4,3,8.0
Andy Grammer_S21,Andy Grammer,21,5,1,9.0
Andy Grammer_S21,Andy Grammer,21,5,2,9.0
Andy Grammer_S21,Andy Grammer,21,5,3,9.0
Andy Grammer_S21,Andy Grammer,21,5,4,9.0
Andy Grammer_S21,Andy Grammer,21,6,1,10.0
Andy Grammer_S21,Andy Grammer,21,6,2,10.0
Andy Grammer_S21,Andy Grammer,21,6,3,10.0
Andy Grammer_S21,Andy Grammer,21,6,4,10.0
Andy Grammer_S21,Andy Grammer,21,7,1,9.5
Andy Grammer_S21,Andy Grammer,21,7,2,9.5
Andy Grammer_S21,Andy Grammer,21,7,3,9.0
Andy Grammer_S21,Andy Grammer,21,8,1,8.6666
Andy Grammer_S21,Andy Grammer,21,8,2,7.6666
Andy Grammer_S21,Andy Grammer,21,8,3,7.6666
Andy Grammer_S21,Andy Grammer,21,9,1,0.0
Andy Grammer_S21,Andy Grammer,21,9,2,0.0
Andy Grammer_S21,Andy Grammer,21,9,3,0.0
Andy Grammer_S21,Andy Grammer,21,10,1,0.0
Andy Grammer_S21,Andy Grammer,21,10,2,0.0
Andy Grammer_S21,Andy Grammer,21,10,3,0.0
Andy Grammer_S21,Andy Grammer,21,11,1,0.0
Andy Grammer_S21,Andy Grammer,21,11,2,0.0
Andy Grammer_S21,Andy Grammer,21,11,3,0.0
Tamar Braxton_S21,Tamar Braxton,21,1,1,8.0
Tamar Braxton_S21,Tamar Braxton,21,1,2,7.0
Tamar Braxton_S21,Tamar Braxton,21,1,3,8.0
Tamar Braxton_S21,Tamar Braxton,21,2,1,8.0
Tamar Braxton_S21,Tamar Braxton,21,2,2,8.0
Tamar Braxton_S21,Tamar Braxton,21,2,3,8.5
Tamar Braxton_S21,Tamar Braxton,21,3,1,8.0
Tamar Braxton_S21,Tamar Braxton,21,3,2,9.0
Tamar Braxton_S21,Tamar Braxton,21,3,3,8.0
Tamar Braxton_S21,Tamar Braxton,21,3,4,8.0
Tamar Braxton_S21,Tamar Braxton,21,4,1,9.0
Tamar Braxton_S21,Tamar Braxton,21,4,2,9.0
Tamar Braxton_S21,Tamar Braxton,21,4,3,9.0
Tamar Braxton_S21,Tamar Braxton,21,5,1,7.0
Tamar Braxton_S21,Tamar Braxton,21,5,2,7.0
Tamar Braxton_S21,Tamar Braxton,21,5,3,8.0
Tamar Braxton_S21,Tamar Braxton,21,5,4,7.0
Tamar Braxton_S21,Tamar Braxton,21,6,1,10.0
Tamar Braxton_S21,Tamar Braxton,21,6,2,10.0
Tamar Braxton_S21,Tamar Braxton,21,6,3,10.0
Tamar Braxton_S21,Tamar Braxton,21,6,4,10.0
Tamar Braxton_S21,Tamar Braxton,21,7,1,9.0
Tamar Braxton_S21,Tamar Braxton,21,7,2,9.0
Tamar Braxton_S21,Tamar Braxton,21,7,3,9.0
Tamar Braxton_S21,Tamar Braxton,21,8,1,9.0
Tamar Braxton_S21,Tamar Braxton,21,8,2,9.0
Tamar Braxton_S21,Tamar Braxton,21,8,3,10.0
Tamar Braxton_S21,Tamar Braxton,21,9,1,8.5
Tamar Braxton_S21,Tamar Braxton,21,9,2,8.0
Tamar Braxton_S21,Tamar Braxton,21,9,3,8.0
Tamar Braxton_S21,Tamar Braxton,21,10,1,0.0
Tamar Braxton_S21,Tamar Braxton,21,10,2,0.0
Tamar Braxton_S21,Tamar Braxton,21,10,3,0.0
Tamar Braxton_S21,Tamar Braxton,21,11,1,0.0
Tamar Braxton_S21,Tamar Braxton,21,11,2,0.0
Tamar Braxton_S21,Tamar Braxton,21,11,3,0.0
Nick Carter_S21,Nick Carter,21,1,1,8.0
Nick Carter_S21,Nick Carter,21,1,2,8.0
Nick Carter_S21,Nick Carter,21,1,3,8.0
Nick Carter_S21,Nick Carter,21,2,1,7.5
Nick Carter_S21,Nick Carter,21,2,2,7.5
Nick Carter_S21,Nick Carter,21,2,3,7.5
Nick Carter_S21,Nick Carter,21,3,1,9.0
Nick Carter_S21,Nick Carter,21,3,2,9.0
Nick Carter_S21,Nick Carter,21,3,3,9.0
Nick Carter_S21,Nick Carter,21,3,4,9.0
Nick Carter_S21,Nick Carter,21,4,1,9.0
Nick Carter_S21,Nick Carter,21,4,2,9.0
Nick Carter_S21,Nick Carter,21,4,3,9.0
Nick Carter_S21,Nick Carter,21,5,1,9.0
Nick Carter_S21,Nick Carter,21,5,2,9.0
Nick Carter_S21,Nick Carter,21,5,3,8.0
Nick Carter_S21,Nick Carter,21,5,4,9.0
Nick Carter_S21,Nick Carter,21,6,1,9.0
Nick Carter_S21,Nick Carter,21,6,2,10.0
Nick Carter_S21,Nick Carter,21,6,3,10.0
Nick Carter_S21,Nick Carter,21,6,4,10.0
Nick Carter_S21,Nick Carter,21,7,1,9.0
Nick Carter_S21,Nick Carter,21,7,2,9.0
Nick Carter_S21,Nick Carter,21,7,3,9.0
Nick Carter_S21,Nick Carter,21,8,1,11.0
Nick Carter_S21,Nick Carter,21,8,2,11.0
Nick Carter_S21,Nick Carter,21,8,3,11.0
Nick Carter_S21,Nick Carter,21,9,1,9.0
Nick Carter_S21,Nick Carter,21,9,2,9.0
Nick Carter_S21,Nick Carter,21,9,3,9.5
Nick Carter_S21,Nick Carter,21,10,1,9.0
Nick Carter_S21,Nick Carter,21,10,2,9.0
Nick Carter_S21,Nick Carter,21,10,3,9.0
Nick Carter_S21,Nick Carter,21,11,1,10.0
Nick Carter_S21,Nick Carter,21,11,2,10.0
Nick Carter_S21,Nick Carter,21,11,3,10.0
Hayes Grier_S21,Hayes Grier,21,1,1,7.0
Hayes Grier_S21,Hayes Grier,21,1,2,7.0
Hayes Grier_S21,Hayes Grier,21,1,3,7.0
Hayes Grier_S21,Hayes Grier,21,2,1,8.0
Hayes Grier_S21,Hayes Grier,21,2,2,7.0
Hayes Grier_S21,Hayes Grier,21,2,3,7.5
Hayes Grier_S21,Hayes Grier,21,3,1,7.0
Hayes Grier_S21,Hayes Grier,21,3,2,8.0
Hayes Grier_S21,Hayes Grier,21,3,3,7.0
Hayes Grier_S21,Hayes Grier,21,3,4,8.0
Hayes Grier_S21,Hayes Grier,21,4,1,9.0
Hayes Grier_S21,Hayes Grier,21,4,2,9.0
Hayes Grier_S21,Hayes Grier,21,4,3,9.0
Hayes Grier_S21,Hayes Grier,21,5,1,8.0
Hayes Grier_S21,Hayes Grier,21,5,2,8.0
Hayes Grier_S21,Hayes Grier,21,5,3,7.0
Hayes Grier_S21,Hayes Grier,21,5,4,7.0
Hayes Grier_S21,Hayes Grier,21,6,1,8.0
Hayes Grier_S21,Hayes Grier,21,6,2,8.0
Hayes Grier_S21,Hayes Grier,21,6,3,8.0
Hayes Grier_S21,Hayes Grier,21,6,4,8.0
Hayes Grier_S21,Hayes Grier,21,7,1,9.0
Hayes Grier_S21,Hayes Grier,21,7,2,9.5
Hayes Grier_S21,Hayes Grier,21,7,3,9.5
Hayes Grier_S21,Hayes Grier,21,8,1,0.0
Hayes Grier_S21,Hayes Grier,21,8,2,0.0
Hayes Grier_S21,Hayes Grier,21,8,3,0.0
Hayes Grier_S21,Hayes Grier,21,9,1,0.0
Hayes Grier_S21,Hayes Grier,21,9,2,0.0
Hayes Grier_S21,Hayes Grier,21,9,3,0.0
Hayes Grier_S21,Hayes Grier,21,10,1,0.0
Hayes Grier_S21,Hayes Grier,21,10,2,0.0
Hayes Grier_S21,Hayes Grier,21,10,3,0.0
Hayes Grier_S21,Hayes Grier,21,11,1,0.0
Hayes Grier_S21,Hayes Grier,21,11,2,0.0
Hayes Grier_S21,Hayes Grier,21,11,3,0.0
Bindi Irwin_S21,Bindi Irwin,21,1,1,8.0
Bindi Irwin_S21,Bindi Irwin,21,1,2,8.0
Bindi Irwin_S21,Bindi Irwin,21,1,3,8.0
Bindi Irwin_S21,Bindi Irwin,21,2,1,8.0
Bindi Irwin_S21,Bindi Irwin,21,2,2,8.0
Bindi Irwin_S21,Bindi Irwin,21,2,3,8.0
Bindi Irwin_S21,Bindi Irwin,21,3,1,8.0
Bindi Irwin_S21,Bindi Irwin,21,3,2,8.0
Bindi Irwin_S21,Bindi Irwin,21,3,3,8.0
Bindi Irwin_S21,Bindi Irwin,21,3,4,8.0
Bindi Irwin_S21,Bindi Irwin,21,4,1,9.0
Bindi Irwin_S21,Bindi Irwin,21,4,2,9.0
Bindi Irwin_S21,Bindi Irwin,21,4,3,10.0
Bindi Irwin_S21,Bindi Irwin,21,5,1,9.0
Bindi Irwin_S21,Bindi Irwin,21,5,2,9.0
Bindi Irwin_S21,Bindi Irwin,21,5,3,10.0
Bindi Irwin_S21,Bindi Irwin,21,5,4,9.0
Bindi Irwin_S21,Bindi Irwin,21,6,1,10.0
Bindi Irwin_S21,Bindi Irwin,21,6,2,10.0
Bindi Irwin_S21,Bindi Irwin,21,6,3,10.0
Bindi Irwin_S21,Bindi Irwin,21,6,4,10.0
Bindi Irwin_S21,Bindi Irwin,21,7,1,9.5
Bindi Irwin_S21,Bindi Irwin,21,7,2,10.0
Bindi Irwin_S21,Bindi Irwin,21,7,3,9.5
Bindi Irwin_S21,Bindi Irwin,21,8,1,10.0
Bindi Irwin_S21,Bindi Irwin,21,8,2,9.0
Bindi Irwin_S21,Bindi Irwin,21,8,3,9.0
Bindi Irwin_S21,Bindi Irwin,21,9,1,10.0
Bindi Irwin_S21,Bindi Irwin,21,9,2,10.0
Bindi Irwin_S21,Bindi Irwin,21,9,3,10.0
Bindi Irwin_S21,Bindi Irwin,21,10,1,10.5
Bindi Irwin_S21,Bindi Irwin,21,10,2,10.5
Bindi Irwin_S21,Bindi Irwin,21,10,3,10.5
Bindi Irwin_S21,Bindi Irwin,21,11,1,10.0
Bindi Irwin_S21,Bindi Irwin,21,11,2,10.0
Bindi Irwin_S21,Bindi Irwin,21,11,3,10.0
Kim Zolciak-Biermann_S21,Kim Zolciak-Biermann,21,1,1,4.0
Kim Zolciak-Biermann_S21,Kim Zolciak-Biermann,21,1,2,4.0
Kim Zolciak-Biermann_S21,Kim Zolciak-Biermann,21,1,3,4.0
Kim Zolciak-Biermann_S21,Kim Zolciak-Biermann,21,2,1,6.5
Kim Zolciak-Biermann_S21,Kim Zolciak-Biermann,21,2,2,6.0
Kim Zolciak-Biermann_S21,Kim Zolciak-Biermann,21,2,3,6.0
Kim Zolciak-Biermann_S21,Kim Zolciak-Biermann,21,3,1,0.0
Kim Zolciak-Biermann_S21,Kim Zolciak-Biermann,21,3,2,0.0
Kim Zolciak-Biermann_S21,Kim Zolciak-Biermann,21,3,3,0.0
Kim Zolciak-Biermann_S21,Kim Zolciak-Biermann,21,3,4,0.0
Kim Zolciak-Biermann_S21,Kim Zolciak-Biermann,21,4,1,0.0
Kim Zolciak-Biermann_S21,Kim Zolciak-Biermann,21,4,2,0.0
Kim Zolciak-Biermann_S21,Kim Zolciak-Biermann,21,4,3,0.0
Kim Zolciak-Biermann_S21,Kim Zolciak-Biermann,21,5,1,0.0
Kim Zolciak-Biermann_S21,Kim Zolciak-Biermann,21,5,2,0.0
Kim Zolciak-Biermann_S21,Kim Zolciak-Biermann,21,5,3,0.0
Kim Zolciak-Biermann_S21,Kim Zolciak-Biermann,21,5,4,0.0
Kim Zolciak-Biermann_S21,Kim Zolciak-Biermann,21,6,1,0.0
Kim Zolciak-Biermann_S21,Kim Zolciak-Biermann,21,6,2,0.0
Kim Zolciak-Biermann_S21,Kim Zolciak-Biermann,21,6,3,0.0
Kim Zolciak-Biermann_S21,Kim Zolciak-Biermann,21,6,4,0.0
Kim Zolciak-Biermann_S21,Kim Zolciak-Biermann,21,7,1,0.0
Kim Zolciak-Biermann_S21,Kim Zolciak-Biermann,21,7,2,0.0
Kim Zolciak-Biermann_S21,Kim Zolciak-Biermann,21,7,3,0.0
Kim Zolciak-Biermann_S21,Kim Zolciak-Biermann,21,8,1,0.0
Kim Zolciak-Biermann_S21,Kim Zolciak-Biermann,21,8,2,0.0
Kim Zolciak-Biermann_S21,Kim Zolciak-Biermann,21,8,3,0.0
Kim Zolciak-Biermann_S21,Kim Zolciak-Biermann,21,9,1,0.0
Kim Zolciak-Biermann_S21,Kim Zolciak-Biermann,21,9,2,0.0
Kim Zolciak-Biermann_S21,Kim Zolciak-Biermann,21,9,3,0.0
Kim Zolciak-Biermann_S21,Kim Zolciak-Biermann,21,10,1,0.0
Kim Zolciak-Biermann_S21,Kim Zolciak-Biermann,21,10,2,0.0
Kim Zolciak-Biermann_S21,Kim Zolciak-Biermann,21,10,3,0.0
Kim Zolciak-Biermann_S21,Kim Zolciak-Biermann,21,11,1,0.0
Kim Zolciak-Biermann_S21,Kim Zolciak-Biermann,21,11,2,0.0
Kim Zolciak-Biermann_S21,Kim Zolciak-Biermann,21,11,3,0.0
Paula Deen_S21,Paula Deen,21,1,1,5.0
Paula Deen_S21,Paula Deen,21,1,2,5.0
Paula Deen_S21,Paula Deen,21,1,3,5.0
Paula Deen_S21,Paula Deen,21,2,1,6.5
Paula Deen_S21,Paula Deen,21,2,2,6.0
Paula Deen_S21,Paula Deen,21,2,3,6.0
Paula Deen_S21,Paula Deen,21,3,1,5.0
Paula Deen_S21,Paula Deen,21,3,2,5.0
Paula Deen_S21,Paula Deen,21,3,3,5.0
Paula Deen_S21,Paula Deen,21,3,4,5.0
Paula Deen_S21,Paula Deen,21,4,1,6.0
Paula Deen_S21,Paula Deen,21,4,2,6.0
Paula Deen_S21,Paula Deen,21,4,3,6.0
Paula Deen_S21,Paula Deen,21,5,1,7.0
Paula Deen_S21,Paula Deen,21,5,2,7.0
Paula Deen_S21,Paula Deen,21,5,3,6.0
Paula Deen_S21,Paula Deen,21,5,4,6.0
Paula Deen_S21,Paula Deen,21,6,1,6.0
Paula Deen_S21,Paula Deen,21,6,2,6.0
Paula Deen_S21,Paula Deen,21,6,3,6.0
Paula Deen_S21,Paula Deen,21,6,4,6.0
Paula Deen_S21,Paula Deen,21,7,1,0.0
Paula Deen_S21,Paula Deen,21,7,2,0.0
Paula Deen_S21,Paula Deen,21,7,3,0.0
Paula Deen_S21,Paula Deen,21,8,1,0.0
Paula Deen_S21,Paula Deen,21,8,2,0.0
Paula Deen_S21,Paula Deen,21,8,3,0.0
Paula Deen_S21,Paula Deen,21,9,1,0.0
Paula Deen_S21,Paula Deen,21,9,2,0.0
Paula Deen_S21,Paula Deen,21,9,3,0.0
Paula Deen_S21,Paula Deen,21,10,1,0.0
Paula Deen_S21,Paula Deen,21,10,2,0.0
Paula Deen_S21,Paula Deen,21,10,3,0.0
Paula Deen_S21,Paula Deen,21,11,1,0.0
Paula Deen_S21,Paula Deen,21,11,2,0.0
Paula Deen_S21,Paula Deen,21,11,3,0.0
Mischa Barton_S22,Mischa Barton,22,1,1,5.0
Mischa Barton_S22,Mischa Barton,22,1,2,5.0
Mischa Barton_S22,Mischa Barton,22,1,3,6.0
Mischa Barton_S22,Mischa Barton,22,2,1,5.0
Mischa Barton_S22,Mischa Barton,22,2,2,5.0
Mischa Barton_S22,Mischa Barton,22,2,3,5.0
Mischa Barton_S22,Mischa Barton,22,3,1,6.0
Mischa Barton_S22,Mischa Barton,22,3,2,6.0
Mischa Barton_S22,Mischa Barton,22,3,3,6.0
Mischa Barton_S22,Mischa Barton,22,4,1,0.0
Mischa Barton_S22,Mischa Barton,22,4,2,0.0
Mischa Barton_S22,Mischa Barton,22,4,3,0.0
Mischa Barton_S22,Mischa Barton,22,4,4,0.0
Mischa Barton_S22,Mischa Barton,22,5,1,0.0
Mischa Barton_S22,Mischa Barton,22,5,2,0.0
Mischa Barton_S22,Mischa Barton,22,5,3,0.0
Mischa Barton_S22,Mischa Barton,22,5,4,0.0
Mischa Barton_S22,Mischa Barton,22,6,1,0.0
Mischa Barton_S22,Mischa Barton,22,6,2,0.0
Mischa Barton_S22,Mischa Barton,22,6,3,0.0
Mischa Barton_S22,Mischa Barton,22,7,1,0.0
Mischa Barton_S22,Mischa Barton,22,7,2,0.0
Mischa Barton_S22,Mischa Barton,22,7,3,0.0
Mischa Barton_S22,Mischa Barton,22,8,1,0.0
Mischa Barton_S22,Mischa Barton,22,8,2,0.0
Mischa Barton_S22,Mischa Barton,22,8,3,0.0
Mischa Barton_S22,Mischa Barton,22,9,1,0.0
Mischa Barton_S22,Mischa Barton,22,9,2,0.0
Mischa Barton_S22,Mischa Barton,22,9,3,0.0
Mischa Barton_S22,Mischa Barton,22,10,1,0.0
Mischa Barton_S22,Mischa Barton,22,10,2,0.0
Mischa Barton_S22,Mischa Barton,22,10,3,0.0
Kim Fields_S22,Kim Fields,22,1,1,7.0
Kim Fields_S22,Kim Fields,22,1,2,6.0
Kim Fields_S22,Kim Fields,22,1,3,7.0
Kim Fields_S22,Kim Fields,22,2,1,7.0
Kim Fields_S22,Kim Fields,22,2,2,6.0
Kim Fields_S22,Kim Fields,22,2,3,6.0
Kim Fields_S22,Kim Fields,22,3,1,8.0
Kim Fields_S22,Kim Fields,22,3,2,7.0
Kim Fields_S22,Kim Fields,22,3,3,7.0
Kim Fields_S22,Kim Fields,22,4,1,8.0
Kim Fields_S22,Kim Fields,22,4,2,8.0
Kim Fields_S22,Kim Fields,22,4,3,8.0
Kim Fields_S22,Kim Fields,22,4,4,8.0
Kim Fields_S22,Kim Fields,22,5,1,8.0
Kim Fields_S22,Kim Fields,22,5,2,6.0
Kim Fields_S22,Kim Fields,22,5,3,6.0
Kim Fields_S22,Kim Fields,22,5,4,8.0
Kim Fields_S22,Kim Fields,22,6,1,8.0
Kim Fields_S22,Kim Fields,22,6,2,8.0
Kim Fields_S22,Kim Fields,22,6,3,8.0
Kim Fields_S22,Kim Fields,22,7,1,8.5
Kim Fields_S22,Kim Fields,22,7,2,8.5
Kim Fields_S22,Kim Fields,22,7,3,9.0
Kim Fields_S22,Kim Fields,22,8,1,0.0
Kim Fields_S22,Kim Fields,22,8,2,0.0
Kim Fields_S22,Kim Fields,22,8,3,0.0
Kim Fields_S22,Kim Fields,22,9,1,0.0
Kim Fields_S22,Kim Fields,22,9,2,0.0
Kim Fields_S22,Kim Fields,22,9,3,0.0
Kim Fields_S22,Kim Fields,22,10,1,0.0
Kim Fields_S22,Kim Fields,22,10,2,0.0
Kim Fields_S22,Kim Fields,22,10,3,0.0
Jodie Sweetin_S22,Jodie Sweetin,22,1,1,7.0
Jodie Sweetin_S22,Jodie Sweetin,22,1,2,6.0
Jodie Sweetin_S22,Jodie Sweetin,22,1,3,7.0
Jodie Sweetin_S22,Jodie Sweetin,22,2,1,7.0
Jodie Sweetin_S22,Jodie Sweetin,22,2,2,7.0
Jodie Sweetin_S22,Jodie Sweetin,22,2,3,7.0
Jodie Sweetin_S22,Jodie Sweetin,22,3,1,8.0
Jodie Sweetin_S22,Jodie Sweetin,22,3,2,7.0
Jodie Sweetin_S22,Jodie Sweetin,22,3,3,8.0
Jodie Sweetin_S22,Jodie Sweetin,22,4,1,7.0
Jodie Sweetin_S22,Jodie Sweetin,22,4,2,6.0
Jodie Sweetin_S22,Jodie Sweetin,22,4,3,7.0
Jodie Sweetin_S22,Jodie Sweetin,22,4,4,7.0
Jodie Sweetin_S22,Jodie Sweetin,22,5,1,9.0
Jodie Sweetin_S22,Jodie Sweetin,22,5,2,8.0
Jodie Sweetin_S22,Jodie Sweetin,22,5,3,9.0
Jodie Sweetin_S22,Jodie Sweetin,22,5,4,9.0
Jodie Sweetin_S22,Jodie Sweetin,22,6,1,9.0
Jodie Sweetin_S22,Jodie Sweetin,22,6,2,8.0
Jodie Sweetin_S22,Jodie Sweetin,22,6,3,8.0
Jodie Sweetin_S22,Jodie Sweetin,22,7,1,8.0
Jodie Sweetin_S22,Jodie Sweetin,22,7,2,8.5
Jodie Sweetin_S22,Jodie Sweetin,22,7,3,9.0
Jodie Sweetin_S22,Jodie Sweetin,22,8,1,10.0
Jodie Sweetin_S22,Jodie Sweetin,22,8,2,10.0
Jodie Sweetin_S22,Jodie Sweetin,22,8,3,10.0
Jodie Sweetin_S22,Jodie Sweetin,22,9,1,0.0
Jodie Sweetin_S22,Jodie Sweetin,22,9,2,0.0
Jodie Sweetin_S22,Jodie Sweetin,22,9,3,0.0
Jodie Sweetin_S22,Jodie Sweetin,22,10,1,0.0
Jodie Sweetin_S22,Jodie Sweetin,22,10,2,0.0
Jodie Sweetin_S22,Jodie Sweetin,22,10,3,0.0
Doug Flutie_S22,Doug Flutie,22,1,1,5.0
Doug Flutie_S22,Doug Flutie,22,1,2,5.0
Doug Flutie_S22,Doug Flutie,22,1,3,5.0
Doug Flutie_S22,Doug Flutie,22,2,1,7.0
Doug Flutie_S22,Doug Flutie,22,2,2,6.0
Doug Flutie_S22,Doug Flutie,22,2,3,7.0
Doug Flutie_S22,Doug Flutie,22,3,1,7.0
Doug Flutie_S22,Doug Flutie,22,3,2,6.0
Doug Flutie_S22,Doug Flutie,22,3,3,7.0
Doug Flutie_S22,Doug Flutie,22,4,1,6.0
Doug Flutie_S22,Doug Flutie,22,4,2,6.0
Doug Flutie_S22,Doug Flutie,22,4,3,6.0
Doug Flutie_S22,Doug Flutie,22,4,4,6.0
Doug Flutie_S22,Doug Flutie,22,5,1,7.0
Doug Flutie_S22,Doug Flutie,22,5,2,7.0
Doug Flutie_S22,Doug Flutie,22,5,3,7.0
Doug Flutie_S22,Doug Flutie,22,5,4,7.0
Doug Flutie_S22,Doug Flutie,22,6,1,7.0
Doug Flutie_S22,Doug Flutie,22,6,2,7.0
Doug Flutie_S22,Doug Flutie,22,6,3,7.0
Doug Flutie_S22,Doug Flutie,22,7,1,0.0
Doug Flutie_S22,Doug Flutie,22,7,2,0.0
Doug Flutie_S22,Doug Flutie,22,7,3,0.0
Doug Flutie_S22,Doug Flutie,22,8,1,0.0
Doug Flutie_S22,Doug Flutie,22,8,2,0.0
Doug Flutie_S22,Doug Flutie,22,8,3,0.0
Doug Flutie_S22,Doug Flutie,22,9,1,0.0
Doug Flutie_S22,Doug Flutie,22,9,2,0.0
Doug Flutie_S22,Doug Flutie,22,9,3,0.0
Doug Flutie_S22,Doug Flutie,22,10,1,0.0
Doug Flutie_S22,Doug Flutie,22,10,2,0.0
Doug Flutie_S22,Doug Flutie,22,10,3,0.0
Von Miller_S22,Von Miller,22,1,1,8.0
Von Miller_S22,Von Miller,22,1,2,6.0
Von Miller_S22,Von Miller,22,1,3,7.0
Von Miller_S22,Von Miller,22,2,1,7.0
Von Miller_S22,Von Miller,22,2,2,6.0
Von Miller_S22,Von Miller,22,2,3,7.0
Von Miller_S22,Von Miller,22,3,1,7.0
Von Miller_S22,Von Miller,22,3,2,6.0
Von Miller_S22,Von Miller,22,3,3,7.0
Von Miller_S22,Von Miller,22,4,1,8.0
Von Miller_S22,Von Miller,22,4,2,8.0
Von Miller_S22,Von Miller,22,4,3,8.0
Von Miller_S22,Von Miller,22,4,4,8.0
Von Miller_S22,Von Miller,22,5,1,8.0
Von Miller_S22,Von Miller,22,5,2,7.0
Von Miller_S22,Von Miller,22,5,3,7.0
Von Miller_S22,Von Miller,22,5,4,7.0
Von Miller_S22,Von Miller,22,6,1,8.0
Von Miller_S22,Von Miller,22,6,2,8.0
Von Miller_S22,Von Miller,22,6,3,8.0
Von Miller_S22,Von Miller,22,7,1,8.5
Von Miller_S22,Von Miller,22,7,2,8.5
Von Miller_S22,Von Miller,22,7,3,9.0
Von Miller_S22,Von Miller,22,8,1,0.0
Von Miller_S22,Von Miller,22,8,2,0.0
Von Miller_S22,Von Miller,22,8,3,0.0
Von Miller_S22,Von Miller,22,9,1,0.0
Von Miller_S22,Von Miller,22,9,2,0.0
Von Miller_S22,Von Miller,22,9,3,0.0
Von Miller_S22,Von Miller,22,10,1,0.0
Von Miller_S22,Von Miller,22,10,2,0.0
Von Miller_S22,Von Miller,22,10,3,0.0
Antonio Brown_S22,Antonio Brown,22,1,1,8.0
Antonio Brown_S22,Antonio Brown,22,1,2,6.0
Antonio Brown_S22,Antonio Brown,22,1,3,7.0
Antonio Brown_S22,Antonio Brown,22,2,1,6.0
Antonio Brown_S22,Antonio Brown,22,2,2,6.0
Antonio Brown_S22,Antonio Brown,22,2,3,7.0
Antonio Brown_S22,Antonio Brown,22,3,1,7.0
Antonio Brown_S22,Antonio Brown,22,3,2,6.0
Antonio Brown_S22,Antonio Brown,22,3,3,7.0
Antonio Brown_S22,Antonio Brown,22,4,1,9.0
Antonio Brown_S22,Antonio Brown,22,4,2,8.0
Antonio Brown_S22,Antonio Brown,22,4,3,9.0
Antonio Brown_S22,Antonio Brown,22,4,4,9.0
Antonio Brown_S22,Antonio Brown,22,5,1,7.0
Antonio Brown_S22,Antonio Brown,22,5,2,6.0
Antonio Brown_S22,Antonio Brown,22,5,3,6.0
Antonio Brown_S22,Antonio Brown,22,5,4,7.0
Antonio Brown_S22,Antonio Brown,22,6,1,9.0
Antonio Brown_S22,Antonio Brown,22,6,2,9.0
Antonio Brown_S22,Antonio Brown,22,6,3,9.0
Antonio Brown_S22,Antonio Brown,22,7,1,8.5
Antonio Brown_S22,Antonio Brown,22,7,2,8.5
Antonio Brown_S22,Antonio Brown,22,7,3,9.0
Antonio Brown_S22,Antonio Brown,22,8,1,9.0
Antonio Brown_S22,Antonio Brown,22,8,2,9.0
Antonio Brown_S22,Antonio Brown,22,8,3,9.0
Antonio Brown_S22,Antonio Brown,22,9,1,9.0
Antonio Brown_S22,Antonio Brown,22,9,2,9.0
Antonio Brown_S22,Antonio Brown,22,9,3,9.5
Antonio Brown_S22,Antonio Brown,22,10,1,0.0
Antonio Brown_S22,Antonio Brown,22,10,2,0.0
Antonio Brown_S22,Antonio Brown,22,10,3,0.0
Paige VanZant_S22,Paige VanZant,22,1,1,7.0
Paige VanZant_S22,Paige VanZant,22,1,2,7.0
Paige VanZant_S22,Paige VanZant,22,1,3,7.0
Paige VanZant_S22,Paige VanZant,22,2,1,8.0
Paige VanZant_S22,Paige VanZant,22,2,2,8.0
Paige VanZant_S22,Paige VanZant,22,2,3,8.0
Paige VanZant_S22,Paige VanZant,22,3,1,8.0
Paige VanZant_S22,Paige VanZant,22,3,2,7.0
Paige VanZant_S22,Paige VanZant,22,3,3,8.0
Paige VanZant_S22,Paige VanZant,22,4,1,9.0
Paige VanZant_S22,Paige VanZant,22,4,2,9.0
Paige VanZant_S22,Paige VanZant,22,4,3,9.0
Paige VanZant_S22,Paige VanZant,22,4,4,9.0
Paige VanZant_S22,Paige VanZant,22,5,1,8.0
Paige VanZant_S22,Paige VanZant,22,5,2,8.0
Paige VanZant_S22,Paige VanZant,22,5,3,7.0
Paige VanZant_S22,Paige VanZant,22,5,4,8.0
Paige VanZant_S22,Paige VanZant,22,6,1,9.0
Paige VanZant_S22,Paige VanZant,22,6,2,10.0
Paige VanZant_S22,Paige VanZant,22,6,3,9.0
Paige VanZant_S22,Paige VanZant,22,7,1,9.0
Paige VanZant_S22,Paige VanZant,22,7,2,9.0
Paige VanZant_S22,Paige VanZant,22,7,3,9.5
Paige VanZant_S22,Paige VanZant,22,8,1,10.0
Paige VanZant_S22,Paige VanZant,22,8,2,9.0
Paige VanZant_S22,Paige VanZant,22,8,3,9.0
Paige VanZant_S22,Paige VanZant,22,9,1,10.0
Paige VanZant_S22,Paige VanZant,22,9,2,9.5
Paige VanZant_S22,Paige VanZant,22,9,3,10.0
Paige VanZant_S22,Paige VanZant,22,10,1,10.0
Paige VanZant_S22,Paige VanZant,22,10,2,9.6666
Paige VanZant_S22,Paige VanZant,22,10,3,10.0
Geraldo Rivera_S22,Geraldo Rivera,22,1,1,5.0
Geraldo Rivera_S22,Geraldo Rivera,22,1,2,4.0
Geraldo Rivera_S22,Geraldo Rivera,22,1,3,4.0
Geraldo Rivera_S22,Geraldo Rivera,22,2,1,5.0
Geraldo Rivera_S22,Geraldo Rivera,22,2,2,4.0
Geraldo Rivera_S22,Geraldo Rivera,22,2,3,4.0
Geraldo Rivera_S22,Geraldo Rivera,22,3,1,0.0
Geraldo Rivera_S22,Geraldo Rivera,22,3,2,0.0
Geraldo Rivera_S22,Geraldo Rivera,22,3,3,0.0
Geraldo Rivera_S22,Geraldo Rivera,22,4,1,0.0
Geraldo Rivera_S22,Geraldo Rivera,22,4,2,0.0
Geraldo Rivera_S22,Geraldo Rivera,22,4,3,0.0
Geraldo Rivera_S22,Geraldo Rivera,22,4,4,0.0
Geraldo Rivera_S22,Geraldo Rivera,22,5,1,0.0
Geraldo Rivera_S22,Geraldo Rivera,22,5,2,0.0
Geraldo Rivera_S22,Geraldo Rivera,22,5,3,0.0
Geraldo Rivera_S22,Geraldo Rivera,22,5,4,0.0
Geraldo Rivera_S22,Geraldo Rivera,22,6,1,0.0
Geraldo Rivera_S22,Geraldo Rivera,22,6,2,0.0
Geraldo Rivera_S22,Geraldo Rivera,22,6,3,0.0
Geraldo Rivera_S22,Geraldo Rivera,22,7,1,0.0
Geraldo Rivera_S22,Geraldo Rivera,22,7,2,0.0
Geraldo Rivera_S22,Geraldo Rivera,22,7,3,0.0
Geraldo Rivera_S22,Geraldo Rivera,22,8,1,0.0
Geraldo Rivera_S22,Geraldo Rivera,22,8,2,0.0
Geraldo Rivera_S22,Geraldo Rivera,22,8,3,0.0
Geraldo Rivera_S22,Geraldo Rivera,22,9,1,0.0
Geraldo Rivera_S22,Geraldo Rivera,22,9,2,0.0
Geraldo Rivera_S22,Geraldo Rivera,22,9,3,0.0
Geraldo Rivera_S22,Geraldo Rivera,22,10,1,0.0
Geraldo Rivera_S22,Geraldo Rivera,22,10,2,0.0
Geraldo Rivera_S22,Geraldo Rivera,22,10,3,0.0
Nyle DiMarco_S22,Nyle DiMarco,22,1,1,8.0
Nyle DiMarco_S22,Nyle DiMarco,22,1,2,7.0
Nyle DiMarco_S22,Nyle DiMarco,22,1,3,8.0
Nyle DiMarco_S22,Nyle DiMarco,22,2,1,7.0
Nyle DiMarco_S22,Nyle DiMarco,22,2,2,6.0
Nyle DiMarco_S22,Nyle DiMarco,22,2,3,7.0
Nyle DiMarco_S22,Nyle DiMarco,22,3,1,8.0
Nyle DiMarco_S22,Nyle DiMarco,22,3,2,8.0
Nyle DiMarco_S22,Nyle DiMarco,22,3,3,9.0
Nyle DiMarco_S22,Nyle DiMarco,22,4,1,8.0
Nyle DiMarco_S22,Nyle DiMarco,22,4,2,8.0
Nyle DiMarco_S22,Nyle DiMarco,22,4,3,9.0
Nyle DiMarco_S22,Nyle DiMarco,22,4,4,9.0
Nyle DiMarco_S22,Nyle DiMarco,22,5,1,9.0
Nyle DiMarco_S22,Nyle DiMarco,22,5,2,10.0
Nyle DiMarco_S22,Nyle DiMarco,22,5,3,9.0
Nyle DiMarco_S22,Nyle DiMarco,22,5,4,9.0
Nyle DiMarco_S22,Nyle DiMarco,22,6,1,8.0
Nyle DiMarco_S22,Nyle DiMarco,22,6,2,8.0
Nyle DiMarco_S22,Nyle DiMarco,22,6,3,9.0
Nyle DiMarco_S22,Nyle DiMarco,22,7,1,9.5
Nyle DiMarco_S22,Nyle DiMarco,22,7,2,9.0
Nyle DiMarco_S22,Nyle DiMarco,22,7,3,9.5
Nyle DiMarco_S22,Nyle DiMarco,22,8,1,10.0
Nyle DiMarco_S22,Nyle DiMarco,22,8,2,9.0
Nyle DiMarco_S22,Nyle DiMarco,22,8,3,10.0
Nyle DiMarco_S22,Nyle DiMarco,22,9,1,9.5
Nyle DiMarco_S22,Nyle DiMarco,22,9,2,9.5
Nyle DiMarco_S22,Nyle DiMarco,22,9,3,9.5
Nyle DiMarco_S22,Nyle DiMarco,22,10,1,9.6666
Nyle DiMarco_S22,Nyle DiMarco,22,10,2,9.6666
Nyle DiMarco_S22,Nyle DiMarco,22,10,3,9.6666
Ginger Zee_S22,Ginger Zee,22,1,1,8.0
Ginger Zee_S22,Ginger Zee,22,1,2,7.0
Ginger Zee_S22,Ginger Zee,22,1,3,8.0
Ginger Zee_S22,Ginger Zee,22,2,1,7.0
Ginger Zee_S22,Ginger Zee,22,2,2,7.0
Ginger Zee_S22,Ginger Zee,22,2,3,7.0
Ginger Zee_S22,Ginger Zee,22,3,1,7.0
Ginger Zee_S22,Ginger Zee,22,3,2,7.0
Ginger Zee_S22,Ginger Zee,22,3,3,7.0
Ginger Zee_S22,Ginger Zee,22,4,1,9.0
Ginger Zee_S22,Ginger Zee,22,4,2,9.0
Ginger Zee_S22,Ginger Zee,22,4,3,9.0
Ginger Zee_S22,Ginger Zee,22,4,4,9.0
Ginger Zee_S22,Ginger Zee,22,5,1,8.0
Ginger Zee_S22,Ginger Zee,22,5,2,8.0
Ginger Zee_S22,Ginger Zee,22,5,3,8.0
Ginger Zee_S22,Ginger Zee,22,5,4,8.0
Ginger Zee_S22,Ginger Zee,22,6,1,8.0
Ginger Zee_S22,Ginger Zee,22,6,2,8.0
Ginger Zee_S22,Ginger Zee,22,6,3,8.0
Ginger Zee_S22,Ginger Zee,22,7,1,9.0
Ginger Zee_S22,Ginger Zee,22,7,2,9.0
Ginger Zee_S22,Ginger Zee,22,7,3,9.5
Ginger Zee_S22,Ginger Zee,22,8,1,10.0
Ginger Zee_S22,Ginger Zee,22,8,2,10.0
Ginger Zee_S22,Ginger Zee,22,8,3,10.0
Ginger Zee_S22,Ginger Zee,22,9,1,9.0
Ginger Zee_S22,Ginger Zee,22,9,2,9.5
Ginger Zee_S22,Ginger Zee,22,9,3,9.5
Ginger Zee_S22,Ginger Zee,22,10,1,9.3333
Ginger Zee_S22,Ginger Zee,22,10,2,9.6666
Ginger Zee_S22,Ginger Zee,22,10,3,9.3333
Wanya Morris_S22,Wanya Morris,22,1,1,8.0
Wanya Morris_S22,Wanya Morris,22,1,2,7.0
Wanya Morris_S22,Wanya Morris,22,1,3,8.0
Wanya Morris_S22,Wanya Morris,22,2,1,8.0
Wanya Morris_S22,Wanya Morris,22,2,2,8.0
Wanya Morris_S22,Wanya Morris,22,2,3,8.0
Wanya Morris_S22,Wanya Morris,22,3,1,8.0
Wanya Morris_S22,Wanya Morris,22,3,2,8.0
Wanya Morris_S22,Wanya Morris,22,3,3,8.0
Wanya Morris_S22,Wanya Morris,22,4,1,8.0
Wanya Morris_S22,Wanya Morris,22,4,2,9.0
Wanya Morris_S22,Wanya Morris,22,4,3,9.0
Wanya Morris_S22,Wanya Morris,22,4,4,9.0
Wanya Morris_S22,Wanya Morris,22,5,1,8.0
Wanya Morris_S22,Wanya Morris,22,5,2,7.0
Wanya Morris_S22,Wanya Morris,22,5,3,7.0
Wanya Morris_S22,Wanya Morris,22,5,4,8.0
Wanya Morris_S22,Wanya Morris,22,6,1,10.0
Wanya Morris_S22,Wanya Morris,22,6,2,9.0
Wanya Morris_S22,Wanya Morris,22,6,3,10.0
Wanya Morris_S22,Wanya Morris,22,7,1,9.0
Wanya Morris_S22,Wanya Morris,22,7,2,9.0
Wanya Morris_S22,Wanya Morris,22,7,3,9.5
Wanya Morris_S22,Wanya Morris,22,8,1,8.0
Wanya Morris_S22,Wanya Morris,22,8,2,8.0
Wanya Morris_S22,Wanya Morris,22,8,3,9.0
Wanya Morris_S22,Wanya Morris,22,9,1,10.0
Wanya Morris_S22,Wanya Morris,22,9,2,10.0
Wanya Morris_S22,Wanya Morris,22,9,3,10.0
Wanya Morris_S22,Wanya Morris,22,10,1,0.0
Wanya Morris_S22,Wanya Morris,22,10,2,0.0
Wanya Morris_S22,Wanya Morris,22,10,3,0.0
Marla Maples_S22,Marla Maples,22,1,1,7.0
Marla Maples_S22,Marla Maples,22,1,2,7.0
Marla Maples_S22,Marla Maples,22,1,3,7.0
Marla Maples_S22,Marla Maples,22,2,1,7.0
Marla Maples_S22,Marla Maples,22,2,2,6.0
Marla Maples_S22,Marla Maples,22,2,3,7.0
Marla Maples_S22,Marla Maples,22,3,1,7.0
Marla Maples_S22,Marla Maples,22,3,2,7.0
Marla Maples_S22,Marla Maples,22,3,3,7.0
Marla Maples_S22,Marla Maples,22,4,1,7.0
Marla Maples_S22,Marla Maples,22,4,2,7.0
Marla Maples_S22,Marla Maples,22,4,3,7.0
Marla Maples_S22,Marla Maples,22,4,4,7.0
Marla Maples_S22,Marla Maples,22,5,1,0.0
Marla Maples_S22,Marla Maples,22,5,2,0.0
Marla Maples_S22,Marla Maples,22,5,3,0.0
Marla Maples_S22,Marla Maples,22,5,4,0.0
Marla Maples_S22,Marla Maples,22,6,1,0.0
Marla Maples_S22,Marla Maples,22,6,2,0.0
Marla Maples_S22,Marla Maples,22,6,3,0.0
Marla Maples_S22,Marla Maples,22,7,1,0.0
Marla Maples_S22,Marla Maples,22,7,2,0.0
Marla Maples_S22,Marla Maples,22,7,3,0.0
Marla Maples_S22,Marla Maples,22,8,1,0.0
Marla Maples_S22,Marla Maples,22,8,2,0.0
Marla Maples_S22,Marla Maples,22,8,3,0.0
Marla Maples_S22,Marla Maples,22,9,1,0.0
Marla Maples_S22,Marla Maples,22,9,2,0.0
Marla Maples_S22,Marla Maples,22,9,3,0.0
Marla Maples_S22,Marla Maples,22,10,1,0.0
Marla Maples_S22,Marla Maples,22,10,2,0.0
Marla Maples_S22,Marla Maples,22,10,3,0.0
Jake T. Austin_S23,Jake T. Austin,23,1,1,5.0
Jake T. Austin_S23,Jake T. Austin,23,1,2,6.0
Jake T. Austin_S23,Jake T. Austin,23,1,3,5.0
Jake T. Austin_S23,Jake T. Austin,23,1,4,6.0
Jake T. Austin_S23,Jake T. Austin,23,2,1,6.0
Jake T. Austin_S23,Jake T. Austin,23,2,2,6.0
Jake T. Austin_S23,Jake T. Austin,23,2,3,6.0
Jake T. Austin_S23,Jake T. Austin,23,2,4,6.0
Jake T. Austin_S23,Jake T. Austin,23,3,1,0.0
Jake T. Austin_S23,Jake T. Austin,23,3,2,0.0
Jake T. Austin_S23,Jake T. Austin,23,3,3,0.0
Jake T. Austin_S23,Jake T. Austin,23,3,4,0.0
Jake T. Austin_S23,Jake T. Austin,23,4,1,0.0
Jake T. Austin_S23,Jake T. Austin,23,4,2,0.0
Jake T. Austin_S23,Jake T. Austin,23,4,3,0.0
Jake T. Austin_S23,Jake T. Austin,23,5,1,0.0
Jake T. Austin_S23,Jake T. Austin,23,5,2,0.0
Jake T. Austin_S23,Jake T. Austin,23,5,3,0.0
Jake T. Austin_S23,Jake T. Austin,23,6,1,0.0
Jake T. Austin_S23,Jake T. Austin,23,6,2,0.0
Jake T. Austin_S23,Jake T. Austin,23,6,3,0.0
Jake T. Austin_S23,Jake T. Austin,23,6,4,0.0
Jake T. Austin_S23,Jake T. Austin,23,7,1,0.0
Jake T. Austin_S23,Jake T. Austin,23,7,2,0.0
Jake T. Austin_S23,Jake T. Austin,23,7,3,0.0
Jake T. Austin_S23,Jake T. Austin,23,7,4,0.0
Jake T. Austin_S23,Jake T. Austin,23,8,1,0.0
Jake T. Austin_S23,Jake T. Austin,23,8,2,0.0
Jake T. Austin_S23,Jake T. Austin,23,8,3,0.0
Jake T. Austin_S23,Jake T. Austin,23,9,1,0.0
Jake T. Austin_S23,Jake T. Austin,23,9,2,0.0
Jake T. Austin_S23,Jake T. Austin,23,9,3,0.0
Jake T. Austin_S23,Jake T. Austin,23,9,4,0.0
Jake T. Austin_S23,Jake T. Austin,23,10,1,0.0
Jake T. Austin_S23,Jake T. Austin,23,10,2,0.0
Jake T. Austin_S23,Jake T. Austin,23,10,3,0.0
Jake T. Austin_S23,Jake T. Austin,23,11,1,0.0
Jake T. Austin_S23,Jake T. Austin,23,11,2,0.0
Jake T. Austin_S23,Jake T. Austin,23,11,3,0.0
Jake T. Austin_S23,Jake T. Austin,23,11,4,0.0
Maureen McCormick_S23,Maureen McCormick,23,1,1,6.0
Maureen McCormick_S23,Maureen McCormick,23,1,2,5.0
Maureen McCormick_S23,Maureen McCormick,23,1,3,5.0
Maureen McCormick_S23,Maureen McCormick,23,1,4,6.0
Maureen McCormick_S23,Maureen McCormick,23,2,1,7.0
Maureen McCormick_S23,Maureen McCormick,23,2,2,6.0
Maureen McCormick_S23,Maureen McCormick,23,2,3,6.0
Maureen McCormick_S23,Maureen McCormick,23,2,4,7.0
Maureen McCormick_S23,Maureen McCormick,23,3,1,7.0
Maureen McCormick_S23,Maureen McCormick,23,3,2,7.0
Maureen McCormick_S23,Maureen McCormick,23,3,3,7.0
Maureen McCormick_S23,Maureen McCormick,23,3,4,7.0
Maureen McCormick_S23,Maureen McCormick,23,4,1,8.0
Maureen McCormick_S23,Maureen McCormick,23,4,2,8.0
Maureen McCormick_S23,Maureen McCormick,23,4,3,8.0
Maureen McCormick_S23,Maureen McCormick,23,5,1,8.0
Maureen McCormick_S23,Maureen McCormick,23,5,2,8.0
Maureen McCormick_S23,Maureen McCormick,23,5,3,8.0
Maureen McCormick_S23,Maureen McCormick,23,6,1,8.0
Maureen McCormick_S23,Maureen McCormick,23,6,2,7.0
Maureen McCormick_S23,Maureen McCormick,23,6,3,8.0
Maureen McCormick_S23,Maureen McCormick,23,6,4,8.0
Maureen McCormick_S23,Maureen McCormick,23,7,1,8.5
Maureen McCormick_S23,Maureen McCormick,23,7,2,8.0
Maureen McCormick_S23,Maureen McCormick,23,7,3,8.0
Maureen McCormick_S23,Maureen McCormick,23,7,4,8.5
Maureen McCormick_S23,Maureen McCormick,23,8,1,0.0
Maureen McCormick_S23,Maureen McCormick,23,8,2,0.0
Maureen McCormick_S23,Maureen McCormick,23,8,3,0.0
Maureen McCormick_S23,Maureen McCormick,23,9,1,0.0
Maureen McCormick_S23,Maureen McCormick,23,9,2,0.0
Maureen McCormick_S23,Maureen McCormick,23,9,3,0.0
Maureen McCormick_S23,Maureen McCormick,23,9,4,0.0
Maureen McCormick_S23,Maureen McCormick,23,10,1,0.0
Maureen McCormick_S23,Maureen McCormick,23,10,2,0.0
Maureen McCormick_S23,Maureen McCormick,23,10,3,0.0
Maureen McCormick_S23,Maureen McCormick,23,11,1,0.0
Maureen McCormick_S23,Maureen McCormick,23,11,2,0.0
Maureen McCormick_S23,Maureen McCormick,23,11,3,0.0
Maureen McCormick_S23,Maureen McCormick,23,11,4,0.0
Marilu Henner_S23,Marilu Henner,23,1,1,7.0
Marilu Henner_S23,Marilu Henner,23,1,2,7.0
Marilu Henner_S23,Marilu Henner,23,1,3,6.0
Marilu Henner_S23,Marilu Henner,23,1,4,7.0
Marilu Henner_S23,Marilu Henner,23,2,1,7.0
Marilu Henner_S23,Marilu Henner,23,2,2,6.0
Marilu Henner_S23,Marilu Henner,23,2,3,7.0
Marilu Henner_S23,Marilu Henner,23,2,4,7.0
Marilu Henner_S23,Marilu Henner,23,3,1,7.0
Marilu Henner_S23,Marilu Henner,23,3,2,7.0
Marilu Henner_S23,Marilu Henner,23,3,3,7.0
Marilu Henner_S23,Marilu Henner,23,3,4,7.0
Marilu Henner_S23,Marilu Henner,23,4,1,7.0
Marilu Henner_S23,Marilu Henner,23,4,2,7.0
Marilu Henner_S23,Marilu Henner,23,4,3,7.0
Marilu Henner_S23,Marilu Henner,23,5,1,9.0
Marilu Henner_S23,Marilu Henner,23,5,2,9.0
Marilu Henner_S23,Marilu Henner,23,5,3,9.0
Marilu Henner_S23,Marilu Henner,23,6,1,8.0
Marilu Henner_S23,Marilu Henner,23,6,2,9.0
Marilu Henner_S23,Marilu Henner,23,6,3,9.0
Marilu Henner_S23,Marilu Henner,23,6,4,8.0
Marilu Henner_S23,Marilu Henner,23,7,1,7.5
Marilu Henner_S23,Marilu Henner,23,7,2,8.0
Marilu Henner_S23,Marilu Henner,23,7,3,8.5
Marilu Henner_S23,Marilu Henner,23,7,4,8.0
Marilu Henner_S23,Marilu Henner,23,8,1,7.0
Marilu Henner_S23,Marilu Henner,23,8,2,8.0
Marilu Henner_S23,Marilu Henner,23,8,3,8.0
Marilu Henner_S23,Marilu Henner,23,9,1,9.0
Marilu Henner_S23,Marilu Henner,23,9,2,9.0
Marilu Henner_S23,Marilu Henner,23,9,3,9.0
Marilu Henner_S23,Marilu Henner,23,9,4,9.0
Marilu Henner_S23,Marilu Henner,23,10,1,0.0
Marilu Henner_S23,Marilu Henner,23,10,2,0.0
Marilu Henner_S23,Marilu Henner,23,10,3,0.0
Marilu Henner_S23,Marilu Henner,23,11,1,0.0
Marilu Henner_S23,Marilu Henner,23,11,2,0.0
Marilu Henner_S23,Marilu Henner,23,11,3,0.0
Marilu Henner_S23,Marilu Henner,23,11,4,0.0
Ryan Lochte_S23,Ryan Lochte,23,1,1,6.0
Ryan Lochte_S23,Ryan Lochte,23,1,2,6.0
Ryan Lochte_S23,Ryan Lochte,23,1,3,6.0
Ryan Lochte_S23,Ryan Lochte,23,1,4,6.0
Ryan Lochte_S23,Ryan Lochte,23,2,1,6.0
Ryan Lochte_S23,Ryan Lochte,23,2,2,6.0
Ryan Lochte_S23,Ryan Lochte,23,2,3,6.0
Ryan Lochte_S23,Ryan Lochte,23,2,4,6.0
Ryan Lochte_S23,Ryan Lochte,23,3,1,6.0
Ryan Lochte_S23,Ryan Lochte,23,3,2,7.0
Ryan Lochte_S23,Ryan Lochte,23,3,3,6.0
Ryan Lochte_S23,Ryan Lochte,23,3,4,6.0
Ryan Lochte_S23,Ryan Lochte,23,4,1,7.0
Ryan Lochte_S23,Ryan Lochte,23,4,2,7.0
Ryan Lochte_S23,Ryan Lochte,23,4,3,8.0
Ryan Lochte_S23,Ryan Lochte,23,5,1,8.0
Ryan Lochte_S23,Ryan Lochte,23,5,2,8.0
Ryan Lochte_S23,Ryan Lochte,23,5,3,8.0
Ryan Lochte_S23,Ryan Lochte,23,6,1,7.0
Ryan Lochte_S23,Ryan Lochte,23,6,2,8.0
Ryan Lochte_S23,Ryan Lochte,23,6,3,8.0
Ryan Lochte_S23,Ryan Lochte,23,6,4,7.0
Ryan Lochte_S23,Ryan Lochte,23,7,1,8.5
Ryan Lochte_S23,Ryan Lochte,23,7,2,8.0
Ryan Lochte_S23,Ryan Lochte,23,7,3,8.0
Ryan Lochte_S23,Ryan Lochte,23,7,4,8.5
Ryan Lochte_S23,Ryan Lochte,23,8,1,8.0
Ryan Lochte_S23,Ryan Lochte,23,8,2,9.0
Ryan Lochte_S23,Ryan Lochte,23,8,3,9.0
Ryan Lochte_S23,Ryan Lochte,23,9,1,0.0
Ryan Lochte_S23,Ryan Lochte,23,9,2,0.0
Ryan Lochte_S23,Ryan Lochte,23,9,3,0.0
Ryan Lochte_S23,Ryan Lochte,23,9,4,0.0
Ryan Lochte_S23,Ryan Lochte,23,10,1,0.0
Ryan Lochte_S23,Ryan Lochte,23,10,2,0.0
Ryan Lochte_S23,Ryan Lochte,23,10,3,0.0
Ryan Lochte_S23,Ryan Lochte,23,11,1,0.0
Ryan Lochte_S23,Ryan Lochte,23,11,2,0.0
Ryan Lochte_S23,Ryan Lochte,23,11,3,0.0
Ryan Lochte_S23,Ryan Lochte,23,11,4,0.0
Calvin Johnson Jr._S23,Calvin Johnson Jr.,23,1,1,7.0
Calvin Johnson Jr._S23,Calvin Johnson Jr.,23,1,2,6.0
Calvin Johnson Jr._S23,Calvin Johnson Jr.,23,1,3,6.0
Calvin Johnson Jr._S23,Calvin Johnson Jr.,23,1,4,7.0
Calvin Johnson Jr._S23,Calvin Johnson Jr.,23,2,1,7.0
Calvin Johnson Jr._S23,Calvin Johnson Jr.,23,2,2,7.0
Calvin Johnson Jr._S23,Calvin Johnson Jr.,23,2,3,7.0
Calvin Johnson Jr._S23,Calvin Johnson Jr.,23,2,4,7.0
Calvin Johnson Jr._S23,Calvin Johnson Jr.,23,3,1,8.0
Calvin Johnson Jr._S23,Calvin Johnson Jr.,23,3,2,8.0
Calvin Johnson Jr._S23,Calvin Johnson Jr.,23,3,3,8.0
Calvin Johnson Jr._S23,Calvin Johnson Jr.,23,3,4,8.0
Calvin Johnson Jr._S23,Calvin Johnson Jr.,23,4,1,8.0
Calvin Johnson Jr._S23,Calvin Johnson Jr.,23,4,2,7.0
Calvin Johnson Jr._S23,Calvin Johnson Jr.,23,4,3,8.0
Calvin Johnson Jr._S23,Calvin Johnson Jr.,23,5,1,8.0
Calvin Johnson Jr._S23,Calvin Johnson Jr.,23,5,2,8.0
Calvin Johnson Jr._S23,Calvin Johnson Jr.,23,5,3,8.0
Calvin Johnson Jr._S23,Calvin Johnson Jr.,23,6,1,9.0
Calvin Johnson Jr._S23,Calvin Johnson Jr.,23,6,2,10.0
Calvin Johnson Jr._S23,Calvin Johnson Jr.,23,6,3,9.0
Calvin Johnson Jr._S23,Calvin Johnson Jr.,23,6,4,9.0
Calvin Johnson Jr._S23,Calvin Johnson Jr.,23,7,1,9.5
Calvin Johnson Jr._S23,Calvin Johnson Jr.,23,7,2,9.0
Calvin Johnson Jr._S23,Calvin Johnson Jr.,23,7,3,9.0
Calvin Johnson Jr._S23,Calvin Johnson Jr.,23,7,4,9.5
Calvin Johnson Jr._S23,Calvin Johnson Jr.,23,8,1,10.0
Calvin Johnson Jr._S23,Calvin Johnson Jr.,23,8,2,10.0
Calvin Johnson Jr._S23,Calvin Johnson Jr.,23,8,3,10.0
Calvin Johnson Jr._S23,Calvin Johnson Jr.,23,9,1,9.0
Calvin Johnson Jr._S23,Calvin Johnson Jr.,23,9,2,9.0
Calvin Johnson Jr._S23,Calvin Johnson Jr.,23,9,3,10.0
Calvin Johnson Jr._S23,Calvin Johnson Jr.,23,9,4,9.0
Calvin Johnson Jr._S23,Calvin Johnson Jr.,23,10,1,9.0
Calvin Johnson Jr._S23,Calvin Johnson Jr.,23,10,2,9.5
Calvin Johnson Jr._S23,Calvin Johnson Jr.,23,10,3,9.5
Calvin Johnson Jr._S23,Calvin Johnson Jr.,23,11,1,9.3333
Calvin Johnson Jr._S23,Calvin Johnson Jr.,23,11,2,9.6666
Calvin Johnson Jr._S23,Calvin Johnson Jr.,23,11,3,9.6666
Calvin Johnson Jr._S23,Calvin Johnson Jr.,23,11,4,9.6666
Laurie Hernandez_S23,Laurie Hernandez,23,1,1,8.0
Laurie Hernandez_S23,Laurie Hernandez,23,1,2,8.0
Laurie Hernandez_S23,Laurie Hernandez,23,1,3,7.0
Laurie Hernandez_S23,Laurie Hernandez,23,1,4,8.0
Laurie Hernandez_S23,Laurie Hernandez,23,2,1,8.0
Laurie Hernandez_S23,Laurie Hernandez,23,2,2,8.0
Laurie Hernandez_S23,Laurie Hernandez,23,2,3,8.0
Laurie Hernandez_S23,Laurie Hernandez,23,2,4,8.0
Laurie Hernandez_S23,Laurie Hernandez,23,3,1,7.0
Laurie Hernandez_S23,Laurie Hernandez,23,3,2,8.0
Laurie Hernandez_S23,Laurie Hernandez,23,3,3,8.0
Laurie Hernandez_S23,Laurie Hernandez,23,3,4,8.0
Laurie Hernandez_S23,Laurie Hernandez,23,4,1,10.0
Laurie Hernandez_S23,Laurie Hernandez,23,4,2,10.0
Laurie Hernandez_S23,Laurie Hernandez,23,4,3,10.0
Laurie Hernandez_S23,Laurie Hernandez,23,5,1,8.0
Laurie Hernandez_S23,Laurie Hernandez,23,5,2,9.0
Laurie Hernandez_S23,Laurie Hernandez,23,5,3,8.0
Laurie Hernandez_S23,Laurie Hernandez,23,6,1,9.0
Laurie Hernandez_S23,Laurie Hernandez,23,6,2,9.0
Laurie Hernandez_S23,Laurie Hernandez,23,6,3,9.0
Laurie Hernandez_S23,Laurie Hernandez,23,6,4,10.0
Laurie Hernandez_S23,Laurie Hernandez,23,7,1,8.0
Laurie Hernandez_S23,Laurie Hernandez,23,7,2,8.5
Laurie Hernandez_S23,Laurie Hernandez,23,7,3,9.0
Laurie Hernandez_S23,Laurie Hernandez,23,7,4,9.0
Laurie Hernandez_S23,Laurie Hernandez,23,8,1,11.0
Laurie Hernandez_S23,Laurie Hernandez,23,8,2,11.0
Laurie Hernandez_S23,Laurie Hernandez,23,8,3,11.0
Laurie Hernandez_S23,Laurie Hernandez,23,9,1,10.0
Laurie Hernandez_S23,Laurie Hernandez,23,9,2,10.0
Laurie Hernandez_S23,Laurie Hernandez,23,9,3,10.0
Laurie Hernandez_S23,Laurie Hernandez,23,9,4,10.0
Laurie Hernandez_S23,Laurie Hernandez,23,10,1,10.0
Laurie Hernandez_S23,Laurie Hernandez,23,10,2,10.0
Laurie Hernandez_S23,Laurie Hernandez,23,10,3,10.0
Laurie Hernandez_S23,Laurie Hernandez,23,11,1,9.6666
Laurie Hernandez_S23,Laurie Hernandez,23,11,2,10.0
Laurie Hernandez_S23,Laurie Hernandez,23,11,3,9.6666
Laurie Hernandez_S23,Laurie Hernandez,23,11,4,10.0
Amber Rose_S23,Amber Rose,23,1,1,6.0
Amber Rose_S23,Amber Rose,23,1,2,6.0
Amber Rose_S23,Amber Rose,23,1,3,6.0
Amber Rose_S23,Amber Rose,23,1,4,6.0
Amber Rose_S23,Amber Rose,23,2,1,6.0
Amber Rose_S23,Amber Rose,23,2,2,6.0
Amber Rose_S23,Amber Rose,23,2,3,6.0
Amber Rose_S23,Amber Rose,23,2,4,6.0
Amber Rose_S23,Amber Rose,23,3,1,7.0
Amber Rose_S23,Amber Rose,23,3,2,6.0
Amber Rose_S23,Amber Rose,23,3,3,6.0
Amber Rose_S23,Amber Rose,23,3,4,6.0
Amber Rose_S23,Amber Rose,23,4,1,8.0
Amber Rose_S23,Amber Rose,23,4,2,8.0
Amber Rose_S23,Amber Rose,23,4,3,8.0
Amber Rose_S23,Amber Rose,23,5,1,8.0
Amber Rose_S23,Amber Rose,23,5,2,8.0
Amber Rose_S23,Amber Rose,23,5,3,8.0
Amber Rose_S23,Amber Rose,23,6,1,7.0
Amber Rose_S23,Amber Rose,23,6,2,7.0
Amber Rose_S23,Amber Rose,23,6,3,7.0
Amber Rose_S23,Amber Rose,23,6,4,7.0
Amber Rose_S23,Amber Rose,23,7,1,0.0
Amber Rose_S23,Amber Rose,23,7,2,0.0
Amber Rose_S23,Amber Rose,23,7,3,0.0
Amber Rose_S23,Amber Rose,23,7,4,0.0
Amber Rose_S23,Amber Rose,23,8,1,0.0
Amber Rose_S23,Amber Rose,23,8,2,0.0
Amber Rose_S23,Amber Rose,23,8,3,0.0
Amber Rose_S23,Amber Rose,23,9,1,0.0
Amber Rose_S23,Amber Rose,23,9,2,0.0
Amber Rose_S23,Amber Rose,23,9,3,0.0
Amber Rose_S23,Amber Rose,23,9,4,0.0
Amber Rose_S23,Amber Rose,23,10,1,0.0
Amber Rose_S23,Amber Rose,23,10,2,0.0
Amber Rose_S23,Amber Rose,23,10,3,0.0
Amber Rose_S23,Amber Rose,23,11,1,0.0
Amber Rose_S23,Amber Rose,23,11,2,0.0
Amber Rose_S23,Amber Rose,23,11,3,0.0
Amber Rose_S23,Amber Rose,23,11,4,0.0
Rick Perry_S23,Rick Perry,23,1,1,5.0
Rick Perry_S23,Rick Perry,23,1,2,5.0
Rick Perry_S23,Rick Perry,23,1,3,5.0
Rick Perry_S23,Rick Perry,23,1,4,5.0
Rick Perry_S23,Rick Perry,23,2,1,6.0
Rick Perry_S23,Rick Perry,23,2,2,5.0
Rick Perry_S23,Rick Perry,23,2,3,6.0
Rick Perry_S23,Rick Perry,23,2,4,5.0
Rick Perry_S23,Rick Perry,23,3,1,6.0
Rick Perry_S23,Rick Perry,23,3,2,5.0
Rick Perry_S23,Rick Perry,23,3,3,6.0
Rick Perry_S23,Rick Perry,23,3,4,6.0
Rick Perry_S23,Rick Perry,23,4,1,0.0
Rick Perry_S23,Rick Perry,23,4,2,0.0
Rick Perry_S23,Rick Perry,23,4,3,0.0
Rick Perry_S23,Rick Perry,23,5,1,0.0
Rick Perry_S23,Rick Perry,23,5,2,0.0
Rick Perry_S23,Rick Perry,23,5,3,0.0
Rick Perry_S23,Rick Perry,23,6,1,0.0
Rick Perry_S23,Rick Perry,23,6,2,0.0
Rick Perry_S23,Rick Perry,23,6,3,0.0
Rick Perry_S23,Rick Perry,23,6,4,0.0
Rick Perry_S23,Rick Perry,23,7,1,0.0
Rick Perry_S23,Rick Perry,23,7,2,0.0
Rick Perry_S23,Rick Perry,23,7,3,0.0
Rick Perry_S23,Rick Perry,23,7,4,0.0
Rick Perry_S23,Rick Perry,23,8,1,0.0
Rick Perry_S23,Rick Perry,23,8,2,0.0
Rick Perry_S23,Rick Perry,23,8,3,0.0
Rick Perry_S23,Rick Perry,23,9,1,0.0
Rick Perry_S23,Rick Perry,23,9,2,0.0
Rick Perry_S23,Rick Perry,23,9,3,0.0
Rick Perry_S23,Rick Perry,23,9,4,0.0
Rick Perry_S23,Rick Perry,23,10,1,0.0
Rick Perry_S23,Rick Perry,23,10,2,0.0
Rick Perry_S23,Rick Perry,23,10,3,0.0
Rick Perry_S23,Rick Perry,23,11,1,0.0
Rick Perry_S23,Rick Perry,23,11,2,0.0
Rick Perry_S23,Rick Perry,23,11,3,0.0
Rick Perry_S23,Rick Perry,23,11,4,0.0
James Hinchcliffe_S23,James Hinchcliffe,23,1,1,8.0
James Hinchcliffe_S23,James Hinchcliffe,23,1,2,8.0
James Hinchcliffe_S23,James Hinchcliffe,23,1,3,7.0
James Hinchcliffe_S23,James Hinchcliffe,23,1,4,8.0
James Hinchcliffe_S23,James Hinchcliffe,23,2,1,7.0
James Hinchcliffe_S23,James Hinchcliffe,23,2,2,7.0
James Hinchcliffe_S23,James Hinchcliffe,23,2,3,7.0
James Hinchcliffe_S23,James Hinchcliffe,23,2,4,8.0
James Hinchcliffe_S23,James Hinchcliffe,23,3,1,7.0
James Hinchcliffe_S23,James Hinchcliffe,23,3,2,7.0
James Hinchcliffe_S23,James Hinchcliffe,23,3,3,8.0
James Hinchcliffe_S23,James Hinchcliffe,23,3,4,7.0
James Hinchcliffe_S23,James Hinchcliffe,23,4,1,9.0
James Hinchcliffe_S23,James Hinchcliffe,23,4,2,9.0
James Hinchcliffe_S23,James Hinchcliffe,23,4,3,10.0
James Hinchcliffe_S23,James Hinchcliffe,23,5,1,10.0
James Hinchcliffe_S23,James Hinchcliffe,23,5,2,9.0
James Hinchcliffe_S23,James Hinchcliffe,23,5,3,10.0
James Hinchcliffe_S23,James Hinchcliffe,23,6,1,10.0
James Hinchcliffe_S23,James Hinchcliffe,23,6,2,9.0
James Hinchcliffe_S23,James Hinchcliffe,23,6,3,9.0
James Hinchcliffe_S23,James Hinchcliffe,23,6,4,10.0
James Hinchcliffe_S23,James Hinchcliffe,23,7,1,9.5
James Hinchcliffe_S23,James Hinchcliffe,23,7,2,9.0
James Hinchcliffe_S23,James Hinchcliffe,23,7,3,9.0
James Hinchcliffe_S23,James Hinchcliffe,23,7,4,9.5
James Hinchcliffe_S23,James Hinchcliffe,23,8,1,11.6666
James Hinchcliffe_S23,James Hinchcliffe,23,8,2,11.6666
James Hinchcliffe_S23,James Hinchcliffe,23,8,3,11.6666
James Hinchcliffe_S23,James Hinchcliffe,23,9,1,9.0
James Hinchcliffe_S23,James Hinchcliffe,23,9,2,9.0
James Hinchcliffe_S23,James Hinchcliffe,23,9,3,9.0
James Hinchcliffe_S23,James Hinchcliffe,23,9,4,9.0
James Hinchcliffe_S23,James Hinchcliffe,23,10,1,9.5
James Hinchcliffe_S23,James Hinchcliffe,23,10,2,10.0
James Hinchcliffe_S23,James Hinchcliffe,23,10,3,10.0
James Hinchcliffe_S23,James Hinchcliffe,23,11,1,9.6666
James Hinchcliffe_S23,James Hinchcliffe,23,11,2,9.6666
James Hinchcliffe_S23,James Hinchcliffe,23,11,3,9.6666
James Hinchcliffe_S23,James Hinchcliffe,23,11,4,10.0
Babyface_S23,Babyface,23,1,1,7.0
Babyface_S23,Babyface,23,1,2,6.0
Babyface_S23,Babyface,23,1,3,6.0
Babyface_S23,Babyface,23,1,4,7.0
Babyface_S23,Babyface,23,2,1,8.0
Babyface_S23,Babyface,23,2,2,7.0
Babyface_S23,Babyface,23,2,3,7.0
Babyface_S23,Babyface,23,2,4,8.0
Babyface_S23,Babyface,23,3,1,7.0
Babyface_S23,Babyface,23,3,2,6.0
Babyface_S23,Babyface,23,3,3,6.0
Babyface_S23,Babyface,23,3,4,6.0
Babyface_S23,Babyface,23,4,1,6.0
Babyface_S23,Babyface,23,4,2,6.0
Babyface_S23,Babyface,23,4,3,6.0
Babyface_S23,Babyface,23,5,1,0.0
Babyface_S23,Babyface,23,5,2,0.0
Babyface_S23,Babyface,23,5,3,0.0
Babyface_S23,Babyface,23,6,1,0.0
Babyface_S23,Babyface,23,6,2,0.0
Babyface_S23,Babyface,23,6,3,0.0
Babyface_S23,Babyface,23,6,4,0.0
Babyface_S23,Babyface,23,7,1,0.0
Babyface_S23,Babyface,23,7,2,0.0
Babyface_S23,Babyface,23,7,3,0.0
Babyface_S23,Babyface,23,7,4,0.0
Babyface_S23,Babyface,23,8,1,0.0
Babyface_S23,Babyface,23,8,2,0.0
Babyface_S23,Babyface,23,8,3,0.0
Babyface_S23,Babyface,23,9,1,0.0
Babyface_S23,Babyface,23,9,2,0.0
Babyface_S23,Babyface,23,9,3,0.0
Babyface_S23,Babyface,23,9,4,0.0
Babyface_S23,Babyface,23,10,1,0.0
Babyface_S23,Babyface,23,10,2,0.0
Babyface_S23,Babyface,23,10,3,0.0
Babyface_S23,Babyface,23,11,1,0.0
Babyface_S23,Babyface,23,11,2,0.0
Babyface_S23,Babyface,23,11,3,0.0
Babyface_S23,Babyface,23,11,4,0.0
Vanilla Ice_S23,Vanilla Ice,23,1,1,7.0
Vanilla Ice_S23,Vanilla Ice,23,1,2,5.0
Vanilla Ice_S23,Vanilla Ice,23,1,3,6.0
Vanilla Ice_S23,Vanilla Ice,23,1,4,7.0
Vanilla Ice_S23,Vanilla Ice,23,2,1,6.0
Vanilla Ice_S23,Vanilla Ice,23,2,2,7.0
Vanilla Ice_S23,Vanilla Ice,23,2,3,6.0
Vanilla Ice_S23,Vanilla Ice,23,2,4,7.0
Vanilla Ice_S23,Vanilla Ice,23,3,1,6.0
Vanilla Ice_S23,Vanilla Ice,23,3,2,6.0
Vanilla Ice_S23,Vanilla Ice,23,3,3,5.0
Vanilla Ice_S23,Vanilla Ice,23,3,4,6.0
Vanilla Ice_S23,Vanilla Ice,23,4,1,8.0
Vanilla Ice_S23,Vanilla Ice,23,4,2,7.0
Vanilla Ice_S23,Vanilla Ice,23,4,3,8.0
Vanilla Ice_S23,Vanilla Ice,23,5,1,0.0
Vanilla Ice_S23,Vanilla Ice,23,5,2,0.0
Vanilla Ice_S23,Vanilla Ice,23,5,3,0.0
Vanilla Ice_S23,Vanilla Ice,23,6,1,0.0
Vanilla Ice_S23,Vanilla Ice,23,6,2,0.0
Vanilla Ice_S23,Vanilla Ice,23,6,3,0.0
Vanilla Ice_S23,Vanilla Ice,23,6,4,0.0
Vanilla Ice_S23,Vanilla Ice,23,7,1,0.0
Vanilla Ice_S23,Vanilla Ice,23,7,2,0.0
Vanilla Ice_S23,Vanilla Ice,23,7,3,0.0
Vanilla Ice_S23,Vanilla Ice,23,7,4,0.0
Vanilla Ice_S23,Vanilla Ice,23,8,1,0.0
Vanilla Ice_S23,Vanilla Ice,23,8,2,0.0
Vanilla Ice_S23,Vanilla Ice,23,8,3,0.0
Vanilla Ice_S23,Vanilla Ice,23,9,1,0.0
Vanilla Ice_S23,Vanilla Ice,23,9,2,0.0
Vanilla Ice_S23,Vanilla Ice,23,9,3,0.0
Vanilla Ice_S23,Vanilla Ice,23,9,4,0.0
Vanilla Ice_S23,Vanilla Ice,23,10,1,0.0
Vanilla Ice_S23,Vanilla Ice,23,10,2,0.0
Vanilla Ice_S23,Vanilla Ice,23,10,3,0.0
Vanilla Ice_S23,Vanilla Ice,23,11,1,0.0
Vanilla Ice_S23,Vanilla Ice,23,11,2,0.0
Vanilla Ice_S23,Vanilla Ice,23,11,3,0.0
Vanilla Ice_S23,Vanilla Ice,23,11,4,0.0
Jana Kramer_S23,Jana Kramer,23,1,1,7.0
Jana Kramer_S23,Jana Kramer,23,1,2,6.0
Jana Kramer_S23,Jana Kramer,23,1,3,6.0
Jana Kramer_S23,Jana Kramer,23,1,4,8.0
Jana Kramer_S23,Jana Kramer,23,2,1,7.0
Jana Kramer_S23,Jana Kramer,23,2,2,8.0
Jana Kramer_S23,Jana Kramer,23,2,3,7.0
Jana Kramer_S23,Jana Kramer,23,2,4,7.0
Jana Kramer_S23,Jana Kramer,23,3,1,6.0
Jana Kramer_S23,Jana Kramer,23,3,2,7.0
Jana Kramer_S23,Jana Kramer,23,3,3,6.0
Jana Kramer_S23,Jana Kramer,23,3,4,7.0
Jana Kramer_S23,Jana Kramer,23,4,1,8.0
Jana Kramer_S23,Jana Kramer,23,4,2,7.0
Jana Kramer_S23,Jana Kramer,23,4,3,8.0
Jana Kramer_S23,Jana Kramer,23,5,1,9.0
Jana Kramer_S23,Jana Kramer,23,5,2,8.0
Jana Kramer_S23,Jana Kramer,23,5,3,9.0
Jana Kramer_S23,Jana Kramer,23,6,1,10.0
Jana Kramer_S23,Jana Kramer,23,6,2,10.0
Jana Kramer_S23,Jana Kramer,23,6,3,10.0
Jana Kramer_S23,Jana Kramer,23,6,4,10.0
Jana Kramer_S23,Jana Kramer,23,7,1,8.0
Jana Kramer_S23,Jana Kramer,23,7,2,8.5
Jana Kramer_S23,Jana Kramer,23,7,3,9.0
Jana Kramer_S23,Jana Kramer,23,7,4,9.0
Jana Kramer_S23,Jana Kramer,23,8,1,10.0
Jana Kramer_S23,Jana Kramer,23,8,2,10.0
Jana Kramer_S23,Jana Kramer,23,8,3,10.0
Jana Kramer_S23,Jana Kramer,23,9,1,10.0
Jana Kramer_S23,Jana Kramer,23,9,2,10.0
Jana Kramer_S23,Jana Kramer,23,9,3,10.0
Jana Kramer_S23,Jana Kramer,23,9,4,10.0
Jana Kramer_S23,Jana Kramer,23,10,1,9.5
Jana Kramer_S23,Jana Kramer,23,10,2,9.5
Jana Kramer_S23,Jana Kramer,23,10,3,10.0
Jana Kramer_S23,Jana Kramer,23,11,1,8.5
Jana Kramer_S23,Jana Kramer,23,11,2,9.0
Jana Kramer_S23,Jana Kramer,23,11,3,9.0
Jana Kramer_S23,Jana Kramer,23,11,4,9.0
Terra Jole_S23,Terra Jole,23,1,1,7.0
Terra Jole_S23,Terra Jole,23,1,2,6.0
Terra Jole_S23,Terra Jole,23,1,3,6.0
Terra Jole_S23,Terra Jole,23,1,4,6.0
Terra Jole_S23,Terra Jole,23,2,1,8.0
Terra Jole_S23,Terra Jole,23,2,2,7.0
Terra Jole_S23,Terra Jole,23,2,3,8.0
Terra Jole_S23,Terra Jole,23,2,4,8.0
Terra Jole_S23,Terra Jole,23,3,1,8.0
Terra Jole_S23,Terra Jole,23,3,2,7.0
Terra Jole_S23,Terra Jole,23,3,3,8.0
Terra Jole_S23,Terra Jole,23,3,4,7.0
Terra Jole_S23,Terra Jole,23,4,1,9.0
Terra Jole_S23,Terra Jole,23,4,2,8.0
Terra Jole_S23,Terra Jole,23,4,3,8.0
Terra Jole_S23,Terra Jole,23,5,1,9.0
Terra Jole_S23,Terra Jole,23,5,2,9.0
Terra Jole_S23,Terra Jole,23,5,3,9.0
Terra Jole_S23,Terra Jole,23,6,1,7.0
Terra Jole_S23,Terra Jole,23,6,2,8.0
Terra Jole_S23,Terra Jole,23,6,3,8.0
Terra Jole_S23,Terra Jole,23,6,4,7.0
Terra Jole_S23,Terra Jole,23,7,1,8.5
Terra Jole_S23,Terra Jole,23,7,2,8.5
Terra Jole_S23,Terra Jole,23,7,3,9.0
Terra Jole_S23,Terra Jole,23,7,4,8.5
Terra Jole_S23,Terra Jole,23,8,1,8.0
Terra Jole_S23,Terra Jole,23,8,2,8.0
Terra Jole_S23,Terra Jole,23,8,3,8.0
Terra Jole_S23,Terra Jole,23,9,1,10.0
Terra Jole_S23,Terra Jole,23,9,2,10.0
Terra Jole_S23,Terra Jole,23,9,3,9.0
Terra Jole_S23,Terra Jole,23,9,4,9.0
Terra Jole_S23,Terra Jole,23,10,1,10.0
Terra Jole_S23,Terra Jole,23,10,2,10.0
Terra Jole_S23,Terra Jole,23,10,3,10.0
Terra Jole_S23,Terra Jole,23,11,1,0.0
Terra Jole_S23,Terra Jole,23,11,2,0.0
Terra Jole_S23,Terra Jole,23,11,3,0.0
Terra Jole_S23,Terra Jole,23,11,4,0.0
Charo_S24,Charo,24,1,1,6.0
Charo_S24,Charo,24,1,2,5.0
Charo_S24,Charo,24,1,3,5.0
Charo_S24,Charo,24,1,4,5.0
Charo_S24,Charo,24,2,1,6.0
Charo_S24,Charo,24,2,2,6.0
Charo_S24,Charo,24,2,3,7.0
Charo_S24,Charo,24,2,4,6.0
Charo_S24,Charo,24,3,1,6.0
Charo_S24,Charo,24,3,2,6.0
Charo_S24,Charo,24,3,3,6.0
Charo_S24,Charo,24,3,4,6.0
Charo_S24,Charo,24,4,1,0.0
Charo_S24,Charo,24,4,2,0.0
Charo_S24,Charo,24,4,3,0.0
Charo_S24,Charo,24,4,4,0.0
Charo_S24,Charo,24,5,1,0.0
Charo_S24,Charo,24,5,2,0.0
Charo_S24,Charo,24,5,3,0.0
Charo_S24,Charo,24,5,4,0.0
Charo_S24,Charo,24,6,1,0.0
Charo_S24,Charo,24,6,2,0.0
Charo_S24,Charo,24,6,3,0.0
Charo_S24,Charo,24,6,4,0.0
Charo_S24,Charo,24,7,1,0.0
Charo_S24,Charo,24,7,2,0.0
Charo_S24,Charo,24,7,3,0.0
Charo_S24,Charo,24,7,4,0.0
Charo_S24,Charo,24,8,1,0.0
Charo_S24,Charo,24,8,2,0.0
Charo_S24,Charo,24,8,3,0.0
Charo_S24,Charo,24,8,4,0.0
Charo_S24,Charo,24,9,1,0.0
Charo_S24,Charo,24,9,2,0.0
Charo_S24,Charo,24,9,3,0.0
Charo_S24,Charo,24,9,4,0.0
Charo_S24,Charo,24,10,1,0.0
Charo_S24,Charo,24,10,2,0.0
Charo_S24,Charo,24,10,3,0.0
Charo_S24,Charo,24,10,4,0.0
Mr. T_S24,Mr. T,24,1,1,5.0
Mr. T_S24,Mr. T,24,1,2,5.0
Mr. T_S24,Mr. T,24,1,3,5.0
Mr. T_S24,Mr. T,24,1,4,5.0
Mr. T_S24,Mr. T,24,2,1,6.0
Mr. T_S24,Mr. T,24,2,2,5.0
Mr. T_S24,Mr. T,24,2,3,6.0
Mr. T_S24,Mr. T,24,2,4,5.0
Mr. T_S24,Mr. T,24,3,1,6.0
Mr. T_S24,Mr. T,24,3,2,6.0
Mr. T_S24,Mr. T,24,3,3,6.0
Mr. T_S24,Mr. T,24,3,4,6.0
Mr. T_S24,Mr. T,24,4,1,7.0
Mr. T_S24,Mr. T,24,4,2,7.0
Mr. T_S24,Mr. T,24,4,3,7.0
Mr. T_S24,Mr. T,24,4,4,7.0
Mr. T_S24,Mr. T,24,5,1,0.0
Mr. T_S24,Mr. T,24,5,2,0.0
Mr. T_S24,Mr. T,24,5,3,0.0
Mr. T_S24,Mr. T,24,5,4,0.0
Mr. T_S24,Mr. T,24,6,1,0.0
Mr. T_S24,Mr. T,24,6,2,0.0
Mr. T_S24,Mr. T,24,6,3,0.0
Mr. T_S24,Mr. T,24,6,4,0.0
Mr. T_S24,Mr. T,24,7,1,0.0
Mr. T_S24,Mr. T,24,7,2,0.0
Mr. T_S24,Mr. T,24,7,3,0.0
Mr. T_S24,Mr. T,24,7,4,0.0
Mr. T_S24,Mr. T,24,8,1,0.0
Mr. T_S24,Mr. T,24,8,2,0.0
Mr. T_S24,Mr. T,24,8,3,0.0
Mr. T_S24,Mr. T,24,8,4,0.0
Mr. T_S24,Mr. T,24,9,1,0.0
Mr. T_S24,Mr. T,24,9,2,0.0
Mr. T_S24,Mr. T,24,9,3,0.0
Mr. T_S24,Mr. T,24,9,4,0.0
Mr. T_S24,Mr. T,24,10,1,0.0
Mr. T_S24,Mr. T,24,10,2,0.0
Mr. T_S24,Mr. T,24,10,3,0.0
Mr. T_S24,Mr. T,24,10,4,0.0
Heather Morris_S24,Heather Morris,24,1,1,7.0
Heather Morris_S24,Heather Morris,24,1,2,7.0
Heather Morris_S24,Heather Morris,24,1,3,7.0
Heather Morris_S24,Heather Morris,24,1,4,7.0
Heather Morris_S24,Heather Morris,24,2,1,8.0
Heather Morris_S24,Heather Morris,24,2,2,6.0
Heather Morris_S24,Heather Morris,24,2,3,8.0
Heather Morris_S24,Heather Morris,24,2,4,8.0
Heather Morris_S24,Heather Morris,24,3,1,9.0
Heather Morris_S24,Heather Morris,24,3,2,8.0
Heather Morris_S24,Heather Morris,24,3,3,8.0
Heather Morris_S24,Heather Morris,24,3,4,8.0
Heather Morris_S24,Heather Morris,24,4,1,8.0
Heather Morris_S24,Heather Morris,24,4,2,9.0
Heather Morris_S24,Heather Morris,24,4,3,9.0
Heather Morris_S24,Heather Morris,24,4,4,9.0
Heather Morris_S24,Heather Morris,24,5,1,8.0
Heather Morris_S24,Heather Morris,24,5,2,8.0
Heather Morris_S24,Heather Morris,24,5,3,9.0
Heather Morris_S24,Heather Morris,24,5,4,9.0
Heather Morris_S24,Heather Morris,24,6,1,9.0
Heather Morris_S24,Heather Morris,24,6,2,9.5
Heather Morris_S24,Heather Morris,24,6,3,9.0
Heather Morris_S24,Heather Morris,24,6,4,9.5
Heather Morris_S24,Heather Morris,24,7,1,0.0
Heather Morris_S24,Heather Morris,24,7,2,0.0
Heather Morris_S24,Heather Morris,24,7,3,0.0
Heather Morris_S24,Heather Morris,24,7,4,0.0
Heather Morris_S24,Heather Morris,24,8,1,0.0
Heather Morris_S24,Heather Morris,24,8,2,0.0
Heather Morris_S24,Heather Morris,24,8,3,0.0
Heather Morris_S24,Heather Morris,24,8,4,0.0
Heather Morris_S24,Heather Morris,24,9,1,0.0
Heather Morris_S24,Heather Morris,24,9,2,0.0
Heather Morris_S24,Heather Morris,24,9,3,0.0
Heather Morris_S24,Heather Morris,24,9,4,0.0
Heather Morris_S24,Heather Morris,24,10,1,0.0
Heather Morris_S24,Heather Morris,24,10,2,0.0
Heather Morris_S24,Heather Morris,24,10,3,0.0
Heather Morris_S24,Heather Morris,24,10,4,0.0
Nancy Kerrigan_S24,Nancy Kerrigan,24,1,1,7.0
Nancy Kerrigan_S24,Nancy Kerrigan,24,1,2,7.0
Nancy Kerrigan_S24,Nancy Kerrigan,24,1,3,7.0
Nancy Kerrigan_S24,Nancy Kerrigan,24,1,4,7.0
Nancy Kerrigan_S24,Nancy Kerrigan,24,2,1,7.0
Nancy Kerrigan_S24,Nancy Kerrigan,24,2,2,7.0
Nancy Kerrigan_S24,Nancy Kerrigan,24,2,3,7.0
Nancy Kerrigan_S24,Nancy Kerrigan,24,2,4,7.0
Nancy Kerrigan_S24,Nancy Kerrigan,24,3,1,8.0
Nancy Kerrigan_S24,Nancy Kerrigan,24,3,2,9.0
Nancy Kerrigan_S24,Nancy Kerrigan,24,3,3,8.0
Nancy Kerrigan_S24,Nancy Kerrigan,24,3,4,8.0
Nancy Kerrigan_S24,Nancy Kerrigan,24,4,1,8.0
Nancy Kerrigan_S24,Nancy Kerrigan,24,4,2,9.0
Nancy Kerrigan_S24,Nancy Kerrigan,24,4,3,8.0
Nancy Kerrigan_S24,Nancy Kerrigan,24,4,4,8.0
Nancy Kerrigan_S24,Nancy Kerrigan,24,5,1,9.0
Nancy Kerrigan_S24,Nancy Kerrigan,24,5,2,9.0
Nancy Kerrigan_S24,Nancy Kerrigan,24,5,3,9.0
Nancy Kerrigan_S24,Nancy Kerrigan,24,5,4,9.0
Nancy Kerrigan_S24,Nancy Kerrigan,24,6,1,8.5
Nancy Kerrigan_S24,Nancy Kerrigan,24,6,2,8.5
Nancy Kerrigan_S24,Nancy Kerrigan,24,6,3,8.0
Nancy Kerrigan_S24,Nancy Kerrigan,24,6,4,8.5
Nancy Kerrigan_S24,Nancy Kerrigan,24,7,1,9.0
Nancy Kerrigan_S24,Nancy Kerrigan,24,7,2,9.0
Nancy Kerrigan_S24,Nancy Kerrigan,24,7,3,9.0
Nancy Kerrigan_S24,Nancy Kerrigan,24,7,4,9.0
Nancy Kerrigan_S24,Nancy Kerrigan,24,8,1,0.0
Nancy Kerrigan_S24,Nancy Kerrigan,24,8,2,0.0
Nancy Kerrigan_S24,Nancy Kerrigan,24,8,3,0.0
Nancy Kerrigan_S24,Nancy Kerrigan,24,8,4,0.0
Nancy Kerrigan_S24,Nancy Kerrigan,24,9,1,0.0
Nancy Kerrigan_S24,Nancy Kerrigan,24,9,2,0.0
Nancy Kerrigan_S24,Nancy Kerrigan,24,9,3,0.0
Nancy Kerrigan_S24,Nancy Kerrigan,24,9,4,0.0
Nancy Kerrigan_S24,Nancy Kerrigan,24,10,1,0.0
Nancy Kerrigan_S24,Nancy Kerrigan,24,10,2,0.0
Nancy Kerrigan_S24,Nancy Kerrigan,24,10,3,0.0
Nancy Kerrigan_S24,Nancy Kerrigan,24,10,4,0.0
Bonner Bolton_S24,Bonner Bolton,24,1,1,6.0
Bonner Bolton_S24,Bonner Bolton,24,1,2,5.0
Bonner Bolton_S24,Bonner Bolton,24,1,3,5.0
Bonner Bolton_S24,Bonner Bolton,24,1,4,6.0
Bonner Bolton_S24,Bonner Bolton,24,2,1,8.0
Bonner Bolton_S24,Bonner Bolton,24,2,2,5.0
Bonner Bolton_S24,Bonner Bolton,24,2,3,8.0
Bonner Bolton_S24,Bonner Bolton,24,2,4,7.0
Bonner Bolton_S24,Bonner Bolton,24,3,1,6.0
Bonner Bolton_S24,Bonner Bolton,24,3,2,6.0
Bonner Bolton_S24,Bonner Bolton,24,3,3,6.0
Bonner Bolton_S24,Bonner Bolton,24,3,4,6.0
Bonner Bolton_S24,Bonner Bolton,24,4,1,8.0
Bonner Bolton_S24,Bonner Bolton,24,4,2,8.0
Bonner Bolton_S24,Bonner Bolton,24,4,3,8.0
Bonner Bolton_S24,Bonner Bolton,24,4,4,8.0
Bonner Bolton_S24,Bonner Bolton,24,5,1,7.0
Bonner Bolton_S24,Bonner Bolton,24,5,2,8.0
Bonner Bolton_S24,Bonner Bolton,24,5,3,8.0
Bonner Bolton_S24,Bonner Bolton,24,5,4,7.0
Bonner Bolton_S24,Bonner Bolton,24,6,1,8.0
Bonner Bolton_S24,Bonner Bolton,24,6,2,8.5
Bonner Bolton_S24,Bonner Bolton,24,6,3,7.5
Bonner Bolton_S24,Bonner Bolton,24,6,4,7.5
Bonner Bolton_S24,Bonner Bolton,24,7,1,7.5
Bonner Bolton_S24,Bonner Bolton,24,7,2,7.5
Bonner Bolton_S24,Bonner Bolton,24,7,3,8.5
Bonner Bolton_S24,Bonner Bolton,24,7,4,7.5
Bonner Bolton_S24,Bonner Bolton,24,8,1,7.5
Bonner Bolton_S24,Bonner Bolton,24,8,2,7.0
Bonner Bolton_S24,Bonner Bolton,24,8,3,7.5
Bonner Bolton_S24,Bonner Bolton,24,8,4,7.0
Bonner Bolton_S24,Bonner Bolton,24,9,1,0.0
Bonner Bolton_S24,Bonner Bolton,24,9,2,0.0
Bonner Bolton_S24,Bonner Bolton,24,9,3,0.0
Bonner Bolton_S24,Bonner Bolton,24,9,4,0.0
Bonner Bolton_S24,Bonner Bolton,24,10,1,0.0
Bonner Bolton_S24,Bonner Bolton,24,10,2,0.0
Bonner Bolton_S24,Bonner Bolton,24,10,3,0.0
Bonner Bolton_S24,Bonner Bolton,24,10,4,0.0
Simone Biles_S24,Simone Biles,24,1,1,8.0
Simone Biles_S24,Simone Biles,24,1,2,8.0
Simone Biles_S24,Simone Biles,24,1,3,8.0
Simone Biles_S24,Simone Biles,24,1,4,8.0
Simone Biles_S24,Simone Biles,24,2,1,7.0
Simone Biles_S24,Simone Biles,24,2,2,7.0
Simone Biles_S24,Simone Biles,24,2,3,7.0
Simone Biles_S24,Simone Biles,24,2,4,8.0
Simone Biles_S24,Simone Biles,24,3,1,7.0
Simone Biles_S24,Simone Biles,24,3,2,8.0
Simone Biles_S24,Simone Biles,24,3,3,9.0
Simone Biles_S24,Simone Biles,24,3,4,8.0
Simone Biles_S24,Simone Biles,24,4,1,9.0
Simone Biles_S24,Simone Biles,24,4,2,9.0
Simone Biles_S24,Simone Biles,24,4,3,9.0
Simone Biles_S24,Simone Biles,24,4,4,9.0
Simone Biles_S24,Simone Biles,24,5,1,9.0
Simone Biles_S24,Simone Biles,24,5,2,9.0
Simone Biles_S24,Simone Biles,24,5,3,10.0
Simone Biles_S24,Simone Biles,24,5,4,10.0
Simone Biles_S24,Simone Biles,24,6,1,8.5
Simone Biles_S24,Simone Biles,24,6,2,8.5
Simone Biles_S24,Simone Biles,24,6,3,8.5
Simone Biles_S24,Simone Biles,24,6,4,9.0
Simone Biles_S24,Simone Biles,24,7,1,10.5
Simone Biles_S24,Simone Biles,24,7,2,9.5
Simone Biles_S24,Simone Biles,24,7,3,9.5
Simone Biles_S24,Simone Biles,24,7,4,9.5
Simone Biles_S24,Simone Biles,24,8,1,9.0
Simone Biles_S24,Simone Biles,24,8,2,9.0
Simone Biles_S24,Simone Biles,24,8,3,9.0
Simone Biles_S24,Simone Biles,24,8,4,9.0
Simone Biles_S24,Simone Biles,24,9,1,10.0
Simone Biles_S24,Simone Biles,24,9,2,10.0
Simone Biles_S24,Simone Biles,24,9,3,10.0
Simone Biles_S24,Simone Biles,24,9,4,10.0
Simone Biles_S24,Simone Biles,24,10,1,0.0
Simone Biles_S24,Simone Biles,24,10,2,0.0
Simone Biles_S24,Simone Biles,24,10,3,0.0
Simone Biles_S24,Simone Biles,24,10,4,0.0
David Ross_S24,David Ross,24,1,1,7.0
David Ross_S24,David Ross,24,1,2,7.0
David Ross_S24,David Ross,24,1,3,7.0
David Ross_S24,David Ross,24,1,4,7.0
David Ross_S24,David Ross,24,2,1,7.0
David Ross_S24,David Ross,24,2,2,6.0
David Ross_S24,David Ross,24,2,3,7.0
David Ross_S24,David Ross,24,2,4,7.0
David Ross_S24,David Ross,24,3,1,8.0
David Ross_S24,David Ross,24,3,2,7.0
David Ross_S24,David Ross,24,3,3,8.0
David Ross_S24,David Ross,24,3,4,8.0
David Ross_S24,David Ross,24,4,1,7.0
David Ross_S24,David Ross,24,4,2,8.0
David Ross_S24,David Ross,24,4,3,8.0
David Ross_S24,David Ross,24,4,4,8.0
David Ross_S24,David Ross,24,5,1,7.0
David Ross_S24,David Ross,24,5,2,7.0
David Ross_S24,David Ross,24,5,3,8.0
David Ross_S24,David Ross,24,5,4,7.0
David Ross_S24,David Ross,24,6,1,7.5
David Ross_S24,David Ross,24,6,2,8.5
David Ross_S24,David Ross,24,6,3,7.5
David Ross_S24,David Ross,24,6,4,7.5
David Ross_S24,David Ross,24,7,1,8.0
David Ross_S24,David Ross,24,7,2,8.0
David Ross_S24,David Ross,24,7,3,8.0
David Ross_S24,David Ross,24,7,4,8.0
David Ross_S24,David Ross,24,8,1,8.0
David Ross_S24,David Ross,24,8,2,8.0
David Ross_S24,David Ross,24,8,3,8.5
David Ross_S24,David Ross,24,8,4,8.0
David Ross_S24,David Ross,24,9,1,9.0
David Ross_S24,David Ross,24,9,2,8.5
David Ross_S24,David Ross,24,9,3,9.0
David Ross_S24,David Ross,24,9,4,8.5
David Ross_S24,David Ross,24,10,1,9.0
David Ross_S24,David Ross,24,10,2,9.0
David Ross_S24,David Ross,24,10,3,9.3333
David Ross_S24,David Ross,24,10,4,9.0
Rashad Jennings_S24,Rashad Jennings,24,1,1,8.0
Rashad Jennings_S24,Rashad Jennings,24,1,2,7.0
Rashad Jennings_S24,Rashad Jennings,24,1,3,8.0
Rashad Jennings_S24,Rashad Jennings,24,1,4,8.0
Rashad Jennings_S24,Rashad Jennings,24,2,1,8.0
Rashad Jennings_S24,Rashad Jennings,24,2,2,8.0
Rashad Jennings_S24,Rashad Jennings,24,2,3,8.0
Rashad Jennings_S24,Rashad Jennings,24,2,4,8.0
Rashad Jennings_S24,Rashad Jennings,24,3,1,7.0
Rashad Jennings_S24,Rashad Jennings,24,3,2,7.0
Rashad Jennings_S24,Rashad Jennings,24,3,3,7.0
Rashad Jennings_S24,Rashad Jennings,24,3,4,7.0
Rashad Jennings_S24,Rashad Jennings,24,4,1,10.0
Rashad Jennings_S24,Rashad Jennings,24,4,2,9.0
Rashad Jennings_S24,Rashad Jennings,24,4,3,10.0
Rashad Jennings_S24,Rashad Jennings,24,4,4,10.0
Rashad Jennings_S24,Rashad Jennings,24,5,1,7.0
Rashad Jennings_S24,Rashad Jennings,24,5,2,8.0
Rashad Jennings_S24,Rashad Jennings,24,5,3,9.0
Rashad Jennings_S24,Rashad Jennings,24,5,4,8.0
Rashad Jennings_S24,Rashad Jennings,24,6,1,8.5
Rashad Jennings_S24,Rashad Jennings,24,6,2,9.5
Rashad Jennings_S24,Rashad Jennings,24,6,3,8.5
Rashad Jennings_S24,Rashad Jennings,24,6,4,8.5
Rashad Jennings_S24,Rashad Jennings,24,7,1,9.5
Rashad Jennings_S24,Rashad Jennings,24,7,2,9.5
Rashad Jennings_S24,Rashad Jennings,24,7,3,10.5
Rashad Jennings_S24,Rashad Jennings,24,7,4,9.5
Rashad Jennings_S24,Rashad Jennings,24,8,1,9.5
Rashad Jennings_S24,Rashad Jennings,24,8,2,9.0
Rashad Jennings_S24,Rashad Jennings,24,8,3,9.5
Rashad Jennings_S24,Rashad Jennings,24,8,4,9.5
Rashad Jennings_S24,Rashad Jennings,24,9,1,9.5
Rashad Jennings_S24,Rashad Jennings,24,9,2,9.0
Rashad Jennings_S24,Rashad Jennings,24,9,3,10.0
Rashad Jennings_S24,Rashad Jennings,24,9,4,10.0
Rashad Jennings_S24,Rashad Jennings,24,10,1,10.0
Rashad Jennings_S24,Rashad Jennings,24,10,2,9.6666
Rashad Jennings_S24,Rashad Jennings,24,10,3,10.0
Rashad Jennings_S24,Rashad Jennings,24,10,4,10.0
Chris Kattan_S24,Chris Kattan,24,1,1,5.0
Chris Kattan_S24,Chris Kattan,24,1,2,4.0
Chris Kattan_S24,Chris Kattan,24,1,3,4.0
Chris Kattan_S24,Chris Kattan,24,1,4,4.0
Chris Kattan_S24,Chris Kattan,24,2,1,6.0
Chris Kattan_S24,Chris Kattan,24,2,2,5.0
Chris Kattan_S24,Chris Kattan,24,2,3,6.0
Chris Kattan_S24,Chris Kattan,24,2,4,5.0
Chris Kattan_S24,Chris Kattan,24,3,1,0.0
Chris Kattan_S24,Chris Kattan,24,3,2,0.0
Chris Kattan_S24,Chris Kattan,24,3,3,0.0
Chris Kattan_S24,Chris Kattan,24,3,4,0.0
Chris Kattan_S24,Chris Kattan,24,4,1,0.0
Chris Kattan_S24,Chris Kattan,24,4,2,0.0
Chris Kattan_S24,Chris Kattan,24,4,3,0.0
Chris Kattan_S24,Chris Kattan,24,4,4,0.0
Chris Kattan_S24,Chris Kattan,24,5,1,0.0
Chris Kattan_S24,Chris Kattan,24,5,2,0.0
Chris Kattan_S24,Chris Kattan,24,5,3,0.0
Chris Kattan_S24,Chris Kattan,24,5,4,0.0
Chris Kattan_S24,Chris Kattan,24,6,1,0.0
Chris Kattan_S24,Chris Kattan,24,6,2,0.0
Chris Kattan_S24,Chris Kattan,24,6,3,0.0
Chris Kattan_S24,Chris Kattan,24,6,4,0.0
Chris Kattan_S24,Chris Kattan,24,7,1,0.0
Chris Kattan_S24,Chris Kattan,24,7,2,0.0
Chris Kattan_S24,Chris Kattan,24,7,3,0.0
Chris Kattan_S24,Chris Kattan,24,7,4,0.0
Chris Kattan_S24,Chris Kattan,24,8,1,0.0
Chris Kattan_S24,Chris Kattan,24,8,2,0.0
Chris Kattan_S24,Chris Kattan,24,8,3,0.0
Chris Kattan_S24,Chris Kattan,24,8,4,0.0
Chris Kattan_S24,Chris Kattan,24,9,1,0.0
Chris Kattan_S24,Chris Kattan,24,9,2,0.0
Chris Kattan_S24,Chris Kattan,24,9,3,0.0
Chris Kattan_S24,Chris Kattan,24,9,4,0.0
Chris Kattan_S24,Chris Kattan,24,10,1,0.0
Chris Kattan_S24,Chris Kattan,24,10,2,0.0
Chris Kattan_S24,Chris Kattan,24,10,3,0.0
Chris Kattan_S24,Chris Kattan,24,10,4,0.0
Erika Jayne_S24,Erika Jayne,24,1,1,6.0
Erika Jayne_S24,Erika Jayne,24,1,2,6.0
Erika Jayne_S24,Erika Jayne,24,1,3,6.0
Erika Jayne_S24,Erika Jayne,24,1,4,6.0
Erika Jayne_S24,Erika Jayne,24,2,1,7.0
Erika Jayne_S24,Erika Jayne,24,2,2,7.0
Erika Jayne_S24,Erika Jayne,24,2,3,7.0
Erika Jayne_S24,Erika Jayne,24,2,4,7.0
Erika Jayne_S24,Erika Jayne,24,3,1,6.0
Erika Jayne_S24,Erika Jayne,24,3,2,7.0
Erika Jayne_S24,Erika Jayne,24,3,3,7.0
Erika Jayne_S24,Erika Jayne,24,3,4,6.0
Erika Jayne_S24,Erika Jayne,24,4,1,8.0
Erika Jayne_S24,Erika Jayne,24,4,2,7.0
Erika Jayne_S24,Erika Jayne,24,4,3,7.0
Erika Jayne_S24,Erika Jayne,24,4,4,8.0
Erika Jayne_S24,Erika Jayne,24,5,1,8.0
Erika Jayne_S24,Erika Jayne,24,5,2,8.0
Erika Jayne_S24,Erika Jayne,24,5,3,8.0
Erika Jayne_S24,Erika Jayne,24,5,4,8.0
Erika Jayne_S24,Erika Jayne,24,6,1,0.0
Erika Jayne_S24,Erika Jayne,24,6,2,0.0
Erika Jayne_S24,Erika Jayne,24,6,3,0.0
Erika Jayne_S24,Erika Jayne,24,6,4,0.0
Erika Jayne_S24,Erika Jayne,24,7,1,0.0
Erika Jayne_S24,Erika Jayne,24,7,2,0.0
Erika Jayne_S24,Erika Jayne,24,7,3,0.0
Erika Jayne_S24,Erika Jayne,24,7,4,0.0
Erika Jayne_S24,Erika Jayne,24,8,1,0.0
Erika Jayne_S24,Erika Jayne,24,8,2,0.0
Erika Jayne_S24,Erika Jayne,24,8,3,0.0
Erika Jayne_S24,Erika Jayne,24,8,4,0.0
Erika Jayne_S24,Erika Jayne,24,9,1,0.0
Erika Jayne_S24,Erika Jayne,24,9,2,0.0
Erika Jayne_S24,Erika Jayne,24,9,3,0.0
Erika Jayne_S24,Erika Jayne,24,9,4,0.0
Erika Jayne_S24,Erika Jayne,24,10,1,0.0
Erika Jayne_S24,Erika Jayne,24,10,2,0.0
Erika Jayne_S24,Erika Jayne,24,10,3,0.0
Erika Jayne_S24,Erika Jayne,24,10,4,0.0
Normani_S24,Normani,24,1,1,7.0
Normani_S24,Normani,24,1,2,6.0
Normani_S24,Normani,24,1,3,7.0
Normani_S24,Normani,24,1,4,7.0
Normani_S24,Normani,24,2,1,8.0
Normani_S24,Normani,24,2,2,8.0
Normani_S24,Normani,24,2,3,8.0
Normani_S24,Normani,24,2,4,8.0
Normani_S24,Normani,24,3,1,8.0
Normani_S24,Normani,24,3,2,8.0
Normani_S24,Normani,24,3,3,9.0
Normani_S24,Normani,24,3,4,9.0
Normani_S24,Normani,24,4,1,8.0
Normani_S24,Normani,24,4,2,7.0
Normani_S24,Normani,24,4,3,8.0
Normani_S24,Normani,24,4,4,9.0
Normani_S24,Normani,24,5,1,10.0
Normani_S24,Normani,24,5,2,9.0
Normani_S24,Normani,24,5,3,10.0
Normani_S24,Normani,24,5,4,10.0
Normani_S24,Normani,24,6,1,9.0
Normani_S24,Normani,24,6,2,9.5
Normani_S24,Normani,24,6,3,8.0
Normani_S24,Normani,24,6,4,9.5
Normani_S24,Normani,24,7,1,10.5
Normani_S24,Normani,24,7,2,10.5
Normani_S24,Normani,24,7,3,10.5
Normani_S24,Normani,24,7,4,10.5
Normani_S24,Normani,24,8,1,10.0
Normani_S24,Normani,24,8,2,9.5
Normani_S24,Normani,24,8,3,10.0
Normani_S24,Normani,24,8,4,10.0
Normani_S24,Normani,24,9,1,9.5
Normani_S24,Normani,24,9,2,9.5
Normani_S24,Normani,24,9,3,9.5
Normani_S24,Normani,24,9,4,9.5
Normani_S24,Normani,24,10,1,10.0
Normani_S24,Normani,24,10,2,9.6666
Normani_S24,Normani,24,10,3,9.6666
Normani_S24,Normani,24,10,4,10.0
Nick Viall_S24,Nick Viall,24,1,1,6.0
Nick Viall_S24,Nick Viall,24,1,2,6.0
Nick Viall_S24,Nick Viall,24,1,3,6.0
Nick Viall_S24,Nick Viall,24,1,4,6.0
Nick Viall_S24,Nick Viall,24,2,1,7.0
Nick Viall_S24,Nick Viall,24,2,2,5.0
Nick Viall_S24,Nick Viall,24,2,3,7.0
Nick Viall_S24,Nick Viall,24,2,4,6.0
Nick Viall_S24,Nick Viall,24,3,1,7.0
Nick Viall_S24,Nick Viall,24,3,2,6.0
Nick Viall_S24,Nick Viall,24,3,3,7.0
Nick Viall_S24,Nick Viall,24,3,4,6.0
Nick Viall_S24,Nick Viall,24,4,1,8.0
Nick Viall_S24,Nick Viall,24,4,2,7.0
Nick Viall_S24,Nick Viall,24,4,3,8.0
Nick Viall_S24,Nick Viall,24,4,4,7.0
Nick Viall_S24,Nick Viall,24,5,1,9.0
Nick Viall_S24,Nick Viall,24,5,2,8.0
Nick Viall_S24,Nick Viall,24,5,3,9.0
Nick Viall_S24,Nick Viall,24,5,4,8.0
Nick Viall_S24,Nick Viall,24,6,1,7.5
Nick Viall_S24,Nick Viall,24,6,2,8.0
Nick Viall_S24,Nick Viall,24,6,3,7.5
Nick Viall_S24,Nick Viall,24,6,4,7.5
Nick Viall_S24,Nick Viall,24,7,1,8.0
Nick Viall_S24,Nick Viall,24,7,2,8.0
Nick Viall_S24,Nick Viall,24,7,3,9.0
Nick Viall_S24,Nick Viall,24,7,4,9.0
Nick Viall_S24,Nick Viall,24,8,1,0.0
Nick Viall_S24,Nick Viall,24,8,2,0.0
Nick Viall_S24,Nick Viall,24,8,3,0.0
Nick Viall_S24,Nick Viall,24,8,4,0.0
Nick Viall_S24,Nick Viall,24,9,1,0.0
Nick Viall_S24,Nick Viall,24,9,2,0.0
Nick Viall_S24,Nick Viall,24,9,3,0.0
Nick Viall_S24,Nick Viall,24,9,4,0.0
Nick Viall_S24,Nick Viall,24,10,1,0.0
Nick Viall_S24,Nick Viall,24,10,2,0.0
Nick Viall_S24,Nick Viall,24,10,3,0.0
Nick Viall_S24,Nick Viall,24,10,4,0.0
Sasha Pieterse_S25,Sasha Pieterse,25,1,1,6.0
Sasha Pieterse_S25,Sasha Pieterse,25,1,2,6.0
Sasha Pieterse_S25,Sasha Pieterse,25,1,3,6.0
Sasha Pieterse_S25,Sasha Pieterse,25,2,1,8.0
Sasha Pieterse_S25,Sasha Pieterse,25,2,2,7.5
Sasha Pieterse_S25,Sasha Pieterse,25,2,3,7.0
Sasha Pieterse_S25,Sasha Pieterse,25,3,1,7.0
Sasha Pieterse_S25,Sasha Pieterse,25,3,2,6.0
Sasha Pieterse_S25,Sasha Pieterse,25,3,3,6.0
Sasha Pieterse_S25,Sasha Pieterse,25,4,1,8.0
Sasha Pieterse_S25,Sasha Pieterse,25,4,2,8.0
Sasha Pieterse_S25,Sasha Pieterse,25,4,3,8.0
Sasha Pieterse_S25,Sasha Pieterse,25,5,1,8.0
Sasha Pieterse_S25,Sasha Pieterse,25,5,2,8.0
Sasha Pieterse_S25,Sasha Pieterse,25,5,3,8.0
Sasha Pieterse_S25,Sasha Pieterse,25,6,1,0.0
Sasha Pieterse_S25,Sasha Pieterse,25,6,2,0.0
Sasha Pieterse_S25,Sasha Pieterse,25,6,3,0.0
Sasha Pieterse_S25,Sasha Pieterse,25,6,4,0.0
Sasha Pieterse_S25,Sasha Pieterse,25,7,1,0.0
Sasha Pieterse_S25,Sasha Pieterse,25,7,2,0.0
Sasha Pieterse_S25,Sasha Pieterse,25,7,3,0.0
Sasha Pieterse_S25,Sasha Pieterse,25,8,1,0.0
Sasha Pieterse_S25,Sasha Pieterse,25,8,2,0.0
Sasha Pieterse_S25,Sasha Pieterse,25,8,3,0.0
Sasha Pieterse_S25,Sasha Pieterse,25,9,1,0.0
Sasha Pieterse_S25,Sasha Pieterse,25,9,2,0.0
Sasha Pieterse_S25,Sasha Pieterse,25,9,3,0.0
Sasha Pieterse_S25,Sasha Pieterse,25,10,1,0.0
Sasha Pieterse_S25,Sasha Pieterse,25,10,2,0.0
Sasha Pieterse_S25,Sasha Pieterse,25,10,3,0.0
Sasha Pieterse_S25,Sasha Pieterse,25,10,4,0.0
Frankie Muniz_S25,Frankie Muniz,25,1,1,7.0
Frankie Muniz_S25,Frankie Muniz,25,1,2,6.0
Frankie Muniz_S25,Frankie Muniz,25,1,3,6.0
Frankie Muniz_S25,Frankie Muniz,25,2,1,8.0
Frankie Muniz_S25,Frankie Muniz,25,2,2,7.5
Frankie Muniz_S25,Frankie Muniz,25,2,3,8.5
Frankie Muniz_S25,Frankie Muniz,25,3,1,7.0
Frankie Muniz_S25,Frankie Muniz,25,3,2,7.0
Frankie Muniz_S25,Frankie Muniz,25,3,3,7.0
Frankie Muniz_S25,Frankie Muniz,25,4,1,8.0
Frankie Muniz_S25,Frankie Muniz,25,4,2,8.0
Frankie Muniz_S25,Frankie Muniz,25,4,3,8.0
Frankie Muniz_S25,Frankie Muniz,25,5,1,10.0
Frankie Muniz_S25,Frankie Muniz,25,5,2,9.0
Frankie Muniz_S25,Frankie Muniz,25,5,3,10.0
Frankie Muniz_S25,Frankie Muniz,25,6,1,7.0
Frankie Muniz_S25,Frankie Muniz,25,6,2,8.0
Frankie Muniz_S25,Frankie Muniz,25,6,3,8.0
Frankie Muniz_S25,Frankie Muniz,25,6,4,8.0
Frankie Muniz_S25,Frankie Muniz,25,7,1,10.0
Frankie Muniz_S25,Frankie Muniz,25,7,2,10.0
Frankie Muniz_S25,Frankie Muniz,25,7,3,10.0
Frankie Muniz_S25,Frankie Muniz,25,8,1,9.0
Frankie Muniz_S25,Frankie Muniz,25,8,2,8.5
Frankie Muniz_S25,Frankie Muniz,25,8,3,9.0
Frankie Muniz_S25,Frankie Muniz,25,9,1,8.5
Frankie Muniz_S25,Frankie Muniz,25,9,2,8.0
Frankie Muniz_S25,Frankie Muniz,25,9,3,9.0
Frankie Muniz_S25,Frankie Muniz,25,10,1,9.7777
Frankie Muniz_S25,Frankie Muniz,25,10,2,9.3333
Frankie Muniz_S25,Frankie Muniz,25,10,3,9.7777
Frankie Muniz_S25,Frankie Muniz,25,10,4,10.0
Jordan Fisher_S25,Jordan Fisher,25,1,1,8.0
Jordan Fisher_S25,Jordan Fisher,25,1,2,7.0
Jordan Fisher_S25,Jordan Fisher,25,1,3,7.0
Jordan Fisher_S25,Jordan Fisher,25,2,1,8.0
Jordan Fisher_S25,Jordan Fisher,25,2,2,8.0
Jordan Fisher_S25,Jordan Fisher,25,2,3,8.0
Jordan Fisher_S25,Jordan Fisher,25,3,1,9.0
Jordan Fisher_S25,Jordan Fisher,25,3,2,7.0
Jordan Fisher_S25,Jordan Fisher,25,3,3,9.0
Jordan Fisher_S25,Jordan Fisher,25,4,1,10.0
Jordan Fisher_S25,Jordan Fisher,25,4,2,9.0
Jordan Fisher_S25,Jordan Fisher,25,4,3,10.0
Jordan Fisher_S25,Jordan Fisher,25,5,1,10.0
Jordan Fisher_S25,Jordan Fisher,25,5,2,10.0
Jordan Fisher_S25,Jordan Fisher,25,5,3,10.0
Jordan Fisher_S25,Jordan Fisher,25,6,1,10.0
Jordan Fisher_S25,Jordan Fisher,25,6,2,9.0
Jordan Fisher_S25,Jordan Fisher,25,6,3,10.0
Jordan Fisher_S25,Jordan Fisher,25,6,4,10.0
Jordan Fisher_S25,Jordan Fisher,25,7,1,9.0
Jordan Fisher_S25,Jordan Fisher,25,7,2,9.0
Jordan Fisher_S25,Jordan Fisher,25,7,3,9.0
Jordan Fisher_S25,Jordan Fisher,25,8,1,10.0
Jordan Fisher_S25,Jordan Fisher,25,8,2,10.0
Jordan Fisher_S25,Jordan Fisher,25,8,3,10.0
Jordan Fisher_S25,Jordan Fisher,25,9,1,9.5
Jordan Fisher_S25,Jordan Fisher,25,9,2,9.5
Jordan Fisher_S25,Jordan Fisher,25,9,3,10.0
Jordan Fisher_S25,Jordan Fisher,25,10,1,10.0
Jordan Fisher_S25,Jordan Fisher,25,10,2,10.0
Jordan Fisher_S25,Jordan Fisher,25,10,3,10.0
Jordan Fisher_S25,Jordan Fisher,25,10,4,10.0
Derek Fisher_S25,Derek Fisher,25,1,1,6.0
Derek Fisher_S25,Derek Fisher,25,1,2,6.0
Derek Fisher_S25,Derek Fisher,25,1,3,6.0
Derek Fisher_S25,Derek Fisher,25,2,1,6.5
Derek Fisher_S25,Derek Fisher,25,2,2,6.0
Derek Fisher_S25,Derek Fisher,25,2,3,6.5
Derek Fisher_S25,Derek Fisher,25,3,1,7.0
Derek Fisher_S25,Derek Fisher,25,3,2,7.0
Derek Fisher_S25,Derek Fisher,25,3,3,7.0
Derek Fisher_S25,Derek Fisher,25,4,1,7.0
Derek Fisher_S25,Derek Fisher,25,4,2,8.0
Derek Fisher_S25,Derek Fisher,25,4,3,8.0
Derek Fisher_S25,Derek Fisher,25,5,1,0.0
Derek Fisher_S25,Derek Fisher,25,5,2,0.0
Derek Fisher_S25,Derek Fisher,25,5,3,0.0
Derek Fisher_S25,Derek Fisher,25,6,1,0.0
Derek Fisher_S25,Derek Fisher,25,6,2,0.0
Derek Fisher_S25,Derek Fisher,25,6,3,0.0
Derek Fisher_S25,Derek Fisher,25,6,4,0.0
Derek Fisher_S25,Derek Fisher,25,7,1,0.0
Derek Fisher_S25,Derek Fisher,25,7,2,0.0
Derek Fisher_S25,Derek Fisher,25,7,3,0.0
Derek Fisher_S25,Derek Fisher,25,8,1,0.0
Derek Fisher_S25,Derek Fisher,25,8,2,0.0
Derek Fisher_S25,Derek Fisher,25,8,3,0.0
Derek Fisher_S25,Derek Fisher,25,9,1,0.0
Derek Fisher_S25,Derek Fisher,25,9,2,0.0
Derek Fisher_S25,Derek Fisher,25,9,3,0.0
Derek Fisher_S25,Derek Fisher,25,10,1,0.0
Derek Fisher_S25,Derek Fisher,25,10,2,0.0
Derek Fisher_S25,Derek Fisher,25,10,3,0.0
Derek Fisher_S25,Derek Fisher,25,10,4,0.0
Nikki Bella_S25,Nikki Bella,25,1,1,7.0
Nikki Bella_S25,Nikki Bella,25,1,2,7.0
Nikki Bella_S25,Nikki Bella,25,1,3,6.0
Nikki Bella_S25,Nikki Bella,25,2,1,6.5
Nikki Bella_S25,Nikki Bella,25,2,2,6.5
Nikki Bella_S25,Nikki Bella,25,2,3,6.5
Nikki Bella_S25,Nikki Bella,25,3,1,7.0
Nikki Bella_S25,Nikki Bella,25,3,2,7.0
Nikki Bella_S25,Nikki Bella,25,3,3,7.0
Nikki Bella_S25,Nikki Bella,25,4,1,8.0
Nikki Bella_S25,Nikki Bella,25,4,2,8.0
Nikki Bella_S25,Nikki Bella,25,4,3,8.0
Nikki Bella_S25,Nikki Bella,25,5,1,9.0
Nikki Bella_S25,Nikki Bella,25,5,2,9.0
Nikki Bella_S25,Nikki Bella,25,5,3,9.0
Nikki Bella_S25,Nikki Bella,25,6,1,9.0
Nikki Bella_S25,Nikki Bella,25,6,2,9.0
Nikki Bella_S25,Nikki Bella,25,6,3,9.0
Nikki Bella_S25,Nikki Bella,25,6,4,9.0
Nikki Bella_S25,Nikki Bella,25,7,1,8.0
Nikki Bella_S25,Nikki Bella,25,7,2,8.0
Nikki Bella_S25,Nikki Bella,25,7,3,8.0
Nikki Bella_S25,Nikki Bella,25,8,1,0.0
Nikki Bella_S25,Nikki Bella,25,8,2,0.0
Nikki Bella_S25,Nikki Bella,25,8,3,0.0
Nikki Bella_S25,Nikki Bella,25,9,1,0.0
Nikki Bella_S25,Nikki Bella,25,9,2,0.0
Nikki Bella_S25,Nikki Bella,25,9,3,0.0
Nikki Bella_S25,Nikki Bella,25,10,1,0.0
Nikki Bella_S25,Nikki Bella,25,10,2,0.0
Nikki Bella_S25,Nikki Bella,25,10,3,0.0
Nikki Bella_S25,Nikki Bella,25,10,4,0.0
Terrell Owens_S25,Terrell Owens,25,1,1,5.0
Terrell Owens_S25,Terrell Owens,25,1,2,5.0
Terrell Owens_S25,Terrell Owens,25,1,3,5.0
Terrell Owens_S25,Terrell Owens,25,2,1,6.5
Terrell Owens_S25,Terrell Owens,25,2,2,6.0
Terrell Owens_S25,Terrell Owens,25,2,3,7.0
Terrell Owens_S25,Terrell Owens,25,3,1,7.0
Terrell Owens_S25,Terrell Owens,25,3,2,7.0
Terrell Owens_S25,Terrell Owens,25,3,3,7.0
Terrell Owens_S25,Terrell Owens,25,4,1,8.0
Terrell Owens_S25,Terrell Owens,25,4,2,8.0
Terrell Owens_S25,Terrell Owens,25,4,3,8.0
Terrell Owens_S25,Terrell Owens,25,5,1,9.0
Terrell Owens_S25,Terrell Owens,25,5,2,8.0
Terrell Owens_S25,Terrell Owens,25,5,3,8.0
Terrell Owens_S25,Terrell Owens,25,6,1,9.0
Terrell Owens_S25,Terrell Owens,25,6,2,9.0
Terrell Owens_S25,Terrell Owens,25,6,3,10.0
Terrell Owens_S25,Terrell Owens,25,6,4,9.0
Terrell Owens_S25,Terrell Owens,25,7,1,8.0
Terrell Owens_S25,Terrell Owens,25,7,2,8.0
Terrell Owens_S25,Terrell Owens,25,7,3,8.5
Terrell Owens_S25,Terrell Owens,25,8,1,8.5
Terrell Owens_S25,Terrell Owens,25,8,2,8.5
Terrell Owens_S25,Terrell Owens,25,8,3,8.5
Terrell Owens_S25,Terrell Owens,25,9,1,0.0
Terrell Owens_S25,Terrell Owens,25,9,2,0.0
Terrell Owens_S25,Terrell Owens,25,9,3,0.0
Terrell Owens_S25,Terrell Owens,25,10,1,0.0
Terrell Owens_S25,Terrell Owens,25,10,2,0.0
Terrell Owens_S25,Terrell Owens,25,10,3,0.0
Terrell Owens_S25,Terrell Owens,25,10,4,0.0
Victoria Arlen_S25,Victoria Arlen,25,1,1,7.0
Victoria Arlen_S25,Victoria Arlen,25,1,2,6.0
Victoria Arlen_S25,Victoria Arlen,25,1,3,6.0
Victoria Arlen_S25,Victoria Arlen,25,2,1,7.5
Victoria Arlen_S25,Victoria Arlen,25,2,2,7.0
Victoria Arlen_S25,Victoria Arlen,25,2,3,7.5
Victoria Arlen_S25,Victoria Arlen,25,3,1,8.0
Victoria Arlen_S25,Victoria Arlen,25,3,2,7.0
Victoria Arlen_S25,Victoria Arlen,25,3,3,7.0
Victoria Arlen_S25,Victoria Arlen,25,4,1,9.0
Victoria Arlen_S25,Victoria Arlen,25,4,2,9.0
Victoria Arlen_S25,Victoria Arlen,25,4,3,9.0
Victoria Arlen_S25,Victoria Arlen,25,5,1,9.0
Victoria Arlen_S25,Victoria Arlen,25,5,2,9.0
Victoria Arlen_S25,Victoria Arlen,25,5,3,9.0
Victoria Arlen_S25,Victoria Arlen,25,6,1,8.0
Victoria Arlen_S25,Victoria Arlen,25,6,2,8.0
Victoria Arlen_S25,Victoria Arlen,25,6,3,7.0
Victoria Arlen_S25,Victoria Arlen,25,6,4,8.0
Victoria Arlen_S25,Victoria Arlen,25,7,1,9.5
Victoria Arlen_S25,Victoria Arlen,25,7,2,9.5
Victoria Arlen_S25,Victoria Arlen,25,7,3,9.5
Victoria Arlen_S25,Victoria Arlen,25,8,1,8.0
Victoria Arlen_S25,Victoria Arlen,25,8,2,8.0
Victoria Arlen_S25,Victoria Arlen,25,8,3,8.0
Victoria Arlen_S25,Victoria Arlen,25,9,1,9.0
Victoria Arlen_S25,Victoria Arlen,25,9,2,9.5
Victoria Arlen_S25,Victoria Arlen,25,9,3,9.5
Victoria Arlen_S25,Victoria Arlen,25,10,1,0.0
Victoria Arlen_S25,Victoria Arlen,25,10,2,0.0
Victoria Arlen_S25,Victoria Arlen,25,10,3,0.0
Victoria Arlen_S25,Victoria Arlen,25,10,4,0.0
Barbara Corcoran_S25,Barbara Corcoran,25,1,1,5.0
Barbara Corcoran_S25,Barbara Corcoran,25,1,2,4.0
Barbara Corcoran_S25,Barbara Corcoran,25,1,3,5.0
Barbara Corcoran_S25,Barbara Corcoran,25,2,1,6.0
Barbara Corcoran_S25,Barbara Corcoran,25,2,2,5.0
Barbara Corcoran_S25,Barbara Corcoran,25,2,3,6.0
Barbara Corcoran_S25,Barbara Corcoran,25,3,1,0.0
Barbara Corcoran_S25,Barbara Corcoran,25,3,2,0.0
Barbara Corcoran_S25,Barbara Corcoran,25,3,3,0.0
Barbara Corcoran_S25,Barbara Corcoran,25,4,1,0.0
Barbara Corcoran_S25,Barbara Corcoran,25,4,2,0.0
Barbara Corcoran_S25,Barbara Corcoran,25,4,3,0.0
Barbara Corcoran_S25,Barbara Corcoran,25,5,1,0.0
Barbara Corcoran_S25,Barbara Corcoran,25,5,2,0.0
Barbara Corcoran_S25,Barbara Corcoran,25,5,3,0.0
Barbara Corcoran_S25,Barbara Corcoran,25,6,1,0.0
Barbara Corcoran_S25,Barbara Corcoran,25,6,2,0.0
Barbara Corcoran_S25,Barbara Corcoran,25,6,3,0.0
Barbara Corcoran_S25,Barbara Corcoran,25,6,4,0.0
Barbara Corcoran_S25,Barbara Corcoran,25,7,1,0.0
Barbara Corcoran_S25,Barbara Corcoran,25,7,2,0.0
Barbara Corcoran_S25,Barbara Corcoran,25,7,3,0.0
Barbara Corcoran_S25,Barbara Corcoran,25,8,1,0.0
Barbara Corcoran_S25,Barbara Corcoran,25,8,2,0.0
Barbara Corcoran_S25,Barbara Corcoran,25,8,3,0.0
Barbara Corcoran_S25,Barbara Corcoran,25,9,1,0.0
Barbara Corcoran_S25,Barbara Corcoran,25,9,2,0.0
Barbara Corcoran_S25,Barbara Corcoran,25,9,3,0.0
Barbara Corcoran_S25,Barbara Corcoran,25,10,1,0.0
Barbara Corcoran_S25,Barbara Corcoran,25,10,2,0.0
Barbara Corcoran_S25,Barbara Corcoran,25,10,3,0.0
Barbara Corcoran_S25,Barbara Corcoran,25,10,4,0.0
Lindsey Stirling_S25,Lindsey Stirling,25,1,1,7.0
Lindsey Stirling_S25,Lindsey Stirling,25,1,2,8.0
Lindsey Stirling_S25,Lindsey Stirling,25,1,3,7.0
Lindsey Stirling_S25,Lindsey Stirling,25,2,1,7.5
Lindsey Stirling_S25,Lindsey Stirling,25,2,2,7.5
Lindsey Stirling_S25,Lindsey Stirling,25,2,3,7.5
Lindsey Stirling_S25,Lindsey Stirling,25,3,1,9.0
Lindsey Stirling_S25,Lindsey Stirling,25,3,2,9.0
Lindsey Stirling_S25,Lindsey Stirling,25,3,3,9.0
Lindsey Stirling_S25,Lindsey Stirling,25,4,1,9.0
Lindsey Stirling_S25,Lindsey Stirling,25,4,2,8.0
Lindsey Stirling_S25,Lindsey Stirling,25,4,3,9.0
Lindsey Stirling_S25,Lindsey Stirling,25,5,1,9.0
Lindsey Stirling_S25,Lindsey Stirling,25,5,2,10.0
Lindsey Stirling_S25,Lindsey Stirling,25,5,3,9.0
Lindsey Stirling_S25,Lindsey Stirling,25,6,1,10.0
Lindsey Stirling_S25,Lindsey Stirling,25,6,2,10.0
Lindsey Stirling_S25,Lindsey Stirling,25,6,3,10.0
Lindsey Stirling_S25,Lindsey Stirling,25,6,4,10.0
Lindsey Stirling_S25,Lindsey Stirling,25,7,1,8.5
Lindsey Stirling_S25,Lindsey Stirling,25,7,2,8.5
Lindsey Stirling_S25,Lindsey Stirling,25,7,3,8.5
Lindsey Stirling_S25,Lindsey Stirling,25,8,1,9.5
Lindsey Stirling_S25,Lindsey Stirling,25,8,2,8.5
Lindsey Stirling_S25,Lindsey Stirling,25,8,3,9.0
Lindsey Stirling_S25,Lindsey Stirling,25,9,1,9.5
Lindsey Stirling_S25,Lindsey Stirling,25,9,2,9.0
Lindsey Stirling_S25,Lindsey Stirling,25,9,3,10.0
Lindsey Stirling_S25,Lindsey Stirling,25,10,1,10.0
Lindsey Stirling_S25,Lindsey Stirling,25,10,2,10.0
Lindsey Stirling_S25,Lindsey Stirling,25,10,3,10.0
Lindsey Stirling_S25,Lindsey Stirling,25,10,4,10.0
Debbie Gibson_S25,Debbie Gibson,25,1,1,6.0
Debbie Gibson_S25,Debbie Gibson,25,1,2,5.0
Debbie Gibson_S25,Debbie Gibson,25,1,3,6.0
Debbie Gibson_S25,Debbie Gibson,25,2,1,7.0
Debbie Gibson_S25,Debbie Gibson,25,2,2,6.5
Debbie Gibson_S25,Debbie Gibson,25,2,3,7.0
Debbie Gibson_S25,Debbie Gibson,25,3,1,0.0
Debbie Gibson_S25,Debbie Gibson,25,3,2,0.0
Debbie Gibson_S25,Debbie Gibson,25,3,3,0.0
Debbie Gibson_S25,Debbie Gibson,25,4,1,0.0
Debbie Gibson_S25,Debbie Gibson,25,4,2,0.0
Debbie Gibson_S25,Debbie Gibson,25,4,3,0.0
Debbie Gibson_S25,Debbie Gibson,25,5,1,0.0
Debbie Gibson_S25,Debbie Gibson,25,5,2,0.0
Debbie Gibson_S25,Debbie Gibson,25,5,3,0.0
Debbie Gibson_S25,Debbie Gibson,25,6,1,0.0
Debbie Gibson_S25,Debbie Gibson,25,6,2,0.0
Debbie Gibson_S25,Debbie Gibson,25,6,3,0.0
Debbie Gibson_S25,Debbie Gibson,25,6,4,0.0
Debbie Gibson_S25,Debbie Gibson,25,7,1,0.0
Debbie Gibson_S25,Debbie Gibson,25,7,2,0.0
Debbie Gibson_S25,Debbie Gibson,25,7,3,0.0
Debbie Gibson_S25,Debbie Gibson,25,8,1,0.0
Debbie Gibson_S25,Debbie Gibson,25,8,2,0.0
Debbie Gibson_S25,Debbie Gibson,25,8,3,0.0
Debbie Gibson_S25,Debbie Gibson,25,9,1,0.0
Debbie Gibson_S25,Debbie Gibson,25,9,2,0.0
Debbie Gibson_S25,Debbie Gibson,25,9,3,0.0
Debbie Gibson_S25,Debbie Gibson,25,10,1,0.0
Debbie Gibson_S25,Debbie Gibson,25,10,2,0.0
Debbie Gibson_S25,Debbie Gibson,25,10,3,0.0
Debbie Gibson_S25,Debbie Gibson,25,10,4,0.0
Nick Lachey_S25,Nick Lachey,25,1,1,6.0
Nick Lachey_S25,Nick Lachey,25,1,2,6.0
Nick Lachey_S25,Nick Lachey,25,1,3,6.0
Nick Lachey_S25,Nick Lachey,25,2,1,7.0
Nick Lachey_S25,Nick Lachey,25,2,2,6.0
Nick Lachey_S25,Nick Lachey,25,2,3,6.0
Nick Lachey_S25,Nick Lachey,25,3,1,7.0
Nick Lachey_S25,Nick Lachey,25,3,2,7.0
Nick Lachey_S25,Nick Lachey,25,3,3,7.0
Nick Lachey_S25,Nick Lachey,25,4,1,8.0
Nick Lachey_S25,Nick Lachey,25,4,2,7.0
Nick Lachey_S25,Nick Lachey,25,4,3,7.0
Nick Lachey_S25,Nick Lachey,25,5,1,7.0
Nick Lachey_S25,Nick Lachey,25,5,2,8.0
Nick Lachey_S25,Nick Lachey,25,5,3,7.0
Nick Lachey_S25,Nick Lachey,25,6,1,7.0
Nick Lachey_S25,Nick Lachey,25,6,2,6.0
Nick Lachey_S25,Nick Lachey,25,6,3,7.0
Nick Lachey_S25,Nick Lachey,25,6,4,6.0
Nick Lachey_S25,Nick Lachey,25,7,1,0.0
Nick Lachey_S25,Nick Lachey,25,7,2,0.0
Nick Lachey_S25,Nick Lachey,25,7,3,0.0
Nick Lachey_S25,Nick Lachey,25,8,1,0.0
Nick Lachey_S25,Nick Lachey,25,8,2,0.0
Nick Lachey_S25,Nick Lachey,25,8,3,0.0
Nick Lachey_S25,Nick Lachey,25,9,1,0.0
Nick Lachey_S25,Nick Lachey,25,9,2,0.0
Nick Lachey_S25,Nick Lachey,25,9,3,0.0
Nick Lachey_S25,Nick Lachey,25,10,1,0.0
Nick Lachey_S25,Nick Lachey,25,10,2,0.0
Nick Lachey_S25,Nick Lachey,25,10,3,0.0
Nick Lachey_S25,Nick Lachey,25,10,4,0.0
Drew Scott_S25,Drew Scott,25,1,1,6.0
Drew Scott_S25,Drew Scott,25,1,2,5.0
Drew Scott_S25,Drew Scott,25,1,3,5.0
Drew Scott_S25,Drew Scott,25,2,1,7.0
Drew Scott_S25,Drew Scott,25,2,2,6.5
Drew Scott_S25,Drew Scott,25,2,3,7.0
Drew Scott_S25,Drew Scott,25,3,1,8.0
Drew Scott_S25,Drew Scott,25,3,2,7.0
Drew Scott_S25,Drew Scott,25,3,3,8.0
Drew Scott_S25,Drew Scott,25,4,1,8.0
Drew Scott_S25,Drew Scott,25,4,2,8.0
Drew Scott_S25,Drew Scott,25,4,3,8.0
Drew Scott_S25,Drew Scott,25,5,1,9.0
Drew Scott_S25,Drew Scott,25,5,2,8.0
Drew Scott_S25,Drew Scott,25,5,3,8.0
Drew Scott_S25,Drew Scott,25,6,1,7.0
Drew Scott_S25,Drew Scott,25,6,2,7.0
Drew Scott_S25,Drew Scott,25,6,3,9.0
Drew Scott_S25,Drew Scott,25,6,4,7.0
Drew Scott_S25,Drew Scott,25,7,1,9.5
Drew Scott_S25,Drew Scott,25,7,2,9.5
Drew Scott_S25,Drew Scott,25,7,3,9.5
Drew Scott_S25,Drew Scott,25,8,1,8.0
Drew Scott_S25,Drew Scott,25,8,2,7.5
Drew Scott_S25,Drew Scott,25,8,3,8.0
Drew Scott_S25,Drew Scott,25,9,1,8.0
Drew Scott_S25,Drew Scott,25,9,2,8.0
Drew Scott_S25,Drew Scott,25,9,3,8.0
Drew Scott_S25,Drew Scott,25,10,1,9.0
Drew Scott_S25,Drew Scott,25,10,2,9.5
Drew Scott_S25,Drew Scott,25,10,3,9.5
Drew Scott_S25,Drew Scott,25,10,4,9.5
Vanessa Lachey_S25,Vanessa Lachey,25,1,1,7.0
Vanessa Lachey_S25,Vanessa Lachey,25,1,2,7.0
Vanessa Lachey_S25,Vanessa Lachey,25,1,3,7.0
Vanessa Lachey_S25,Vanessa Lachey,25,2,1,8.0
Vanessa Lachey_S25,Vanessa Lachey,25,2,2,8.0
Vanessa Lachey_S25,Vanessa Lachey,25,2,3,7.5
Vanessa Lachey_S25,Vanessa Lachey,25,3,1,7.0
Vanessa Lachey_S25,Vanessa Lachey,25,3,2,8.0
Vanessa Lachey_S25,Vanessa Lachey,25,3,3,8.0
Vanessa Lachey_S25,Vanessa Lachey,25,4,1,8.0
Vanessa Lachey_S25,Vanessa Lachey,25,4,2,8.0
Vanessa Lachey_S25,Vanessa Lachey,25,4,3,8.0
Vanessa Lachey_S25,Vanessa Lachey,25,5,1,8.0
Vanessa Lachey_S25,Vanessa Lachey,25,5,2,8.0
Vanessa Lachey_S25,Vanessa Lachey,25,5,3,8.0
Vanessa Lachey_S25,Vanessa Lachey,25,6,1,9.0
Vanessa Lachey_S25,Vanessa Lachey,25,6,2,9.0
Vanessa Lachey_S25,Vanessa Lachey,25,6,3,9.0
Vanessa Lachey_S25,Vanessa Lachey,25,6,4,9.0
Vanessa Lachey_S25,Vanessa Lachey,25,7,1,9.0
Vanessa Lachey_S25,Vanessa Lachey,25,7,2,9.0
Vanessa Lachey_S25,Vanessa Lachey,25,7,3,9.0
Vanessa Lachey_S25,Vanessa Lachey,25,8,1,0.0
Vanessa Lachey_S25,Vanessa Lachey,25,8,2,0.0
Vanessa Lachey_S25,Vanessa Lachey,25,8,3,0.0
Vanessa Lachey_S25,Vanessa Lachey,25,9,1,0.0
Vanessa Lachey_S25,Vanessa Lachey,25,9,2,0.0
Vanessa Lachey_S25,Vanessa Lachey,25,9,3,0.0
Vanessa Lachey_S25,Vanessa Lachey,25,10,1,0.0
Vanessa Lachey_S25,Vanessa Lachey,25,10,2,0.0
Vanessa Lachey_S25,Vanessa Lachey,25,10,3,0.0
Vanessa Lachey_S25,Vanessa Lachey,25,10,4,0.0
Jamie Anderson_S26,Jamie Anderson,26,1,1,6.0
Jamie Anderson_S26,Jamie Anderson,26,1,2,7.0
Jamie Anderson_S26,Jamie Anderson,26,1,3,6.0
Jamie Anderson_S26,Jamie Anderson,26,2,1,0.0
Jamie Anderson_S26,Jamie Anderson,26,2,2,0.0
Jamie Anderson_S26,Jamie Anderson,26,2,3,0.0
Jamie Anderson_S26,Jamie Anderson,26,2,4,0.0
Jamie Anderson_S26,Jamie Anderson,26,3,1,0.0
Jamie Anderson_S26,Jamie Anderson,26,3,2,0.0
Jamie Anderson_S26,Jamie Anderson,26,3,3,0.0
Jamie Anderson_S26,Jamie Anderson,26,3,4,0.0
Jamie Anderson_S26,Jamie Anderson,26,4,1,0.0
Jamie Anderson_S26,Jamie Anderson,26,4,2,0.0
Jamie Anderson_S26,Jamie Anderson,26,4,3,0.0
Johnny Damon_S26,Johnny Damon,26,1,1,6.0
Johnny Damon_S26,Johnny Damon,26,1,2,6.0
Johnny Damon_S26,Johnny Damon,26,1,3,6.0
Johnny Damon_S26,Johnny Damon,26,2,1,0.0
Johnny Damon_S26,Johnny Damon,26,2,2,0.0
Johnny Damon_S26,Johnny Damon,26,2,3,0.0
Johnny Damon_S26,Johnny Damon,26,2,4,0.0
Johnny Damon_S26,Johnny Damon,26,3,1,0.0
Johnny Damon_S26,Johnny Damon,26,3,2,0.0
Johnny Damon_S26,Johnny Damon,26,3,3,0.0
Johnny Damon_S26,Johnny Damon,26,3,4,0.0
Johnny Damon_S26,Johnny Damon,26,4,1,0.0
Johnny Damon_S26,Johnny Damon,26,4,2,0.0
Johnny Damon_S26,Johnny Damon,26,4,3,0.0
Kareem Abdul-Jabbar_S26,Kareem Abdul-Jabbar,26,1,1,6.0
Kareem Abdul-Jabbar_S26,Kareem Abdul-Jabbar,26,1,2,5.0
Kareem Abdul-Jabbar_S26,Kareem Abdul-Jabbar,26,1,3,6.0
Kareem Abdul-Jabbar_S26,Kareem Abdul-Jabbar,26,2,1,7.5
Kareem Abdul-Jabbar_S26,Kareem Abdul-Jabbar,26,2,2,8.0
Kareem Abdul-Jabbar_S26,Kareem Abdul-Jabbar,26,2,3,7.0
Kareem Abdul-Jabbar_S26,Kareem Abdul-Jabbar,26,2,4,7.0
Kareem Abdul-Jabbar_S26,Kareem Abdul-Jabbar,26,3,1,0.0
Kareem Abdul-Jabbar_S26,Kareem Abdul-Jabbar,26,3,2,0.0
Kareem Abdul-Jabbar_S26,Kareem Abdul-Jabbar,26,3,3,0.0
Kareem Abdul-Jabbar_S26,Kareem Abdul-Jabbar,26,3,4,0.0
Kareem Abdul-Jabbar_S26,Kareem Abdul-Jabbar,26,4,1,0.0
Kareem Abdul-Jabbar_S26,Kareem Abdul-Jabbar,26,4,2,0.0
Kareem Abdul-Jabbar_S26,Kareem Abdul-Jabbar,26,4,3,0.0
Arike Ogunbowale_S26,Arike Ogunbowale,26,1,1,7.0
Arike Ogunbowale_S26,Arike Ogunbowale,26,1,2,6.0
Arike Ogunbowale_S26,Arike Ogunbowale,26,1,3,7.0
Arike Ogunbowale_S26,Arike Ogunbowale,26,2,1,8.5
Arike Ogunbowale_S26,Arike Ogunbowale,26,2,2,9.5
Arike Ogunbowale_S26,Arike Ogunbowale,26,2,3,8.5
Arike Ogunbowale_S26,Arike Ogunbowale,26,2,4,8.5
Arike Ogunbowale_S26,Arike Ogunbowale,26,3,1,0.0
Arike Ogunbowale_S26,Arike Ogunbowale,26,3,2,0.0
Arike Ogunbowale_S26,Arike Ogunbowale,26,3,3,0.0
Arike Ogunbowale_S26,Arike Ogunbowale,26,3,4,0.0
Arike Ogunbowale_S26,Arike Ogunbowale,26,4,1,0.0
Arike Ogunbowale_S26,Arike Ogunbowale,26,4,2,0.0
Arike Ogunbowale_S26,Arike Ogunbowale,26,4,3,0.0
Jennie Finch Daigle_S26,Jennie Finch Daigle,26,1,1,7.0
Jennie Finch Daigle_S26,Jennie Finch Daigle,26,1,2,7.0
Jennie Finch Daigle_S26,Jennie Finch Daigle,26,1,3,7.0
Jennie Finch Daigle_S26,Jennie Finch Daigle,26,2,1,7.5
Jennie Finch Daigle_S26,Jennie Finch Daigle,26,2,2,8.5
Jennie Finch Daigle_S26,Jennie Finch Daigle,26,2,3,8.0
Jennie Finch Daigle_S26,Jennie Finch Daigle,26,2,4,7.5
Jennie Finch Daigle_S26,Jennie Finch Daigle,26,3,1,7.0
Jennie Finch Daigle_S26,Jennie Finch Daigle,26,3,2,8.0
Jennie Finch Daigle_S26,Jennie Finch Daigle,26,3,3,7.0
Jennie Finch Daigle_S26,Jennie Finch Daigle,26,3,4,7.0
Jennie Finch Daigle_S26,Jennie Finch Daigle,26,4,1,0.0
Jennie Finch Daigle_S26,Jennie Finch Daigle,26,4,2,0.0
Jennie Finch Daigle_S26,Jennie Finch Daigle,26,4,3,0.0
Chris Mazdzer_S26,Chris Mazdzer,26,1,1,7.0
Chris Mazdzer_S26,Chris Mazdzer,26,1,2,7.0
Chris Mazdzer_S26,Chris Mazdzer,26,1,3,7.0
Chris Mazdzer_S26,Chris Mazdzer,26,2,1,8.5
Chris Mazdzer_S26,Chris Mazdzer,26,2,2,8.5
Chris Mazdzer_S26,Chris Mazdzer,26,2,3,8.0
Chris Mazdzer_S26,Chris Mazdzer,26,2,4,8.0
Chris Mazdzer_S26,Chris Mazdzer,26,3,1,8.0
Chris Mazdzer_S26,Chris Mazdzer,26,3,2,9.0
Chris Mazdzer_S26,Chris Mazdzer,26,3,3,7.0
Chris Mazdzer_S26,Chris Mazdzer,26,3,4,9.0
Chris Mazdzer_S26,Chris Mazdzer,26,4,1,0.0
Chris Mazdzer_S26,Chris Mazdzer,26,4,2,0.0
Chris Mazdzer_S26,Chris Mazdzer,26,4,3,0.0
Mirai Nagasu_S26,Mirai Nagasu,26,1,1,7.0
Mirai Nagasu_S26,Mirai Nagasu,26,1,2,8.0
Mirai Nagasu_S26,Mirai Nagasu,26,1,3,8.0
Mirai Nagasu_S26,Mirai Nagasu,26,2,1,9.0
Mirai Nagasu_S26,Mirai Nagasu,26,2,2,10.0
Mirai Nagasu_S26,Mirai Nagasu,26,2,3,9.0
Mirai Nagasu_S26,Mirai Nagasu,26,2,4,9.0
Mirai Nagasu_S26,Mirai Nagasu,26,3,1,9.0
Mirai Nagasu_S26,Mirai Nagasu,26,3,2,9.0
Mirai Nagasu_S26,Mirai Nagasu,26,3,3,8.0
Mirai Nagasu_S26,Mirai Nagasu,26,3,4,9.0
Mirai Nagasu_S26,Mirai Nagasu,26,4,1,0.0
Mirai Nagasu_S26,Mirai Nagasu,26,4,2,0.0
Mirai Nagasu_S26,Mirai Nagasu,26,4,3,0.0
Tonya Harding_S26,Tonya Harding,26,1,1,8.0
Tonya Harding_S26,Tonya Harding,26,1,2,8.0
Tonya Harding_S26,Tonya Harding,26,1,3,7.0
Tonya Harding_S26,Tonya Harding,26,2,1,8.0
Tonya Harding_S26,Tonya Harding,26,2,2,9.0
Tonya Harding_S26,Tonya Harding,26,2,3,8.0
Tonya Harding_S26,Tonya Harding,26,2,4,8.0
Tonya Harding_S26,Tonya Harding,26,3,1,8.5
Tonya Harding_S26,Tonya Harding,26,3,2,9.5
Tonya Harding_S26,Tonya Harding,26,3,3,8.5
Tonya Harding_S26,Tonya Harding,26,3,4,8.5
Tonya Harding_S26,Tonya Harding,26,4,1,9.0
Tonya Harding_S26,Tonya Harding,26,4,2,9.5
Tonya Harding_S26,Tonya Harding,26,4,3,9.5
Josh Norman_S26,Josh Norman,26,1,1,8.0
Josh Norman_S26,Josh Norman,26,1,2,8.0
Josh Norman_S26,Josh Norman,26,1,3,8.0
Josh Norman_S26,Josh Norman,26,2,1,7.5
Josh Norman_S26,Josh Norman,26,2,2,8.0
Josh Norman_S26,Josh Norman,26,2,3,8.0
Josh Norman_S26,Josh Norman,26,2,4,8.0
Josh Norman_S26,Josh Norman,26,3,1,9.5
Josh Norman_S26,Josh Norman,26,3,2,9.5
Josh Norman_S26,Josh Norman,26,3,3,9.5
Josh Norman_S26,Josh Norman,26,3,4,9.5
Josh Norman_S26,Josh Norman,26,4,1,9.5
Josh Norman_S26,Josh Norman,26,4,2,9.5
Josh Norman_S26,Josh Norman,26,4,3,9.5
Adam Rippon_S26,Adam Rippon,26,1,1,8.0
Adam Rippon_S26,Adam Rippon,26,1,2,8.0
Adam Rippon_S26,Adam Rippon,26,1,3,8.0
Adam Rippon_S26,Adam Rippon,26,2,1,9.0
Adam Rippon_S26,Adam Rippon,26,2,2,9.5
Adam Rippon_S26,Adam Rippon,26,2,3,9.0
Adam Rippon_S26,Adam Rippon,26,2,4,9.5
Adam Rippon_S26,Adam Rippon,26,3,1,10.5
Adam Rippon_S26,Adam Rippon,26,3,2,10.5
Adam Rippon_S26,Adam Rippon,26,3,3,9.5
Adam Rippon_S26,Adam Rippon,26,3,4,10.5
Adam Rippon_S26,Adam Rippon,26,4,1,9.5
Adam Rippon_S26,Adam Rippon,26,4,2,9.5
Adam Rippon_S26,Adam Rippon,26,4,3,10.0
Juan Pablo Di Pace_S27,Juan Pablo Di Pace,27,1,1,7.0
Juan Pablo Di Pace_S27,Juan Pablo Di Pace,27,1,2,7.0
Juan Pablo Di Pace_S27,Juan Pablo Di Pace,27,1,3,8.0
Juan Pablo Di Pace_S27,Juan Pablo Di Pace,27,2,1,9.0
Juan Pablo Di Pace_S27,Juan Pablo Di Pace,27,2,2,8.0
Juan Pablo Di Pace_S27,Juan Pablo Di Pace,27,2,3,9.0
Juan Pablo Di Pace_S27,Juan Pablo Di Pace,27,3,1,10.0
Juan Pablo Di Pace_S27,Juan Pablo Di Pace,27,3,2,10.0
Juan Pablo Di Pace_S27,Juan Pablo Di Pace,27,3,3,10.0
Juan Pablo Di Pace_S27,Juan Pablo Di Pace,27,4,1,8.0
Juan Pablo Di Pace_S27,Juan Pablo Di Pace,27,4,2,8.0
Juan Pablo Di Pace_S27,Juan Pablo Di Pace,27,4,3,8.0
Juan Pablo Di Pace_S27,Juan Pablo Di Pace,27,5,1,10.0
Juan Pablo Di Pace_S27,Juan Pablo Di Pace,27,5,2,9.0
Juan Pablo Di Pace_S27,Juan Pablo Di Pace,27,5,3,10.0
Juan Pablo Di Pace_S27,Juan Pablo Di Pace,27,6,1,10.0
Juan Pablo Di Pace_S27,Juan Pablo Di Pace,27,6,2,10.0
Juan Pablo Di Pace_S27,Juan Pablo Di Pace,27,6,3,10.0
Juan Pablo Di Pace_S27,Juan Pablo Di Pace,27,7,1,9.5
Juan Pablo Di Pace_S27,Juan Pablo Di Pace,27,7,2,9.0
Juan Pablo Di Pace_S27,Juan Pablo Di Pace,27,7,3,9.5
Juan Pablo Di Pace_S27,Juan Pablo Di Pace,27,8,1,10.0
Juan Pablo Di Pace_S27,Juan Pablo Di Pace,27,8,2,10.0
Juan Pablo Di Pace_S27,Juan Pablo Di Pace,27,8,3,10.0
Juan Pablo Di Pace_S27,Juan Pablo Di Pace,27,9,1,0.0
Juan Pablo Di Pace_S27,Juan Pablo Di Pace,27,9,2,0.0
Juan Pablo Di Pace_S27,Juan Pablo Di Pace,27,9,3,0.0
Evanna Lynch_S27,Evanna Lynch,27,1,1,7.0
Evanna Lynch_S27,Evanna Lynch,27,1,2,5.0
Evanna Lynch_S27,Evanna Lynch,27,1,3,6.0
Evanna Lynch_S27,Evanna Lynch,27,2,1,8.0
Evanna Lynch_S27,Evanna Lynch,27,2,2,8.0
Evanna Lynch_S27,Evanna Lynch,27,2,3,8.0
Evanna Lynch_S27,Evanna Lynch,27,3,1,9.0
Evanna Lynch_S27,Evanna Lynch,27,3,2,9.0
Evanna Lynch_S27,Evanna Lynch,27,3,3,9.0
Evanna Lynch_S27,Evanna Lynch,27,4,1,8.0
Evanna Lynch_S27,Evanna Lynch,27,4,2,8.0
Evanna Lynch_S27,Evanna Lynch,27,4,3,8.0
Evanna Lynch_S27,Evanna Lynch,27,5,1,8.0
Evanna Lynch_S27,Evanna Lynch,27,5,2,8.0
Evanna Lynch_S27,Evanna Lynch,27,5,3,8.0
Evanna Lynch_S27,Evanna Lynch,27,6,1,10.0
Evanna Lynch_S27,Evanna Lynch,27,6,2,9.0
Evanna Lynch_S27,Evanna Lynch,27,6,3,10.0
Evanna Lynch_S27,Evanna Lynch,27,7,1,10.0
Evanna Lynch_S27,Evanna Lynch,27,7,2,9.5
Evanna Lynch_S27,Evanna Lynch,27,7,3,10.0
Evanna Lynch_S27,Evanna Lynch,27,8,1,10.0
Evanna Lynch_S27,Evanna Lynch,27,8,2,9.5
Evanna Lynch_S27,Evanna Lynch,27,8,3,9.5
Evanna Lynch_S27,Evanna Lynch,27,9,1,10.0
Evanna Lynch_S27,Evanna Lynch,27,9,2,10.0
Evanna Lynch_S27,Evanna Lynch,27,9,3,10.0
Nancy McKeon_S27,Nancy McKeon,27,1,1,6.5
Nancy McKeon_S27,Nancy McKeon,27,1,2,6.5
Nancy McKeon_S27,Nancy McKeon,27,1,3,6.5
Nancy McKeon_S27,Nancy McKeon,27,2,1,7.0
Nancy McKeon_S27,Nancy McKeon,27,2,2,6.5
Nancy McKeon_S27,Nancy McKeon,27,2,3,7.0
Nancy McKeon_S27,Nancy McKeon,27,3,1,8.0
Nancy McKeon_S27,Nancy McKeon,27,3,2,7.0
Nancy McKeon_S27,Nancy McKeon,27,3,3,7.0
Nancy McKeon_S27,Nancy McKeon,27,4,1,0.0
Nancy McKeon_S27,Nancy McKeon,27,4,2,0.0
Nancy McKeon_S27,Nancy McKeon,27,4,3,0.0
Nancy McKeon_S27,Nancy McKeon,27,5,1,0.0
Nancy McKeon_S27,Nancy McKeon,27,5,2,0.0
Nancy McKeon_S27,Nancy McKeon,27,5,3,0.0
Nancy McKeon_S27,Nancy McKeon,27,6,1,0.0
Nancy McKeon_S27,Nancy McKeon,27,6,2,0.0
Nancy McKeon_S27,Nancy McKeon,27,6,3,0.0
Nancy McKeon_S27,Nancy McKeon,27,7,1,0.0
Nancy McKeon_S27,Nancy McKeon,27,7,2,0.0
Nancy McKeon_S27,Nancy McKeon,27,7,3,0.0
Nancy McKeon_S27,Nancy McKeon,27,8,1,0.0
Nancy McKeon_S27,Nancy McKeon,27,8,2,0.0
Nancy McKeon_S27,Nancy McKeon,27,8,3,0.0
Nancy McKeon_S27,Nancy McKeon,27,9,1,0.0
Nancy McKeon_S27,Nancy McKeon,27,9,2,0.0
Nancy McKeon_S27,Nancy McKeon,27,9,3,0.0
John Schneider_S27,John Schneider,27,1,1,7.0
John Schneider_S27,John Schneider,27,1,2,5.0
John Schneider_S27,John Schneider,27,1,3,6.0
John Schneider_S27,John Schneider,27,2,1,7.5
John Schneider_S27,John Schneider,27,2,2,6.5
John Schneider_S27,John Schneider,27,2,3,7.5
John Schneider_S27,John Schneider,27,3,1,7.0
John Schneider_S27,John Schneider,27,3,2,7.0
John Schneider_S27,John Schneider,27,3,3,7.0
John Schneider_S27,John Schneider,27,4,1,7.0
John Schneider_S27,John Schneider,27,4,2,7.0
John Schneider_S27,John Schneider,27,4,3,7.0
John Schneider_S27,John Schneider,27,5,1,8.0
John Schneider_S27,John Schneider,27,5,2,8.0
John Schneider_S27,John Schneider,27,5,3,8.0
John Schneider_S27,John Schneider,27,6,1,6.0
John Schneider_S27,John Schneider,27,6,2,7.0
John Schneider_S27,John Schneider,27,6,3,6.0
John Schneider_S27,John Schneider,27,7,1,9.0
John Schneider_S27,John Schneider,27,7,2,9.0
John Schneider_S27,John Schneider,27,7,3,9.0
John Schneider_S27,John Schneider,27,8,1,0.0
John Schneider_S27,John Schneider,27,8,2,0.0
John Schneider_S27,John Schneider,27,8,3,0.0
John Schneider_S27,John Schneider,27,9,1,0.0
John Schneider_S27,John Schneider,27,9,2,0.0
John Schneider_S27,John Schneider,27,9,3,0.0
Milo Manheim_S27,Milo Manheim,27,1,1,7.0
Milo Manheim_S27,Milo Manheim,27,1,2,6.0
Milo Manheim_S27,Milo Manheim,27,1,3,7.0
Milo Manheim_S27,Milo Manheim,27,2,1,9.0
Milo Manheim_S27,Milo Manheim,27,2,2,8.0
Milo Manheim_S27,Milo Manheim,27,2,3,9.0
Milo Manheim_S27,Milo Manheim,27,3,1,9.0
Milo Manheim_S27,Milo Manheim,27,3,2,9.0
Milo Manheim_S27,Milo Manheim,27,3,3,9.0
Milo Manheim_S27,Milo Manheim,27,4,1,10.0
Milo Manheim_S27,Milo Manheim,27,4,2,9.0
Milo Manheim_S27,Milo Manheim,27,4,3,10.0
Milo Manheim_S27,Milo Manheim,27,5,1,9.0
Milo Manheim_S27,Milo Manheim,27,5,2,8.0
Milo Manheim_S27,Milo Manheim,27,5,3,10.0
Milo Manheim_S27,Milo Manheim,27,6,1,10.0
Milo Manheim_S27,Milo Manheim,27,6,2,10.0
Milo Manheim_S27,Milo Manheim,27,6,3,10.0
Milo Manheim_S27,Milo Manheim,27,7,1,10.0
Milo Manheim_S27,Milo Manheim,27,7,2,9.0
Milo Manheim_S27,Milo Manheim,27,7,3,10.0
Milo Manheim_S27,Milo Manheim,27,8,1,9.0
Milo Manheim_S27,Milo Manheim,27,8,2,9.0
Milo Manheim_S27,Milo Manheim,27,8,3,9.5
Milo Manheim_S27,Milo Manheim,27,9,1,10.0
Milo Manheim_S27,Milo Manheim,27,9,2,10.0
Milo Manheim_S27,Milo Manheim,27,9,3,10.0
Danelle Umstead_S27,Danelle Umstead,27,1,1,6.0
Danelle Umstead_S27,Danelle Umstead,27,1,2,6.0
Danelle Umstead_S27,Danelle Umstead,27,1,3,6.0
Danelle Umstead_S27,Danelle Umstead,27,2,1,6.5
Danelle Umstead_S27,Danelle Umstead,27,2,2,6.0
Danelle Umstead_S27,Danelle Umstead,27,2,3,6.0
Danelle Umstead_S27,Danelle Umstead,27,3,1,0.0
Danelle Umstead_S27,Danelle Umstead,27,3,2,0.0
Danelle Umstead_S27,Danelle Umstead,27,3,3,0.0
Danelle Umstead_S27,Danelle Umstead,27,4,1,0.0
Danelle Umstead_S27,Danelle Umstead,27,4,2,0.0
Danelle Umstead_S27,Danelle Umstead,27,4,3,0.0
Danelle Umstead_S27,Danelle Umstead,27,5,1,0.0
Danelle Umstead_S27,Danelle Umstead,27,5,2,0.0
Danelle Umstead_S27,Danelle Umstead,27,5,3,0.0
Danelle Umstead_S27,Danelle Umstead,27,6,1,0.0
Danelle Umstead_S27,Danelle Umstead,27,6,2,0.0
Danelle Umstead_S27,Danelle Umstead,27,6,3,0.0
Danelle Umstead_S27,Danelle Umstead,27,7,1,0.0
Danelle Umstead_S27,Danelle Umstead,27,7,2,0.0
Danelle Umstead_S27,Danelle Umstead,27,7,3,0.0
Danelle Umstead_S27,Danelle Umstead,27,8,1,0.0
Danelle Umstead_S27,Danelle Umstead,27,8,2,0.0
Danelle Umstead_S27,Danelle Umstead,27,8,3,0.0
Danelle Umstead_S27,Danelle Umstead,27,9,1,0.0
Danelle Umstead_S27,Danelle Umstead,27,9,2,0.0
Danelle Umstead_S27,Danelle Umstead,27,9,3,0.0
Mary Lou Retton_S27,Mary Lou Retton,27,1,1,6.5
Mary Lou Retton_S27,Mary Lou Retton,27,1,2,7.0
Mary Lou Retton_S27,Mary Lou Retton,27,1,3,6.5
Mary Lou Retton_S27,Mary Lou Retton,27,2,1,8.0
Mary Lou Retton_S27,Mary Lou Retton,27,2,2,7.5
Mary Lou Retton_S27,Mary Lou Retton,27,2,3,7.5
Mary Lou Retton_S27,Mary Lou Retton,27,3,1,8.0
Mary Lou Retton_S27,Mary Lou Retton,27,3,2,8.0
Mary Lou Retton_S27,Mary Lou Retton,27,3,3,8.0
Mary Lou Retton_S27,Mary Lou Retton,27,4,1,9.0
Mary Lou Retton_S27,Mary Lou Retton,27,4,2,8.0
Mary Lou Retton_S27,Mary Lou Retton,27,4,3,9.0
Mary Lou Retton_S27,Mary Lou Retton,27,5,1,9.0
Mary Lou Retton_S27,Mary Lou Retton,27,5,2,8.0
Mary Lou Retton_S27,Mary Lou Retton,27,5,3,8.0
Mary Lou Retton_S27,Mary Lou Retton,27,6,1,8.0
Mary Lou Retton_S27,Mary Lou Retton,27,6,2,8.0
Mary Lou Retton_S27,Mary Lou Retton,27,6,3,8.0
Mary Lou Retton_S27,Mary Lou Retton,27,7,1,0.0
Mary Lou Retton_S27,Mary Lou Retton,27,7,2,0.0
Mary Lou Retton_S27,Mary Lou Retton,27,7,3,0.0
Mary Lou Retton_S27,Mary Lou Retton,27,8,1,0.0
Mary Lou Retton_S27,Mary Lou Retton,27,8,2,0.0
Mary Lou Retton_S27,Mary Lou Retton,27,8,3,0.0
Mary Lou Retton_S27,Mary Lou Retton,27,9,1,0.0
Mary Lou Retton_S27,Mary Lou Retton,27,9,2,0.0
Mary Lou Retton_S27,Mary Lou Retton,27,9,3,0.0
DeMarcus Ware_S27,DeMarcus Ware,27,1,1,8.0
DeMarcus Ware_S27,DeMarcus Ware,27,1,2,7.0
DeMarcus Ware_S27,DeMarcus Ware,27,1,3,8.0
DeMarcus Ware_S27,DeMarcus Ware,27,2,1,8.0
DeMarcus Ware_S27,DeMarcus Ware,27,2,2,7.5
DeMarcus Ware_S27,DeMarcus Ware,27,2,3,8.0
DeMarcus Ware_S27,DeMarcus Ware,27,3,1,9.0
DeMarcus Ware_S27,DeMarcus Ware,27,3,2,8.0
DeMarcus Ware_S27,DeMarcus Ware,27,3,3,9.0
DeMarcus Ware_S27,DeMarcus Ware,27,4,1,7.0
DeMarcus Ware_S27,DeMarcus Ware,27,4,2,7.0
DeMarcus Ware_S27,DeMarcus Ware,27,4,3,8.0
DeMarcus Ware_S27,DeMarcus Ware,27,5,1,9.0
DeMarcus Ware_S27,DeMarcus Ware,27,5,2,8.0
DeMarcus Ware_S27,DeMarcus Ware,27,5,3,9.0
DeMarcus Ware_S27,DeMarcus Ware,27,6,1,8.0
DeMarcus Ware_S27,DeMarcus Ware,27,6,2,9.0
DeMarcus Ware_S27,DeMarcus Ware,27,6,3,9.0
DeMarcus Ware_S27,DeMarcus Ware,27,7,1,9.0
DeMarcus Ware_S27,DeMarcus Ware,27,7,2,8.5
DeMarcus Ware_S27,DeMarcus Ware,27,7,3,9.0
DeMarcus Ware_S27,DeMarcus Ware,27,8,1,0.0
DeMarcus Ware_S27,DeMarcus Ware,27,8,2,0.0
DeMarcus Ware_S27,DeMarcus Ware,27,8,3,0.0
DeMarcus Ware_S27,DeMarcus Ware,27,9,1,0.0
DeMarcus Ware_S27,DeMarcus Ware,27,9,2,0.0
DeMarcus Ware_S27,DeMarcus Ware,27,9,3,0.0
Nikki Glaser_S27,Nikki Glaser,27,1,1,6.0
Nikki Glaser_S27,Nikki Glaser,27,1,2,5.5
Nikki Glaser_S27,Nikki Glaser,27,1,3,6.0
Nikki Glaser_S27,Nikki Glaser,27,2,1,0.0
Nikki Glaser_S27,Nikki Glaser,27,2,2,0.0
Nikki Glaser_S27,Nikki Glaser,27,2,3,0.0
Nikki Glaser_S27,Nikki Glaser,27,3,1,0.0
Nikki Glaser_S27,Nikki Glaser,27,3,2,0.0
Nikki Glaser_S27,Nikki Glaser,27,3,3,0.0
Nikki Glaser_S27,Nikki Glaser,27,4,1,0.0
Nikki Glaser_S27,Nikki Glaser,27,4,2,0.0
Nikki Glaser_S27,Nikki Glaser,27,4,3,0.0
Nikki Glaser_S27,Nikki Glaser,27,5,1,0.0
Nikki Glaser_S27,Nikki Glaser,27,5,2,0.0
Nikki Glaser_S27,Nikki Glaser,27,5,3,0.0
Nikki Glaser_S27,Nikki Glaser,27,6,1,0.0
Nikki Glaser_S27,Nikki Glaser,27,6,2,0.0
Nikki Glaser_S27,Nikki Glaser,27,6,3,0.0
Nikki Glaser_S27,Nikki Glaser,27,7,1,0.0
Nikki Glaser_S27,Nikki Glaser,27,7,2,0.0
Nikki Glaser_S27,Nikki Glaser,27,7,3,0.0
Nikki Glaser_S27,Nikki Glaser,27,8,1,0.0
Nikki Glaser_S27,Nikki Glaser,27,8,2,0.0
Nikki Glaser_S27,Nikki Glaser,27,8,3,0.0
Nikki Glaser_S27,Nikki Glaser,27,9,1,0.0
Nikki Glaser_S27,Nikki Glaser,27,9,2,0.0
Nikki Glaser_S27,Nikki Glaser,27,9,3,0.0
Bobby Bones_S27,Bobby Bones,27,1,1,7.0
Bobby Bones_S27,Bobby Bones,27,1,2,6.0
Bobby Bones_S27,Bobby Bones,27,1,3,7.0
Bobby Bones_S27,Bobby Bones,27,2,1,7.0
Bobby Bones_S27,Bobby Bones,27,2,2,6.0
Bobby Bones_S27,Bobby Bones,27,2,3,6.5
Bobby Bones_S27,Bobby Bones,27,3,1,8.0
Bobby Bones_S27,Bobby Bones,27,3,2,7.0
Bobby Bones_S27,Bobby Bones,27,3,3,8.0
Bobby Bones_S27,Bobby Bones,27,4,1,7.0
Bobby Bones_S27,Bobby Bones,27,4,2,6.0
Bobby Bones_S27,Bobby Bones,27,4,3,7.0
Bobby Bones_S27,Bobby Bones,27,5,1,7.0
Bobby Bones_S27,Bobby Bones,27,5,2,7.0
Bobby Bones_S27,Bobby Bones,27,5,3,7.0
Bobby Bones_S27,Bobby Bones,27,6,1,8.0
Bobby Bones_S27,Bobby Bones,27,6,2,7.0
Bobby Bones_S27,Bobby Bones,27,6,3,7.0
Bobby Bones_S27,Bobby Bones,27,7,1,9.0
Bobby Bones_S27,Bobby Bones,27,7,2,8.5
Bobby Bones_S27,Bobby Bones,27,7,3,9.0
Bobby Bones_S27,Bobby Bones,27,8,1,7.5
Bobby Bones_S27,Bobby Bones,27,8,2,7.5
Bobby Bones_S27,Bobby Bones,27,8,3,7.5
Bobby Bones_S27,Bobby Bones,27,9,1,9.0
Bobby Bones_S27,Bobby Bones,27,9,2,9.0
Bobby Bones_S27,Bobby Bones,27,9,3,9.0
Tinashe_S27,Tinashe,27,1,1,8.0
Tinashe_S27,Tinashe,27,1,2,7.0
Tinashe_S27,Tinashe,27,1,3,8.0
Tinashe_S27,Tinashe,27,2,1,9.0
Tinashe_S27,Tinashe,27,2,2,8.0
Tinashe_S27,Tinashe,27,2,3,9.0
Tinashe_S27,Tinashe,27,3,1,9.0
Tinashe_S27,Tinashe,27,3,2,9.0
Tinashe_S27,Tinashe,27,3,3,9.0
Tinashe_S27,Tinashe,27,4,1,9.0
Tinashe_S27,Tinashe,27,4,2,8.0
Tinashe_S27,Tinashe,27,4,3,9.0
Tinashe_S27,Tinashe,27,5,1,0.0
Tinashe_S27,Tinashe,27,5,2,0.0
Tinashe_S27,Tinashe,27,5,3,0.0
Tinashe_S27,Tinashe,27,6,1,0.0
Tinashe_S27,Tinashe,27,6,2,0.0
Tinashe_S27,Tinashe,27,6,3,0.0
Tinashe_S27,Tinashe,27,7,1,0.0
Tinashe_S27,Tinashe,27,7,2,0.0
Tinashe_S27,Tinashe,27,7,3,0.0
Tinashe_S27,Tinashe,27,8,1,0.0
Tinashe_S27,Tinashe,27,8,2,0.0
Tinashe_S27,Tinashe,27,8,3,0.0
Tinashe_S27,Tinashe,27,9,1,0.0
Tinashe_S27,Tinashe,27,9,2,0.0
Tinashe_S27,Tinashe,27,9,3,0.0
Alexis Ren_S27,Alexis Ren,27,1,1,7.0
Alexis Ren_S27,Alexis Ren,27,1,2,7.5
Alexis Ren_S27,Alexis Ren,27,1,3,7.5
Alexis Ren_S27,Alexis Ren,27,2,1,8.0
Alexis Ren_S27,Alexis Ren,27,2,2,8.5
Alexis Ren_S27,Alexis Ren,27,2,3,8.0
Alexis Ren_S27,Alexis Ren,27,3,1,9.0
Alexis Ren_S27,Alexis Ren,27,3,2,8.0
Alexis Ren_S27,Alexis Ren,27,3,3,9.0
Alexis Ren_S27,Alexis Ren,27,4,1,8.0
Alexis Ren_S27,Alexis Ren,27,4,2,8.0
Alexis Ren_S27,Alexis Ren,27,4,3,9.0
Alexis Ren_S27,Alexis Ren,27,5,1,10.0
Alexis Ren_S27,Alexis Ren,27,5,2,9.0
Alexis Ren_S27,Alexis Ren,27,5,3,10.0
Alexis Ren_S27,Alexis Ren,27,6,1,9.0
Alexis Ren_S27,Alexis Ren,27,6,2,9.0
Alexis Ren_S27,Alexis Ren,27,6,3,9.0
Alexis Ren_S27,Alexis Ren,27,7,1,9.0
Alexis Ren_S27,Alexis Ren,27,7,2,9.0
Alexis Ren_S27,Alexis Ren,27,7,3,9.5
Alexis Ren_S27,Alexis Ren,27,8,1,9.5
Alexis Ren_S27,Alexis Ren,27,8,2,9.5
Alexis Ren_S27,Alexis Ren,27,8,3,10.0
Alexis Ren_S27,Alexis Ren,27,9,1,9.5
Alexis Ren_S27,Alexis Ren,27,9,2,9.5
Alexis Ren_S27,Alexis Ren,27,9,3,9.5
Joe Amabile_S27,Joe Amabile,27,1,1,5.0
Joe Amabile_S27,Joe Amabile,27,1,2,4.0
Joe Amabile_S27,Joe Amabile,27,1,3,5.0
Joe Amabile_S27,Joe Amabile,27,2,1,5.5
Joe Amabile_S27,Joe Amabile,27,2,2,6.0
Joe Amabile_S27,Joe Amabile,27,2,3,6.0
Joe Amabile_S27,Joe Amabile,27,3,1,6.0
Joe Amabile_S27,Joe Amabile,27,3,2,6.0
Joe Amabile_S27,Joe Amabile,27,3,3,6.0
Joe Amabile_S27,Joe Amabile,27,4,1,5.0
Joe Amabile_S27,Joe Amabile,27,4,2,5.0
Joe Amabile_S27,Joe Amabile,27,4,3,5.0
Joe Amabile_S27,Joe Amabile,27,5,1,6.0
Joe Amabile_S27,Joe Amabile,27,5,2,5.0
Joe Amabile_S27,Joe Amabile,27,5,3,6.0
Joe Amabile_S27,Joe Amabile,27,6,1,8.0
Joe Amabile_S27,Joe Amabile,27,6,2,7.0
Joe Amabile_S27,Joe Amabile,27,6,3,7.0
Joe Amabile_S27,Joe Amabile,27,7,1,8.0
Joe Amabile_S27,Joe Amabile,27,7,2,7.5
Joe Amabile_S27,Joe Amabile,27,7,3,8.0
Joe Amabile_S27,Joe Amabile,27,8,1,8.0
Joe Amabile_S27,Joe Amabile,27,8,2,7.5
Joe Amabile_S27,Joe Amabile,27,8,3,7.5
Joe Amabile_S27,Joe Amabile,27,9,1,0.0
Joe Amabile_S27,Joe Amabile,27,9,2,0.0
Joe Amabile_S27,Joe Amabile,27,9,3,0.0
Kate Flannery_S28,Kate Flannery,28,1,1,5.0
Kate Flannery_S28,Kate Flannery,28,1,2,5.0
Kate Flannery_S28,Kate Flannery,28,1,3,5.0
Kate Flannery_S28,Kate Flannery,28,2,1,7.0
Kate Flannery_S28,Kate Flannery,28,2,2,7.0
Kate Flannery_S28,Kate Flannery,28,2,3,7.0
Kate Flannery_S28,Kate Flannery,28,3,1,8.0
Kate Flannery_S28,Kate Flannery,28,3,2,8.0
Kate Flannery_S28,Kate Flannery,28,3,3,8.0
Kate Flannery_S28,Kate Flannery,28,4,1,7.0
Kate Flannery_S28,Kate Flannery,28,4,2,7.0
Kate Flannery_S28,Kate Flannery,28,4,3,6.0
Kate Flannery_S28,Kate Flannery,28,4,4,6.0
Kate Flannery_S28,Kate Flannery,28,5,1,8.0
Kate Flannery_S28,Kate Flannery,28,5,2,8.0
Kate Flannery_S28,Kate Flannery,28,5,3,8.0
Kate Flannery_S28,Kate Flannery,28,6,1,9.0
Kate Flannery_S28,Kate Flannery,28,6,2,9.0
Kate Flannery_S28,Kate Flannery,28,6,3,9.0
Kate Flannery_S28,Kate Flannery,28,7,1,8.0
Kate Flannery_S28,Kate Flannery,28,7,2,8.0
Kate Flannery_S28,Kate Flannery,28,7,3,8.0
Kate Flannery_S28,Kate Flannery,28,8,1,8.6666
Kate Flannery_S28,Kate Flannery,28,8,2,8.6666
Kate Flannery_S28,Kate Flannery,28,8,3,8.6666
Kate Flannery_S28,Kate Flannery,28,9,1,0.0
Kate Flannery_S28,Kate Flannery,28,9,2,0.0
Kate Flannery_S28,Kate Flannery,28,9,3,0.0
Kate Flannery_S28,Kate Flannery,28,9,4,0.0
Kate Flannery_S28,Kate Flannery,28,10,1,0.0
Kate Flannery_S28,Kate Flannery,28,10,2,0.0
Kate Flannery_S28,Kate Flannery,28,10,3,0.0
Kate Flannery_S28,Kate Flannery,28,11,1,0.0
Kate Flannery_S28,Kate Flannery,28,11,2,0.0
Kate Flannery_S28,Kate Flannery,28,11,3,0.0
James Van Der Beek_S28,James Van Der Beek,28,1,1,7.0
James Van Der Beek_S28,James Van Der Beek,28,1,2,7.0
James Van Der Beek_S28,James Van Der Beek,28,1,3,7.0
James Van Der Beek_S28,James Van Der Beek,28,2,1,7.0
James Van Der Beek_S28,James Van Der Beek,28,2,2,6.0
James Van Der Beek_S28,James Van Der Beek,28,2,3,7.0
James Van Der Beek_S28,James Van Der Beek,28,3,1,8.0
James Van Der Beek_S28,James Van Der Beek,28,3,2,7.0
James Van Der Beek_S28,James Van Der Beek,28,3,3,8.0
James Van Der Beek_S28,James Van Der Beek,28,4,1,7.0
James Van Der Beek_S28,James Van Der Beek,28,4,2,7.0
James Van Der Beek_S28,James Van Der Beek,28,4,3,7.0
James Van Der Beek_S28,James Van Der Beek,28,4,4,7.0
James Van Der Beek_S28,James Van Der Beek,28,5,1,9.0
James Van Der Beek_S28,James Van Der Beek,28,5,2,8.0
James Van Der Beek_S28,James Van Der Beek,28,5,3,9.0
James Van Der Beek_S28,James Van Der Beek,28,6,1,9.0
James Van Der Beek_S28,James Van Der Beek,28,6,2,9.0
James Van Der Beek_S28,James Van Der Beek,28,6,3,9.0
James Van Der Beek_S28,James Van Der Beek,28,7,1,9.0
James Van Der Beek_S28,James Van Der Beek,28,7,2,9.0
James Van Der Beek_S28,James Van Der Beek,28,7,3,9.0
James Van Der Beek_S28,James Van Der Beek,28,8,1,10.6666
James Van Der Beek_S28,James Van Der Beek,28,8,2,10.6666
James Van Der Beek_S28,James Van Der Beek,28,8,3,10.6666
James Van Der Beek_S28,James Van Der Beek,28,9,1,9.0
James Van Der Beek_S28,James Van Der Beek,28,9,2,8.5
James Van Der Beek_S28,James Van Der Beek,28,9,3,9.5
James Van Der Beek_S28,James Van Der Beek,28,9,4,9.0
James Van Der Beek_S28,James Van Der Beek,28,10,1,8.5
James Van Der Beek_S28,James Van Der Beek,28,10,2,8.5
James Van Der Beek_S28,James Van Der Beek,28,10,3,8.5
James Van Der Beek_S28,James Van Der Beek,28,11,1,0.0
James Van Der Beek_S28,James Van Der Beek,28,11,2,0.0
James Van Der Beek_S28,James Van Der Beek,28,11,3,0.0
Kel Mitchell_S28,Kel Mitchell,28,1,1,6.0
Kel Mitchell_S28,Kel Mitchell,28,1,2,5.0
Kel Mitchell_S28,Kel Mitchell,28,1,3,5.0
Kel Mitchell_S28,Kel Mitchell,28,2,1,7.0
Kel Mitchell_S28,Kel Mitchell,28,2,2,6.0
Kel Mitchell_S28,Kel Mitchell,28,2,3,7.0
Kel Mitchell_S28,Kel Mitchell,28,3,1,7.0
Kel Mitchell_S28,Kel Mitchell,28,3,2,6.0
Kel Mitchell_S28,Kel Mitchell,28,3,3,7.0
Kel Mitchell_S28,Kel Mitchell,28,4,1,8.0
Kel Mitchell_S28,Kel Mitchell,28,4,2,8.0
Kel Mitchell_S28,Kel Mitchell,28,4,3,8.0
Kel Mitchell_S28,Kel Mitchell,28,4,4,8.0
Kel Mitchell_S28,Kel Mitchell,28,5,1,9.0
Kel Mitchell_S28,Kel Mitchell,28,5,2,8.0
Kel Mitchell_S28,Kel Mitchell,28,5,3,9.0
Kel Mitchell_S28,Kel Mitchell,28,6,1,9.0
Kel Mitchell_S28,Kel Mitchell,28,6,2,8.0
Kel Mitchell_S28,Kel Mitchell,28,6,3,9.0
Kel Mitchell_S28,Kel Mitchell,28,7,1,8.5
Kel Mitchell_S28,Kel Mitchell,28,7,2,8.5
Kel Mitchell_S28,Kel Mitchell,28,7,3,8.5
Kel Mitchell_S28,Kel Mitchell,28,8,1,9.6666
Kel Mitchell_S28,Kel Mitchell,28,8,2,9.6666
Kel Mitchell_S28,Kel Mitchell,28,8,3,10.6666
Kel Mitchell_S28,Kel Mitchell,28,9,1,9.0
Kel Mitchell_S28,Kel Mitchell,28,9,2,9.0
Kel Mitchell_S28,Kel Mitchell,28,9,3,9.5
Kel Mitchell_S28,Kel Mitchell,28,9,4,9.5
Kel Mitchell_S28,Kel Mitchell,28,10,1,9.5
Kel Mitchell_S28,Kel Mitchell,28,10,2,9.5
Kel Mitchell_S28,Kel Mitchell,28,10,3,9.5
Kel Mitchell_S28,Kel Mitchell,28,11,1,10.0
Kel Mitchell_S28,Kel Mitchell,28,11,2,9.5
Kel Mitchell_S28,Kel Mitchell,28,11,3,10.0
Ray Lewis_S28,Ray Lewis,28,1,1,5.0
Ray Lewis_S28,Ray Lewis,28,1,2,5.0
Ray Lewis_S28,Ray Lewis,28,1,3,5.0
Ray Lewis_S28,Ray Lewis,28,2,1,5.0
Ray Lewis_S28,Ray Lewis,28,2,2,5.0
Ray Lewis_S28,Ray Lewis,28,2,3,5.0
Ray Lewis_S28,Ray Lewis,28,3,1,0.0
Ray Lewis_S28,Ray Lewis,28,3,2,0.0
Ray Lewis_S28,Ray Lewis,28,3,3,0.0
Ray Lewis_S28,Ray Lewis,28,4,1,0.0
Ray Lewis_S28,Ray Lewis,28,4,2,0.0
Ray Lewis_S28,Ray Lewis,28,4,3,0.0
Ray Lewis_S28,Ray Lewis,28,4,4,0.0
Ray Lewis_S28,Ray Lewis,28,5,1,0.0
Ray Lewis_S28,Ray Lewis,28,5,2,0.0
Ray Lewis_S28,Ray Lewis,28,5,3,0.0
Ray Lewis_S28,Ray Lewis,28,6,1,0.0
Ray Lewis_S28,Ray Lewis,28,6,2,0.0
Ray Lewis_S28,Ray Lewis,28,6,3,0.0
Ray Lewis_S28,Ray Lewis,28,7,1,0.0
Ray Lewis_S28,Ray Lewis,28,7,2,0.0
Ray Lewis_S28,Ray Lewis,28,7,3,0.0
Ray Lewis_S28,Ray Lewis,28,8,1,0.0
Ray Lewis_S28,Ray Lewis,28,8,2,0.0
Ray Lewis_S28,Ray Lewis,28,8,3,0.0
Ray Lewis_S28,Ray Lewis,28,9,1,0.0
Ray Lewis_S28,Ray Lewis,28,9,2,0.0
Ray Lewis_S28,Ray Lewis,28,9,3,0.0
Ray Lewis_S28,Ray Lewis,28,9,4,0.0
Ray Lewis_S28,Ray Lewis,28,10,1,0.0
Ray Lewis_S28,Ray Lewis,28,10,2,0.0
Ray Lewis_S28,Ray Lewis,28,10,3,0.0
Ray Lewis_S28,Ray Lewis,28,11,1,0.0
Ray Lewis_S28,Ray Lewis,28,11,2,0.0
Ray Lewis_S28,Ray Lewis,28,11,3,0.0
Lamar Odom_S28,Lamar Odom,28,1,1,5.0
Lamar Odom_S28,Lamar Odom,28,1,2,3.0
Lamar Odom_S28,Lamar Odom,28,1,3,3.0
Lamar Odom_S28,Lamar Odom,28,2,1,4.0
Lamar Odom_S28,Lamar Odom,28,2,2,4.0
Lamar Odom_S28,Lamar Odom,28,2,3,4.0
Lamar Odom_S28,Lamar Odom,28,3,1,4.0
Lamar Odom_S28,Lamar Odom,28,3,2,4.0
Lamar Odom_S28,Lamar Odom,28,3,3,4.0
Lamar Odom_S28,Lamar Odom,28,4,1,5.0
Lamar Odom_S28,Lamar Odom,28,4,2,7.0
Lamar Odom_S28,Lamar Odom,28,4,3,4.0
Lamar Odom_S28,Lamar Odom,28,4,4,4.0
Lamar Odom_S28,Lamar Odom,28,5,1,0.0
Lamar Odom_S28,Lamar Odom,28,5,2,0.0
Lamar Odom_S28,Lamar Odom,28,5,3,0.0
Lamar Odom_S28,Lamar Odom,28,6,1,0.0
Lamar Odom_S28,Lamar Odom,28,6,2,0.0
Lamar Odom_S28,Lamar Odom,28,6,3,0.0
Lamar Odom_S28,Lamar Odom,28,7,1,0.0
Lamar Odom_S28,Lamar Odom,28,7,2,0.0
Lamar Odom_S28,Lamar Odom,28,7,3,0.0
Lamar Odom_S28,Lamar Odom,28,8,1,0.0
Lamar Odom_S28,Lamar Odom,28,8,2,0.0
Lamar Odom_S28,Lamar Odom,28,8,3,0.0
Lamar Odom_S28,Lamar Odom,28,9,1,0.0
Lamar Odom_S28,Lamar Odom,28,9,2,0.0
Lamar Odom_S28,Lamar Odom,28,9,3,0.0
Lamar Odom_S28,Lamar Odom,28,9,4,0.0
Lamar Odom_S28,Lamar Odom,28,10,1,0.0
Lamar Odom_S28,Lamar Odom,28,10,2,0.0
Lamar Odom_S28,Lamar Odom,28,10,3,0.0
Lamar Odom_S28,Lamar Odom,28,11,1,0.0
Lamar Odom_S28,Lamar Odom,28,11,2,0.0
Lamar Odom_S28,Lamar Odom,28,11,3,0.0
Sailor Brinkley-Cook_S28,Sailor Brinkley-Cook,28,1,1,6.0
Sailor Brinkley-Cook_S28,Sailor Brinkley-Cook,28,1,2,6.0
Sailor Brinkley-Cook_S28,Sailor Brinkley-Cook,28,1,3,6.0
Sailor Brinkley-Cook_S28,Sailor Brinkley-Cook,28,2,1,6.0
Sailor Brinkley-Cook_S28,Sailor Brinkley-Cook,28,2,2,6.0
Sailor Brinkley-Cook_S28,Sailor Brinkley-Cook,28,2,3,6.0
Sailor Brinkley-Cook_S28,Sailor Brinkley-Cook,28,3,1,7.0
Sailor Brinkley-Cook_S28,Sailor Brinkley-Cook,28,3,2,8.0
Sailor Brinkley-Cook_S28,Sailor Brinkley-Cook,28,3,3,8.0
Sailor Brinkley-Cook_S28,Sailor Brinkley-Cook,28,4,1,7.0
Sailor Brinkley-Cook_S28,Sailor Brinkley-Cook,28,4,2,8.0
Sailor Brinkley-Cook_S28,Sailor Brinkley-Cook,28,4,3,8.0
Sailor Brinkley-Cook_S28,Sailor Brinkley-Cook,28,4,4,8.0
Sailor Brinkley-Cook_S28,Sailor Brinkley-Cook,28,5,1,8.0
Sailor Brinkley-Cook_S28,Sailor Brinkley-Cook,28,5,2,8.0
Sailor Brinkley-Cook_S28,Sailor Brinkley-Cook,28,5,3,8.0
Sailor Brinkley-Cook_S28,Sailor Brinkley-Cook,28,6,1,9.0
Sailor Brinkley-Cook_S28,Sailor Brinkley-Cook,28,6,2,9.0
Sailor Brinkley-Cook_S28,Sailor Brinkley-Cook,28,6,3,9.0
Sailor Brinkley-Cook_S28,Sailor Brinkley-Cook,28,7,1,0.0
Sailor Brinkley-Cook_S28,Sailor Brinkley-Cook,28,7,2,0.0
Sailor Brinkley-Cook_S28,Sailor Brinkley-Cook,28,7,3,0.0
Sailor Brinkley-Cook_S28,Sailor Brinkley-Cook,28,8,1,0.0
Sailor Brinkley-Cook_S28,Sailor Brinkley-Cook,28,8,2,0.0
Sailor Brinkley-Cook_S28,Sailor Brinkley-Cook,28,8,3,0.0
Sailor Brinkley-Cook_S28,Sailor Brinkley-Cook,28,9,1,0.0
Sailor Brinkley-Cook_S28,Sailor Brinkley-Cook,28,9,2,0.0
Sailor Brinkley-Cook_S28,Sailor Brinkley-Cook,28,9,3,0.0
Sailor Brinkley-Cook_S28,Sailor Brinkley-Cook,28,9,4,0.0
Sailor Brinkley-Cook_S28,Sailor Brinkley-Cook,28,10,1,0.0
Sailor Brinkley-Cook_S28,Sailor Brinkley-Cook,28,10,2,0.0
Sailor Brinkley-Cook_S28,Sailor Brinkley-Cook,28,10,3,0.0
Sailor Brinkley-Cook_S28,Sailor Brinkley-Cook,28,11,1,0.0
Sailor Brinkley-Cook_S28,Sailor Brinkley-Cook,28,11,2,0.0
Sailor Brinkley-Cook_S28,Sailor Brinkley-Cook,28,11,3,0.0
Sean Spicer_S28,Sean Spicer,28,1,1,4.0
Sean Spicer_S28,Sean Spicer,28,1,2,4.0
Sean Spicer_S28,Sean Spicer,28,1,3,4.0
Sean Spicer_S28,Sean Spicer,28,2,1,6.0
Sean Spicer_S28,Sean Spicer,28,2,2,5.0
Sean Spicer_S28,Sean Spicer,28,2,3,5.0
Sean Spicer_S28,Sean Spicer,28,3,1,5.0
Sean Spicer_S28,Sean Spicer,28,3,2,5.0
Sean Spicer_S28,Sean Spicer,28,3,3,5.0
Sean Spicer_S28,Sean Spicer,28,4,1,5.0
Sean Spicer_S28,Sean Spicer,28,4,2,6.0
Sean Spicer_S28,Sean Spicer,28,4,3,5.0
Sean Spicer_S28,Sean Spicer,28,4,4,5.0
Sean Spicer_S28,Sean Spicer,28,5,1,7.0
Sean Spicer_S28,Sean Spicer,28,5,2,6.0
Sean Spicer_S28,Sean Spicer,28,5,3,6.0
Sean Spicer_S28,Sean Spicer,28,6,1,7.0
Sean Spicer_S28,Sean Spicer,28,6,2,7.0
Sean Spicer_S28,Sean Spicer,28,6,3,7.0
Sean Spicer_S28,Sean Spicer,28,7,1,7.0
Sean Spicer_S28,Sean Spicer,28,7,2,7.0
Sean Spicer_S28,Sean Spicer,28,7,3,7.0
Sean Spicer_S28,Sean Spicer,28,8,1,7.0
Sean Spicer_S28,Sean Spicer,28,8,2,7.0
Sean Spicer_S28,Sean Spicer,28,8,3,6.0
Sean Spicer_S28,Sean Spicer,28,9,1,6.5
Sean Spicer_S28,Sean Spicer,28,9,2,6.0
Sean Spicer_S28,Sean Spicer,28,9,3,6.5
Sean Spicer_S28,Sean Spicer,28,9,4,6.0
Sean Spicer_S28,Sean Spicer,28,10,1,0.0
Sean Spicer_S28,Sean Spicer,28,10,2,0.0
Sean Spicer_S28,Sean Spicer,28,10,3,0.0
Sean Spicer_S28,Sean Spicer,28,11,1,0.0
Sean Spicer_S28,Sean Spicer,28,11,2,0.0
Sean Spicer_S28,Sean Spicer,28,11,3,0.0
Mary Wilson_S28,Mary Wilson,28,1,1,6.0
Mary Wilson_S28,Mary Wilson,28,1,2,5.0
Mary Wilson_S28,Mary Wilson,28,1,3,6.0
Mary Wilson_S28,Mary Wilson,28,2,1,5.0
Mary Wilson_S28,Mary Wilson,28,2,2,5.0
Mary Wilson_S28,Mary Wilson,28,2,3,5.0
Mary Wilson_S28,Mary Wilson,28,3,1,0.0
Mary Wilson_S28,Mary Wilson,28,3,2,0.0
Mary Wilson_S28,Mary Wilson,28,3,3,0.0
Mary Wilson_S28,Mary Wilson,28,4,1,0.0
Mary Wilson_S28,Mary Wilson,28,4,2,0.0
Mary Wilson_S28,Mary Wilson,28,4,3,0.0
Mary Wilson_S28,Mary Wilson,28,4,4,0.0
Mary Wilson_S28,Mary Wilson,28,5,1,0.0
Mary Wilson_S28,Mary Wilson,28,5,2,0.0
Mary Wilson_S28,Mary Wilson,28,5,3,0.0
Mary Wilson_S28,Mary Wilson,28,6,1,0.0
Mary Wilson_S28,Mary Wilson,28,6,2,0.0
Mary Wilson_S28,Mary Wilson,28,6,3,0.0
Mary Wilson_S28,Mary Wilson,28,7,1,0.0
Mary Wilson_S28,Mary Wilson,28,7,2,0.0
Mary Wilson_S28,Mary Wilson,28,7,3,0.0
Mary Wilson_S28,Mary Wilson,28,8,1,0.0
Mary Wilson_S28,Mary Wilson,28,8,2,0.0
Mary Wilson_S28,Mary Wilson,28,8,3,0.0
Mary Wilson_S28,Mary Wilson,28,9,1,0.0
Mary Wilson_S28,Mary Wilson,28,9,2,0.0
Mary Wilson_S28,Mary Wilson,28,9,3,0.0
Mary Wilson_S28,Mary Wilson,28,9,4,0.0
Mary Wilson_S28,Mary Wilson,28,10,1,0.0
Mary Wilson_S28,Mary Wilson,28,10,2,0.0
Mary Wilson_S28,Mary Wilson,28,10,3,0.0
Mary Wilson_S28,Mary Wilson,28,11,1,0.0
Mary Wilson_S28,Mary Wilson,28,11,2,0.0
Mary Wilson_S28,Mary Wilson,28,11,3,0.0
Lauren Alaina_S28,Lauren Alaina,28,1,1,7.0
Lauren Alaina_S28,Lauren Alaina,28,1,2,6.0
Lauren Alaina_S28,Lauren Alaina,28,1,3,6.0
Lauren Alaina_S28,Lauren Alaina,28,2,1,6.0
Lauren Alaina_S28,Lauren Alaina,28,2,2,6.0
Lauren Alaina_S28,Lauren Alaina,28,2,3,7.0
Lauren Alaina_S28,Lauren Alaina,28,3,1,6.0
Lauren Alaina_S28,Lauren Alaina,28,3,2,7.0
Lauren Alaina_S28,Lauren Alaina,28,3,3,7.0
Lauren Alaina_S28,Lauren Alaina,28,4,1,8.0
Lauren Alaina_S28,Lauren Alaina,28,4,2,8.0
Lauren Alaina_S28,Lauren Alaina,28,4,3,8.0
Lauren Alaina_S28,Lauren Alaina,28,4,4,8.0
Lauren Alaina_S28,Lauren Alaina,28,5,1,8.0
Lauren Alaina_S28,Lauren Alaina,28,5,2,7.0
Lauren Alaina_S28,Lauren Alaina,28,5,3,8.0
Lauren Alaina_S28,Lauren Alaina,28,6,1,9.0
Lauren Alaina_S28,Lauren Alaina,28,6,2,8.0
Lauren Alaina_S28,Lauren Alaina,28,6,3,9.0
Lauren Alaina_S28,Lauren Alaina,28,7,1,9.0
Lauren Alaina_S28,Lauren Alaina,28,7,2,9.0
Lauren Alaina_S28,Lauren Alaina,28,7,3,9.0
Lauren Alaina_S28,Lauren Alaina,28,8,1,8.0
Lauren Alaina_S28,Lauren Alaina,28,8,2,8.0
Lauren Alaina_S28,Lauren Alaina,28,8,3,8.0
Lauren Alaina_S28,Lauren Alaina,28,9,1,9.0
Lauren Alaina_S28,Lauren Alaina,28,9,2,9.0
Lauren Alaina_S28,Lauren Alaina,28,9,3,8.5
Lauren Alaina_S28,Lauren Alaina,28,9,4,8.5
Lauren Alaina_S28,Lauren Alaina,28,10,1,9.0
Lauren Alaina_S28,Lauren Alaina,28,10,2,9.0
Lauren Alaina_S28,Lauren Alaina,28,10,3,9.0
Lauren Alaina_S28,Lauren Alaina,28,11,1,9.5
Lauren Alaina_S28,Lauren Alaina,28,11,2,9.5
Lauren Alaina_S28,Lauren Alaina,28,11,3,9.5
Ally Brooke_S28,Ally Brooke,28,1,1,5.0
Ally Brooke_S28,Ally Brooke,28,1,2,5.0
Ally Brooke_S28,Ally Brooke,28,1,3,6.0
Ally Brooke_S28,Ally Brooke,28,2,1,7.0
Ally Brooke_S28,Ally Brooke,28,2,2,6.0
Ally Brooke_S28,Ally Brooke,28,2,3,7.0
Ally Brooke_S28,Ally Brooke,28,3,1,8.0
Ally Brooke_S28,Ally Brooke,28,3,2,8.0
Ally Brooke_S28,Ally Brooke,28,3,3,8.0
Ally Brooke_S28,Ally Brooke,28,4,1,8.0
Ally Brooke_S28,Ally Brooke,28,4,2,8.0
Ally Brooke_S28,Ally Brooke,28,4,3,8.0
Ally Brooke_S28,Ally Brooke,28,4,4,8.0
Ally Brooke_S28,Ally Brooke,28,5,1,9.0
Ally Brooke_S28,Ally Brooke,28,5,2,9.0
Ally Brooke_S28,Ally Brooke,28,5,3,9.0
Ally Brooke_S28,Ally Brooke,28,6,1,8.0
Ally Brooke_S28,Ally Brooke,28,6,2,9.0
Ally Brooke_S28,Ally Brooke,28,6,3,8.0
Ally Brooke_S28,Ally Brooke,28,7,1,9.0
Ally Brooke_S28,Ally Brooke,28,7,2,9.0
Ally Brooke_S28,Ally Brooke,28,7,3,9.0
Ally Brooke_S28,Ally Brooke,28,8,1,10.0
Ally Brooke_S28,Ally Brooke,28,8,2,10.0
Ally Brooke_S28,Ally Brooke,28,8,3,10.0
Ally Brooke_S28,Ally Brooke,28,9,1,10.0
Ally Brooke_S28,Ally Brooke,28,9,2,10.0
Ally Brooke_S28,Ally Brooke,28,9,3,10.0
Ally Brooke_S28,Ally Brooke,28,9,4,10.0
Ally Brooke_S28,Ally Brooke,28,10,1,10.0
Ally Brooke_S28,Ally Brooke,28,10,2,9.5
Ally Brooke_S28,Ally Brooke,28,10,3,10.0
Ally Brooke_S28,Ally Brooke,28,11,1,10.0
Ally Brooke_S28,Ally Brooke,28,11,2,10.0
Ally Brooke_S28,Ally Brooke,28,11,3,10.0
Karamo Brown_S28,Karamo Brown,28,1,1,6.0
Karamo Brown_S28,Karamo Brown,28,1,2,5.0
Karamo Brown_S28,Karamo Brown,28,1,3,6.0
Karamo Brown_S28,Karamo Brown,28,2,1,7.0
Karamo Brown_S28,Karamo Brown,28,2,2,5.0
Karamo Brown_S28,Karamo Brown,28,2,3,7.0
Karamo Brown_S28,Karamo Brown,28,3,1,5.0
Karamo Brown_S28,Karamo Brown,28,3,2,5.0
Karamo Brown_S28,Karamo Brown,28,3,3,6.0
Karamo Brown_S28,Karamo Brown,28,4,1,7.0
Karamo Brown_S28,Karamo Brown,28,4,2,7.0
Karamo Brown_S28,Karamo Brown,28,4,3,7.0
Karamo Brown_S28,Karamo Brown,28,4,4,7.0
Karamo Brown_S28,Karamo Brown,28,5,1,7.0
Karamo Brown_S28,Karamo Brown,28,5,2,7.0
Karamo Brown_S28,Karamo Brown,28,5,3,7.0
Karamo Brown_S28,Karamo Brown,28,6,1,9.0
Karamo Brown_S28,Karamo Brown,28,6,2,8.0
Karamo Brown_S28,Karamo Brown,28,6,3,8.0
Karamo Brown_S28,Karamo Brown,28,7,1,8.5
Karamo Brown_S28,Karamo Brown,28,7,2,8.0
Karamo Brown_S28,Karamo Brown,28,7,3,8.0
Karamo Brown_S28,Karamo Brown,28,8,1,0.0
Karamo Brown_S28,Karamo Brown,28,8,2,0.0
Karamo Brown_S28,Karamo Brown,28,8,3,0.0
Karamo Brown_S28,Karamo Brown,28,9,1,0.0
Karamo Brown_S28,Karamo Brown,28,9,2,0.0
Karamo Brown_S28,Karamo Brown,28,9,3,0.0
Karamo Brown_S28,Karamo Brown,28,9,4,0.0
Karamo Brown_S28,Karamo Brown,28,10,1,0.0
Karamo Brown_S28,Karamo Brown,28,10,2,0.0
Karamo Brown_S28,Karamo Brown,28,10,3,0.0
Karamo Brown_S28,Karamo Brown,28,11,1,0.0
Karamo Brown_S28,Karamo Brown,28,11,2,0.0
Karamo Brown_S28,Karamo Brown,28,11,3,0.0
Hannah Brown_S28,Hannah Brown,28,1,1,7.0
Hannah Brown_S28,Hannah Brown,28,1,2,7.0
Hannah Brown_S28,Hannah Brown,28,1,3,6.0
Hannah Brown_S28,Hannah Brown,28,2,1,8.0
Hannah Brown_S28,Hannah Brown,28,2,2,8.0
Hannah Brown_S28,Hannah Brown,28,2,3,8.0
Hannah Brown_S28,Hannah Brown,28,3,1,7.0
Hannah Brown_S28,Hannah Brown,28,3,2,7.0
Hannah Brown_S28,Hannah Brown,28,3,3,7.0
Hannah Brown_S28,Hannah Brown,28,4,1,8.0
Hannah Brown_S28,Hannah Brown,28,4,2,8.0
Hannah Brown_S28,Hannah Brown,28,4,3,8.0
Hannah Brown_S28,Hannah Brown,28,4,4,8.0
Hannah Brown_S28,Hannah Brown,28,5,1,9.0
Hannah Brown_S28,Hannah Brown,28,5,2,7.0
Hannah Brown_S28,Hannah Brown,28,5,3,9.0
Hannah Brown_S28,Hannah Brown,28,6,1,8.0
Hannah Brown_S28,Hannah Brown,28,6,2,8.0
Hannah Brown_S28,Hannah Brown,28,6,3,8.0
Hannah Brown_S28,Hannah Brown,28,7,1,8.5
Hannah Brown_S28,Hannah Brown,28,7,2,9.0
Hannah Brown_S28,Hannah Brown,28,7,3,8.5
Hannah Brown_S28,Hannah Brown,28,8,1,10.6666
Hannah Brown_S28,Hannah Brown,28,8,2,9.6666
Hannah Brown_S28,Hannah Brown,28,8,3,10.6666
Hannah Brown_S28,Hannah Brown,28,9,1,9.0
Hannah Brown_S28,Hannah Brown,28,9,2,8.5
Hannah Brown_S28,Hannah Brown,28,9,3,9.0
Hannah Brown_S28,Hannah Brown,28,9,4,9.0
Hannah Brown_S28,Hannah Brown,28,10,1,9.0
Hannah Brown_S28,Hannah Brown,28,10,2,9.0
Hannah Brown_S28,Hannah Brown,28,10,3,9.0
Hannah Brown_S28,Hannah Brown,28,11,1,10.0
Hannah Brown_S28,Hannah Brown,28,11,2,9.5
Hannah Brown_S28,Hannah Brown,28,11,3,9.5
Anne Heche_S29,Anne Heche,29,1,1,6.0
Anne Heche_S29,Anne Heche,29,1,2,6.0
Anne Heche_S29,Anne Heche,29,1,3,6.0
Anne Heche_S29,Anne Heche,29,2,1,6.0
Anne Heche_S29,Anne Heche,29,2,2,6.0
Anne Heche_S29,Anne Heche,29,2,3,6.0
Anne Heche_S29,Anne Heche,29,3,1,5.0
Anne Heche_S29,Anne Heche,29,3,2,5.0
Anne Heche_S29,Anne Heche,29,3,3,5.0
Anne Heche_S29,Anne Heche,29,4,1,7.0
Anne Heche_S29,Anne Heche,29,4,2,7.0
Anne Heche_S29,Anne Heche,29,4,3,7.0
Anne Heche_S29,Anne Heche,29,5,1,0.0
Anne Heche_S29,Anne Heche,29,5,2,0.0
Anne Heche_S29,Anne Heche,29,5,3,0.0
Anne Heche_S29,Anne Heche,29,6,1,0.0
Anne Heche_S29,Anne Heche,29,6,2,0.0
Anne Heche_S29,Anne Heche,29,6,3,0.0
Anne Heche_S29,Anne Heche,29,7,1,0.0
Anne Heche_S29,Anne Heche,29,7,2,0.0
Anne Heche_S29,Anne Heche,29,7,3,0.0
Anne Heche_S29,Anne Heche,29,8,1,0.0
Anne Heche_S29,Anne Heche,29,8,2,0.0
Anne Heche_S29,Anne Heche,29,8,3,0.0
Anne Heche_S29,Anne Heche,29,9,1,0.0
Anne Heche_S29,Anne Heche,29,9,2,0.0
Anne Heche_S29,Anne Heche,29,9,3,0.0
Anne Heche_S29,Anne Heche,29,10,1,0.0
Anne Heche_S29,Anne Heche,29,10,2,0.0
Anne Heche_S29,Anne Heche,29,10,3,0.0
Anne Heche_S29,Anne Heche,29,11,1,0.0
Anne Heche_S29,Anne Heche,29,11,2,0.0
Anne Heche_S29,Anne Heche,29,11,3,0.0
Jesse Metcalfe_S29,Jesse Metcalfe,29,1,1,6.0
Jesse Metcalfe_S29,Jesse Metcalfe,29,1,2,6.0
Jesse Metcalfe_S29,Jesse Metcalfe,29,1,3,6.0
Jesse Metcalfe_S29,Jesse Metcalfe,29,2,1,7.0
Jesse Metcalfe_S29,Jesse Metcalfe,29,2,2,7.0
Jesse Metcalfe_S29,Jesse Metcalfe,29,2,3,6.0
Jesse Metcalfe_S29,Jesse Metcalfe,29,3,1,7.0
Jesse Metcalfe_S29,Jesse Metcalfe,29,3,2,6.0
Jesse Metcalfe_S29,Jesse Metcalfe,29,3,3,7.0
Jesse Metcalfe_S29,Jesse Metcalfe,29,4,1,7.0
Jesse Metcalfe_S29,Jesse Metcalfe,29,4,2,7.0
Jesse Metcalfe_S29,Jesse Metcalfe,29,4,3,7.0
Jesse Metcalfe_S29,Jesse Metcalfe,29,5,1,7.0
Jesse Metcalfe_S29,Jesse Metcalfe,29,5,2,6.0
Jesse Metcalfe_S29,Jesse Metcalfe,29,5,3,6.0
Jesse Metcalfe_S29,Jesse Metcalfe,29,6,1,0.0
Jesse Metcalfe_S29,Jesse Metcalfe,29,6,2,0.0
Jesse Metcalfe_S29,Jesse Metcalfe,29,6,3,0.0
Jesse Metcalfe_S29,Jesse Metcalfe,29,7,1,0.0
Jesse Metcalfe_S29,Jesse Metcalfe,29,7,2,0.0
Jesse Metcalfe_S29,Jesse Metcalfe,29,7,3,0.0
Jesse Metcalfe_S29,Jesse Metcalfe,29,8,1,0.0
Jesse Metcalfe_S29,Jesse Metcalfe,29,8,2,0.0
Jesse Metcalfe_S29,Jesse Metcalfe,29,8,3,0.0
Jesse Metcalfe_S29,Jesse Metcalfe,29,9,1,0.0
Jesse Metcalfe_S29,Jesse Metcalfe,29,9,2,0.0
Jesse Metcalfe_S29,Jesse Metcalfe,29,9,3,0.0
Jesse Metcalfe_S29,Jesse Metcalfe,29,10,1,0.0
Jesse Metcalfe_S29,Jesse Metcalfe,29,10,2,0.0
Jesse Metcalfe_S29,Jesse Metcalfe,29,10,3,0.0
Jesse Metcalfe_S29,Jesse Metcalfe,29,11,1,0.0
Jesse Metcalfe_S29,Jesse Metcalfe,29,11,2,0.0
Jesse Metcalfe_S29,Jesse Metcalfe,29,11,3,0.0
Chrishell Stause_S29,Chrishell Stause,29,1,1,4.0
Chrishell Stause_S29,Chrishell Stause,29,1,2,5.0
Chrishell Stause_S29,Chrishell Stause,29,1,3,4.0
Chrishell Stause_S29,Chrishell Stause,29,2,1,6.0
Chrishell Stause_S29,Chrishell Stause,29,2,2,6.0
Chrishell Stause_S29,Chrishell Stause,29,2,3,6.0
Chrishell Stause_S29,Chrishell Stause,29,3,1,7.0
Chrishell Stause_S29,Chrishell Stause,29,3,2,7.0
Chrishell Stause_S29,Chrishell Stause,29,3,3,8.0
Chrishell Stause_S29,Chrishell Stause,29,4,1,7.0
Chrishell Stause_S29,Chrishell Stause,29,4,2,8.0
Chrishell Stause_S29,Chrishell Stause,29,4,3,7.0
Chrishell Stause_S29,Chrishell Stause,29,5,1,6.0
Chrishell Stause_S29,Chrishell Stause,29,5,2,6.0
Chrishell Stause_S29,Chrishell Stause,29,5,3,7.0
Chrishell Stause_S29,Chrishell Stause,29,6,1,8.0
Chrishell Stause_S29,Chrishell Stause,29,6,2,8.0
Chrishell Stause_S29,Chrishell Stause,29,6,3,8.0
Chrishell Stause_S29,Chrishell Stause,29,7,1,9.0
Chrishell Stause_S29,Chrishell Stause,29,7,2,9.0
Chrishell Stause_S29,Chrishell Stause,29,7,3,8.0
Chrishell Stause_S29,Chrishell Stause,29,8,1,9.0
Chrishell Stause_S29,Chrishell Stause,29,8,2,9.0
Chrishell Stause_S29,Chrishell Stause,29,8,3,9.0
Chrishell Stause_S29,Chrishell Stause,29,9,1,0.0
Chrishell Stause_S29,Chrishell Stause,29,9,2,0.0
Chrishell Stause_S29,Chrishell Stause,29,9,3,0.0
Chrishell Stause_S29,Chrishell Stause,29,10,1,0.0
Chrishell Stause_S29,Chrishell Stause,29,10,2,0.0
Chrishell Stause_S29,Chrishell Stause,29,10,3,0.0
Chrishell Stause_S29,Chrishell Stause,29,11,1,0.0
Chrishell Stause_S29,Chrishell Stause,29,11,2,0.0
Chrishell Stause_S29,Chrishell Stause,29,11,3,0.0
Skai Jackson_S29,Skai Jackson,29,1,1,7.0
Skai Jackson_S29,Skai Jackson,29,1,2,7.0
Skai Jackson_S29,Skai Jackson,29,1,3,7.0
Skai Jackson_S29,Skai Jackson,29,2,1,5.0
Skai Jackson_S29,Skai Jackson,29,2,2,5.0
Skai Jackson_S29,Skai Jackson,29,2,3,5.0
Skai Jackson_S29,Skai Jackson,29,3,1,6.0
Skai Jackson_S29,Skai Jackson,29,3,2,6.0
Skai Jackson_S29,Skai Jackson,29,3,3,6.0
Skai Jackson_S29,Skai Jackson,29,4,1,10.0
Skai Jackson_S29,Skai Jackson,29,4,2,9.0
Skai Jackson_S29,Skai Jackson,29,4,3,9.0
Skai Jackson_S29,Skai Jackson,29,5,1,8.0
Skai Jackson_S29,Skai Jackson,29,5,2,8.0
Skai Jackson_S29,Skai Jackson,29,5,3,8.0
Skai Jackson_S29,Skai Jackson,29,6,1,6.0
Skai Jackson_S29,Skai Jackson,29,6,2,6.0
Skai Jackson_S29,Skai Jackson,29,6,3,6.0
Skai Jackson_S29,Skai Jackson,29,7,1,9.0
Skai Jackson_S29,Skai Jackson,29,7,2,9.0
Skai Jackson_S29,Skai Jackson,29,7,3,9.0
Skai Jackson_S29,Skai Jackson,29,8,1,8.6666
Skai Jackson_S29,Skai Jackson,29,8,2,9.6666
Skai Jackson_S29,Skai Jackson,29,8,3,8.6666
Skai Jackson_S29,Skai Jackson,29,9,1,9.6666
Skai Jackson_S29,Skai Jackson,29,9,2,9.6666
Skai Jackson_S29,Skai Jackson,29,9,3,9.6666
Skai Jackson_S29,Skai Jackson,29,10,1,9.5
Skai Jackson_S29,Skai Jackson,29,10,2,9.5
Skai Jackson_S29,Skai Jackson,29,10,3,9.5
Skai Jackson_S29,Skai Jackson,29,11,1,0.0
Skai Jackson_S29,Skai Jackson,29,11,2,0.0
Skai Jackson_S29,Skai Jackson,29,11,3,0.0
Justina Machado_S29,Justina Machado,29,1,1,7.0
Justina Machado_S29,Justina Machado,29,1,2,7.0
Justina Machado_S29,Justina Machado,29,1,3,7.0
Justina Machado_S29,Justina Machado,29,2,1,7.0
Justina Machado_S29,Justina Machado,29,2,2,7.0
Justina Machado_S29,Justina Machado,29,2,3,7.0
Justina Machado_S29,Justina Machado,29,3,1,7.0
Justina Machado_S29,Justina Machado,29,3,2,6.0
Justina Machado_S29,Justina Machado,29,3,3,6.0
Justina Machado_S29,Justina Machado,29,4,1,8.0
Justina Machado_S29,Justina Machado,29,4,2,8.0
Justina Machado_S29,Justina Machado,29,4,3,8.0
Justina Machado_S29,Justina Machado,29,5,1,8.0
Justina Machado_S29,Justina Machado,29,5,2,8.0
Justina Machado_S29,Justina Machado,29,5,3,8.0
Justina Machado_S29,Justina Machado,29,6,1,9.0
Justina Machado_S29,Justina Machado,29,6,2,9.0
Justina Machado_S29,Justina Machado,29,6,3,9.0
Justina Machado_S29,Justina Machado,29,7,1,9.0
Justina Machado_S29,Justina Machado,29,7,2,9.0
Justina Machado_S29,Justina Machado,29,7,3,8.0
Justina Machado_S29,Justina Machado,29,8,1,9.6666
Justina Machado_S29,Justina Machado,29,8,2,9.6666
Justina Machado_S29,Justina Machado,29,8,3,9.6666
Justina Machado_S29,Justina Machado,29,9,1,8.6666
Justina Machado_S29,Justina Machado,29,9,2,8.6666
Justina Machado_S29,Justina Machado,29,9,3,8.6666
Justina Machado_S29,Justina Machado,29,10,1,9.5
Justina Machado_S29,Justina Machado,29,10,2,10.0
Justina Machado_S29,Justina Machado,29,10,3,9.5
Justina Machado_S29,Justina Machado,29,11,1,10.0
Justina Machado_S29,Justina Machado,29,11,2,10.0
Justina Machado_S29,Justina Machado,29,11,3,10.0
Charles Oakley_S29,Charles Oakley,29,1,1,4.0
Charles Oakley_S29,Charles Oakley,29,1,2,4.0
Charles Oakley_S29,Charles Oakley,29,1,3,4.0
Charles Oakley_S29,Charles Oakley,29,2,1,5.0
Charles Oakley_S29,Charles Oakley,29,2,2,5.0
Charles Oakley_S29,Charles Oakley,29,2,3,5.0
Charles Oakley_S29,Charles Oakley,29,3,1,0.0
Charles Oakley_S29,Charles Oakley,29,3,2,0.0
Charles Oakley_S29,Charles Oakley,29,3,3,0.0
Charles Oakley_S29,Charles Oakley,29,4,1,0.0
Charles Oakley_S29,Charles Oakley,29,4,2,0.0
Charles Oakley_S29,Charles Oakley,29,4,3,0.0
Charles Oakley_S29,Charles Oakley,29,5,1,0.0
Charles Oakley_S29,Charles Oakley,29,5,2,0.0
Charles Oakley_S29,Charles Oakley,29,5,3,0.0
Charles Oakley_S29,Charles Oakley,29,6,1,0.0
Charles Oakley_S29,Charles Oakley,29,6,2,0.0
Charles Oakley_S29,Charles Oakley,29,6,3,0.0
Charles Oakley_S29,Charles Oakley,29,7,1,0.0
Charles Oakley_S29,Charles Oakley,29,7,2,0.0
Charles Oakley_S29,Charles Oakley,29,7,3,0.0
Charles Oakley_S29,Charles Oakley,29,8,1,0.0
Charles Oakley_S29,Charles Oakley,29,8,2,0.0
Charles Oakley_S29,Charles Oakley,29,8,3,0.0
Charles Oakley_S29,Charles Oakley,29,9,1,0.0
Charles Oakley_S29,Charles Oakley,29,9,2,0.0
Charles Oakley_S29,Charles Oakley,29,9,3,0.0
Charles Oakley_S29,Charles Oakley,29,10,1,0.0
Charles Oakley_S29,Charles Oakley,29,10,2,0.0
Charles Oakley_S29,Charles Oakley,29,10,3,0.0
Charles Oakley_S29,Charles Oakley,29,11,1,0.0
Charles Oakley_S29,Charles Oakley,29,11,2,0.0
Charles Oakley_S29,Charles Oakley,29,11,3,0.0
Veron Davis_S29,Veron Davis,29,1,1,5.0
Veron Davis_S29,Veron Davis,29,1,2,6.0
Veron Davis_S29,Veron Davis,29,1,3,6.0
Veron Davis_S29,Veron Davis,29,2,1,6.0
Veron Davis_S29,Veron Davis,29,2,2,6.0
Veron Davis_S29,Veron Davis,29,2,3,6.0
Veron Davis_S29,Veron Davis,29,3,1,8.0
Veron Davis_S29,Veron Davis,29,3,2,7.0
Veron Davis_S29,Veron Davis,29,3,3,7.0
Veron Davis_S29,Veron Davis,29,4,1,8.0
Veron Davis_S29,Veron Davis,29,4,2,7.0
Veron Davis_S29,Veron Davis,29,4,3,7.0
Veron Davis_S29,Veron Davis,29,5,1,7.0
Veron Davis_S29,Veron Davis,29,5,2,7.0
Veron Davis_S29,Veron Davis,29,5,3,7.0
Veron Davis_S29,Veron Davis,29,6,1,7.0
Veron Davis_S29,Veron Davis,29,6,2,7.0
Veron Davis_S29,Veron Davis,29,6,3,7.0
Veron Davis_S29,Veron Davis,29,7,1,0.0
Veron Davis_S29,Veron Davis,29,7,2,0.0
Veron Davis_S29,Veron Davis,29,7,3,0.0
Veron Davis_S29,Veron Davis,29,8,1,0.0
Veron Davis_S29,Veron Davis,29,8,2,0.0
Veron Davis_S29,Veron Davis,29,8,3,0.0
Veron Davis_S29,Veron Davis,29,9,1,0.0
Veron Davis_S29,Veron Davis,29,9,2,0.0
Veron Davis_S29,Veron Davis,29,9,3,0.0
Veron Davis_S29,Veron Davis,29,10,1,0.0
Veron Davis_S29,Veron Davis,29,10,2,0.0
Veron Davis_S29,Veron Davis,29,10,3,0.0
Veron Davis_S29,Veron Davis,29,11,1,0.0
Veron Davis_S29,Veron Davis,29,11,2,0.0
Veron Davis_S29,Veron Davis,29,11,3,0.0
Johnny Weir_S29,Johnny Weir,29,1,1,6.0
Johnny Weir_S29,Johnny Weir,29,1,2,6.0
Johnny Weir_S29,Johnny Weir,29,1,3,6.0
Johnny Weir_S29,Johnny Weir,29,2,1,6.0
Johnny Weir_S29,Johnny Weir,29,2,2,6.0
Johnny Weir_S29,Johnny Weir,29,2,3,6.0
Johnny Weir_S29,Johnny Weir,29,3,1,8.0
Johnny Weir_S29,Johnny Weir,29,3,2,8.0
Johnny Weir_S29,Johnny Weir,29,3,3,8.0
Johnny Weir_S29,Johnny Weir,29,4,1,8.0
Johnny Weir_S29,Johnny Weir,29,4,2,8.0
Johnny Weir_S29,Johnny Weir,29,4,3,8.0
Johnny Weir_S29,Johnny Weir,29,5,1,10.0
Johnny Weir_S29,Johnny Weir,29,5,2,10.0
Johnny Weir_S29,Johnny Weir,29,5,3,9.0
Johnny Weir_S29,Johnny Weir,29,6,1,7.0
Johnny Weir_S29,Johnny Weir,29,6,2,8.0
Johnny Weir_S29,Johnny Weir,29,6,3,7.0
Johnny Weir_S29,Johnny Weir,29,7,1,9.0
Johnny Weir_S29,Johnny Weir,29,7,2,9.0
Johnny Weir_S29,Johnny Weir,29,7,3,9.0
Johnny Weir_S29,Johnny Weir,29,8,1,10.0
Johnny Weir_S29,Johnny Weir,29,8,2,10.0
Johnny Weir_S29,Johnny Weir,29,8,3,10.0
Johnny Weir_S29,Johnny Weir,29,9,1,10.0
Johnny Weir_S29,Johnny Weir,29,9,2,10.0
Johnny Weir_S29,Johnny Weir,29,9,3,10.0
Johnny Weir_S29,Johnny Weir,29,10,1,9.5
Johnny Weir_S29,Johnny Weir,29,10,2,9.5
Johnny Weir_S29,Johnny Weir,29,10,3,9.5
Johnny Weir_S29,Johnny Weir,29,11,1,0.0
Johnny Weir_S29,Johnny Weir,29,11,2,0.0
Johnny Weir_S29,Johnny Weir,29,11,3,0.0
Nev Schulman_S29,Nev Schulman,29,1,1,7.0
Nev Schulman_S29,Nev Schulman,29,1,2,7.0
Nev Schulman_S29,Nev Schulman,29,1,3,6.0
Nev Schulman_S29,Nev Schulman,29,2,1,7.0
Nev Schulman_S29,Nev Schulman,29,2,2,7.0
Nev Schulman_S29,Nev Schulman,29,2,3,7.0
Nev Schulman_S29,Nev Schulman,29,3,1,8.0
Nev Schulman_S29,Nev Schulman,29,3,2,8.0
Nev Schulman_S29,Nev Schulman,29,3,3,8.0
Nev Schulman_S29,Nev Schulman,29,4,1,8.0
Nev Schulman_S29,Nev Schulman,29,4,2,8.0
Nev Schulman_S29,Nev Schulman,29,4,3,8.0
Nev Schulman_S29,Nev Schulman,29,5,1,8.0
Nev Schulman_S29,Nev Schulman,29,5,2,9.0
Nev Schulman_S29,Nev Schulman,29,5,3,9.0
Nev Schulman_S29,Nev Schulman,29,6,1,9.0
Nev Schulman_S29,Nev Schulman,29,6,2,9.0
Nev Schulman_S29,Nev Schulman,29,6,3,8.0
Nev Schulman_S29,Nev Schulman,29,7,1,10.0
Nev Schulman_S29,Nev Schulman,29,7,2,10.0
Nev Schulman_S29,Nev Schulman,29,7,3,10.0
Nev Schulman_S29,Nev Schulman,29,8,1,10.0
Nev Schulman_S29,Nev Schulman,29,8,2,10.0
Nev Schulman_S29,Nev Schulman,29,8,3,10.0
Nev Schulman_S29,Nev Schulman,29,9,1,9.6666
Nev Schulman_S29,Nev Schulman,29,9,2,9.6666
Nev Schulman_S29,Nev Schulman,29,9,3,9.6666
Nev Schulman_S29,Nev Schulman,29,10,1,10.0
Nev Schulman_S29,Nev Schulman,29,10,2,10.0
Nev Schulman_S29,Nev Schulman,29,10,3,10.0
Nev Schulman_S29,Nev Schulman,29,11,1,10.0
Nev Schulman_S29,Nev Schulman,29,11,2,10.0
Nev Schulman_S29,Nev Schulman,29,11,3,10.0
AJ McLean_S29,AJ McLean,29,1,1,6.0
AJ McLean_S29,AJ McLean,29,1,2,6.0
AJ McLean_S29,AJ McLean,29,1,3,6.0
AJ McLean_S29,AJ McLean,29,2,1,7.0
AJ McLean_S29,AJ McLean,29,2,2,6.0
AJ McLean_S29,AJ McLean,29,2,3,6.0
AJ McLean_S29,AJ McLean,29,3,1,7.0
AJ McLean_S29,AJ McLean,29,3,2,7.0
AJ McLean_S29,AJ McLean,29,3,3,7.0
AJ McLean_S29,AJ McLean,29,4,1,8.0
AJ McLean_S29,AJ McLean,29,4,2,8.0
AJ McLean_S29,AJ McLean,29,4,3,8.0
AJ McLean_S29,AJ McLean,29,5,1,8.0
AJ McLean_S29,AJ McLean,29,5,2,8.0
AJ McLean_S29,AJ McLean,29,5,3,8.0
AJ McLean_S29,AJ McLean,29,6,1,9.0
AJ McLean_S29,AJ McLean,29,6,2,9.0
AJ McLean_S29,AJ McLean,29,6,3,9.0
AJ McLean_S29,AJ McLean,29,7,1,9.0
AJ McLean_S29,AJ McLean,29,7,2,8.0
AJ McLean_S29,AJ McLean,29,7,3,9.0
AJ McLean_S29,AJ McLean,29,8,1,9.0
AJ McLean_S29,AJ McLean,29,8,2,9.0
AJ McLean_S29,AJ McLean,29,8,3,9.0
AJ McLean_S29,AJ McLean,29,9,1,7.6666
AJ McLean_S29,AJ McLean,29,9,2,8.6666
AJ McLean_S29,AJ McLean,29,9,3,8.6666
AJ McLean_S29,AJ McLean,29,10,1,0.0
AJ McLean_S29,AJ McLean,29,10,2,0.0
AJ McLean_S29,AJ McLean,29,10,3,0.0
AJ McLean_S29,AJ McLean,29,11,1,0.0
AJ McLean_S29,AJ McLean,29,11,2,0.0
AJ McLean_S29,AJ McLean,29,11,3,0.0
Nelly_S29,Nelly,29,1,1,5.0
Nelly_S29,Nelly,29,1,2,5.0
Nelly_S29,Nelly,29,1,3,6.0
Nelly_S29,Nelly,29,2,1,6.0
Nelly_S29,Nelly,29,2,2,6.0
Nelly_S29,Nelly,29,2,3,6.0
Nelly_S29,Nelly,29,3,1,6.0
Nelly_S29,Nelly,29,3,2,6.0
Nelly_S29,Nelly,29,3,3,6.0
Nelly_S29,Nelly,29,4,1,7.0
Nelly_S29,Nelly,29,4,2,7.0
Nelly_S29,Nelly,29,4,3,7.0
Nelly_S29,Nelly,29,5,1,8.0
Nelly_S29,Nelly,29,5,2,8.0
Nelly_S29,Nelly,29,5,3,8.0
Nelly_S29,Nelly,29,6,1,8.0
Nelly_S29,Nelly,29,6,2,8.0
Nelly_S29,Nelly,29,6,3,8.0
Nelly_S29,Nelly,29,7,1,9.0
Nelly_S29,Nelly,29,7,2,9.0
Nelly_S29,Nelly,29,7,3,9.0
Nelly_S29,Nelly,29,8,1,8.0
Nelly_S29,Nelly,29,8,2,8.0
Nelly_S29,Nelly,29,8,3,8.0
Nelly_S29,Nelly,29,9,1,8.0
Nelly_S29,Nelly,29,9,2,8.0
Nelly_S29,Nelly,29,9,3,8.0
Nelly_S29,Nelly,29,10,1,9.5
Nelly_S29,Nelly,29,10,2,9.0
Nelly_S29,Nelly,29,10,3,9.5
Nelly_S29,Nelly,29,11,1,9.5
Nelly_S29,Nelly,29,11,2,9.5
Nelly_S29,Nelly,29,11,3,9.5
Kaitlyn Bristowe_S29,Kaitlyn Bristowe,29,1,1,6.0
Kaitlyn Bristowe_S29,Kaitlyn Bristowe,29,1,2,7.0
Kaitlyn Bristowe_S29,Kaitlyn Bristowe,29,1,3,7.0
Kaitlyn Bristowe_S29,Kaitlyn Bristowe,29,2,1,7.0
Kaitlyn Bristowe_S29,Kaitlyn Bristowe,29,2,2,8.0
Kaitlyn Bristowe_S29,Kaitlyn Bristowe,29,2,3,7.0
Kaitlyn Bristowe_S29,Kaitlyn Bristowe,29,3,1,8.0
Kaitlyn Bristowe_S29,Kaitlyn Bristowe,29,3,2,7.0
Kaitlyn Bristowe_S29,Kaitlyn Bristowe,29,3,3,8.0
Kaitlyn Bristowe_S29,Kaitlyn Bristowe,29,4,1,9.0
Kaitlyn Bristowe_S29,Kaitlyn Bristowe,29,4,2,8.0
Kaitlyn Bristowe_S29,Kaitlyn Bristowe,29,4,3,8.0
Kaitlyn Bristowe_S29,Kaitlyn Bristowe,29,5,1,9.0
Kaitlyn Bristowe_S29,Kaitlyn Bristowe,29,5,2,9.0
Kaitlyn Bristowe_S29,Kaitlyn Bristowe,29,5,3,9.0
Kaitlyn Bristowe_S29,Kaitlyn Bristowe,29,6,1,9.0
Kaitlyn Bristowe_S29,Kaitlyn Bristowe,29,6,2,9.0
Kaitlyn Bristowe_S29,Kaitlyn Bristowe,29,6,3,9.0
Kaitlyn Bristowe_S29,Kaitlyn Bristowe,29,7,1,7.0
Kaitlyn Bristowe_S29,Kaitlyn Bristowe,29,7,2,9.0
Kaitlyn Bristowe_S29,Kaitlyn Bristowe,29,7,3,8.0
Kaitlyn Bristowe_S29,Kaitlyn Bristowe,29,8,1,9.0
Kaitlyn Bristowe_S29,Kaitlyn Bristowe,29,8,2,10.0
Kaitlyn Bristowe_S29,Kaitlyn Bristowe,29,8,3,9.0
Kaitlyn Bristowe_S29,Kaitlyn Bristowe,29,9,1,10.0
Kaitlyn Bristowe_S29,Kaitlyn Bristowe,29,9,2,10.0
Kaitlyn Bristowe_S29,Kaitlyn Bristowe,29,9,3,10.0
Kaitlyn Bristowe_S29,Kaitlyn Bristowe,29,10,1,10.0
Kaitlyn Bristowe_S29,Kaitlyn Bristowe,29,10,2,10.0
Kaitlyn Bristowe_S29,Kaitlyn Bristowe,29,10,3,10.0
Kaitlyn Bristowe_S29,Kaitlyn Bristowe,29,11,1,10.0
Kaitlyn Bristowe_S29,Kaitlyn Bristowe,29,11,2,10.0
Kaitlyn Bristowe_S29,Kaitlyn Bristowe,29,11,3,10.0
Carole Baskin_S29,Carole Baskin,29,1,1,4.0
Carole Baskin_S29,Carole Baskin,29,1,2,4.0
Carole Baskin_S29,Carole Baskin,29,1,3,3.0
Carole Baskin_S29,Carole Baskin,29,2,1,6.0
Carole Baskin_S29,Carole Baskin,29,2,2,5.0
Carole Baskin_S29,Carole Baskin,29,2,3,5.0
Carole Baskin_S29,Carole Baskin,29,3,1,5.0
Carole Baskin_S29,Carole Baskin,29,3,2,4.0
Carole Baskin_S29,Carole Baskin,29,3,3,3.0
Carole Baskin_S29,Carole Baskin,29,4,1,0.0
Carole Baskin_S29,Carole Baskin,29,4,2,0.0
Carole Baskin_S29,Carole Baskin,29,4,3,0.0
Carole Baskin_S29,Carole Baskin,29,5,1,0.0
Carole Baskin_S29,Carole Baskin,29,5,2,0.0
Carole Baskin_S29,Carole Baskin,29,5,3,0.0
Carole Baskin_S29,Carole Baskin,29,6,1,0.0
Carole Baskin_S29,Carole Baskin,29,6,2,0.0
Carole Baskin_S29,Carole Baskin,29,6,3,0.0
Carole Baskin_S29,Carole Baskin,29,7,1,0.0
Carole Baskin_S29,Carole Baskin,29,7,2,0.0
Carole Baskin_S29,Carole Baskin,29,7,3,0.0
Carole Baskin_S29,Carole Baskin,29,8,1,0.0
Carole Baskin_S29,Carole Baskin,29,8,2,0.0
Carole Baskin_S29,Carole Baskin,29,8,3,0.0
Carole Baskin_S29,Carole Baskin,29,9,1,0.0
Carole Baskin_S29,Carole Baskin,29,9,2,0.0
Carole Baskin_S29,Carole Baskin,29,9,3,0.0
Carole Baskin_S29,Carole Baskin,29,10,1,0.0
Carole Baskin_S29,Carole Baskin,29,10,2,0.0
Carole Baskin_S29,Carole Baskin,29,10,3,0.0
Carole Baskin_S29,Carole Baskin,29,11,1,0.0
Carole Baskin_S29,Carole Baskin,29,11,2,0.0
Carole Baskin_S29,Carole Baskin,29,11,3,0.0
Monica Aldama_S29,Monica Aldama,29,1,1,6.0
Monica Aldama_S29,Monica Aldama,29,1,2,7.0
Monica Aldama_S29,Monica Aldama,29,1,3,6.0
Monica Aldama_S29,Monica Aldama,29,2,1,5.0
Monica Aldama_S29,Monica Aldama,29,2,2,6.0
Monica Aldama_S29,Monica Aldama,29,2,3,5.0
Monica Aldama_S29,Monica Aldama,29,3,1,7.0
Monica Aldama_S29,Monica Aldama,29,3,2,7.0
Monica Aldama_S29,Monica Aldama,29,3,3,7.0
Monica Aldama_S29,Monica Aldama,29,4,1,8.0
Monica Aldama_S29,Monica Aldama,29,4,2,8.0
Monica Aldama_S29,Monica Aldama,29,4,3,8.0
Monica Aldama_S29,Monica Aldama,29,5,1,9.0
Monica Aldama_S29,Monica Aldama,29,5,2,9.0
Monica Aldama_S29,Monica Aldama,29,5,3,8.0
Monica Aldama_S29,Monica Aldama,29,6,1,9.0
Monica Aldama_S29,Monica Aldama,29,6,2,9.0
Monica Aldama_S29,Monica Aldama,29,6,3,9.0
Monica Aldama_S29,Monica Aldama,29,7,1,7.0
Monica Aldama_S29,Monica Aldama,29,7,2,8.0
Monica Aldama_S29,Monica Aldama,29,7,3,7.0
Monica Aldama_S29,Monica Aldama,29,8,1,0.0
Monica Aldama_S29,Monica Aldama,29,8,2,0.0
Monica Aldama_S29,Monica Aldama,29,8,3,0.0
Monica Aldama_S29,Monica Aldama,29,9,1,0.0
Monica Aldama_S29,Monica Aldama,29,9,2,0.0
Monica Aldama_S29,Monica Aldama,29,9,3,0.0
Monica Aldama_S29,Monica Aldama,29,10,1,0.0
Monica Aldama_S29,Monica Aldama,29,10,2,0.0
Monica Aldama_S29,Monica Aldama,29,10,3,0.0
Monica Aldama_S29,Monica Aldama,29,11,1,0.0
Monica Aldama_S29,Monica Aldama,29,11,2,0.0
Monica Aldama_S29,Monica Aldama,29,11,3,0.0
Jeannie Mai_S29,Jeannie Mai,29,1,1,6.0
Jeannie Mai_S29,Jeannie Mai,29,1,2,6.0
Jeannie Mai_S29,Jeannie Mai,29,1,3,6.0
Jeannie Mai_S29,Jeannie Mai,29,2,1,6.0
Jeannie Mai_S29,Jeannie Mai,29,2,2,6.0
Jeannie Mai_S29,Jeannie Mai,29,2,3,6.0
Jeannie Mai_S29,Jeannie Mai,29,3,1,7.0
Jeannie Mai_S29,Jeannie Mai,29,3,2,7.0
Jeannie Mai_S29,Jeannie Mai,29,3,3,8.0
Jeannie Mai_S29,Jeannie Mai,29,4,1,7.0
Jeannie Mai_S29,Jeannie Mai,29,4,2,7.0
Jeannie Mai_S29,Jeannie Mai,29,4,3,7.0
Jeannie Mai_S29,Jeannie Mai,29,5,1,8.0
Jeannie Mai_S29,Jeannie Mai,29,5,2,8.0
Jeannie Mai_S29,Jeannie Mai,29,5,3,8.0
Jeannie Mai_S29,Jeannie Mai,29,6,1,8.0
Jeannie Mai_S29,Jeannie Mai,29,6,2,8.0
Jeannie Mai_S29,Jeannie Mai,29,6,3,9.0
Jeannie Mai_S29,Jeannie Mai,29,7,1,8.0
Jeannie Mai_S29,Jeannie Mai,29,7,2,9.0
Jeannie Mai_S29,Jeannie Mai,29,7,3,8.0
Jeannie Mai_S29,Jeannie Mai,29,8,1,0.0
Jeannie Mai_S29,Jeannie Mai,29,8,2,0.0
Jeannie Mai_S29,Jeannie Mai,29,8,3,0.0
Jeannie Mai_S29,Jeannie Mai,29,9,1,0.0
Jeannie Mai_S29,Jeannie Mai,29,9,2,0.0
Jeannie Mai_S29,Jeannie Mai,29,9,3,0.0
Jeannie Mai_S29,Jeannie Mai,29,10,1,0.0
Jeannie Mai_S29,Jeannie Mai,29,10,2,0.0
Jeannie Mai_S29,Jeannie Mai,29,10,3,0.0
Jeannie Mai_S29,Jeannie Mai,29,11,1,0.0
Jeannie Mai_S29,Jeannie Mai,29,11,2,0.0
Jeannie Mai_S29,Jeannie Mai,29,11,3,0.0
Martin Kove_S30,Martin Kove,30,1,1,4.0
Martin Kove_S30,Martin Kove,30,1,2,3.0
Martin Kove_S30,Martin Kove,30,1,3,3.0
Martin Kove_S30,Martin Kove,30,1,4,3.0
Martin Kove_S30,Martin Kove,30,2,1,4.0
Martin Kove_S30,Martin Kove,30,2,2,3.0
Martin Kove_S30,Martin Kove,30,2,3,4.0
Martin Kove_S30,Martin Kove,30,2,4,4.0
Martin Kove_S30,Martin Kove,30,3,1,0.0
Martin Kove_S30,Martin Kove,30,3,2,0.0
Martin Kove_S30,Martin Kove,30,3,3,0.0
Martin Kove_S30,Martin Kove,30,4,1,0.0
Martin Kove_S30,Martin Kove,30,4,2,0.0
Martin Kove_S30,Martin Kove,30,4,3,0.0
Martin Kove_S30,Martin Kove,30,4,4,0.0
Martin Kove_S30,Martin Kove,30,5,1,0.0
Martin Kove_S30,Martin Kove,30,5,2,0.0
Martin Kove_S30,Martin Kove,30,5,3,0.0
Martin Kove_S30,Martin Kove,30,5,4,0.0
Martin Kove_S30,Martin Kove,30,6,1,0.0
Martin Kove_S30,Martin Kove,30,6,2,0.0
Martin Kove_S30,Martin Kove,30,6,3,0.0
Martin Kove_S30,Martin Kove,30,6,4,0.0
Martin Kove_S30,Martin Kove,30,7,1,0.0
Martin Kove_S30,Martin Kove,30,7,2,0.0
Martin Kove_S30,Martin Kove,30,7,3,0.0
Martin Kove_S30,Martin Kove,30,7,4,0.0
Martin Kove_S30,Martin Kove,30,8,1,0.0
Martin Kove_S30,Martin Kove,30,8,2,0.0
Martin Kove_S30,Martin Kove,30,8,3,0.0
Martin Kove_S30,Martin Kove,30,8,4,0.0
Martin Kove_S30,Martin Kove,30,9,1,0.0
Martin Kove_S30,Martin Kove,30,9,2,0.0
Martin Kove_S30,Martin Kove,30,9,3,0.0
Martin Kove_S30,Martin Kove,30,9,4,0.0
Martin Kove_S30,Martin Kove,30,10,1,0.0
Martin Kove_S30,Martin Kove,30,10,2,0.0
Martin Kove_S30,Martin Kove,30,10,3,0.0
Martin Kove_S30,Martin Kove,30,10,4,0.0
Brian Austin Green_S30,Brian Austin Green,30,1,1,6.0
Brian Austin Green_S30,Brian Austin Green,30,1,2,6.0
Brian Austin Green_S30,Brian Austin Green,30,1,3,6.0
Brian Austin Green_S30,Brian Austin Green,30,1,4,6.0
Brian Austin Green_S30,Brian Austin Green,30,2,1,6.0
Brian Austin Green_S30,Brian Austin Green,30,2,2,5.0
Brian Austin Green_S30,Brian Austin Green,30,2,3,6.0
Brian Austin Green_S30,Brian Austin Green,30,2,4,6.0
Brian Austin Green_S30,Brian Austin Green,30,3,1,7.0
Brian Austin Green_S30,Brian Austin Green,30,3,2,6.0
Brian Austin Green_S30,Brian Austin Green,30,3,3,6.0
Brian Austin Green_S30,Brian Austin Green,30,4,1,6.5
Brian Austin Green_S30,Brian Austin Green,30,4,2,6.0
Brian Austin Green_S30,Brian Austin Green,30,4,3,7.0
Brian Austin Green_S30,Brian Austin Green,30,4,4,6.5
Brian Austin Green_S30,Brian Austin Green,30,5,1,0.0
Brian Austin Green_S30,Brian Austin Green,30,5,2,0.0
Brian Austin Green_S30,Brian Austin Green,30,5,3,0.0
Brian Austin Green_S30,Brian Austin Green,30,5,4,0.0
Brian Austin Green_S30,Brian Austin Green,30,6,1,0.0
Brian Austin Green_S30,Brian Austin Green,30,6,2,0.0
Brian Austin Green_S30,Brian Austin Green,30,6,3,0.0
Brian Austin Green_S30,Brian Austin Green,30,6,4,0.0
Brian Austin Green_S30,Brian Austin Green,30,7,1,0.0
Brian Austin Green_S30,Brian Austin Green,30,7,2,0.0
Brian Austin Green_S30,Brian Austin Green,30,7,3,0.0
Brian Austin Green_S30,Brian Austin Green,30,7,4,0.0
Brian Austin Green_S30,Brian Austin Green,30,8,1,0.0
Brian Austin Green_S30,Brian Austin Green,30,8,2,0.0
Brian Austin Green_S30,Brian Austin Green,30,8,3,0.0
Brian Austin Green_S30,Brian Austin Green,30,8,4,0.0
Brian Austin Green_S30,Brian Austin Green,30,9,1,0.0
Brian Austin Green_S30,Brian Austin Green,30,9,2,0.0
Brian Austin Green_S30,Brian Austin Green,30,9,3,0.0
Brian Austin Green_S30,Brian Austin Green,30,9,4,0.0
Brian Austin Green_S30,Brian Austin Green,30,10,1,0.0
Brian Austin Green_S30,Brian Austin Green,30,10,2,0.0
Brian Austin Green_S30,Brian Austin Green,30,10,3,0.0
Brian Austin Green_S30,Brian Austin Green,30,10,4,0.0
Melora Hardin_S30,Melora Hardin,30,1,1,7.0
Melora Hardin_S30,Melora Hardin,30,1,2,6.0
Melora Hardin_S30,Melora Hardin,30,1,3,7.0
Melora Hardin_S30,Melora Hardin,30,1,4,6.0
Melora Hardin_S30,Melora Hardin,30,2,1,7.0
Melora Hardin_S30,Melora Hardin,30,2,2,6.0
Melora Hardin_S30,Melora Hardin,30,2,3,7.0
Melora Hardin_S30,Melora Hardin,30,2,4,7.0
Melora Hardin_S30,Melora Hardin,30,3,1,8.0
Melora Hardin_S30,Melora Hardin,30,3,2,7.0
Melora Hardin_S30,Melora Hardin,30,3,3,8.0
Melora Hardin_S30,Melora Hardin,30,4,1,9.0
Melora Hardin_S30,Melora Hardin,30,4,2,9.5
Melora Hardin_S30,Melora Hardin,30,4,3,9.0
Melora Hardin_S30,Melora Hardin,30,4,4,9.0
Melora Hardin_S30,Melora Hardin,30,5,1,9.0
Melora Hardin_S30,Melora Hardin,30,5,2,9.0
Melora Hardin_S30,Melora Hardin,30,5,3,9.0
Melora Hardin_S30,Melora Hardin,30,5,4,9.0
Melora Hardin_S30,Melora Hardin,30,6,1,8.0
Melora Hardin_S30,Melora Hardin,30,6,2,9.0
Melora Hardin_S30,Melora Hardin,30,6,3,8.0
Melora Hardin_S30,Melora Hardin,30,6,4,9.0
Melora Hardin_S30,Melora Hardin,30,7,1,9.5
Melora Hardin_S30,Melora Hardin,30,7,2,9.5
Melora Hardin_S30,Melora Hardin,30,7,3,9.5
Melora Hardin_S30,Melora Hardin,30,7,4,9.5
Melora Hardin_S30,Melora Hardin,30,8,1,10.5
Melora Hardin_S30,Melora Hardin,30,8,2,10.5
Melora Hardin_S30,Melora Hardin,30,8,3,10.5
Melora Hardin_S30,Melora Hardin,30,8,4,10.5
Melora Hardin_S30,Melora Hardin,30,9,1,8.5
Melora Hardin_S30,Melora Hardin,30,9,2,9.5
Melora Hardin_S30,Melora Hardin,30,9,3,9.0
Melora Hardin_S30,Melora Hardin,30,9,4,9.0
Melora Hardin_S30,Melora Hardin,30,10,1,0.0
Melora Hardin_S30,Melora Hardin,30,10,2,0.0
Melora Hardin_S30,Melora Hardin,30,10,3,0.0
Melora Hardin_S30,Melora Hardin,30,10,4,0.0
Matt James_S30,Matt James,30,1,1,6.0
Matt James_S30,Matt James,30,1,2,6.0
Matt James_S30,Matt James,30,1,3,6.0
Matt James_S30,Matt James,30,1,4,6.0
Matt James_S30,Matt James,30,2,1,5.0
Matt James_S30,Matt James,30,2,2,5.0
Matt James_S30,Matt James,30,2,3,6.0
Matt James_S30,Matt James,30,2,4,6.0
Matt James_S30,Matt James,30,3,1,7.0
Matt James_S30,Matt James,30,3,2,6.0
Matt James_S30,Matt James,30,3,3,7.0
Matt James_S30,Matt James,30,4,1,7.0
Matt James_S30,Matt James,30,4,2,6.5
Matt James_S30,Matt James,30,4,3,7.5
Matt James_S30,Matt James,30,4,4,7.5
Matt James_S30,Matt James,30,5,1,0.0
Matt James_S30,Matt James,30,5,2,0.0
Matt James_S30,Matt James,30,5,3,0.0
Matt James_S30,Matt James,30,5,4,0.0
Matt James_S30,Matt James,30,6,1,0.0
Matt James_S30,Matt James,30,6,2,0.0
Matt James_S30,Matt James,30,6,3,0.0
Matt James_S30,Matt James,30,6,4,0.0
Matt James_S30,Matt James,30,7,1,0.0
Matt James_S30,Matt James,30,7,2,0.0
Matt James_S30,Matt James,30,7,3,0.0
Matt James_S30,Matt James,30,7,4,0.0
Matt James_S30,Matt James,30,8,1,0.0
Matt James_S30,Matt James,30,8,2,0.0
Matt James_S30,Matt James,30,8,3,0.0
Matt James_S30,Matt James,30,8,4,0.0
Matt James_S30,Matt James,30,9,1,0.0
Matt James_S30,Matt James,30,9,2,0.0
Matt James_S30,Matt James,30,9,3,0.0
Matt James_S30,Matt James,30,9,4,0.0
Matt James_S30,Matt James,30,10,1,0.0
Matt James_S30,Matt James,30,10,2,0.0
Matt James_S30,Matt James,30,10,3,0.0
Matt James_S30,Matt James,30,10,4,0.0
"Mike ""The Miz"" Mizanin_S30","Mike ""The Miz"" Mizanin",30,1,1,6.0
"Mike ""The Miz"" Mizanin_S30","Mike ""The Miz"" Mizanin",30,1,2,6.0
"Mike ""The Miz"" Mizanin_S30","Mike ""The Miz"" Mizanin",30,1,3,6.0
"Mike ""The Miz"" Mizanin_S30","Mike ""The Miz"" Mizanin",30,1,4,6.0
"Mike ""The Miz"" Mizanin_S30","Mike ""The Miz"" Mizanin",30,2,1,7.0
"Mike ""The Miz"" Mizanin_S30","Mike ""The Miz"" Mizanin",30,2,2,5.0
"Mike ""The Miz"" Mizanin_S30","Mike ""The Miz"" Mizanin",30,2,3,7.0
"Mike ""The Miz"" Mizanin_S30","Mike ""The Miz"" Mizanin",30,2,4,7.0
"Mike ""The Miz"" Mizanin_S30","Mike ""The Miz"" Mizanin",30,3,1,7.0
"Mike ""The Miz"" Mizanin_S30","Mike ""The Miz"" Mizanin",30,3,2,7.0
"Mike ""The Miz"" Mizanin_S30","Mike ""The Miz"" Mizanin",30,3,3,8.0
"Mike ""The Miz"" Mizanin_S30","Mike ""The Miz"" Mizanin",30,4,1,8.5
"Mike ""The Miz"" Mizanin_S30","Mike ""The Miz"" Mizanin",30,4,2,7.5
"Mike ""The Miz"" Mizanin_S30","Mike ""The Miz"" Mizanin",30,4,3,8.5
"Mike ""The Miz"" Mizanin_S30","Mike ""The Miz"" Mizanin",30,4,4,8.0
"Mike ""The Miz"" Mizanin_S30","Mike ""The Miz"" Mizanin",30,5,1,8.0
"Mike ""The Miz"" Mizanin_S30","Mike ""The Miz"" Mizanin",30,5,2,8.0
"Mike ""The Miz"" Mizanin_S30","Mike ""The Miz"" Mizanin",30,5,3,8.0
"Mike ""The Miz"" Mizanin_S30","Mike ""The Miz"" Mizanin",30,5,4,8.0
"Mike ""The Miz"" Mizanin_S30","Mike ""The Miz"" Mizanin",30,6,1,9.0
"Mike ""The Miz"" Mizanin_S30","Mike ""The Miz"" Mizanin",30,6,2,8.0
"Mike ""The Miz"" Mizanin_S30","Mike ""The Miz"" Mizanin",30,6,3,9.0
"Mike ""The Miz"" Mizanin_S30","Mike ""The Miz"" Mizanin",30,6,4,8.0
"Mike ""The Miz"" Mizanin_S30","Mike ""The Miz"" Mizanin",30,7,1,8.0
"Mike ""The Miz"" Mizanin_S30","Mike ""The Miz"" Mizanin",30,7,2,8.0
"Mike ""The Miz"" Mizanin_S30","Mike ""The Miz"" Mizanin",30,7,3,8.0
"Mike ""The Miz"" Mizanin_S30","Mike ""The Miz"" Mizanin",30,7,4,8.0
"Mike ""The Miz"" Mizanin_S30","Mike ""The Miz"" Mizanin",30,8,1,0.0
"Mike ""The Miz"" Mizanin_S30","Mike ""The Miz"" Mizanin",30,8,2,0.0
"Mike ""The Miz"" Mizanin_S30","Mike ""The Miz"" Mizanin",30,8,3,0.0
"Mike ""The Miz"" Mizanin_S30","Mike ""The Miz"" Mizanin",30,8,4,0.0
"Mike ""The Miz"" Mizanin_S30","Mike ""The Miz"" Mizanin",30,9,1,0.0
"Mike ""The Miz"" Mizanin_S30","Mike ""The Miz"" Mizanin",30,9,2,0.0
"Mike ""The Miz"" Mizanin_S30","Mike ""The Miz"" Mizanin",30,9,3,0.0
"Mike ""The Miz"" Mizanin_S30","Mike ""The Miz"" Mizanin",30,9,4,0.0
"Mike ""The Miz"" Mizanin_S30","Mike ""The Miz"" Mizanin",30,10,1,0.0
"Mike ""The Miz"" Mizanin_S30","Mike ""The Miz"" Mizanin",30,10,2,0.0
"Mike ""The Miz"" Mizanin_S30","Mike ""The Miz"" Mizanin",30,10,3,0.0
"Mike ""The Miz"" Mizanin_S30","Mike ""The Miz"" Mizanin",30,10,4,0.0
Suni Lee_S30,Suni Lee,30,1,1,7.0
Suni Lee_S30,Suni Lee,30,1,2,7.0
Suni Lee_S30,Suni Lee,30,1,3,7.0
Suni Lee_S30,Suni Lee,30,1,4,7.0
Suni Lee_S30,Suni Lee,30,2,1,7.0
Suni Lee_S30,Suni Lee,30,2,2,7.0
Suni Lee_S30,Suni Lee,30,2,3,7.0
Suni Lee_S30,Suni Lee,30,2,4,7.0
Suni Lee_S30,Suni Lee,30,3,1,7.0
Suni Lee_S30,Suni Lee,30,3,2,7.0
Suni Lee_S30,Suni Lee,30,3,3,7.0
Suni Lee_S30,Suni Lee,30,4,1,8.5
Suni Lee_S30,Suni Lee,30,4,2,8.0
Suni Lee_S30,Suni Lee,30,4,3,9.0
Suni Lee_S30,Suni Lee,30,4,4,8.5
Suni Lee_S30,Suni Lee,30,5,1,9.0
Suni Lee_S30,Suni Lee,30,5,2,9.0
Suni Lee_S30,Suni Lee,30,5,3,9.0
Suni Lee_S30,Suni Lee,30,5,4,9.0
Suni Lee_S30,Suni Lee,30,6,1,9.0
Suni Lee_S30,Suni Lee,30,6,2,9.0
Suni Lee_S30,Suni Lee,30,6,3,9.0
Suni Lee_S30,Suni Lee,30,6,4,9.0
Suni Lee_S30,Suni Lee,30,7,1,8.25
Suni Lee_S30,Suni Lee,30,7,2,8.25
Suni Lee_S30,Suni Lee,30,7,3,8.25
Suni Lee_S30,Suni Lee,30,7,4,9.25
Suni Lee_S30,Suni Lee,30,8,1,10.5
Suni Lee_S30,Suni Lee,30,8,2,10.5
Suni Lee_S30,Suni Lee,30,8,3,10.5
Suni Lee_S30,Suni Lee,30,8,4,10.5
Suni Lee_S30,Suni Lee,30,9,1,10.0
Suni Lee_S30,Suni Lee,30,9,2,9.0
Suni Lee_S30,Suni Lee,30,9,3,9.5
Suni Lee_S30,Suni Lee,30,9,4,9.0
Suni Lee_S30,Suni Lee,30,10,1,0.0
Suni Lee_S30,Suni Lee,30,10,2,0.0
Suni Lee_S30,Suni Lee,30,10,3,0.0
Suni Lee_S30,Suni Lee,30,10,4,0.0
Iman Shumpert_S30,Iman Shumpert,30,1,1,7.0
Iman Shumpert_S30,Iman Shumpert,30,1,2,4.0
Iman Shumpert_S30,Iman Shumpert,30,1,3,5.0
Iman Shumpert_S30,Iman Shumpert,30,1,4,5.0
Iman Shumpert_S30,Iman Shumpert,30,2,1,7.0
Iman Shumpert_S30,Iman Shumpert,30,2,2,6.0
Iman Shumpert_S30,Iman Shumpert,30,2,3,6.0
Iman Shumpert_S30,Iman Shumpert,30,2,4,6.0
Iman Shumpert_S30,Iman Shumpert,30,3,1,7.0
Iman Shumpert_S30,Iman Shumpert,30,3,2,6.0
Iman Shumpert_S30,Iman Shumpert,30,3,3,6.0
Iman Shumpert_S30,Iman Shumpert,30,4,1,8.5
Iman Shumpert_S30,Iman Shumpert,30,4,2,6.5
Iman Shumpert_S30,Iman Shumpert,30,4,3,8.5
Iman Shumpert_S30,Iman Shumpert,30,4,4,8.0
Iman Shumpert_S30,Iman Shumpert,30,5,1,7.0
Iman Shumpert_S30,Iman Shumpert,30,5,2,7.0
Iman Shumpert_S30,Iman Shumpert,30,5,3,7.0
Iman Shumpert_S30,Iman Shumpert,30,5,4,7.0
Iman Shumpert_S30,Iman Shumpert,30,6,1,10.0
Iman Shumpert_S30,Iman Shumpert,30,6,2,10.0
Iman Shumpert_S30,Iman Shumpert,30,6,3,10.0
Iman Shumpert_S30,Iman Shumpert,30,6,4,10.0
Iman Shumpert_S30,Iman Shumpert,30,7,1,9.5
Iman Shumpert_S30,Iman Shumpert,30,7,2,7.5
Iman Shumpert_S30,Iman Shumpert,30,7,3,8.5
Iman Shumpert_S30,Iman Shumpert,30,7,4,8.5
Iman Shumpert_S30,Iman Shumpert,30,8,1,9.0
Iman Shumpert_S30,Iman Shumpert,30,8,2,8.0
Iman Shumpert_S30,Iman Shumpert,30,8,3,9.0
Iman Shumpert_S30,Iman Shumpert,30,8,4,9.0
Iman Shumpert_S30,Iman Shumpert,30,9,1,9.5
Iman Shumpert_S30,Iman Shumpert,30,9,2,9.0
Iman Shumpert_S30,Iman Shumpert,30,9,3,10.0
Iman Shumpert_S30,Iman Shumpert,30,9,4,9.0
Iman Shumpert_S30,Iman Shumpert,30,10,1,10.0
Iman Shumpert_S30,Iman Shumpert,30,10,2,10.0
Iman Shumpert_S30,Iman Shumpert,30,10,3,10.0
Iman Shumpert_S30,Iman Shumpert,30,10,4,10.0
Cody Rigsby_S30,Cody Rigsby,30,1,1,6.0
Cody Rigsby_S30,Cody Rigsby,30,1,2,6.0
Cody Rigsby_S30,Cody Rigsby,30,1,3,6.0
Cody Rigsby_S30,Cody Rigsby,30,1,4,6.0
Cody Rigsby_S30,Cody Rigsby,30,2,1,6.0
Cody Rigsby_S30,Cody Rigsby,30,2,2,6.0
Cody Rigsby_S30,Cody Rigsby,30,2,3,6.0
Cody Rigsby_S30,Cody Rigsby,30,2,4,6.0
Cody Rigsby_S30,Cody Rigsby,30,3,1,6.0
Cody Rigsby_S30,Cody Rigsby,30,3,2,6.0
Cody Rigsby_S30,Cody Rigsby,30,3,3,6.0
Cody Rigsby_S30,Cody Rigsby,30,4,1,7.5
Cody Rigsby_S30,Cody Rigsby,30,4,2,6.5
Cody Rigsby_S30,Cody Rigsby,30,4,3,7.5
Cody Rigsby_S30,Cody Rigsby,30,4,4,7.5
Cody Rigsby_S30,Cody Rigsby,30,5,1,8.0
Cody Rigsby_S30,Cody Rigsby,30,5,2,8.0
Cody Rigsby_S30,Cody Rigsby,30,5,3,8.0
Cody Rigsby_S30,Cody Rigsby,30,5,4,8.0
Cody Rigsby_S30,Cody Rigsby,30,6,1,9.0
Cody Rigsby_S30,Cody Rigsby,30,6,2,9.0
Cody Rigsby_S30,Cody Rigsby,30,6,3,9.0
Cody Rigsby_S30,Cody Rigsby,30,6,4,9.0
Cody Rigsby_S30,Cody Rigsby,30,7,1,8.5
Cody Rigsby_S30,Cody Rigsby,30,7,2,8.5
Cody Rigsby_S30,Cody Rigsby,30,7,3,9.5
Cody Rigsby_S30,Cody Rigsby,30,7,4,9.5
Cody Rigsby_S30,Cody Rigsby,30,8,1,10.0
Cody Rigsby_S30,Cody Rigsby,30,8,2,10.0
Cody Rigsby_S30,Cody Rigsby,30,8,3,9.0
Cody Rigsby_S30,Cody Rigsby,30,8,4,9.0
Cody Rigsby_S30,Cody Rigsby,30,9,1,9.0
Cody Rigsby_S30,Cody Rigsby,30,9,2,9.0
Cody Rigsby_S30,Cody Rigsby,30,9,3,8.5
Cody Rigsby_S30,Cody Rigsby,30,9,4,9.0
Cody Rigsby_S30,Cody Rigsby,30,10,1,9.5
Cody Rigsby_S30,Cody Rigsby,30,10,2,9.5
Cody Rigsby_S30,Cody Rigsby,30,10,3,9.5
Cody Rigsby_S30,Cody Rigsby,30,10,4,9.5
Melanie C_S30,Melanie C,30,1,1,7.0
Melanie C_S30,Melanie C,30,1,2,7.0
Melanie C_S30,Melanie C,30,1,3,6.0
Melanie C_S30,Melanie C,30,1,4,7.0
Melanie C_S30,Melanie C,30,2,1,7.0
Melanie C_S30,Melanie C,30,2,2,7.0
Melanie C_S30,Melanie C,30,2,3,8.0
Melanie C_S30,Melanie C,30,2,4,8.0
Melanie C_S30,Melanie C,30,3,1,7.0
Melanie C_S30,Melanie C,30,3,2,7.0
Melanie C_S30,Melanie C,30,3,3,8.0
Melanie C_S30,Melanie C,30,4,1,8.0
Melanie C_S30,Melanie C,30,4,2,8.0
Melanie C_S30,Melanie C,30,4,3,8.5
Melanie C_S30,Melanie C,30,4,4,8.5
Melanie C_S30,Melanie C,30,5,1,9.0
Melanie C_S30,Melanie C,30,5,2,9.0
Melanie C_S30,Melanie C,30,5,3,9.0
Melanie C_S30,Melanie C,30,5,4,9.0
Melanie C_S30,Melanie C,30,6,1,0.0
Melanie C_S30,Melanie C,30,6,2,0.0
Melanie C_S30,Melanie C,30,6,3,0.0
Melanie C_S30,Melanie C,30,6,4,0.0
Melanie C_S30,Melanie C,30,7,1,0.0
Melanie C_S30,Melanie C,30,7,2,0.0
Melanie C_S30,Melanie C,30,7,3,0.0
Melanie C_S30,Melanie C,30,7,4,0.0
Melanie C_S30,Melanie C,30,8,1,0.0
Melanie C_S30,Melanie C,30,8,2,0.0
Melanie C_S30,Melanie C,30,8,3,0.0
Melanie C_S30,Melanie C,30,8,4,0.0
Melanie C_S30,Melanie C,30,9,1,0.0
Melanie C_S30,Melanie C,30,9,2,0.0
Melanie C_S30,Melanie C,30,9,3,0.0
Melanie C_S30,Melanie C,30,9,4,0.0
Melanie C_S30,Melanie C,30,10,1,0.0
Melanie C_S30,Melanie C,30,10,2,0.0
Melanie C_S30,Melanie C,30,10,3,0.0
Melanie C_S30,Melanie C,30,10,4,0.0
Jimmie Allen_S30,Jimmie Allen,30,1,1,6.0
Jimmie Allen_S30,Jimmie Allen,30,1,2,5.0
Jimmie Allen_S30,Jimmie Allen,30,1,3,6.0
Jimmie Allen_S30,Jimmie Allen,30,1,4,5.0
Jimmie Allen_S30,Jimmie Allen,30,2,1,7.0
Jimmie Allen_S30,Jimmie Allen,30,2,2,6.0
Jimmie Allen_S30,Jimmie Allen,30,2,3,7.0
Jimmie Allen_S30,Jimmie Allen,30,2,4,7.0
Jimmie Allen_S30,Jimmie Allen,30,3,1,6.0
Jimmie Allen_S30,Jimmie Allen,30,3,2,6.0
Jimmie Allen_S30,Jimmie Allen,30,3,3,8.0
Jimmie Allen_S30,Jimmie Allen,30,4,1,8.5
Jimmie Allen_S30,Jimmie Allen,30,4,2,7.5
Jimmie Allen_S30,Jimmie Allen,30,4,3,8.5
Jimmie Allen_S30,Jimmie Allen,30,4,4,8.0
Jimmie Allen_S30,Jimmie Allen,30,5,1,8.0
Jimmie Allen_S30,Jimmie Allen,30,5,2,8.0
Jimmie Allen_S30,Jimmie Allen,30,5,3,9.0
Jimmie Allen_S30,Jimmie Allen,30,5,4,9.0
Jimmie Allen_S30,Jimmie Allen,30,6,1,10.0
Jimmie Allen_S30,Jimmie Allen,30,6,2,9.0
Jimmie Allen_S30,Jimmie Allen,30,6,3,10.0
Jimmie Allen_S30,Jimmie Allen,30,6,4,9.0
Jimmie Allen_S30,Jimmie Allen,30,7,1,9.0
Jimmie Allen_S30,Jimmie Allen,30,7,2,9.0
Jimmie Allen_S30,Jimmie Allen,30,7,3,10.0
Jimmie Allen_S30,Jimmie Allen,30,7,4,10.0
Jimmie Allen_S30,Jimmie Allen,30,8,1,8.0
Jimmie Allen_S30,Jimmie Allen,30,8,2,8.0
Jimmie Allen_S30,Jimmie Allen,30,8,3,8.0
Jimmie Allen_S30,Jimmie Allen,30,8,4,8.0
Jimmie Allen_S30,Jimmie Allen,30,9,1,0.0
Jimmie Allen_S30,Jimmie Allen,30,9,2,0.0
Jimmie Allen_S30,Jimmie Allen,30,9,3,0.0
Jimmie Allen_S30,Jimmie Allen,30,9,4,0.0
Jimmie Allen_S30,Jimmie Allen,30,10,1,0.0
Jimmie Allen_S30,Jimmie Allen,30,10,2,0.0
Jimmie Allen_S30,Jimmie Allen,30,10,3,0.0
Jimmie Allen_S30,Jimmie Allen,30,10,4,0.0
Olivia Jade_S30,Olivia Jade,30,1,1,7.0
Olivia Jade_S30,Olivia Jade,30,1,2,6.0
Olivia Jade_S30,Olivia Jade,30,1,3,6.0
Olivia Jade_S30,Olivia Jade,30,1,4,6.0
Olivia Jade_S30,Olivia Jade,30,2,1,7.0
Olivia Jade_S30,Olivia Jade,30,2,2,6.0
Olivia Jade_S30,Olivia Jade,30,2,3,7.0
Olivia Jade_S30,Olivia Jade,30,2,4,7.0
Olivia Jade_S30,Olivia Jade,30,3,1,8.0
Olivia Jade_S30,Olivia Jade,30,3,2,8.0
Olivia Jade_S30,Olivia Jade,30,3,3,8.0
Olivia Jade_S30,Olivia Jade,30,4,1,8.0
Olivia Jade_S30,Olivia Jade,30,4,2,9.0
Olivia Jade_S30,Olivia Jade,30,4,3,9.0
Olivia Jade_S30,Olivia Jade,30,4,4,9.0
Olivia Jade_S30,Olivia Jade,30,5,1,9.0
Olivia Jade_S30,Olivia Jade,30,5,2,9.0
Olivia Jade_S30,Olivia Jade,30,5,3,9.0
Olivia Jade_S30,Olivia Jade,30,5,4,9.0
Olivia Jade_S30,Olivia Jade,30,6,1,9.0
Olivia Jade_S30,Olivia Jade,30,6,2,9.0
Olivia Jade_S30,Olivia Jade,30,6,3,9.0
Olivia Jade_S30,Olivia Jade,30,6,4,9.0
Olivia Jade_S30,Olivia Jade,30,7,1,11.0
Olivia Jade_S30,Olivia Jade,30,7,2,9.0
Olivia Jade_S30,Olivia Jade,30,7,3,11.0
Olivia Jade_S30,Olivia Jade,30,7,4,11.0
Olivia Jade_S30,Olivia Jade,30,8,1,9.0
Olivia Jade_S30,Olivia Jade,30,8,2,9.0
Olivia Jade_S30,Olivia Jade,30,8,3,9.0
Olivia Jade_S30,Olivia Jade,30,8,4,9.0
Olivia Jade_S30,Olivia Jade,30,9,1,0.0
Olivia Jade_S30,Olivia Jade,30,9,2,0.0
Olivia Jade_S30,Olivia Jade,30,9,3,0.0
Olivia Jade_S30,Olivia Jade,30,9,4,0.0
Olivia Jade_S30,Olivia Jade,30,10,1,0.0
Olivia Jade_S30,Olivia Jade,30,10,2,0.0
Olivia Jade_S30,Olivia Jade,30,10,3,0.0
Olivia Jade_S30,Olivia Jade,30,10,4,0.0
JoJo Siwa_S30,JoJo Siwa,30,1,1,8.0
JoJo Siwa_S30,JoJo Siwa,30,1,2,7.0
JoJo Siwa_S30,JoJo Siwa,30,1,3,7.0
JoJo Siwa_S30,JoJo Siwa,30,1,4,7.0
JoJo Siwa_S30,JoJo Siwa,30,2,1,8.0
JoJo Siwa_S30,JoJo Siwa,30,2,2,8.0
JoJo Siwa_S30,JoJo Siwa,30,2,3,7.0
JoJo Siwa_S30,JoJo Siwa,30,2,4,8.0
JoJo Siwa_S30,JoJo Siwa,30,3,1,8.0
JoJo Siwa_S30,JoJo Siwa,30,3,2,8.0
JoJo Siwa_S30,JoJo Siwa,30,3,3,8.0
JoJo Siwa_S30,JoJo Siwa,30,4,1,8.5
JoJo Siwa_S30,JoJo Siwa,30,4,2,8.5
JoJo Siwa_S30,JoJo Siwa,30,4,3,9.0
JoJo Siwa_S30,JoJo Siwa,30,4,4,9.0
JoJo Siwa_S30,JoJo Siwa,30,5,1,10.0
JoJo Siwa_S30,JoJo Siwa,30,5,2,10.0
JoJo Siwa_S30,JoJo Siwa,30,5,3,10.0
JoJo Siwa_S30,JoJo Siwa,30,5,4,10.0
JoJo Siwa_S30,JoJo Siwa,30,6,1,10.0
JoJo Siwa_S30,JoJo Siwa,30,6,2,10.0
JoJo Siwa_S30,JoJo Siwa,30,6,3,10.0
JoJo Siwa_S30,JoJo Siwa,30,6,4,10.0
JoJo Siwa_S30,JoJo Siwa,30,7,1,10.0
JoJo Siwa_S30,JoJo Siwa,30,7,2,9.0
JoJo Siwa_S30,JoJo Siwa,30,7,3,10.0
JoJo Siwa_S30,JoJo Siwa,30,7,4,10.0
JoJo Siwa_S30,JoJo Siwa,30,8,1,10.5
JoJo Siwa_S30,JoJo Siwa,30,8,2,9.5
JoJo Siwa_S30,JoJo Siwa,30,8,3,10.5
JoJo Siwa_S30,JoJo Siwa,30,8,4,10.5
JoJo Siwa_S30,JoJo Siwa,30,9,1,10.0
JoJo Siwa_S30,JoJo Siwa,30,9,2,10.0
JoJo Siwa_S30,JoJo Siwa,30,9,3,10.0
JoJo Siwa_S30,JoJo Siwa,30,9,4,10.0
JoJo Siwa_S30,JoJo Siwa,30,10,1,10.0
JoJo Siwa_S30,JoJo Siwa,30,10,2,10.0
JoJo Siwa_S30,JoJo Siwa,30,10,3,10.0
JoJo Siwa_S30,JoJo Siwa,30,10,4,10.0
Christine Chiu_S30,Christine Chiu,30,1,1,6.0
Christine Chiu_S30,Christine Chiu,30,1,2,7.0
Christine Chiu_S30,Christine Chiu,30,1,3,6.0
Christine Chiu_S30,Christine Chiu,30,1,4,6.0
Christine Chiu_S30,Christine Chiu,30,2,1,6.0
Christine Chiu_S30,Christine Chiu,30,2,2,6.0
Christine Chiu_S30,Christine Chiu,30,2,3,6.0
Christine Chiu_S30,Christine Chiu,30,2,4,6.0
Christine Chiu_S30,Christine Chiu,30,3,1,7.0
Christine Chiu_S30,Christine Chiu,30,3,2,7.0
Christine Chiu_S30,Christine Chiu,30,3,3,7.0
Christine Chiu_S30,Christine Chiu,30,4,1,0.0
Christine Chiu_S30,Christine Chiu,30,4,2,0.0
Christine Chiu_S30,Christine Chiu,30,4,3,0.0
Christine Chiu_S30,Christine Chiu,30,4,4,0.0
Christine Chiu_S30,Christine Chiu,30,5,1,0.0
Christine Chiu_S30,Christine Chiu,30,5,2,0.0
Christine Chiu_S30,Christine Chiu,30,5,3,0.0
Christine Chiu_S30,Christine Chiu,30,5,4,0.0
Christine Chiu_S30,Christine Chiu,30,6,1,0.0
Christine Chiu_S30,Christine Chiu,30,6,2,0.0
Christine Chiu_S30,Christine Chiu,30,6,3,0.0
Christine Chiu_S30,Christine Chiu,30,6,4,0.0
Christine Chiu_S30,Christine Chiu,30,7,1,0.0
Christine Chiu_S30,Christine Chiu,30,7,2,0.0
Christine Chiu_S30,Christine Chiu,30,7,3,0.0
Christine Chiu_S30,Christine Chiu,30,7,4,0.0
Christine Chiu_S30,Christine Chiu,30,8,1,0.0
Christine Chiu_S30,Christine Chiu,30,8,2,0.0
Christine Chiu_S30,Christine Chiu,30,8,3,0.0
Christine Chiu_S30,Christine Chiu,30,8,4,0.0
Christine Chiu_S30,Christine Chiu,30,9,1,0.0
Christine Chiu_S30,Christine Chiu,30,9,2,0.0
Christine Chiu_S30,Christine Chiu,30,9,3,0.0
Christine Chiu_S30,Christine Chiu,30,9,4,0.0
Christine Chiu_S30,Christine Chiu,30,10,1,0.0
Christine Chiu_S30,Christine Chiu,30,10,2,0.0
Christine Chiu_S30,Christine Chiu,30,10,3,0.0
Christine Chiu_S30,Christine Chiu,30,10,4,0.0
Kenya Moore_S30,Kenya Moore,30,1,1,7.0
Kenya Moore_S30,Kenya Moore,30,1,2,6.0
Kenya Moore_S30,Kenya Moore,30,1,3,6.0
Kenya Moore_S30,Kenya Moore,30,1,4,7.0
Kenya Moore_S30,Kenya Moore,30,2,1,6.0
Kenya Moore_S30,Kenya Moore,30,2,2,6.0
Kenya Moore_S30,Kenya Moore,30,2,3,6.0
Kenya Moore_S30,Kenya Moore,30,2,4,6.0
Kenya Moore_S30,Kenya Moore,30,3,1,7.0
Kenya Moore_S30,Kenya Moore,30,3,2,7.0
Kenya Moore_S30,Kenya Moore,30,3,3,7.0
Kenya Moore_S30,Kenya Moore,30,4,1,7.0
Kenya Moore_S30,Kenya Moore,30,4,2,7.0
Kenya Moore_S30,Kenya Moore,30,4,3,8.0
Kenya Moore_S30,Kenya Moore,30,4,4,7.5
Kenya Moore_S30,Kenya Moore,30,5,1,9.0
Kenya Moore_S30,Kenya Moore,30,5,2,9.0
Kenya Moore_S30,Kenya Moore,30,5,3,9.0
Kenya Moore_S30,Kenya Moore,30,5,4,9.0
Kenya Moore_S30,Kenya Moore,30,6,1,8.0
Kenya Moore_S30,Kenya Moore,30,6,2,8.0
Kenya Moore_S30,Kenya Moore,30,6,3,8.0
Kenya Moore_S30,Kenya Moore,30,6,4,8.0
Kenya Moore_S30,Kenya Moore,30,7,1,0.0
Kenya Moore_S30,Kenya Moore,30,7,2,0.0
Kenya Moore_S30,Kenya Moore,30,7,3,0.0
Kenya Moore_S30,Kenya Moore,30,7,4,0.0
Kenya Moore_S30,Kenya Moore,30,8,1,0.0
Kenya Moore_S30,Kenya Moore,30,8,2,0.0
Kenya Moore_S30,Kenya Moore,30,8,3,0.0
Kenya Moore_S30,Kenya Moore,30,8,4,0.0
Kenya Moore_S30,Kenya Moore,30,9,1,0.0
Kenya Moore_S30,Kenya Moore,30,9,2,0.0
Kenya Moore_S30,Kenya Moore,30,9,3,0.0
Kenya Moore_S30,Kenya Moore,30,9,4,0.0
Kenya Moore_S30,Kenya Moore,30,10,1,0.0
Kenya Moore_S30,Kenya Moore,30,10,2,0.0
Kenya Moore_S30,Kenya Moore,30,10,3,0.0
Kenya Moore_S30,Kenya Moore,30,10,4,0.0
Amanda Kloots_S30,Amanda Kloots,30,1,1,7.0
Amanda Kloots_S30,Amanda Kloots,30,1,2,7.0
Amanda Kloots_S30,Amanda Kloots,30,1,3,7.0
Amanda Kloots_S30,Amanda Kloots,30,1,4,7.0
Amanda Kloots_S30,Amanda Kloots,30,2,1,8.0
Amanda Kloots_S30,Amanda Kloots,30,2,2,8.0
Amanda Kloots_S30,Amanda Kloots,30,2,3,8.0
Amanda Kloots_S30,Amanda Kloots,30,2,4,8.0
Amanda Kloots_S30,Amanda Kloots,30,3,1,8.0
Amanda Kloots_S30,Amanda Kloots,30,3,2,8.0
Amanda Kloots_S30,Amanda Kloots,30,3,3,8.0
Amanda Kloots_S30,Amanda Kloots,30,4,1,8.5
Amanda Kloots_S30,Amanda Kloots,30,4,2,8.5
Amanda Kloots_S30,Amanda Kloots,30,4,3,8.5
Amanda Kloots_S30,Amanda Kloots,30,4,4,8.5
Amanda Kloots_S30,Amanda Kloots,30,5,1,10.0
Amanda Kloots_S30,Amanda Kloots,30,5,2,10.0
Amanda Kloots_S30,Amanda Kloots,30,5,3,9.0
Amanda Kloots_S30,Amanda Kloots,30,5,4,10.0
Amanda Kloots_S30,Amanda Kloots,30,6,1,9.0
Amanda Kloots_S30,Amanda Kloots,30,6,2,9.0
Amanda Kloots_S30,Amanda Kloots,30,6,3,10.0
Amanda Kloots_S30,Amanda Kloots,30,6,4,10.0
Amanda Kloots_S30,Amanda Kloots,30,7,1,8.25
Amanda Kloots_S30,Amanda Kloots,30,7,2,8.25
Amanda Kloots_S30,Amanda Kloots,30,7,3,8.25
Amanda Kloots_S30,Amanda Kloots,30,7,4,9.25
Amanda Kloots_S30,Amanda Kloots,30,8,1,10.5
Amanda Kloots_S30,Amanda Kloots,30,8,2,10.5
Amanda Kloots_S30,Amanda Kloots,30,8,3,10.5
Amanda Kloots_S30,Amanda Kloots,30,8,4,10.5
Amanda Kloots_S30,Amanda Kloots,30,9,1,9.5
Amanda Kloots_S30,Amanda Kloots,30,9,2,10.0
Amanda Kloots_S30,Amanda Kloots,30,9,3,10.0
Amanda Kloots_S30,Amanda Kloots,30,9,4,10.0
Amanda Kloots_S30,Amanda Kloots,30,10,1,9.5
Amanda Kloots_S30,Amanda Kloots,30,10,2,10.0
Amanda Kloots_S30,Amanda Kloots,30,10,3,9.5
Amanda Kloots_S30,Amanda Kloots,30,10,4,10.0
Jason Lewis_S31,Jason Lewis,31,1,1,5.0
Jason Lewis_S31,Jason Lewis,31,1,2,4.0
Jason Lewis_S31,Jason Lewis,31,1,3,4.0
Jason Lewis_S31,Jason Lewis,31,1,4,5.0
Jason Lewis_S31,Jason Lewis,31,2,1,0.0
Jason Lewis_S31,Jason Lewis,31,2,2,0.0
Jason Lewis_S31,Jason Lewis,31,2,3,0.0
Jason Lewis_S31,Jason Lewis,31,2,4,0.0
Jason Lewis_S31,Jason Lewis,31,3,1,0.0
Jason Lewis_S31,Jason Lewis,31,3,2,0.0
Jason Lewis_S31,Jason Lewis,31,3,3,0.0
Jason Lewis_S31,Jason Lewis,31,3,4,0.0
Jason Lewis_S31,Jason Lewis,31,4,1,0.0
Jason Lewis_S31,Jason Lewis,31,4,2,0.0
Jason Lewis_S31,Jason Lewis,31,4,3,0.0
Jason Lewis_S31,Jason Lewis,31,4,4,0.0
Jason Lewis_S31,Jason Lewis,31,5,1,0.0
Jason Lewis_S31,Jason Lewis,31,5,2,0.0
Jason Lewis_S31,Jason Lewis,31,5,3,0.0
Jason Lewis_S31,Jason Lewis,31,5,4,0.0
Jason Lewis_S31,Jason Lewis,31,6,1,0.0
Jason Lewis_S31,Jason Lewis,31,6,2,0.0
Jason Lewis_S31,Jason Lewis,31,6,3,0.0
Jason Lewis_S31,Jason Lewis,31,6,4,0.0
Jason Lewis_S31,Jason Lewis,31,7,1,0.0
Jason Lewis_S31,Jason Lewis,31,7,2,0.0
Jason Lewis_S31,Jason Lewis,31,7,3,0.0
Jason Lewis_S31,Jason Lewis,31,7,4,0.0
Jason Lewis_S31,Jason Lewis,31,8,1,0.0
Jason Lewis_S31,Jason Lewis,31,8,2,0.0
Jason Lewis_S31,Jason Lewis,31,8,3,0.0
Jason Lewis_S31,Jason Lewis,31,8,4,0.0
Jason Lewis_S31,Jason Lewis,31,9,1,0.0
Jason Lewis_S31,Jason Lewis,31,9,2,0.0
Jason Lewis_S31,Jason Lewis,31,9,3,0.0
Jason Lewis_S31,Jason Lewis,31,9,4,0.0
Jason Lewis_S31,Jason Lewis,31,10,1,0.0
Jason Lewis_S31,Jason Lewis,31,10,2,0.0
Jason Lewis_S31,Jason Lewis,31,10,3,0.0
Jason Lewis_S31,Jason Lewis,31,10,4,0.0
Cheryl Ladd_S31,Cheryl Ladd,31,1,1,6.0
Cheryl Ladd_S31,Cheryl Ladd,31,1,2,5.0
Cheryl Ladd_S31,Cheryl Ladd,31,1,3,5.0
Cheryl Ladd_S31,Cheryl Ladd,31,1,4,5.0
Cheryl Ladd_S31,Cheryl Ladd,31,2,1,5.0
Cheryl Ladd_S31,Cheryl Ladd,31,2,2,6.0
Cheryl Ladd_S31,Cheryl Ladd,31,2,3,5.0
Cheryl Ladd_S31,Cheryl Ladd,31,2,4,5.0
Cheryl Ladd_S31,Cheryl Ladd,31,3,1,6.0
Cheryl Ladd_S31,Cheryl Ladd,31,3,2,6.0
Cheryl Ladd_S31,Cheryl Ladd,31,3,3,6.0
Cheryl Ladd_S31,Cheryl Ladd,31,3,4,6.0
Cheryl Ladd_S31,Cheryl Ladd,31,4,1,0.0
Cheryl Ladd_S31,Cheryl Ladd,31,4,2,0.0
Cheryl Ladd_S31,Cheryl Ladd,31,4,3,0.0
Cheryl Ladd_S31,Cheryl Ladd,31,4,4,0.0
Cheryl Ladd_S31,Cheryl Ladd,31,5,1,0.0
Cheryl Ladd_S31,Cheryl Ladd,31,5,2,0.0
Cheryl Ladd_S31,Cheryl Ladd,31,5,3,0.0
Cheryl Ladd_S31,Cheryl Ladd,31,5,4,0.0
Cheryl Ladd_S31,Cheryl Ladd,31,6,1,0.0
Cheryl Ladd_S31,Cheryl Ladd,31,6,2,0.0
Cheryl Ladd_S31,Cheryl Ladd,31,6,3,0.0
Cheryl Ladd_S31,Cheryl Ladd,31,6,4,0.0
Cheryl Ladd_S31,Cheryl Ladd,31,7,1,0.0
Cheryl Ladd_S31,Cheryl Ladd,31,7,2,0.0
Cheryl Ladd_S31,Cheryl Ladd,31,7,3,0.0
Cheryl Ladd_S31,Cheryl Ladd,31,7,4,0.0
Cheryl Ladd_S31,Cheryl Ladd,31,8,1,0.0
Cheryl Ladd_S31,Cheryl Ladd,31,8,2,0.0
Cheryl Ladd_S31,Cheryl Ladd,31,8,3,0.0
Cheryl Ladd_S31,Cheryl Ladd,31,8,4,0.0
Cheryl Ladd_S31,Cheryl Ladd,31,9,1,0.0
Cheryl Ladd_S31,Cheryl Ladd,31,9,2,0.0
Cheryl Ladd_S31,Cheryl Ladd,31,9,3,0.0
Cheryl Ladd_S31,Cheryl Ladd,31,9,4,0.0
Cheryl Ladd_S31,Cheryl Ladd,31,10,1,0.0
Cheryl Ladd_S31,Cheryl Ladd,31,10,2,0.0
Cheryl Ladd_S31,Cheryl Ladd,31,10,3,0.0
Cheryl Ladd_S31,Cheryl Ladd,31,10,4,0.0
Selma Blair_S31,Selma Blair,31,1,1,7.0
Selma Blair_S31,Selma Blair,31,1,2,7.0
Selma Blair_S31,Selma Blair,31,1,3,7.0
Selma Blair_S31,Selma Blair,31,1,4,7.0
Selma Blair_S31,Selma Blair,31,2,1,7.0
Selma Blair_S31,Selma Blair,31,2,2,7.0
Selma Blair_S31,Selma Blair,31,2,3,7.0
Selma Blair_S31,Selma Blair,31,2,4,7.0
Selma Blair_S31,Selma Blair,31,3,1,7.0
Selma Blair_S31,Selma Blair,31,3,2,7.0
Selma Blair_S31,Selma Blair,31,3,3,7.0
Selma Blair_S31,Selma Blair,31,3,4,7.0
Selma Blair_S31,Selma Blair,31,4,1,8.0
Selma Blair_S31,Selma Blair,31,4,2,8.0
Selma Blair_S31,Selma Blair,31,4,3,8.0
Selma Blair_S31,Selma Blair,31,4,4,8.0
Selma Blair_S31,Selma Blair,31,5,1,10.0
Selma Blair_S31,Selma Blair,31,5,2,10.0
Selma Blair_S31,Selma Blair,31,5,3,10.0
Selma Blair_S31,Selma Blair,31,5,4,10.0
Selma Blair_S31,Selma Blair,31,6,1,0.0
Selma Blair_S31,Selma Blair,31,6,2,0.0
Selma Blair_S31,Selma Blair,31,6,3,0.0
Selma Blair_S31,Selma Blair,31,6,4,0.0
Selma Blair_S31,Selma Blair,31,7,1,0.0
Selma Blair_S31,Selma Blair,31,7,2,0.0
Selma Blair_S31,Selma Blair,31,7,3,0.0
Selma Blair_S31,Selma Blair,31,7,4,0.0
Selma Blair_S31,Selma Blair,31,8,1,0.0
Selma Blair_S31,Selma Blair,31,8,2,0.0
Selma Blair_S31,Selma Blair,31,8,3,0.0
Selma Blair_S31,Selma Blair,31,8,4,0.0
Selma Blair_S31,Selma Blair,31,9,1,0.0
Selma Blair_S31,Selma Blair,31,9,2,0.0
Selma Blair_S31,Selma Blair,31,9,3,0.0
Selma Blair_S31,Selma Blair,31,9,4,0.0
Selma Blair_S31,Selma Blair,31,10,1,0.0
Selma Blair_S31,Selma Blair,31,10,2,0.0
Selma Blair_S31,Selma Blair,31,10,3,0.0
Selma Blair_S31,Selma Blair,31,10,4,0.0
Joseph Baena_S31,Joseph Baena,31,1,1,6.0
Joseph Baena_S31,Joseph Baena,31,1,2,5.0
Joseph Baena_S31,Joseph Baena,31,1,3,6.0
Joseph Baena_S31,Joseph Baena,31,1,4,6.0
Joseph Baena_S31,Joseph Baena,31,2,1,6.0
Joseph Baena_S31,Joseph Baena,31,2,2,6.0
Joseph Baena_S31,Joseph Baena,31,2,3,6.0
Joseph Baena_S31,Joseph Baena,31,2,4,6.0
Joseph Baena_S31,Joseph Baena,31,3,1,8.0
Joseph Baena_S31,Joseph Baena,31,3,2,7.0
Joseph Baena_S31,Joseph Baena,31,3,3,7.0
Joseph Baena_S31,Joseph Baena,31,3,4,7.0
Joseph Baena_S31,Joseph Baena,31,4,1,7.0
Joseph Baena_S31,Joseph Baena,31,4,2,7.0
Joseph Baena_S31,Joseph Baena,31,4,3,7.0
Joseph Baena_S31,Joseph Baena,31,4,4,7.0
Joseph Baena_S31,Joseph Baena,31,5,1,9.0
Joseph Baena_S31,Joseph Baena,31,5,2,8.5
Joseph Baena_S31,Joseph Baena,31,5,3,9.0
Joseph Baena_S31,Joseph Baena,31,5,4,8.5
Joseph Baena_S31,Joseph Baena,31,6,1,0.0
Joseph Baena_S31,Joseph Baena,31,6,2,0.0
Joseph Baena_S31,Joseph Baena,31,6,3,0.0
Joseph Baena_S31,Joseph Baena,31,6,4,0.0
Joseph Baena_S31,Joseph Baena,31,7,1,0.0
Joseph Baena_S31,Joseph Baena,31,7,2,0.0
Joseph Baena_S31,Joseph Baena,31,7,3,0.0
Joseph Baena_S31,Joseph Baena,31,7,4,0.0
Joseph Baena_S31,Joseph Baena,31,8,1,0.0
Joseph Baena_S31,Joseph Baena,31,8,2,0.0
Joseph Baena_S31,Joseph Baena,31,8,3,0.0
Joseph Baena_S31,Joseph Baena,31,8,4,0.0
Joseph Baena_S31,Joseph Baena,31,9,1,0.0
Joseph Baena_S31,Joseph Baena,31,9,2,0.0
Joseph Baena_S31,Joseph Baena,31,9,3,0.0
Joseph Baena_S31,Joseph Baena,31,9,4,0.0
Joseph Baena_S31,Joseph Baena,31,10,1,0.0
Joseph Baena_S31,Joseph Baena,31,10,2,0.0
Joseph Baena_S31,Joseph Baena,31,10,3,0.0
Joseph Baena_S31,Joseph Baena,31,10,4,0.0
Trevor Donovan_S31,Trevor Donovan,31,1,1,5.0
Trevor Donovan_S31,Trevor Donovan,31,1,2,5.0
Trevor Donovan_S31,Trevor Donovan,31,1,3,5.0
Trevor Donovan_S31,Trevor Donovan,31,1,4,6.0
Trevor Donovan_S31,Trevor Donovan,31,2,1,7.0
Trevor Donovan_S31,Trevor Donovan,31,2,2,7.0
Trevor Donovan_S31,Trevor Donovan,31,2,3,8.0
Trevor Donovan_S31,Trevor Donovan,31,2,4,8.0
Trevor Donovan_S31,Trevor Donovan,31,3,1,7.0
Trevor Donovan_S31,Trevor Donovan,31,3,2,6.0
Trevor Donovan_S31,Trevor Donovan,31,3,3,7.0
Trevor Donovan_S31,Trevor Donovan,31,3,4,7.0
Trevor Donovan_S31,Trevor Donovan,31,4,1,7.0
Trevor Donovan_S31,Trevor Donovan,31,4,2,7.0
Trevor Donovan_S31,Trevor Donovan,31,4,3,7.0
Trevor Donovan_S31,Trevor Donovan,31,4,4,7.0
Trevor Donovan_S31,Trevor Donovan,31,5,1,9.0
Trevor Donovan_S31,Trevor Donovan,31,5,2,9.0
Trevor Donovan_S31,Trevor Donovan,31,5,3,9.0
Trevor Donovan_S31,Trevor Donovan,31,5,4,9.0
Trevor Donovan_S31,Trevor Donovan,31,6,1,9.0
Trevor Donovan_S31,Trevor Donovan,31,6,2,8.0
Trevor Donovan_S31,Trevor Donovan,31,6,3,8.0
Trevor Donovan_S31,Trevor Donovan,31,6,4,9.0
Trevor Donovan_S31,Trevor Donovan,31,7,1,10.0
Trevor Donovan_S31,Trevor Donovan,31,7,2,9.0
Trevor Donovan_S31,Trevor Donovan,31,7,3,10.0
Trevor Donovan_S31,Trevor Donovan,31,7,4,10.0
Trevor Donovan_S31,Trevor Donovan,31,8,1,9.25
Trevor Donovan_S31,Trevor Donovan,31,8,2,10.25
Trevor Donovan_S31,Trevor Donovan,31,8,3,9.25
Trevor Donovan_S31,Trevor Donovan,31,8,4,10.25
Trevor Donovan_S31,Trevor Donovan,31,9,1,8.5
Trevor Donovan_S31,Trevor Donovan,31,9,2,8.0
Trevor Donovan_S31,Trevor Donovan,31,9,3,8.0
Trevor Donovan_S31,Trevor Donovan,31,9,4,8.0
Trevor Donovan_S31,Trevor Donovan,31,10,1,0.0
Trevor Donovan_S31,Trevor Donovan,31,10,2,0.0
Trevor Donovan_S31,Trevor Donovan,31,10,3,0.0
Trevor Donovan_S31,Trevor Donovan,31,10,4,0.0
Daniel Durant_S31,Daniel Durant,31,1,1,7.0
Daniel Durant_S31,Daniel Durant,31,1,2,6.0
Daniel Durant_S31,Daniel Durant,31,1,3,7.0
Daniel Durant_S31,Daniel Durant,31,1,4,7.0
Daniel Durant_S31,Daniel Durant,31,2,1,7.0
Daniel Durant_S31,Daniel Durant,31,2,2,7.0
Daniel Durant_S31,Daniel Durant,31,2,3,7.0
Daniel Durant_S31,Daniel Durant,31,2,4,8.0
Daniel Durant_S31,Daniel Durant,31,3,1,8.0
Daniel Durant_S31,Daniel Durant,31,3,2,7.0
Daniel Durant_S31,Daniel Durant,31,3,3,8.0
Daniel Durant_S31,Daniel Durant,31,3,4,8.0
Daniel Durant_S31,Daniel Durant,31,4,1,7.0
Daniel Durant_S31,Daniel Durant,31,4,2,7.0
Daniel Durant_S31,Daniel Durant,31,4,3,7.0
Daniel Durant_S31,Daniel Durant,31,4,4,8.0
Daniel Durant_S31,Daniel Durant,31,5,1,8.125
Daniel Durant_S31,Daniel Durant,31,5,2,8.125
Daniel Durant_S31,Daniel Durant,31,5,3,8.625
Daniel Durant_S31,Daniel Durant,31,5,4,8.625
Daniel Durant_S31,Daniel Durant,31,6,1,9.0
Daniel Durant_S31,Daniel Durant,31,6,2,8.0
Daniel Durant_S31,Daniel Durant,31,6,3,8.0
Daniel Durant_S31,Daniel Durant,31,6,4,9.0
Daniel Durant_S31,Daniel Durant,31,7,1,9.0
Daniel Durant_S31,Daniel Durant,31,7,2,8.5
Daniel Durant_S31,Daniel Durant,31,7,3,9.5
Daniel Durant_S31,Daniel Durant,31,7,4,9.5
Daniel Durant_S31,Daniel Durant,31,8,1,10.0
Daniel Durant_S31,Daniel Durant,31,8,2,9.0
Daniel Durant_S31,Daniel Durant,31,8,3,10.0
Daniel Durant_S31,Daniel Durant,31,8,4,10.0
Daniel Durant_S31,Daniel Durant,31,9,1,9.0
Daniel Durant_S31,Daniel Durant,31,9,2,8.0
Daniel Durant_S31,Daniel Durant,31,9,3,9.0
Daniel Durant_S31,Daniel Durant,31,9,4,8.5
Daniel Durant_S31,Daniel Durant,31,10,1,0.0
Daniel Durant_S31,Daniel Durant,31,10,2,0.0
Daniel Durant_S31,Daniel Durant,31,10,3,0.0
Daniel Durant_S31,Daniel Durant,31,10,4,0.0
Wayne Brady_S31,Wayne Brady,31,1,1,7.0
Wayne Brady_S31,Wayne Brady,31,1,2,7.0
Wayne Brady_S31,Wayne Brady,31,1,3,7.0
Wayne Brady_S31,Wayne Brady,31,1,4,8.0
Wayne Brady_S31,Wayne Brady,31,2,1,8.0
Wayne Brady_S31,Wayne Brady,31,2,2,8.0
Wayne Brady_S31,Wayne Brady,31,2,3,8.0
Wayne Brady_S31,Wayne Brady,31,2,4,8.0
Wayne Brady_S31,Wayne Brady,31,3,1,8.0
Wayne Brady_S31,Wayne Brady,31,3,2,8.0
Wayne Brady_S31,Wayne Brady,31,3,3,8.0
Wayne Brady_S31,Wayne Brady,31,3,4,9.0
Wayne Brady_S31,Wayne Brady,31,4,1,9.0
Wayne Brady_S31,Wayne Brady,31,4,2,9.0
Wayne Brady_S31,Wayne Brady,31,4,3,9.0
Wayne Brady_S31,Wayne Brady,31,4,4,9.0
Wayne Brady_S31,Wayne Brady,31,5,1,10.125
Wayne Brady_S31,Wayne Brady,31,5,2,10.125
Wayne Brady_S31,Wayne Brady,31,5,3,10.125
Wayne Brady_S31,Wayne Brady,31,5,4,10.625
Wayne Brady_S31,Wayne Brady,31,6,1,8.0
Wayne Brady_S31,Wayne Brady,31,6,2,9.0
Wayne Brady_S31,Wayne Brady,31,6,3,8.0
Wayne Brady_S31,Wayne Brady,31,6,4,9.0
Wayne Brady_S31,Wayne Brady,31,7,1,9.5
Wayne Brady_S31,Wayne Brady,31,7,2,9.0
Wayne Brady_S31,Wayne Brady,31,7,3,9.5
Wayne Brady_S31,Wayne Brady,31,7,4,10.0
Wayne Brady_S31,Wayne Brady,31,8,1,11.25
Wayne Brady_S31,Wayne Brady,31,8,2,11.25
Wayne Brady_S31,Wayne Brady,31,8,3,11.25
Wayne Brady_S31,Wayne Brady,31,8,4,11.25
Wayne Brady_S31,Wayne Brady,31,9,1,9.5
Wayne Brady_S31,Wayne Brady,31,9,2,9.0
Wayne Brady_S31,Wayne Brady,31,9,3,9.0
Wayne Brady_S31,Wayne Brady,31,9,4,9.0
Wayne Brady_S31,Wayne Brady,31,10,1,9.5
Wayne Brady_S31,Wayne Brady,31,10,2,9.5
Wayne Brady_S31,Wayne Brady,31,10,3,9.5
Wayne Brady_S31,Wayne Brady,31,10,4,9.5
Sam Champion_S31,Sam Champion,31,1,1,5.0
Sam Champion_S31,Sam Champion,31,1,2,5.0
Sam Champion_S31,Sam Champion,31,1,3,5.0
Sam Champion_S31,Sam Champion,31,1,4,5.0
Sam Champion_S31,Sam Champion,31,2,1,6.0
Sam Champion_S31,Sam Champion,31,2,2,6.0
Sam Champion_S31,Sam Champion,31,2,3,7.0
Sam Champion_S31,Sam Champion,31,2,4,7.0
Sam Champion_S31,Sam Champion,31,3,1,6.0
Sam Champion_S31,Sam Champion,31,3,2,6.0
Sam Champion_S31,Sam Champion,31,3,3,6.0
Sam Champion_S31,Sam Champion,31,3,4,7.0
Sam Champion_S31,Sam Champion,31,4,1,7.0
Sam Champion_S31,Sam Champion,31,4,2,6.0
Sam Champion_S31,Sam Champion,31,4,3,6.0
Sam Champion_S31,Sam Champion,31,4,4,6.0
Sam Champion_S31,Sam Champion,31,5,1,0.0
Sam Champion_S31,Sam Champion,31,5,2,0.0
Sam Champion_S31,Sam Champion,31,5,3,0.0
Sam Champion_S31,Sam Champion,31,5,4,0.0
Sam Champion_S31,Sam Champion,31,6,1,0.0
Sam Champion_S31,Sam Champion,31,6,2,0.0
Sam Champion_S31,Sam Champion,31,6,3,0.0
Sam Champion_S31,Sam Champion,31,6,4,0.0
Sam Champion_S31,Sam Champion,31,7,1,0.0
Sam Champion_S31,Sam Champion,31,7,2,0.0
Sam Champion_S31,Sam Champion,31,7,3,0.0
Sam Champion_S31,Sam Champion,31,7,4,0.0
Sam Champion_S31,Sam Champion,31,8,1,0.0
Sam Champion_S31,Sam Champion,31,8,2,0.0
Sam Champion_S31,Sam Champion,31,8,3,0.0
Sam Champion_S31,Sam Champion,31,8,4,0.0
Sam Champion_S31,Sam Champion,31,9,1,0.0
Sam Champion_S31,Sam Champion,31,9,2,0.0
Sam Champion_S31,Sam Champion,31,9,3,0.0
Sam Champion_S31,Sam Champion,31,9,4,0.0
Sam Champion_S31,Sam Champion,31,10,1,0.0
Sam Champion_S31,Sam Champion,31,10,2,0.0
Sam Champion_S31,Sam Champion,31,10,3,0.0
Sam Champion_S31,Sam Champion,31,10,4,0.0
Jessie James Decker_S31,Jessie James Decker,31,1,1,5.0
Jessie James Decker_S31,Jessie James Decker,31,1,2,5.0
Jessie James Decker_S31,Jessie James Decker,31,1,3,5.0
Jessie James Decker_S31,Jessie James Decker,31,1,4,5.0
Jessie James Decker_S31,Jessie James Decker,31,2,1,7.0
Jessie James Decker_S31,Jessie James Decker,31,2,2,6.0
Jessie James Decker_S31,Jessie James Decker,31,2,3,6.0
Jessie James Decker_S31,Jessie James Decker,31,2,4,6.0
Jessie James Decker_S31,Jessie James Decker,31,3,1,6.0
Jessie James Decker_S31,Jessie James Decker,31,3,2,6.0
Jessie James Decker_S31,Jessie James Decker,31,3,3,7.0
Jessie James Decker_S31,Jessie James Decker,31,3,4,7.0
Jessie James Decker_S31,Jessie James Decker,31,4,1,8.0
Jessie James Decker_S31,Jessie James Decker,31,4,2,7.0
Jessie James Decker_S31,Jessie James Decker,31,4,3,8.0
Jessie James Decker_S31,Jessie James Decker,31,4,4,8.0
Jessie James Decker_S31,Jessie James Decker,31,5,1,8.875
Jessie James Decker_S31,Jessie James Decker,31,5,2,8.875
Jessie James Decker_S31,Jessie James Decker,31,5,3,9.375
Jessie James Decker_S31,Jessie James Decker,31,5,4,8.875
Jessie James Decker_S31,Jessie James Decker,31,6,1,8.0
Jessie James Decker_S31,Jessie James Decker,31,6,2,8.0
Jessie James Decker_S31,Jessie James Decker,31,6,3,8.0
Jessie James Decker_S31,Jessie James Decker,31,6,4,8.0
Jessie James Decker_S31,Jessie James Decker,31,7,1,0.0
Jessie James Decker_S31,Jessie James Decker,31,7,2,0.0
Jessie James Decker_S31,Jessie James Decker,31,7,3,0.0
Jessie James Decker_S31,Jessie James Decker,31,7,4,0.0
Jessie James Decker_S31,Jessie James Decker,31,8,1,0.0
Jessie James Decker_S31,Jessie James Decker,31,8,2,0.0
Jessie James Decker_S31,Jessie James Decker,31,8,3,0.0
Jessie James Decker_S31,Jessie James Decker,31,8,4,0.0
Jessie James Decker_S31,Jessie James Decker,31,9,1,0.0
Jessie James Decker_S31,Jessie James Decker,31,9,2,0.0
Jessie James Decker_S31,Jessie James Decker,31,9,3,0.0
Jessie James Decker_S31,Jessie James Decker,31,9,4,0.0
Jessie James Decker_S31,Jessie James Decker,31,10,1,0.0
Jessie James Decker_S31,Jessie James Decker,31,10,2,0.0
Jessie James Decker_S31,Jessie James Decker,31,10,3,0.0
Jessie James Decker_S31,Jessie James Decker,31,10,4,0.0
Jordin Sparks_S31,Jordin Sparks,31,1,1,7.0
Jordin Sparks_S31,Jordin Sparks,31,1,2,6.0
Jordin Sparks_S31,Jordin Sparks,31,1,3,6.0
Jordin Sparks_S31,Jordin Sparks,31,1,4,7.0
Jordin Sparks_S31,Jordin Sparks,31,2,1,7.0
Jordin Sparks_S31,Jordin Sparks,31,2,2,6.0
Jordin Sparks_S31,Jordin Sparks,31,2,3,7.0
Jordin Sparks_S31,Jordin Sparks,31,2,4,7.0
Jordin Sparks_S31,Jordin Sparks,31,3,1,7.0
Jordin Sparks_S31,Jordin Sparks,31,3,2,7.0
Jordin Sparks_S31,Jordin Sparks,31,3,3,7.0
Jordin Sparks_S31,Jordin Sparks,31,3,4,8.0
Jordin Sparks_S31,Jordin Sparks,31,4,1,9.0
Jordin Sparks_S31,Jordin Sparks,31,4,2,8.0
Jordin Sparks_S31,Jordin Sparks,31,4,3,8.0
Jordin Sparks_S31,Jordin Sparks,31,4,4,9.0
Jordin Sparks_S31,Jordin Sparks,31,5,1,8.875
Jordin Sparks_S31,Jordin Sparks,31,5,2,8.375
Jordin Sparks_S31,Jordin Sparks,31,5,3,8.875
Jordin Sparks_S31,Jordin Sparks,31,5,4,9.375
Jordin Sparks_S31,Jordin Sparks,31,6,1,9.0
Jordin Sparks_S31,Jordin Sparks,31,6,2,8.0
Jordin Sparks_S31,Jordin Sparks,31,6,3,8.0
Jordin Sparks_S31,Jordin Sparks,31,6,4,9.0
Jordin Sparks_S31,Jordin Sparks,31,7,1,8.5
Jordin Sparks_S31,Jordin Sparks,31,7,2,9.0
Jordin Sparks_S31,Jordin Sparks,31,7,3,8.5
Jordin Sparks_S31,Jordin Sparks,31,7,4,8.5
Jordin Sparks_S31,Jordin Sparks,31,8,1,0.0
Jordin Sparks_S31,Jordin Sparks,31,8,2,0.0
Jordin Sparks_S31,Jordin Sparks,31,8,3,0.0
Jordin Sparks_S31,Jordin Sparks,31,8,4,0.0
Jordin Sparks_S31,Jordin Sparks,31,9,1,0.0
Jordin Sparks_S31,Jordin Sparks,31,9,2,0.0
Jordin Sparks_S31,Jordin Sparks,31,9,3,0.0
Jordin Sparks_S31,Jordin Sparks,31,9,4,0.0
Jordin Sparks_S31,Jordin Sparks,31,10,1,0.0
Jordin Sparks_S31,Jordin Sparks,31,10,2,0.0
Jordin Sparks_S31,Jordin Sparks,31,10,3,0.0
Jordin Sparks_S31,Jordin Sparks,31,10,4,0.0
Heidi D'Amelio_S31,Heidi D'Amelio,31,1,1,6.0
Heidi D'Amelio_S31,Heidi D'Amelio,31,1,2,6.0
Heidi D'Amelio_S31,Heidi D'Amelio,31,1,3,6.0
Heidi D'Amelio_S31,Heidi D'Amelio,31,1,4,6.0
Heidi D'Amelio_S31,Heidi D'Amelio,31,2,1,7.0
Heidi D'Amelio_S31,Heidi D'Amelio,31,2,2,7.0
Heidi D'Amelio_S31,Heidi D'Amelio,31,2,3,7.0
Heidi D'Amelio_S31,Heidi D'Amelio,31,2,4,7.0
Heidi D'Amelio_S31,Heidi D'Amelio,31,3,1,8.0
Heidi D'Amelio_S31,Heidi D'Amelio,31,3,2,8.0
Heidi D'Amelio_S31,Heidi D'Amelio,31,3,3,8.0
Heidi D'Amelio_S31,Heidi D'Amelio,31,3,4,8.0
Heidi D'Amelio_S31,Heidi D'Amelio,31,4,1,9.0
Heidi D'Amelio_S31,Heidi D'Amelio,31,4,2,8.0
Heidi D'Amelio_S31,Heidi D'Amelio,31,4,3,8.0
Heidi D'Amelio_S31,Heidi D'Amelio,31,4,4,9.0
Heidi D'Amelio_S31,Heidi D'Amelio,31,5,1,9.625
Heidi D'Amelio_S31,Heidi D'Amelio,31,5,2,10.125
Heidi D'Amelio_S31,Heidi D'Amelio,31,5,3,9.625
Heidi D'Amelio_S31,Heidi D'Amelio,31,5,4,9.625
Heidi D'Amelio_S31,Heidi D'Amelio,31,6,1,9.0
Heidi D'Amelio_S31,Heidi D'Amelio,31,6,2,9.0
Heidi D'Amelio_S31,Heidi D'Amelio,31,6,3,9.0
Heidi D'Amelio_S31,Heidi D'Amelio,31,6,4,9.0
Heidi D'Amelio_S31,Heidi D'Amelio,31,7,1,8.5
Heidi D'Amelio_S31,Heidi D'Amelio,31,7,2,9.0
Heidi D'Amelio_S31,Heidi D'Amelio,31,7,3,9.0
Heidi D'Amelio_S31,Heidi D'Amelio,31,7,4,8.5
Heidi D'Amelio_S31,Heidi D'Amelio,31,8,1,9.0
Heidi D'Amelio_S31,Heidi D'Amelio,31,8,2,8.0
Heidi D'Amelio_S31,Heidi D'Amelio,31,8,3,9.0
Heidi D'Amelio_S31,Heidi D'Amelio,31,8,4,9.0
Heidi D'Amelio_S31,Heidi D'Amelio,31,9,1,0.0
Heidi D'Amelio_S31,Heidi D'Amelio,31,9,2,0.0
Heidi D'Amelio_S31,Heidi D'Amelio,31,9,3,0.0
Heidi D'Amelio_S31,Heidi D'Amelio,31,9,4,0.0
Heidi D'Amelio_S31,Heidi D'Amelio,31,10,1,0.0
Heidi D'Amelio_S31,Heidi D'Amelio,31,10,2,0.0
Heidi D'Amelio_S31,Heidi D'Amelio,31,10,3,0.0
Heidi D'Amelio_S31,Heidi D'Amelio,31,10,4,0.0
Charli D'Amelio_S31,Charli D'Amelio,31,1,1,8.0
Charli D'Amelio_S31,Charli D'Amelio,31,1,2,8.0
Charli D'Amelio_S31,Charli D'Amelio,31,1,3,8.0
Charli D'Amelio_S31,Charli D'Amelio,31,1,4,8.0
Charli D'Amelio_S31,Charli D'Amelio,31,2,1,8.0
Charli D'Amelio_S31,Charli D'Amelio,31,2,2,8.0
Charli D'Amelio_S31,Charli D'Amelio,31,2,3,8.0
Charli D'Amelio_S31,Charli D'Amelio,31,2,4,8.0
Charli D'Amelio_S31,Charli D'Amelio,31,3,1,8.0
Charli D'Amelio_S31,Charli D'Amelio,31,3,2,8.0
Charli D'Amelio_S31,Charli D'Amelio,31,3,3,8.0
Charli D'Amelio_S31,Charli D'Amelio,31,3,4,9.0
Charli D'Amelio_S31,Charli D'Amelio,31,4,1,9.0
Charli D'Amelio_S31,Charli D'Amelio,31,4,2,9.0
Charli D'Amelio_S31,Charli D'Amelio,31,4,3,9.0
Charli D'Amelio_S31,Charli D'Amelio,31,4,4,9.0
Charli D'Amelio_S31,Charli D'Amelio,31,5,1,10.375
Charli D'Amelio_S31,Charli D'Amelio,31,5,2,10.375
Charli D'Amelio_S31,Charli D'Amelio,31,5,3,10.375
Charli D'Amelio_S31,Charli D'Amelio,31,5,4,10.875
Charli D'Amelio_S31,Charli D'Amelio,31,6,1,10.0
Charli D'Amelio_S31,Charli D'Amelio,31,6,2,10.0
Charli D'Amelio_S31,Charli D'Amelio,31,6,3,10.0
Charli D'Amelio_S31,Charli D'Amelio,31,6,4,10.0
Charli D'Amelio_S31,Charli D'Amelio,31,7,1,9.5
Charli D'Amelio_S31,Charli D'Amelio,31,7,2,9.5
Charli D'Amelio_S31,Charli D'Amelio,31,7,3,10.0
Charli D'Amelio_S31,Charli D'Amelio,31,7,4,10.0
Charli D'Amelio_S31,Charli D'Amelio,31,8,1,11.25
Charli D'Amelio_S31,Charli D'Amelio,31,8,2,11.25
Charli D'Amelio_S31,Charli D'Amelio,31,8,3,11.25
Charli D'Amelio_S31,Charli D'Amelio,31,8,4,11.25
Charli D'Amelio_S31,Charli D'Amelio,31,9,1,10.0
Charli D'Amelio_S31,Charli D'Amelio,31,9,2,10.0
Charli D'Amelio_S31,Charli D'Amelio,31,9,3,10.0
Charli D'Amelio_S31,Charli D'Amelio,31,9,4,10.0
Charli D'Amelio_S31,Charli D'Amelio,31,10,1,10.0
Charli D'Amelio_S31,Charli D'Amelio,31,10,2,10.0
Charli D'Amelio_S31,Charli D'Amelio,31,10,3,10.0
Charli D'Amelio_S31,Charli D'Amelio,31,10,4,10.0
Teresa Giudice_S31,Teresa Giudice,31,1,1,5.0
Teresa Giudice_S31,Teresa Giudice,31,1,2,5.0
Teresa Giudice_S31,Teresa Giudice,31,1,3,5.0
Teresa Giudice_S31,Teresa Giudice,31,1,4,5.0
Teresa Giudice_S31,Teresa Giudice,31,2,1,6.0
Teresa Giudice_S31,Teresa Giudice,31,2,2,5.0
Teresa Giudice_S31,Teresa Giudice,31,2,3,6.0
Teresa Giudice_S31,Teresa Giudice,31,2,4,6.0
Teresa Giudice_S31,Teresa Giudice,31,3,1,0.0
Teresa Giudice_S31,Teresa Giudice,31,3,2,0.0
Teresa Giudice_S31,Teresa Giudice,31,3,3,0.0
Teresa Giudice_S31,Teresa Giudice,31,3,4,0.0
Teresa Giudice_S31,Teresa Giudice,31,4,1,0.0
Teresa Giudice_S31,Teresa Giudice,31,4,2,0.0
Teresa Giudice_S31,Teresa Giudice,31,4,3,0.0
Teresa Giudice_S31,Teresa Giudice,31,4,4,0.0
Teresa Giudice_S31,Teresa Giudice,31,5,1,0.0
Teresa Giudice_S31,Teresa Giudice,31,5,2,0.0
Teresa Giudice_S31,Teresa Giudice,31,5,3,0.0
Teresa Giudice_S31,Teresa Giudice,31,5,4,0.0
Teresa Giudice_S31,Teresa Giudice,31,6,1,0.0
Teresa Giudice_S31,Teresa Giudice,31,6,2,0.0
Teresa Giudice_S31,Teresa Giudice,31,6,3,0.0
Teresa Giudice_S31,Teresa Giudice,31,6,4,0.0
Teresa Giudice_S31,Teresa Giudice,31,7,1,0.0
Teresa Giudice_S31,Teresa Giudice,31,7,2,0.0
Teresa Giudice_S31,Teresa Giudice,31,7,3,0.0
Teresa Giudice_S31,Teresa Giudice,31,7,4,0.0
Teresa Giudice_S31,Teresa Giudice,31,8,1,0.0
Teresa Giudice_S31,Teresa Giudice,31,8,2,0.0
Teresa Giudice_S31,Teresa Giudice,31,8,3,0.0
Teresa Giudice_S31,Teresa Giudice,31,8,4,0.0
Teresa Giudice_S31,Teresa Giudice,31,9,1,0.0
Teresa Giudice_S31,Teresa Giudice,31,9,2,0.0
Teresa Giudice_S31,Teresa Giudice,31,9,3,0.0
Teresa Giudice_S31,Teresa Giudice,31,9,4,0.0
Teresa Giudice_S31,Teresa Giudice,31,10,1,0.0
Teresa Giudice_S31,Teresa Giudice,31,10,2,0.0
Teresa Giudice_S31,Teresa Giudice,31,10,3,0.0
Teresa Giudice_S31,Teresa Giudice,31,10,4,0.0
Vinny Guadagnino_S31,Vinny Guadagnino,31,1,1,4.0
Vinny Guadagnino_S31,Vinny Guadagnino,31,1,2,4.0
Vinny Guadagnino_S31,Vinny Guadagnino,31,1,3,5.0
Vinny Guadagnino_S31,Vinny Guadagnino,31,1,4,4.0
Vinny Guadagnino_S31,Vinny Guadagnino,31,2,1,7.0
Vinny Guadagnino_S31,Vinny Guadagnino,31,2,2,6.0
Vinny Guadagnino_S31,Vinny Guadagnino,31,2,3,7.0
Vinny Guadagnino_S31,Vinny Guadagnino,31,2,4,7.0
Vinny Guadagnino_S31,Vinny Guadagnino,31,3,1,6.0
Vinny Guadagnino_S31,Vinny Guadagnino,31,3,2,5.0
Vinny Guadagnino_S31,Vinny Guadagnino,31,3,3,6.0
Vinny Guadagnino_S31,Vinny Guadagnino,31,3,4,6.0
Vinny Guadagnino_S31,Vinny Guadagnino,31,4,1,8.0
Vinny Guadagnino_S31,Vinny Guadagnino,31,4,2,7.0
Vinny Guadagnino_S31,Vinny Guadagnino,31,4,3,7.0
Vinny Guadagnino_S31,Vinny Guadagnino,31,4,4,7.0
Vinny Guadagnino_S31,Vinny Guadagnino,31,5,1,7.75
Vinny Guadagnino_S31,Vinny Guadagnino,31,5,2,7.75
Vinny Guadagnino_S31,Vinny Guadagnino,31,5,3,7.75
Vinny Guadagnino_S31,Vinny Guadagnino,31,5,4,7.75
Vinny Guadagnino_S31,Vinny Guadagnino,31,6,1,7.0
Vinny Guadagnino_S31,Vinny Guadagnino,31,6,2,7.0
Vinny Guadagnino_S31,Vinny Guadagnino,31,6,3,7.0
Vinny Guadagnino_S31,Vinny Guadagnino,31,6,4,7.0
Vinny Guadagnino_S31,Vinny Guadagnino,31,7,1,7.5
Vinny Guadagnino_S31,Vinny Guadagnino,31,7,2,8.0
Vinny Guadagnino_S31,Vinny Guadagnino,31,7,3,8.0
Vinny Guadagnino_S31,Vinny Guadagnino,31,7,4,8.0
Vinny Guadagnino_S31,Vinny Guadagnino,31,8,1,8.0
Vinny Guadagnino_S31,Vinny Guadagnino,31,8,2,7.0
Vinny Guadagnino_S31,Vinny Guadagnino,31,8,3,7.0
Vinny Guadagnino_S31,Vinny Guadagnino,31,8,4,7.0
Vinny Guadagnino_S31,Vinny Guadagnino,31,9,1,0.0
Vinny Guadagnino_S31,Vinny Guadagnino,31,9,2,0.0
Vinny Guadagnino_S31,Vinny Guadagnino,31,9,3,0.0
Vinny Guadagnino_S31,Vinny Guadagnino,31,9,4,0.0
Vinny Guadagnino_S31,Vinny Guadagnino,31,10,1,0.0
Vinny Guadagnino_S31,Vinny Guadagnino,31,10,2,0.0
Vinny Guadagnino_S31,Vinny Guadagnino,31,10,3,0.0
Vinny Guadagnino_S31,Vinny Guadagnino,31,10,4,0.0
Shangela_S31,Shangela,31,1,1,7.0
Shangela_S31,Shangela,31,1,2,7.0
Shangela_S31,Shangela,31,1,3,7.0
Shangela_S31,Shangela,31,1,4,7.0
Shangela_S31,Shangela,31,2,1,7.0
Shangela_S31,Shangela,31,2,2,7.0
Shangela_S31,Shangela,31,2,3,7.0
Shangela_S31,Shangela,31,2,4,7.0
Shangela_S31,Shangela,31,3,1,8.0
Shangela_S31,Shangela,31,3,2,7.0
Shangela_S31,Shangela,31,3,3,7.0
Shangela_S31,Shangela,31,3,4,8.0
Shangela_S31,Shangela,31,4,1,8.0
Shangela_S31,Shangela,31,4,2,8.0
Shangela_S31,Shangela,31,4,3,8.0
Shangela_S31,Shangela,31,4,4,8.0
Shangela_S31,Shangela,31,5,1,9.75
Shangela_S31,Shangela,31,5,2,9.25
Shangela_S31,Shangela,31,5,3,9.75
Shangela_S31,Shangela,31,5,4,9.75
Shangela_S31,Shangela,31,6,1,9.0
Shangela_S31,Shangela,31,6,2,9.0
Shangela_S31,Shangela,31,6,3,9.0
Shangela_S31,Shangela,31,6,4,9.0
Shangela_S31,Shangela,31,7,1,9.0
Shangela_S31,Shangela,31,7,2,9.5
Shangela_S31,Shangela,31,7,3,9.0
Shangela_S31,Shangela,31,7,4,9.0
Shangela_S31,Shangela,31,8,1,11.25
Shangela_S31,Shangela,31,8,2,10.25
Shangela_S31,Shangela,31,8,3,10.25
Shangela_S31,Shangela,31,8,4,10.25
Shangela_S31,Shangela,31,9,1,9.5
Shangela_S31,Shangela,31,9,2,9.0
Shangela_S31,Shangela,31,9,3,9.0
Shangela_S31,Shangela,31,9,4,9.0
Shangela_S31,Shangela,31,10,1,9.5
Shangela_S31,Shangela,31,10,2,9.5
Shangela_S31,Shangela,31,10,3,9.5
Shangela_S31,Shangela,31,10,4,9.5
Gabby Windey_S31,Gabby Windey,31,1,1,7.0
Gabby Windey_S31,Gabby Windey,31,1,2,7.0
Gabby Windey_S31,Gabby Windey,31,1,3,7.0
Gabby Windey_S31,Gabby Windey,31,1,4,7.0
Gabby Windey_S31,Gabby Windey,31,2,1,8.0
Gabby Windey_S31,Gabby Windey,31,2,2,8.0
Gabby Windey_S31,Gabby Windey,31,2,3,8.0
Gabby Windey_S31,Gabby Windey,31,2,4,8.0
Gabby Windey_S31,Gabby Windey,31,3,1,8.0
Gabby Windey_S31,Gabby Windey,31,3,2,8.0
Gabby Windey_S31,Gabby Windey,31,3,3,8.0
Gabby Windey_S31,Gabby Windey,31,3,4,9.0
Gabby Windey_S31,Gabby Windey,31,4,1,9.0
Gabby Windey_S31,Gabby Windey,31,4,2,9.0
Gabby Windey_S31,Gabby Windey,31,4,3,9.0
Gabby Windey_S31,Gabby Windey,31,4,4,9.0
Gabby Windey_S31,Gabby Windey,31,5,1,10.25
Gabby Windey_S31,Gabby Windey,31,5,2,10.25
Gabby Windey_S31,Gabby Windey,31,5,3,10.25
Gabby Windey_S31,Gabby Windey,31,5,4,10.25
Gabby Windey_S31,Gabby Windey,31,6,1,9.0
Gabby Windey_S31,Gabby Windey,31,6,2,9.0
Gabby Windey_S31,Gabby Windey,31,6,3,9.0
Gabby Windey_S31,Gabby Windey,31,6,4,10.0
Gabby Windey_S31,Gabby Windey,31,7,1,9.0
Gabby Windey_S31,Gabby Windey,31,7,2,9.0
Gabby Windey_S31,Gabby Windey,31,7,3,8.5
Gabby Windey_S31,Gabby Windey,31,7,4,9.0
Gabby Windey_S31,Gabby Windey,31,8,1,10.0
Gabby Windey_S31,Gabby Windey,31,8,2,10.0
Gabby Windey_S31,Gabby Windey,31,8,3,10.0
Gabby Windey_S31,Gabby Windey,31,8,4,10.0
Gabby Windey_S31,Gabby Windey,31,9,1,10.0
Gabby Windey_S31,Gabby Windey,31,9,2,10.0
Gabby Windey_S31,Gabby Windey,31,9,3,10.0
Gabby Windey_S31,Gabby Windey,31,9,4,10.0
Gabby Windey_S31,Gabby Windey,31,10,1,10.0
Gabby Windey_S31,Gabby Windey,31,10,2,10.0
Gabby Windey_S31,Gabby Windey,31,10,3,10.0
Gabby Windey_S31,Gabby Windey,31,10,4,10.0
Jamie Lynn Spears_S32,Jamie Lynn Spears,32,1,1,5.0
Jamie Lynn Spears_S32,Jamie Lynn Spears,32,1,2,5.0
Jamie Lynn Spears_S32,Jamie Lynn Spears,32,1,3,5.0
Jamie Lynn Spears_S32,Jamie Lynn Spears,32,2,1,6.0
Jamie Lynn Spears_S32,Jamie Lynn Spears,32,2,2,5.0
Jamie Lynn Spears_S32,Jamie Lynn Spears,32,2,3,5.0
Jamie Lynn Spears_S32,Jamie Lynn Spears,32,3,1,0.0
Jamie Lynn Spears_S32,Jamie Lynn Spears,32,3,2,0.0
Jamie Lynn Spears_S32,Jamie Lynn Spears,32,3,3,0.0
Jamie Lynn Spears_S32,Jamie Lynn Spears,32,3,4,0.0
Jamie Lynn Spears_S32,Jamie Lynn Spears,32,4,1,0.0
Jamie Lynn Spears_S32,Jamie Lynn Spears,32,4,2,0.0
Jamie Lynn Spears_S32,Jamie Lynn Spears,32,4,3,0.0
Jamie Lynn Spears_S32,Jamie Lynn Spears,32,5,1,0.0
Jamie Lynn Spears_S32,Jamie Lynn Spears,32,5,2,0.0
Jamie Lynn Spears_S32,Jamie Lynn Spears,32,5,3,0.0
Jamie Lynn Spears_S32,Jamie Lynn Spears,32,6,1,0.0
Jamie Lynn Spears_S32,Jamie Lynn Spears,32,6,2,0.0
Jamie Lynn Spears_S32,Jamie Lynn Spears,32,6,3,0.0
Jamie Lynn Spears_S32,Jamie Lynn Spears,32,6,4,0.0
Jamie Lynn Spears_S32,Jamie Lynn Spears,32,7,1,0.0
Jamie Lynn Spears_S32,Jamie Lynn Spears,32,7,2,0.0
Jamie Lynn Spears_S32,Jamie Lynn Spears,32,7,3,0.0
Jamie Lynn Spears_S32,Jamie Lynn Spears,32,7,4,0.0
Jamie Lynn Spears_S32,Jamie Lynn Spears,32,8,1,0.0
Jamie Lynn Spears_S32,Jamie Lynn Spears,32,8,2,0.0
Jamie Lynn Spears_S32,Jamie Lynn Spears,32,8,3,0.0
Jamie Lynn Spears_S32,Jamie Lynn Spears,32,8,4,0.0
Jamie Lynn Spears_S32,Jamie Lynn Spears,32,9,1,0.0
Jamie Lynn Spears_S32,Jamie Lynn Spears,32,9,2,0.0
Jamie Lynn Spears_S32,Jamie Lynn Spears,32,9,3,0.0
Jamie Lynn Spears_S32,Jamie Lynn Spears,32,9,4,0.0
Jamie Lynn Spears_S32,Jamie Lynn Spears,32,10,1,0.0
Jamie Lynn Spears_S32,Jamie Lynn Spears,32,10,2,0.0
Jamie Lynn Spears_S32,Jamie Lynn Spears,32,10,3,0.0
Jamie Lynn Spears_S32,Jamie Lynn Spears,32,11,1,0.0
Jamie Lynn Spears_S32,Jamie Lynn Spears,32,11,2,0.0
Jamie Lynn Spears_S32,Jamie Lynn Spears,32,11,3,0.0
Mira Sorvino_S32,Mira Sorvino,32,1,1,6.0
Mira Sorvino_S32,Mira Sorvino,32,1,2,5.0
Mira Sorvino_S32,Mira Sorvino,32,1,3,6.0
Mira Sorvino_S32,Mira Sorvino,32,2,1,6.0
Mira Sorvino_S32,Mira Sorvino,32,2,2,6.0
Mira Sorvino_S32,Mira Sorvino,32,2,3,6.0
Mira Sorvino_S32,Mira Sorvino,32,3,1,6.0
Mira Sorvino_S32,Mira Sorvino,32,3,2,6.0
Mira Sorvino_S32,Mira Sorvino,32,3,3,7.0
Mira Sorvino_S32,Mira Sorvino,32,3,4,7.0
Mira Sorvino_S32,Mira Sorvino,32,4,1,7.0
Mira Sorvino_S32,Mira Sorvino,32,4,2,7.0
Mira Sorvino_S32,Mira Sorvino,32,4,3,7.0
Mira Sorvino_S32,Mira Sorvino,32,5,1,7.0
Mira Sorvino_S32,Mira Sorvino,32,5,2,8.0
Mira Sorvino_S32,Mira Sorvino,32,5,3,7.0
Mira Sorvino_S32,Mira Sorvino,32,6,1,0.0
Mira Sorvino_S32,Mira Sorvino,32,6,2,0.0
Mira Sorvino_S32,Mira Sorvino,32,6,3,0.0
Mira Sorvino_S32,Mira Sorvino,32,6,4,0.0
Mira Sorvino_S32,Mira Sorvino,32,7,1,0.0
Mira Sorvino_S32,Mira Sorvino,32,7,2,0.0
Mira Sorvino_S32,Mira Sorvino,32,7,3,0.0
Mira Sorvino_S32,Mira Sorvino,32,7,4,0.0
Mira Sorvino_S32,Mira Sorvino,32,8,1,0.0
Mira Sorvino_S32,Mira Sorvino,32,8,2,0.0
Mira Sorvino_S32,Mira Sorvino,32,8,3,0.0
Mira Sorvino_S32,Mira Sorvino,32,8,4,0.0
Mira Sorvino_S32,Mira Sorvino,32,9,1,0.0
Mira Sorvino_S32,Mira Sorvino,32,9,2,0.0
Mira Sorvino_S32,Mira Sorvino,32,9,3,0.0
Mira Sorvino_S32,Mira Sorvino,32,9,4,0.0
Mira Sorvino_S32,Mira Sorvino,32,10,1,0.0
Mira Sorvino_S32,Mira Sorvino,32,10,2,0.0
Mira Sorvino_S32,Mira Sorvino,32,10,3,0.0
Mira Sorvino_S32,Mira Sorvino,32,11,1,0.0
Mira Sorvino_S32,Mira Sorvino,32,11,2,0.0
Mira Sorvino_S32,Mira Sorvino,32,11,3,0.0
Barry Williams_S32,Barry Williams,32,1,1,6.0
Barry Williams_S32,Barry Williams,32,1,2,5.0
Barry Williams_S32,Barry Williams,32,1,3,5.0
Barry Williams_S32,Barry Williams,32,2,1,5.0
Barry Williams_S32,Barry Williams,32,2,2,5.0
Barry Williams_S32,Barry Williams,32,2,3,5.0
Barry Williams_S32,Barry Williams,32,3,1,6.0
Barry Williams_S32,Barry Williams,32,3,2,6.0
Barry Williams_S32,Barry Williams,32,3,3,7.0
Barry Williams_S32,Barry Williams,32,3,4,6.0
Barry Williams_S32,Barry Williams,32,4,1,6.0
Barry Williams_S32,Barry Williams,32,4,2,6.0
Barry Williams_S32,Barry Williams,32,4,3,6.0
Barry Williams_S32,Barry Williams,32,5,1,8.0
Barry Williams_S32,Barry Williams,32,5,2,8.0
Barry Williams_S32,Barry Williams,32,5,3,8.0
Barry Williams_S32,Barry Williams,32,6,1,8.25
Barry Williams_S32,Barry Williams,32,6,2,7.25
Barry Williams_S32,Barry Williams,32,6,3,8.25
Barry Williams_S32,Barry Williams,32,6,4,8.25
Barry Williams_S32,Barry Williams,32,7,1,8.0
Barry Williams_S32,Barry Williams,32,7,2,8.0
Barry Williams_S32,Barry Williams,32,7,3,8.5
Barry Williams_S32,Barry Williams,32,7,4,8.0
Barry Williams_S32,Barry Williams,32,8,1,8.75
Barry Williams_S32,Barry Williams,32,8,2,8.75
Barry Williams_S32,Barry Williams,32,8,3,8.75
Barry Williams_S32,Barry Williams,32,8,4,8.75
Barry Williams_S32,Barry Williams,32,9,1,0.0
Barry Williams_S32,Barry Williams,32,9,2,0.0
Barry Williams_S32,Barry Williams,32,9,3,0.0
Barry Williams_S32,Barry Williams,32,9,4,0.0
Barry Williams_S32,Barry Williams,32,10,1,0.0
Barry Williams_S32,Barry Williams,32,10,2,0.0
Barry Williams_S32,Barry Williams,32,10,3,0.0
Barry Williams_S32,Barry Williams,32,11,1,0.0
Barry Williams_S32,Barry Williams,32,11,2,0.0
Barry Williams_S32,Barry Williams,32,11,3,0.0
Alyson Hannigan_S32,Alyson Hannigan,32,1,1,5.0
Alyson Hannigan_S32,Alyson Hannigan,32,1,2,4.0
Alyson Hannigan_S32,Alyson Hannigan,32,1,3,4.0
Alyson Hannigan_S32,Alyson Hannigan,32,2,1,7.0
Alyson Hannigan_S32,Alyson Hannigan,32,2,2,6.0
Alyson Hannigan_S32,Alyson Hannigan,32,2,3,6.0
Alyson Hannigan_S32,Alyson Hannigan,32,3,1,6.0
Alyson Hannigan_S32,Alyson Hannigan,32,3,2,6.0
Alyson Hannigan_S32,Alyson Hannigan,32,3,3,6.0
Alyson Hannigan_S32,Alyson Hannigan,32,3,4,6.0
Alyson Hannigan_S32,Alyson Hannigan,32,4,1,6.0
Alyson Hannigan_S32,Alyson Hannigan,32,4,2,6.0
Alyson Hannigan_S32,Alyson Hannigan,32,4,3,6.0
Alyson Hannigan_S32,Alyson Hannigan,32,5,1,7.0
Alyson Hannigan_S32,Alyson Hannigan,32,5,2,7.0
Alyson Hannigan_S32,Alyson Hannigan,32,5,3,7.0
Alyson Hannigan_S32,Alyson Hannigan,32,6,1,7.5
Alyson Hannigan_S32,Alyson Hannigan,32,6,2,7.5
Alyson Hannigan_S32,Alyson Hannigan,32,6,3,7.5
Alyson Hannigan_S32,Alyson Hannigan,32,6,4,8.5
Alyson Hannigan_S32,Alyson Hannigan,32,7,1,8.5
Alyson Hannigan_S32,Alyson Hannigan,32,7,2,8.5
Alyson Hannigan_S32,Alyson Hannigan,32,7,3,9.5
Alyson Hannigan_S32,Alyson Hannigan,32,7,4,8.5
Alyson Hannigan_S32,Alyson Hannigan,32,8,1,8.75
Alyson Hannigan_S32,Alyson Hannigan,32,8,2,8.75
Alyson Hannigan_S32,Alyson Hannigan,32,8,3,9.75
Alyson Hannigan_S32,Alyson Hannigan,32,8,4,8.75
Alyson Hannigan_S32,Alyson Hannigan,32,9,1,7.75
Alyson Hannigan_S32,Alyson Hannigan,32,9,2,7.75
Alyson Hannigan_S32,Alyson Hannigan,32,9,3,8.75
Alyson Hannigan_S32,Alyson Hannigan,32,9,4,7.75
Alyson Hannigan_S32,Alyson Hannigan,32,10,1,8.5
Alyson Hannigan_S32,Alyson Hannigan,32,10,2,8.5
Alyson Hannigan_S32,Alyson Hannigan,32,10,3,8.5
Alyson Hannigan_S32,Alyson Hannigan,32,11,1,9.0
Alyson Hannigan_S32,Alyson Hannigan,32,11,2,8.5
Alyson Hannigan_S32,Alyson Hannigan,32,11,3,9.0
Xochitl Gomez_S32,Xochitl Gomez,32,1,1,6.0
Xochitl Gomez_S32,Xochitl Gomez,32,1,2,6.0
Xochitl Gomez_S32,Xochitl Gomez,32,1,3,6.0
Xochitl Gomez_S32,Xochitl Gomez,32,2,1,8.0
Xochitl Gomez_S32,Xochitl Gomez,32,2,2,8.0
Xochitl Gomez_S32,Xochitl Gomez,32,2,3,8.0
Xochitl Gomez_S32,Xochitl Gomez,32,3,1,8.0
Xochitl Gomez_S32,Xochitl Gomez,32,3,2,8.0
Xochitl Gomez_S32,Xochitl Gomez,32,3,3,8.0
Xochitl Gomez_S32,Xochitl Gomez,32,3,4,8.0
Xochitl Gomez_S32,Xochitl Gomez,32,4,1,9.0
Xochitl Gomez_S32,Xochitl Gomez,32,4,2,9.0
Xochitl Gomez_S32,Xochitl Gomez,32,4,3,9.0
Xochitl Gomez_S32,Xochitl Gomez,32,5,1,9.0
Xochitl Gomez_S32,Xochitl Gomez,32,5,2,10.0
Xochitl Gomez_S32,Xochitl Gomez,32,5,3,9.0
Xochitl Gomez_S32,Xochitl Gomez,32,6,1,10.25
Xochitl Gomez_S32,Xochitl Gomez,32,6,2,10.25
Xochitl Gomez_S32,Xochitl Gomez,32,6,3,11.25
Xochitl Gomez_S32,Xochitl Gomez,32,6,4,10.25
Xochitl Gomez_S32,Xochitl Gomez,32,7,1,9.5
Xochitl Gomez_S32,Xochitl Gomez,32,7,2,9.0
Xochitl Gomez_S32,Xochitl Gomez,32,7,3,9.5
Xochitl Gomez_S32,Xochitl Gomez,32,7,4,9.0
Xochitl Gomez_S32,Xochitl Gomez,32,8,1,10.0
Xochitl Gomez_S32,Xochitl Gomez,32,8,2,10.0
Xochitl Gomez_S32,Xochitl Gomez,32,8,3,10.0
Xochitl Gomez_S32,Xochitl Gomez,32,8,4,10.0
Xochitl Gomez_S32,Xochitl Gomez,32,9,1,9.75
Xochitl Gomez_S32,Xochitl Gomez,32,9,2,9.75
Xochitl Gomez_S32,Xochitl Gomez,32,9,3,10.75
Xochitl Gomez_S32,Xochitl Gomez,32,9,4,10.75
Xochitl Gomez_S32,Xochitl Gomez,32,10,1,10.0
Xochitl Gomez_S32,Xochitl Gomez,32,10,2,10.0
Xochitl Gomez_S32,Xochitl Gomez,32,10,3,10.0
Xochitl Gomez_S32,Xochitl Gomez,32,11,1,10.0
Xochitl Gomez_S32,Xochitl Gomez,32,11,2,10.0
Xochitl Gomez_S32,Xochitl Gomez,32,11,3,10.0
Adrian Peterson_S32,Adrian Peterson,32,1,1,6.0
Adrian Peterson_S32,Adrian Peterson,32,1,2,6.0
Adrian Peterson_S32,Adrian Peterson,32,1,3,6.0
Adrian Peterson_S32,Adrian Peterson,32,2,1,5.0
Adrian Peterson_S32,Adrian Peterson,32,2,2,5.0
Adrian Peterson_S32,Adrian Peterson,32,2,3,5.0
Adrian Peterson_S32,Adrian Peterson,32,3,1,5.0
Adrian Peterson_S32,Adrian Peterson,32,3,2,5.0
Adrian Peterson_S32,Adrian Peterson,32,3,3,6.0
Adrian Peterson_S32,Adrian Peterson,32,3,4,6.0
Adrian Peterson_S32,Adrian Peterson,32,4,1,7.0
Adrian Peterson_S32,Adrian Peterson,32,4,2,7.0
Adrian Peterson_S32,Adrian Peterson,32,4,3,7.0
Adrian Peterson_S32,Adrian Peterson,32,5,1,0.0
Adrian Peterson_S32,Adrian Peterson,32,5,2,0.0
Adrian Peterson_S32,Adrian Peterson,32,5,3,0.0
Adrian Peterson_S32,Adrian Peterson,32,6,1,0.0
Adrian Peterson_S32,Adrian Peterson,32,6,2,0.0
Adrian Peterson_S32,Adrian Peterson,32,6,3,0.0
Adrian Peterson_S32,Adrian Peterson,32,6,4,0.0
Adrian Peterson_S32,Adrian Peterson,32,7,1,0.0
Adrian Peterson_S32,Adrian Peterson,32,7,2,0.0
Adrian Peterson_S32,Adrian Peterson,32,7,3,0.0
Adrian Peterson_S32,Adrian Peterson,32,7,4,0.0
Adrian Peterson_S32,Adrian Peterson,32,8,1,0.0
Adrian Peterson_S32,Adrian Peterson,32,8,2,0.0
Adrian Peterson_S32,Adrian Peterson,32,8,3,0.0
Adrian Peterson_S32,Adrian Peterson,32,8,4,0.0
Adrian Peterson_S32,Adrian Peterson,32,9,1,0.0
Adrian Peterson_S32,Adrian Peterson,32,9,2,0.0
Adrian Peterson_S32,Adrian Peterson,32,9,3,0.0
Adrian Peterson_S32,Adrian Peterson,32,9,4,0.0
Adrian Peterson_S32,Adrian Peterson,32,10,1,0.0
Adrian Peterson_S32,Adrian Peterson,32,10,2,0.0
Adrian Peterson_S32,Adrian Peterson,32,10,3,0.0
Adrian Peterson_S32,Adrian Peterson,32,11,1,0.0
Adrian Peterson_S32,Adrian Peterson,32,11,2,0.0
Adrian Peterson_S32,Adrian Peterson,32,11,3,0.0
Matt Walsh_S32,Matt Walsh,32,1,1,4.0
Matt Walsh_S32,Matt Walsh,32,1,2,4.0
Matt Walsh_S32,Matt Walsh,32,1,3,4.0
Matt Walsh_S32,Matt Walsh,32,2,1,0.0
Matt Walsh_S32,Matt Walsh,32,2,2,0.0
Matt Walsh_S32,Matt Walsh,32,2,3,0.0
Matt Walsh_S32,Matt Walsh,32,3,1,0.0
Matt Walsh_S32,Matt Walsh,32,3,2,0.0
Matt Walsh_S32,Matt Walsh,32,3,3,0.0
Matt Walsh_S32,Matt Walsh,32,3,4,0.0
Matt Walsh_S32,Matt Walsh,32,4,1,0.0
Matt Walsh_S32,Matt Walsh,32,4,2,0.0
Matt Walsh_S32,Matt Walsh,32,4,3,0.0
Matt Walsh_S32,Matt Walsh,32,5,1,0.0
Matt Walsh_S32,Matt Walsh,32,5,2,0.0
Matt Walsh_S32,Matt Walsh,32,5,3,0.0
Matt Walsh_S32,Matt Walsh,32,6,1,0.0
Matt Walsh_S32,Matt Walsh,32,6,2,0.0
Matt Walsh_S32,Matt Walsh,32,6,3,0.0
Matt Walsh_S32,Matt Walsh,32,6,4,0.0
Matt Walsh_S32,Matt Walsh,32,7,1,0.0
Matt Walsh_S32,Matt Walsh,32,7,2,0.0
Matt Walsh_S32,Matt Walsh,32,7,3,0.0
Matt Walsh_S32,Matt Walsh,32,7,4,0.0
Matt Walsh_S32,Matt Walsh,32,8,1,0.0
Matt Walsh_S32,Matt Walsh,32,8,2,0.0
Matt Walsh_S32,Matt Walsh,32,8,3,0.0
Matt Walsh_S32,Matt Walsh,32,8,4,0.0
Matt Walsh_S32,Matt Walsh,32,9,1,0.0
Matt Walsh_S32,Matt Walsh,32,9,2,0.0
Matt Walsh_S32,Matt Walsh,32,9,3,0.0
Matt Walsh_S32,Matt Walsh,32,9,4,0.0
Matt Walsh_S32,Matt Walsh,32,10,1,0.0
Matt Walsh_S32,Matt Walsh,32,10,2,0.0
Matt Walsh_S32,Matt Walsh,32,10,3,0.0
Matt Walsh_S32,Matt Walsh,32,11,1,0.0
Matt Walsh_S32,Matt Walsh,32,11,2,0.0
Matt Walsh_S32,Matt Walsh,32,11,3,0.0
Tyson Beckford_S32,Tyson Beckford,32,1,1,4.0
Tyson Beckford_S32,Tyson Beckford,32,1,2,4.0
Tyson Beckford_S32,Tyson Beckford,32,1,3,4.0
Tyson Beckford_S32,Tyson Beckford,32,2,1,6.0
Tyson Beckford_S32,Tyson Beckford,32,2,2,6.0
Tyson Beckford_S32,Tyson Beckford,32,2,3,6.0
Tyson Beckford_S32,Tyson Beckford,32,3,1,5.0
Tyson Beckford_S32,Tyson Beckford,32,3,2,5.0
Tyson Beckford_S32,Tyson Beckford,32,3,3,5.0
Tyson Beckford_S32,Tyson Beckford,32,3,4,5.0
Tyson Beckford_S32,Tyson Beckford,32,4,1,0.0
Tyson Beckford_S32,Tyson Beckford,32,4,2,0.0
Tyson Beckford_S32,Tyson Beckford,32,4,3,0.0
Tyson Beckford_S32,Tyson Beckford,32,5,1,0.0
Tyson Beckford_S32,Tyson Beckford,32,5,2,0.0
Tyson Beckford_S32,Tyson Beckford,32,5,3,0.0
Tyson Beckford_S32,Tyson Beckford,32,6,1,0.0
Tyson Beckford_S32,Tyson Beckford,32,6,2,0.0
Tyson Beckford_S32,Tyson Beckford,32,6,3,0.0
Tyson Beckford_S32,Tyson Beckford,32,6,4,0.0
Tyson Beckford_S32,Tyson Beckford,32,7,1,0.0
Tyson Beckford_S32,Tyson Beckford,32,7,2,0.0
Tyson Beckford_S32,Tyson Beckford,32,7,3,0.0
Tyson Beckford_S32,Tyson Beckford,32,7,4,0.0
Tyson Beckford_S32,Tyson Beckford,32,8,1,0.0
Tyson Beckford_S32,Tyson Beckford,32,8,2,0.0
Tyson Beckford_S32,Tyson Beckford,32,8,3,0.0
Tyson Beckford_S32,Tyson Beckford,32,8,4,0.0
Tyson Beckford_S32,Tyson Beckford,32,9,1,0.0
Tyson Beckford_S32,Tyson Beckford,32,9,2,0.0
Tyson Beckford_S32,Tyson Beckford,32,9,3,0.0
Tyson Beckford_S32,Tyson Beckford,32,9,4,0.0
Tyson Beckford_S32,Tyson Beckford,32,10,1,0.0
Tyson Beckford_S32,Tyson Beckford,32,10,2,0.0
Tyson Beckford_S32,Tyson Beckford,32,10,3,0.0
Tyson Beckford_S32,Tyson Beckford,32,11,1,0.0
Tyson Beckford_S32,Tyson Beckford,32,11,2,0.0
Tyson Beckford_S32,Tyson Beckford,32,11,3,0.0
Jason Mraz_S32,Jason Mraz,32,1,1,7.0
Jason Mraz_S32,Jason Mraz,32,1,2,7.0
Jason Mraz_S32,Jason Mraz,32,1,3,7.0
Jason Mraz_S32,Jason Mraz,32,2,1,8.0
Jason Mraz_S32,Jason Mraz,32,2,2,8.0
Jason Mraz_S32,Jason Mraz,32,2,3,8.0
Jason Mraz_S32,Jason Mraz,32,3,1,9.0
Jason Mraz_S32,Jason Mraz,32,3,2,8.0
Jason Mraz_S32,Jason Mraz,32,3,3,9.0
Jason Mraz_S32,Jason Mraz,32,3,4,8.0
Jason Mraz_S32,Jason Mraz,32,4,1,8.0
Jason Mraz_S32,Jason Mraz,32,4,2,8.0
Jason Mraz_S32,Jason Mraz,32,4,3,8.0
Jason Mraz_S32,Jason Mraz,32,5,1,9.0
Jason Mraz_S32,Jason Mraz,32,5,2,9.0
Jason Mraz_S32,Jason Mraz,32,5,3,9.0
Jason Mraz_S32,Jason Mraz,32,6,1,9.75
Jason Mraz_S32,Jason Mraz,32,6,2,9.75
Jason Mraz_S32,Jason Mraz,32,6,3,9.75
Jason Mraz_S32,Jason Mraz,32,6,4,9.75
Jason Mraz_S32,Jason Mraz,32,7,1,8.5
Jason Mraz_S32,Jason Mraz,32,7,2,8.5
Jason Mraz_S32,Jason Mraz,32,7,3,10.0
Jason Mraz_S32,Jason Mraz,32,7,4,9.0
Jason Mraz_S32,Jason Mraz,32,8,1,8.0
Jason Mraz_S32,Jason Mraz,32,8,2,9.0
Jason Mraz_S32,Jason Mraz,32,8,3,8.0
Jason Mraz_S32,Jason Mraz,32,8,4,8.0
Jason Mraz_S32,Jason Mraz,32,9,1,10.75
Jason Mraz_S32,Jason Mraz,32,9,2,10.75
Jason Mraz_S32,Jason Mraz,32,9,3,10.75
Jason Mraz_S32,Jason Mraz,32,9,4,10.75
Jason Mraz_S32,Jason Mraz,32,10,1,9.5
Jason Mraz_S32,Jason Mraz,32,10,2,9.5
Jason Mraz_S32,Jason Mraz,32,10,3,9.5
Jason Mraz_S32,Jason Mraz,32,11,1,10.0
Jason Mraz_S32,Jason Mraz,32,11,2,10.0
Jason Mraz_S32,Jason Mraz,32,11,3,10.0
Lele Pons_S32,Lele Pons,32,1,1,6.0
Lele Pons_S32,Lele Pons,32,1,2,7.0
Lele Pons_S32,Lele Pons,32,1,3,6.0
Lele Pons_S32,Lele Pons,32,2,1,7.0
Lele Pons_S32,Lele Pons,32,2,2,7.0
Lele Pons_S32,Lele Pons,32,2,3,7.0
Lele Pons_S32,Lele Pons,32,3,1,7.0
Lele Pons_S32,Lele Pons,32,3,2,6.0
Lele Pons_S32,Lele Pons,32,3,3,7.0
Lele Pons_S32,Lele Pons,32,3,4,7.0
Lele Pons_S32,Lele Pons,32,4,1,7.0
Lele Pons_S32,Lele Pons,32,4,2,7.0
Lele Pons_S32,Lele Pons,32,4,3,8.0
Lele Pons_S32,Lele Pons,32,5,1,8.0
Lele Pons_S32,Lele Pons,32,5,2,8.0
Lele Pons_S32,Lele Pons,32,5,3,8.0
Lele Pons_S32,Lele Pons,32,6,1,9.0
Lele Pons_S32,Lele Pons,32,6,2,9.0
Lele Pons_S32,Lele Pons,32,6,3,9.0
Lele Pons_S32,Lele Pons,32,6,4,10.0
Lele Pons_S32,Lele Pons,32,7,1,9.5
Lele Pons_S32,Lele Pons,32,7,2,9.0
Lele Pons_S32,Lele Pons,32,7,3,9.0
Lele Pons_S32,Lele Pons,32,7,4,9.0
Lele Pons_S32,Lele Pons,32,8,1,0.0
Lele Pons_S32,Lele Pons,32,8,2,0.0
Lele Pons_S32,Lele Pons,32,8,3,0.0
Lele Pons_S32,Lele Pons,32,8,4,0.0
Lele Pons_S32,Lele Pons,32,9,1,0.0
Lele Pons_S32,Lele Pons,32,9,2,0.0
Lele Pons_S32,Lele Pons,32,9,3,0.0
Lele Pons_S32,Lele Pons,32,9,4,0.0
Lele Pons_S32,Lele Pons,32,10,1,0.0
Lele Pons_S32,Lele Pons,32,10,2,0.0
Lele Pons_S32,Lele Pons,32,10,3,0.0
Lele Pons_S32,Lele Pons,32,11,1,0.0
Lele Pons_S32,Lele Pons,32,11,2,0.0
Lele Pons_S32,Lele Pons,32,11,3,0.0
Harry Jowsey_S32,Harry Jowsey,32,1,1,4.0
Harry Jowsey_S32,Harry Jowsey,32,1,2,4.0
Harry Jowsey_S32,Harry Jowsey,32,1,3,4.0
Harry Jowsey_S32,Harry Jowsey,32,2,1,5.0
Harry Jowsey_S32,Harry Jowsey,32,2,2,5.0
Harry Jowsey_S32,Harry Jowsey,32,2,3,5.0
Harry Jowsey_S32,Harry Jowsey,32,3,1,6.0
Harry Jowsey_S32,Harry Jowsey,32,3,2,5.0
Harry Jowsey_S32,Harry Jowsey,32,3,3,7.0
Harry Jowsey_S32,Harry Jowsey,32,3,4,6.0
Harry Jowsey_S32,Harry Jowsey,32,4,1,7.0
Harry Jowsey_S32,Harry Jowsey,32,4,2,7.0
Harry Jowsey_S32,Harry Jowsey,32,4,3,7.0
Harry Jowsey_S32,Harry Jowsey,32,5,1,6.0
Harry Jowsey_S32,Harry Jowsey,32,5,2,6.0
Harry Jowsey_S32,Harry Jowsey,32,5,3,6.0
Harry Jowsey_S32,Harry Jowsey,32,6,1,7.25
Harry Jowsey_S32,Harry Jowsey,32,6,2,7.25
Harry Jowsey_S32,Harry Jowsey,32,6,3,7.25
Harry Jowsey_S32,Harry Jowsey,32,6,4,7.25
Harry Jowsey_S32,Harry Jowsey,32,7,1,8.0
Harry Jowsey_S32,Harry Jowsey,32,7,2,8.0
Harry Jowsey_S32,Harry Jowsey,32,7,3,8.0
Harry Jowsey_S32,Harry Jowsey,32,7,4,8.0
Harry Jowsey_S32,Harry Jowsey,32,8,1,7.0
Harry Jowsey_S32,Harry Jowsey,32,8,2,7.0
Harry Jowsey_S32,Harry Jowsey,32,8,3,7.0
Harry Jowsey_S32,Harry Jowsey,32,8,4,7.0
Harry Jowsey_S32,Harry Jowsey,32,9,1,8.0
Harry Jowsey_S32,Harry Jowsey,32,9,2,7.0
Harry Jowsey_S32,Harry Jowsey,32,9,3,8.0
Harry Jowsey_S32,Harry Jowsey,32,9,4,7.0
Harry Jowsey_S32,Harry Jowsey,32,10,1,0.0
Harry Jowsey_S32,Harry Jowsey,32,10,2,0.0
Harry Jowsey_S32,Harry Jowsey,32,10,3,0.0
Harry Jowsey_S32,Harry Jowsey,32,11,1,0.0
Harry Jowsey_S32,Harry Jowsey,32,11,2,0.0
Harry Jowsey_S32,Harry Jowsey,32,11,3,0.0
Mauricio Umansky_S32,Mauricio Umansky,32,1,1,5.0
Mauricio Umansky_S32,Mauricio Umansky,32,1,2,5.0
Mauricio Umansky_S32,Mauricio Umansky,32,1,3,5.0
Mauricio Umansky_S32,Mauricio Umansky,32,2,1,4.0
Mauricio Umansky_S32,Mauricio Umansky,32,2,2,4.0
Mauricio Umansky_S32,Mauricio Umansky,32,2,3,4.0
Mauricio Umansky_S32,Mauricio Umansky,32,3,1,7.0
Mauricio Umansky_S32,Mauricio Umansky,32,3,2,5.0
Mauricio Umansky_S32,Mauricio Umansky,32,3,3,6.0
Mauricio Umansky_S32,Mauricio Umansky,32,3,4,5.0
Mauricio Umansky_S32,Mauricio Umansky,32,4,1,7.0
Mauricio Umansky_S32,Mauricio Umansky,32,4,2,6.0
Mauricio Umansky_S32,Mauricio Umansky,32,4,3,6.0
Mauricio Umansky_S32,Mauricio Umansky,32,5,1,8.0
Mauricio Umansky_S32,Mauricio Umansky,32,5,2,8.0
Mauricio Umansky_S32,Mauricio Umansky,32,5,3,8.0
Mauricio Umansky_S32,Mauricio Umansky,32,6,1,8.5
Mauricio Umansky_S32,Mauricio Umansky,32,6,2,8.5
Mauricio Umansky_S32,Mauricio Umansky,32,6,3,7.5
Mauricio Umansky_S32,Mauricio Umansky,32,6,4,8.5
Mauricio Umansky_S32,Mauricio Umansky,32,7,1,0.0
Mauricio Umansky_S32,Mauricio Umansky,32,7,2,0.0
Mauricio Umansky_S32,Mauricio Umansky,32,7,3,0.0
Mauricio Umansky_S32,Mauricio Umansky,32,7,4,0.0
Mauricio Umansky_S32,Mauricio Umansky,32,8,1,0.0
Mauricio Umansky_S32,Mauricio Umansky,32,8,2,0.0
Mauricio Umansky_S32,Mauricio Umansky,32,8,3,0.0
Mauricio Umansky_S32,Mauricio Umansky,32,8,4,0.0
Mauricio Umansky_S32,Mauricio Umansky,32,9,1,0.0
Mauricio Umansky_S32,Mauricio Umansky,32,9,2,0.0
Mauricio Umansky_S32,Mauricio Umansky,32,9,3,0.0
Mauricio Umansky_S32,Mauricio Umansky,32,9,4,0.0
Mauricio Umansky_S32,Mauricio Umansky,32,10,1,0.0
Mauricio Umansky_S32,Mauricio Umansky,32,10,2,0.0
Mauricio Umansky_S32,Mauricio Umansky,32,10,3,0.0
Mauricio Umansky_S32,Mauricio Umansky,32,11,1,0.0
Mauricio Umansky_S32,Mauricio Umansky,32,11,2,0.0
Mauricio Umansky_S32,Mauricio Umansky,32,11,3,0.0
Charity Lawson_S32,Charity Lawson,32,1,1,7.0
Charity Lawson_S32,Charity Lawson,32,1,2,7.0
Charity Lawson_S32,Charity Lawson,32,1,3,8.0
Charity Lawson_S32,Charity Lawson,32,2,1,7.0
Charity Lawson_S32,Charity Lawson,32,2,2,7.0
Charity Lawson_S32,Charity Lawson,32,2,3,7.0
Charity Lawson_S32,Charity Lawson,32,3,1,8.0
Charity Lawson_S32,Charity Lawson,32,3,2,8.0
Charity Lawson_S32,Charity Lawson,32,3,3,8.0
Charity Lawson_S32,Charity Lawson,32,3,4,8.0
Charity Lawson_S32,Charity Lawson,32,4,1,8.0
Charity Lawson_S32,Charity Lawson,32,4,2,8.0
Charity Lawson_S32,Charity Lawson,32,4,3,8.0
Charity Lawson_S32,Charity Lawson,32,5,1,10.0
Charity Lawson_S32,Charity Lawson,32,5,2,9.0
Charity Lawson_S32,Charity Lawson,32,5,3,9.0
Charity Lawson_S32,Charity Lawson,32,6,1,9.75
Charity Lawson_S32,Charity Lawson,32,6,2,9.75
Charity Lawson_S32,Charity Lawson,32,6,3,8.75
Charity Lawson_S32,Charity Lawson,32,6,4,9.75
Charity Lawson_S32,Charity Lawson,32,7,1,9.0
Charity Lawson_S32,Charity Lawson,32,7,2,9.0
Charity Lawson_S32,Charity Lawson,32,7,3,9.0
Charity Lawson_S32,Charity Lawson,32,7,4,9.0
Charity Lawson_S32,Charity Lawson,32,8,1,9.75
Charity Lawson_S32,Charity Lawson,32,8,2,9.75
Charity Lawson_S32,Charity Lawson,32,8,3,9.75
Charity Lawson_S32,Charity Lawson,32,8,4,9.75
Charity Lawson_S32,Charity Lawson,32,9,1,9.0
Charity Lawson_S32,Charity Lawson,32,9,2,10.0
Charity Lawson_S32,Charity Lawson,32,9,3,9.0
Charity Lawson_S32,Charity Lawson,32,9,4,10.0
Charity Lawson_S32,Charity Lawson,32,10,1,10.0
Charity Lawson_S32,Charity Lawson,32,10,2,9.5
Charity Lawson_S32,Charity Lawson,32,10,3,10.0
Charity Lawson_S32,Charity Lawson,32,11,1,9.5
Charity Lawson_S32,Charity Lawson,32,11,2,10.0
Charity Lawson_S32,Charity Lawson,32,11,3,10.0
Ariana Madix_S32,Ariana Madix,32,1,1,7.0
Ariana Madix_S32,Ariana Madix,32,1,2,7.0
Ariana Madix_S32,Ariana Madix,32,1,3,7.0
Ariana Madix_S32,Ariana Madix,32,2,1,6.0
Ariana Madix_S32,Ariana Madix,32,2,2,7.0
Ariana Madix_S32,Ariana Madix,32,2,3,7.0
Ariana Madix_S32,Ariana Madix,32,3,1,9.0
Ariana Madix_S32,Ariana Madix,32,3,2,8.0
Ariana Madix_S32,Ariana Madix,32,3,3,9.0
Ariana Madix_S32,Ariana Madix,32,3,4,8.0
Ariana Madix_S32,Ariana Madix,32,4,1,8.0
Ariana Madix_S32,Ariana Madix,32,4,2,9.0
Ariana Madix_S32,Ariana Madix,32,4,3,8.0
Ariana Madix_S32,Ariana Madix,32,5,1,8.0
Ariana Madix_S32,Ariana Madix,32,5,2,8.0
Ariana Madix_S32,Ariana Madix,32,5,3,8.0
Ariana Madix_S32,Ariana Madix,32,6,1,10.0
Ariana Madix_S32,Ariana Madix,32,6,2,10.0
Ariana Madix_S32,Ariana Madix,32,6,3,10.0
Ariana Madix_S32,Ariana Madix,32,6,4,11.0
Ariana Madix_S32,Ariana Madix,32,7,1,9.0
Ariana Madix_S32,Ariana Madix,32,7,2,9.0
Ariana Madix_S32,Ariana Madix,32,7,3,10.0
Ariana Madix_S32,Ariana Madix,32,7,4,9.0
Ariana Madix_S32,Ariana Madix,32,8,1,9.75
Ariana Madix_S32,Ariana Madix,32,8,2,10.75
Ariana Madix_S32,Ariana Madix,32,8,3,10.75
Ariana Madix_S32,Ariana Madix,32,8,4,10.75
Ariana Madix_S32,Ariana Madix,32,9,1,9.0
Ariana Madix_S32,Ariana Madix,32,9,2,9.0
Ariana Madix_S32,Ariana Madix,32,9,3,9.0
Ariana Madix_S32,Ariana Madix,32,9,4,10.0
Ariana Madix_S32,Ariana Madix,32,10,1,9.5
Ariana Madix_S32,Ariana Madix,32,10,2,9.5
Ariana Madix_S32,Ariana Madix,32,10,3,10.0
Ariana Madix_S32,Ariana Madix,32,11,1,9.5
Ariana Madix_S32,Ariana Madix,32,11,2,10.0
Ariana Madix_S32,Ariana Madix,32,11,3,10.0
Tori Spelling_S33,Tori Spelling,33,1,1,6.0
Tori Spelling_S33,Tori Spelling,33,1,2,6.0
Tori Spelling_S33,Tori Spelling,33,1,3,5.0
Tori Spelling_S33,Tori Spelling,33,2,1,7.0
Tori Spelling_S33,Tori Spelling,33,2,2,6.0
Tori Spelling_S33,Tori Spelling,33,2,3,6.0
Tori Spelling_S33,Tori Spelling,33,3,1,0.0
Tori Spelling_S33,Tori Spelling,33,3,2,0.0
Tori Spelling_S33,Tori Spelling,33,3,3,0.0
Tori Spelling_S33,Tori Spelling,33,3,4,0.0
Tori Spelling_S33,Tori Spelling,33,4,1,0.0
Tori Spelling_S33,Tori Spelling,33,4,2,0.0
Tori Spelling_S33,Tori Spelling,33,4,3,0.0
Tori Spelling_S33,Tori Spelling,33,4,4,0.0
Tori Spelling_S33,Tori Spelling,33,5,1,0.0
Tori Spelling_S33,Tori Spelling,33,5,2,0.0
Tori Spelling_S33,Tori Spelling,33,5,3,0.0
Tori Spelling_S33,Tori Spelling,33,6,1,0.0
Tori Spelling_S33,Tori Spelling,33,6,2,0.0
Tori Spelling_S33,Tori Spelling,33,6,3,0.0
Tori Spelling_S33,Tori Spelling,33,7,1,0.0
Tori Spelling_S33,Tori Spelling,33,7,2,0.0
Tori Spelling_S33,Tori Spelling,33,7,3,0.0
Tori Spelling_S33,Tori Spelling,33,8,1,0.0
Tori Spelling_S33,Tori Spelling,33,8,2,0.0
Tori Spelling_S33,Tori Spelling,33,8,3,0.0
Tori Spelling_S33,Tori Spelling,33,9,1,0.0
Tori Spelling_S33,Tori Spelling,33,9,2,0.0
Tori Spelling_S33,Tori Spelling,33,9,3,0.0
Eric Roberts_S33,Eric Roberts,33,1,1,5.0
Eric Roberts_S33,Eric Roberts,33,1,2,5.0
Eric Roberts_S33,Eric Roberts,33,1,3,5.0
Eric Roberts_S33,Eric Roberts,33,2,1,6.0
Eric Roberts_S33,Eric Roberts,33,2,2,4.0
Eric Roberts_S33,Eric Roberts,33,2,3,5.0
Eric Roberts_S33,Eric Roberts,33,3,1,6.5
Eric Roberts_S33,Eric Roberts,33,3,2,5.5
Eric Roberts_S33,Eric Roberts,33,3,3,5.5
Eric Roberts_S33,Eric Roberts,33,3,4,5.5
Eric Roberts_S33,Eric Roberts,33,4,1,0.0
Eric Roberts_S33,Eric Roberts,33,4,2,0.0
Eric Roberts_S33,Eric Roberts,33,4,3,0.0
Eric Roberts_S33,Eric Roberts,33,4,4,0.0
Eric Roberts_S33,Eric Roberts,33,5,1,0.0
Eric Roberts_S33,Eric Roberts,33,5,2,0.0
Eric Roberts_S33,Eric Roberts,33,5,3,0.0
Eric Roberts_S33,Eric Roberts,33,6,1,0.0
Eric Roberts_S33,Eric Roberts,33,6,2,0.0
Eric Roberts_S33,Eric Roberts,33,6,3,0.0
Eric Roberts_S33,Eric Roberts,33,7,1,0.0
Eric Roberts_S33,Eric Roberts,33,7,2,0.0
Eric Roberts_S33,Eric Roberts,33,7,3,0.0
Eric Roberts_S33,Eric Roberts,33,8,1,0.0
Eric Roberts_S33,Eric Roberts,33,8,2,0.0
Eric Roberts_S33,Eric Roberts,33,8,3,0.0
Eric Roberts_S33,Eric Roberts,33,9,1,0.0
Eric Roberts_S33,Eric Roberts,33,9,2,0.0
Eric Roberts_S33,Eric Roberts,33,9,3,0.0
Reginald VelJohnson_S33,Reginald VelJohnson,33,1,1,6.0
Reginald VelJohnson_S33,Reginald VelJohnson,33,1,2,5.0
Reginald VelJohnson_S33,Reginald VelJohnson,33,1,3,5.0
Reginald VelJohnson_S33,Reginald VelJohnson,33,2,1,6.0
Reginald VelJohnson_S33,Reginald VelJohnson,33,2,2,4.0
Reginald VelJohnson_S33,Reginald VelJohnson,33,2,3,5.0
Reginald VelJohnson_S33,Reginald VelJohnson,33,3,1,6.0
Reginald VelJohnson_S33,Reginald VelJohnson,33,3,2,5.0
Reginald VelJohnson_S33,Reginald VelJohnson,33,3,3,5.0
Reginald VelJohnson_S33,Reginald VelJohnson,33,3,4,5.0
Reginald VelJohnson_S33,Reginald VelJohnson,33,4,1,0.0
Reginald VelJohnson_S33,Reginald VelJohnson,33,4,2,0.0
Reginald VelJohnson_S33,Reginald VelJohnson,33,4,3,0.0
Reginald VelJohnson_S33,Reginald VelJohnson,33,4,4,0.0
Reginald VelJohnson_S33,Reginald VelJohnson,33,5,1,0.0
Reginald VelJohnson_S33,Reginald VelJohnson,33,5,2,0.0
Reginald VelJohnson_S33,Reginald VelJohnson,33,5,3,0.0
Reginald VelJohnson_S33,Reginald VelJohnson,33,6,1,0.0
Reginald VelJohnson_S33,Reginald VelJohnson,33,6,2,0.0
Reginald VelJohnson_S33,Reginald VelJohnson,33,6,3,0.0
Reginald VelJohnson_S33,Reginald VelJohnson,33,7,1,0.0
Reginald VelJohnson_S33,Reginald VelJohnson,33,7,2,0.0
Reginald VelJohnson_S33,Reginald VelJohnson,33,7,3,0.0
Reginald VelJohnson_S33,Reginald VelJohnson,33,8,1,0.0
Reginald VelJohnson_S33,Reginald VelJohnson,33,8,2,0.0
Reginald VelJohnson_S33,Reginald VelJohnson,33,8,3,0.0
Reginald VelJohnson_S33,Reginald VelJohnson,33,9,1,0.0
Reginald VelJohnson_S33,Reginald VelJohnson,33,9,2,0.0
Reginald VelJohnson_S33,Reginald VelJohnson,33,9,3,0.0
Chandler Kinney_S33,Chandler Kinney,33,1,1,8.0
Chandler Kinney_S33,Chandler Kinney,33,1,2,7.0
Chandler Kinney_S33,Chandler Kinney,33,1,3,8.0
Chandler Kinney_S33,Chandler Kinney,33,2,1,8.0
Chandler Kinney_S33,Chandler Kinney,33,2,2,8.0
Chandler Kinney_S33,Chandler Kinney,33,2,3,8.0
Chandler Kinney_S33,Chandler Kinney,33,3,1,8.5
Chandler Kinney_S33,Chandler Kinney,33,3,2,8.5
Chandler Kinney_S33,Chandler Kinney,33,3,3,9.0
Chandler Kinney_S33,Chandler Kinney,33,3,4,8.5
Chandler Kinney_S33,Chandler Kinney,33,4,1,8.0
Chandler Kinney_S33,Chandler Kinney,33,4,2,8.0
Chandler Kinney_S33,Chandler Kinney,33,4,3,8.0
Chandler Kinney_S33,Chandler Kinney,33,4,4,8.0
Chandler Kinney_S33,Chandler Kinney,33,5,1,9.0
Chandler Kinney_S33,Chandler Kinney,33,5,2,9.0
Chandler Kinney_S33,Chandler Kinney,33,5,3,9.0
Chandler Kinney_S33,Chandler Kinney,33,6,1,10.0
Chandler Kinney_S33,Chandler Kinney,33,6,2,11.0
Chandler Kinney_S33,Chandler Kinney,33,6,3,11.0
Chandler Kinney_S33,Chandler Kinney,33,7,1,10.0
Chandler Kinney_S33,Chandler Kinney,33,7,2,10.0
Chandler Kinney_S33,Chandler Kinney,33,7,3,10.0
Chandler Kinney_S33,Chandler Kinney,33,8,1,9.5
Chandler Kinney_S33,Chandler Kinney,33,8,2,9.5
Chandler Kinney_S33,Chandler Kinney,33,8,3,10.0
Chandler Kinney_S33,Chandler Kinney,33,9,1,10.0
Chandler Kinney_S33,Chandler Kinney,33,9,2,10.0
Chandler Kinney_S33,Chandler Kinney,33,9,3,10.0
Dwight Howard _S33,Dwight Howard ,33,1,1,8.0
Dwight Howard _S33,Dwight Howard ,33,1,2,7.0
Dwight Howard _S33,Dwight Howard ,33,1,3,7.0
Dwight Howard _S33,Dwight Howard ,33,2,1,8.0
Dwight Howard _S33,Dwight Howard ,33,2,2,7.0
Dwight Howard _S33,Dwight Howard ,33,2,3,7.0
Dwight Howard _S33,Dwight Howard ,33,3,1,7.0
Dwight Howard _S33,Dwight Howard ,33,3,2,6.5
Dwight Howard _S33,Dwight Howard ,33,3,3,6.0
Dwight Howard _S33,Dwight Howard ,33,3,4,6.5
Dwight Howard _S33,Dwight Howard ,33,4,1,7.0
Dwight Howard _S33,Dwight Howard ,33,4,2,8.0
Dwight Howard _S33,Dwight Howard ,33,4,3,7.0
Dwight Howard _S33,Dwight Howard ,33,4,4,7.0
Dwight Howard _S33,Dwight Howard ,33,5,1,8.0
Dwight Howard _S33,Dwight Howard ,33,5,2,8.0
Dwight Howard _S33,Dwight Howard ,33,5,3,8.0
Dwight Howard _S33,Dwight Howard ,33,6,1,11.0
Dwight Howard _S33,Dwight Howard ,33,6,2,10.0
Dwight Howard _S33,Dwight Howard ,33,6,3,10.0
Dwight Howard _S33,Dwight Howard ,33,7,1,8.0
Dwight Howard _S33,Dwight Howard ,33,7,2,8.0
Dwight Howard _S33,Dwight Howard ,33,7,3,8.0
Dwight Howard _S33,Dwight Howard ,33,8,1,0.0
Dwight Howard _S33,Dwight Howard ,33,8,2,0.0
Dwight Howard _S33,Dwight Howard ,33,8,3,0.0
Dwight Howard _S33,Dwight Howard ,33,9,1,0.0
Dwight Howard _S33,Dwight Howard ,33,9,2,0.0
Dwight Howard _S33,Dwight Howard ,33,9,3,0.0
Danny Amendola_S33,Danny Amendola,33,1,1,7.0
Danny Amendola_S33,Danny Amendola,33,1,2,6.0
Danny Amendola_S33,Danny Amendola,33,1,3,7.0
Danny Amendola_S33,Danny Amendola,33,2,1,7.0
Danny Amendola_S33,Danny Amendola,33,2,2,7.0
Danny Amendola_S33,Danny Amendola,33,2,3,7.0
Danny Amendola_S33,Danny Amendola,33,3,1,7.5
Danny Amendola_S33,Danny Amendola,33,3,2,7.5
Danny Amendola_S33,Danny Amendola,33,3,3,8.0
Danny Amendola_S33,Danny Amendola,33,3,4,7.0
Danny Amendola_S33,Danny Amendola,33,4,1,9.0
Danny Amendola_S33,Danny Amendola,33,4,2,9.0
Danny Amendola_S33,Danny Amendola,33,4,3,9.0
Danny Amendola_S33,Danny Amendola,33,4,4,9.0
Danny Amendola_S33,Danny Amendola,33,5,1,8.5
Danny Amendola_S33,Danny Amendola,33,5,2,8.5
Danny Amendola_S33,Danny Amendola,33,5,3,8.5
Danny Amendola_S33,Danny Amendola,33,6,1,10.0
Danny Amendola_S33,Danny Amendola,33,6,2,9.0
Danny Amendola_S33,Danny Amendola,33,6,3,9.0
Danny Amendola_S33,Danny Amendola,33,7,1,8.5
Danny Amendola_S33,Danny Amendola,33,7,2,8.5
Danny Amendola_S33,Danny Amendola,33,7,3,8.5
Danny Amendola_S33,Danny Amendola,33,8,1,9.0
Danny Amendola_S33,Danny Amendola,33,8,2,9.0
Danny Amendola_S33,Danny Amendola,33,8,3,9.0
Danny Amendola_S33,Danny Amendola,33,9,1,9.0
Danny Amendola_S33,Danny Amendola,33,9,2,9.5
Danny Amendola_S33,Danny Amendola,33,9,3,9.5
Stephen Nedoroscik_S33,Stephen Nedoroscik,33,1,1,7.0
Stephen Nedoroscik_S33,Stephen Nedoroscik,33,1,2,7.0
Stephen Nedoroscik_S33,Stephen Nedoroscik,33,1,3,7.0
Stephen Nedoroscik_S33,Stephen Nedoroscik,33,2,1,8.0
Stephen Nedoroscik_S33,Stephen Nedoroscik,33,2,2,7.0
Stephen Nedoroscik_S33,Stephen Nedoroscik,33,2,3,7.0
Stephen Nedoroscik_S33,Stephen Nedoroscik,33,3,1,8.0
Stephen Nedoroscik_S33,Stephen Nedoroscik,33,3,2,8.0
Stephen Nedoroscik_S33,Stephen Nedoroscik,33,3,3,7.5
Stephen Nedoroscik_S33,Stephen Nedoroscik,33,3,4,7.5
Stephen Nedoroscik_S33,Stephen Nedoroscik,33,4,1,8.0
Stephen Nedoroscik_S33,Stephen Nedoroscik,33,4,2,9.0
Stephen Nedoroscik_S33,Stephen Nedoroscik,33,4,3,8.0
Stephen Nedoroscik_S33,Stephen Nedoroscik,33,4,4,8.0
Stephen Nedoroscik_S33,Stephen Nedoroscik,33,5,1,8.0
Stephen Nedoroscik_S33,Stephen Nedoroscik,33,5,2,8.0
Stephen Nedoroscik_S33,Stephen Nedoroscik,33,5,3,8.0
Stephen Nedoroscik_S33,Stephen Nedoroscik,33,6,1,10.0
Stephen Nedoroscik_S33,Stephen Nedoroscik,33,6,2,9.0
Stephen Nedoroscik_S33,Stephen Nedoroscik,33,6,3,9.0
Stephen Nedoroscik_S33,Stephen Nedoroscik,33,7,1,9.5
Stephen Nedoroscik_S33,Stephen Nedoroscik,33,7,2,9.0
Stephen Nedoroscik_S33,Stephen Nedoroscik,33,7,3,8.5
Stephen Nedoroscik_S33,Stephen Nedoroscik,33,8,1,9.0
Stephen Nedoroscik_S33,Stephen Nedoroscik,33,8,2,8.5
Stephen Nedoroscik_S33,Stephen Nedoroscik,33,8,3,9.0
Stephen Nedoroscik_S33,Stephen Nedoroscik,33,9,1,10.0
Stephen Nedoroscik_S33,Stephen Nedoroscik,33,9,2,9.5
Stephen Nedoroscik_S33,Stephen Nedoroscik,33,9,3,10.0
Ilona Maher_S33,Ilona Maher,33,1,1,6.0
Ilona Maher_S33,Ilona Maher,33,1,2,6.0
Ilona Maher_S33,Ilona Maher,33,1,3,6.0
Ilona Maher_S33,Ilona Maher,33,2,1,7.0
Ilona Maher_S33,Ilona Maher,33,2,2,7.0
Ilona Maher_S33,Ilona Maher,33,2,3,7.0
Ilona Maher_S33,Ilona Maher,33,3,1,7.5
Ilona Maher_S33,Ilona Maher,33,3,2,7.0
Ilona Maher_S33,Ilona Maher,33,3,3,7.0
Ilona Maher_S33,Ilona Maher,33,3,4,6.5
Ilona Maher_S33,Ilona Maher,33,4,1,8.0
Ilona Maher_S33,Ilona Maher,33,4,2,8.0
Ilona Maher_S33,Ilona Maher,33,4,3,8.0
Ilona Maher_S33,Ilona Maher,33,4,4,8.0
Ilona Maher_S33,Ilona Maher,33,5,1,9.0
Ilona Maher_S33,Ilona Maher,33,5,2,8.5
Ilona Maher_S33,Ilona Maher,33,5,3,8.5
Ilona Maher_S33,Ilona Maher,33,6,1,8.0
Ilona Maher_S33,Ilona Maher,33,6,2,8.0
Ilona Maher_S33,Ilona Maher,33,6,3,8.0
Ilona Maher_S33,Ilona Maher,33,7,1,9.0
Ilona Maher_S33,Ilona Maher,33,7,2,8.5
Ilona Maher_S33,Ilona Maher,33,7,3,8.5
Ilona Maher_S33,Ilona Maher,33,8,1,9.5
Ilona Maher_S33,Ilona Maher,33,8,2,9.5
Ilona Maher_S33,Ilona Maher,33,8,3,9.5
Ilona Maher_S33,Ilona Maher,33,9,1,9.5
Ilona Maher_S33,Ilona Maher,33,9,2,9.5
Ilona Maher_S33,Ilona Maher,33,9,3,9.5
Anna Delvey_S33,Anna Delvey,33,1,1,6.0
Anna Delvey_S33,Anna Delvey,33,1,2,6.0
Anna Delvey_S33,Anna Delvey,33,1,3,6.0
Anna Delvey_S33,Anna Delvey,33,2,1,6.0
Anna Delvey_S33,Anna Delvey,33,2,2,5.0
Anna Delvey_S33,Anna Delvey,33,2,3,6.0
Anna Delvey_S33,Anna Delvey,33,3,1,0.0
Anna Delvey_S33,Anna Delvey,33,3,2,0.0
Anna Delvey_S33,Anna Delvey,33,3,3,0.0
Anna Delvey_S33,Anna Delvey,33,3,4,0.0
Anna Delvey_S33,Anna Delvey,33,4,1,0.0
Anna Delvey_S33,Anna Delvey,33,4,2,0.0
Anna Delvey_S33,Anna Delvey,33,4,3,0.0
Anna Delvey_S33,Anna Delvey,33,4,4,0.0
Anna Delvey_S33,Anna Delvey,33,5,1,0.0
Anna Delvey_S33,Anna Delvey,33,5,2,0.0
Anna Delvey_S33,Anna Delvey,33,5,3,0.0
Anna Delvey_S33,Anna Delvey,33,6,1,0.0
Anna Delvey_S33,Anna Delvey,33,6,2,0.0
Anna Delvey_S33,Anna Delvey,33,6,3,0.0
Anna Delvey_S33,Anna Delvey,33,7,1,0.0
Anna Delvey_S33,Anna Delvey,33,7,2,0.0
Anna Delvey_S33,Anna Delvey,33,7,3,0.0
Anna Delvey_S33,Anna Delvey,33,8,1,0.0
Anna Delvey_S33,Anna Delvey,33,8,2,0.0
Anna Delvey_S33,Anna Delvey,33,8,3,0.0
Anna Delvey_S33,Anna Delvey,33,9,1,0.0
Anna Delvey_S33,Anna Delvey,33,9,2,0.0
Anna Delvey_S33,Anna Delvey,33,9,3,0.0
Brooks Nader_S33,Brooks Nader,33,1,1,6.0
Brooks Nader_S33,Brooks Nader,33,1,2,6.0
Brooks Nader_S33,Brooks Nader,33,1,3,6.0
Brooks Nader_S33,Brooks Nader,33,2,1,7.0
Brooks Nader_S33,Brooks Nader,33,2,2,6.0
Brooks Nader_S33,Brooks Nader,33,2,3,7.0
Brooks Nader_S33,Brooks Nader,33,3,1,7.5
Brooks Nader_S33,Brooks Nader,33,3,2,7.5
Brooks Nader_S33,Brooks Nader,33,3,3,8.0
Brooks Nader_S33,Brooks Nader,33,3,4,7.5
Brooks Nader_S33,Brooks Nader,33,4,1,8.0
Brooks Nader_S33,Brooks Nader,33,4,2,8.0
Brooks Nader_S33,Brooks Nader,33,4,3,8.0
Brooks Nader_S33,Brooks Nader,33,4,4,8.0
Brooks Nader_S33,Brooks Nader,33,5,1,0.0
Brooks Nader_S33,Brooks Nader,33,5,2,0.0
Brooks Nader_S33,Brooks Nader,33,5,3,0.0
Brooks Nader_S33,Brooks Nader,33,6,1,0.0
Brooks Nader_S33,Brooks Nader,33,6,2,0.0
Brooks Nader_S33,Brooks Nader,33,6,3,0.0
Brooks Nader_S33,Brooks Nader,33,7,1,0.0
Brooks Nader_S33,Brooks Nader,33,7,2,0.0
Brooks Nader_S33,Brooks Nader,33,7,3,0.0
Brooks Nader_S33,Brooks Nader,33,8,1,0.0
Brooks Nader_S33,Brooks Nader,33,8,2,0.0
Brooks Nader_S33,Brooks Nader,33,8,3,0.0
Brooks Nader_S33,Brooks Nader,33,9,1,0.0
Brooks Nader_S33,Brooks Nader,33,9,2,0.0
Brooks Nader_S33,Brooks Nader,33,9,3,0.0
Phaedra Parks_S33,Phaedra Parks,33,1,1,7.0
Phaedra Parks_S33,Phaedra Parks,33,1,2,6.0
Phaedra Parks_S33,Phaedra Parks,33,1,3,6.0
Phaedra Parks_S33,Phaedra Parks,33,2,1,7.0
Phaedra Parks_S33,Phaedra Parks,33,2,2,7.0
Phaedra Parks_S33,Phaedra Parks,33,2,3,7.0
Phaedra Parks_S33,Phaedra Parks,33,3,1,7.5
Phaedra Parks_S33,Phaedra Parks,33,3,2,7.5
Phaedra Parks_S33,Phaedra Parks,33,3,3,6.0
Phaedra Parks_S33,Phaedra Parks,33,3,4,7.0
Phaedra Parks_S33,Phaedra Parks,33,4,1,8.0
Phaedra Parks_S33,Phaedra Parks,33,4,2,8.0
Phaedra Parks_S33,Phaedra Parks,33,4,3,8.0
Phaedra Parks_S33,Phaedra Parks,33,4,4,8.0
Phaedra Parks_S33,Phaedra Parks,33,5,1,8.0
Phaedra Parks_S33,Phaedra Parks,33,5,2,8.0
Phaedra Parks_S33,Phaedra Parks,33,5,3,8.0
Phaedra Parks_S33,Phaedra Parks,33,6,1,0.0
Phaedra Parks_S33,Phaedra Parks,33,6,2,0.0
Phaedra Parks_S33,Phaedra Parks,33,6,3,0.0
Phaedra Parks_S33,Phaedra Parks,33,7,1,0.0
Phaedra Parks_S33,Phaedra Parks,33,7,2,0.0
Phaedra Parks_S33,Phaedra Parks,33,7,3,0.0
Phaedra Parks_S33,Phaedra Parks,33,8,1,0.0
Phaedra Parks_S33,Phaedra Parks,33,8,2,0.0
Phaedra Parks_S33,Phaedra Parks,33,8,3,0.0
Phaedra Parks_S33,Phaedra Parks,33,9,1,0.0
Phaedra Parks_S33,Phaedra Parks,33,9,2,0.0
Phaedra Parks_S33,Phaedra Parks,33,9,3,0.0
Jenn Tran_S33,Jenn Tran,33,1,1,7.0
Jenn Tran_S33,Jenn Tran,33,1,2,6.0
Jenn Tran_S33,Jenn Tran,33,1,3,6.0
Jenn Tran_S33,Jenn Tran,33,2,1,6.0
Jenn Tran_S33,Jenn Tran,33,2,2,6.0
Jenn Tran_S33,Jenn Tran,33,2,3,7.0
Jenn Tran_S33,Jenn Tran,33,3,1,8.0
Jenn Tran_S33,Jenn Tran,33,3,2,8.0
Jenn Tran_S33,Jenn Tran,33,3,3,7.0
Jenn Tran_S33,Jenn Tran,33,3,4,8.0
Jenn Tran_S33,Jenn Tran,33,4,1,8.0
Jenn Tran_S33,Jenn Tran,33,4,2,8.0
Jenn Tran_S33,Jenn Tran,33,4,3,8.0
Jenn Tran_S33,Jenn Tran,33,4,4,8.0
Jenn Tran_S33,Jenn Tran,33,5,1,8.5
Jenn Tran_S33,Jenn Tran,33,5,2,8.5
Jenn Tran_S33,Jenn Tran,33,5,3,8.5
Jenn Tran_S33,Jenn Tran,33,6,1,11.0
Jenn Tran_S33,Jenn Tran,33,6,2,10.0
Jenn Tran_S33,Jenn Tran,33,6,3,10.0
Jenn Tran_S33,Jenn Tran,33,7,1,0.0
Jenn Tran_S33,Jenn Tran,33,7,2,0.0
Jenn Tran_S33,Jenn Tran,33,7,3,0.0
Jenn Tran_S33,Jenn Tran,33,8,1,0.0
Jenn Tran_S33,Jenn Tran,33,8,2,0.0
Jenn Tran_S33,Jenn Tran,33,8,3,0.0
Jenn Tran_S33,Jenn Tran,33,9,1,0.0
Jenn Tran_S33,Jenn Tran,33,9,2,0.0
Jenn Tran_S33,Jenn Tran,33,9,3,0.0
Joey Graziadei_S33,Joey Graziadei,33,1,1,7.0
Joey Graziadei_S33,Joey Graziadei,33,1,2,7.0
Joey Graziadei_S33,Joey Graziadei,33,1,3,7.0
Joey Graziadei_S33,Joey Graziadei,33,2,1,8.0
Joey Graziadei_S33,Joey Graziadei,33,2,2,7.0
Joey Graziadei_S33,Joey Graziadei,33,2,3,7.0
Joey Graziadei_S33,Joey Graziadei,33,3,1,9.0
Joey Graziadei_S33,Joey Graziadei,33,3,2,9.0
Joey Graziadei_S33,Joey Graziadei,33,3,3,8.5
Joey Graziadei_S33,Joey Graziadei,33,3,4,8.5
Joey Graziadei_S33,Joey Graziadei,33,4,1,9.0
Joey Graziadei_S33,Joey Graziadei,33,4,2,9.0
Joey Graziadei_S33,Joey Graziadei,33,4,3,9.0
Joey Graziadei_S33,Joey Graziadei,33,4,4,9.0
Joey Graziadei_S33,Joey Graziadei,33,5,1,8.5
Joey Graziadei_S33,Joey Graziadei,33,5,2,8.5
Joey Graziadei_S33,Joey Graziadei,33,5,3,9.0
Joey Graziadei_S33,Joey Graziadei,33,6,1,11.0
Joey Graziadei_S33,Joey Graziadei,33,6,2,10.0
Joey Graziadei_S33,Joey Graziadei,33,6,3,11.0
Joey Graziadei_S33,Joey Graziadei,33,7,1,9.0
Joey Graziadei_S33,Joey Graziadei,33,7,2,9.5
Joey Graziadei_S33,Joey Graziadei,33,7,3,9.0
Joey Graziadei_S33,Joey Graziadei,33,8,1,9.5
Joey Graziadei_S33,Joey Graziadei,33,8,2,10.0
Joey Graziadei_S33,Joey Graziadei,33,8,3,9.5
Joey Graziadei_S33,Joey Graziadei,33,9,1,9.5
Joey Graziadei_S33,Joey Graziadei,33,9,2,10.0
Joey Graziadei_S33,Joey Graziadei,33,9,3,10.0
Corey Feldman_S34,Corey Feldman,34,1,1,4.0
Corey Feldman_S34,Corey Feldman,34,1,2,5.0
Corey Feldman_S34,Corey Feldman,34,2,1,5.0
Corey Feldman_S34,Corey Feldman,34,2,2,5.0
Corey Feldman_S34,Corey Feldman,34,2,3,5.0
Corey Feldman_S34,Corey Feldman,34,3,1,0.0
Corey Feldman_S34,Corey Feldman,34,3,2,0.0
Corey Feldman_S34,Corey Feldman,34,3,3,0.0
Corey Feldman_S34,Corey Feldman,34,4,1,0.0
Corey Feldman_S34,Corey Feldman,34,4,2,0.0
Corey Feldman_S34,Corey Feldman,34,4,3,0.0
Corey Feldman_S34,Corey Feldman,34,5,1,0.0
Corey Feldman_S34,Corey Feldman,34,5,2,0.0
Corey Feldman_S34,Corey Feldman,34,5,3,0.0
Corey Feldman_S34,Corey Feldman,34,5,4,0.0
Corey Feldman_S34,Corey Feldman,34,6,1,0.0
Corey Feldman_S34,Corey Feldman,34,6,2,0.0
Corey Feldman_S34,Corey Feldman,34,6,3,0.0
Corey Feldman_S34,Corey Feldman,34,6,4,0.0
Corey Feldman_S34,Corey Feldman,34,7,1,0.0
Corey Feldman_S34,Corey Feldman,34,7,2,0.0
Corey Feldman_S34,Corey Feldman,34,7,3,0.0
Corey Feldman_S34,Corey Feldman,34,7,4,0.0
Corey Feldman_S34,Corey Feldman,34,8,1,0.0
Corey Feldman_S34,Corey Feldman,34,8,2,0.0
Corey Feldman_S34,Corey Feldman,34,8,3,0.0
Corey Feldman_S34,Corey Feldman,34,8,4,0.0
Corey Feldman_S34,Corey Feldman,34,9,1,0.0
Corey Feldman_S34,Corey Feldman,34,9,2,0.0
Corey Feldman_S34,Corey Feldman,34,9,3,0.0
Corey Feldman_S34,Corey Feldman,34,9,4,0.0
Corey Feldman_S34,Corey Feldman,34,10,1,0.0
Corey Feldman_S34,Corey Feldman,34,10,2,0.0
Corey Feldman_S34,Corey Feldman,34,10,3,0.0
Corey Feldman_S34,Corey Feldman,34,11,1,0.0
Corey Feldman_S34,Corey Feldman,34,11,2,0.0
Corey Feldman_S34,Corey Feldman,34,11,3,0.0
Danielle Fishel_S34,Danielle Fishel,34,1,1,6.0
Danielle Fishel_S34,Danielle Fishel,34,1,2,6.0
Danielle Fishel_S34,Danielle Fishel,34,2,1,7.0
Danielle Fishel_S34,Danielle Fishel,34,2,2,6.0
Danielle Fishel_S34,Danielle Fishel,34,2,3,6.0
Danielle Fishel_S34,Danielle Fishel,34,3,1,7.0
Danielle Fishel_S34,Danielle Fishel,34,3,2,7.0
Danielle Fishel_S34,Danielle Fishel,34,3,3,7.0
Danielle Fishel_S34,Danielle Fishel,34,4,1,7.0
Danielle Fishel_S34,Danielle Fishel,34,4,2,7.0
Danielle Fishel_S34,Danielle Fishel,34,4,3,7.0
Danielle Fishel_S34,Danielle Fishel,34,5,1,7.0
Danielle Fishel_S34,Danielle Fishel,34,5,2,7.0
Danielle Fishel_S34,Danielle Fishel,34,5,3,7.0
Danielle Fishel_S34,Danielle Fishel,34,5,4,8.0
Danielle Fishel_S34,Danielle Fishel,34,6,1,9.0
Danielle Fishel_S34,Danielle Fishel,34,6,2,9.0
Danielle Fishel_S34,Danielle Fishel,34,6,3,9.0
Danielle Fishel_S34,Danielle Fishel,34,6,4,9.0
Danielle Fishel_S34,Danielle Fishel,34,7,1,8.5
Danielle Fishel_S34,Danielle Fishel,34,7,2,8.5
Danielle Fishel_S34,Danielle Fishel,34,7,3,8.5
Danielle Fishel_S34,Danielle Fishel,34,7,4,9.5
Danielle Fishel_S34,Danielle Fishel,34,8,1,9.5
Danielle Fishel_S34,Danielle Fishel,34,8,2,9.0
Danielle Fishel_S34,Danielle Fishel,34,8,3,9.5
Danielle Fishel_S34,Danielle Fishel,34,8,4,9.0
Danielle Fishel_S34,Danielle Fishel,34,9,1,0.0
Danielle Fishel_S34,Danielle Fishel,34,9,2,0.0
Danielle Fishel_S34,Danielle Fishel,34,9,3,0.0
Danielle Fishel_S34,Danielle Fishel,34,9,4,0.0
Danielle Fishel_S34,Danielle Fishel,34,10,1,0.0
Danielle Fishel_S34,Danielle Fishel,34,10,2,0.0
Danielle Fishel_S34,Danielle Fishel,34,10,3,0.0
Danielle Fishel_S34,Danielle Fishel,34,11,1,0.0
Danielle Fishel_S34,Danielle Fishel,34,11,2,0.0
Danielle Fishel_S34,Danielle Fishel,34,11,3,0.0
Elaine Hendrix_S34,Elaine Hendrix,34,1,1,6.0
Elaine Hendrix_S34,Elaine Hendrix,34,1,2,6.0
Elaine Hendrix_S34,Elaine Hendrix,34,2,1,7.0
Elaine Hendrix_S34,Elaine Hendrix,34,2,2,7.0
Elaine Hendrix_S34,Elaine Hendrix,34,2,3,7.0
Elaine Hendrix_S34,Elaine Hendrix,34,3,1,7.0
Elaine Hendrix_S34,Elaine Hendrix,34,3,2,7.0
Elaine Hendrix_S34,Elaine Hendrix,34,3,3,7.0
Elaine Hendrix_S34,Elaine Hendrix,34,4,1,8.0
Elaine Hendrix_S34,Elaine Hendrix,34,4,2,8.0
Elaine Hendrix_S34,Elaine Hendrix,34,4,3,8.0
Elaine Hendrix_S34,Elaine Hendrix,34,5,1,8.0
Elaine Hendrix_S34,Elaine Hendrix,34,5,2,7.0
Elaine Hendrix_S34,Elaine Hendrix,34,5,3,7.0
Elaine Hendrix_S34,Elaine Hendrix,34,5,4,8.0
Elaine Hendrix_S34,Elaine Hendrix,34,6,1,9.0
Elaine Hendrix_S34,Elaine Hendrix,34,6,2,9.0
Elaine Hendrix_S34,Elaine Hendrix,34,6,3,9.0
Elaine Hendrix_S34,Elaine Hendrix,34,6,4,9.0
Elaine Hendrix_S34,Elaine Hendrix,34,7,1,8.0
Elaine Hendrix_S34,Elaine Hendrix,34,7,2,8.0
Elaine Hendrix_S34,Elaine Hendrix,34,7,3,8.0
Elaine Hendrix_S34,Elaine Hendrix,34,7,4,8.0
Elaine Hendrix_S34,Elaine Hendrix,34,8,1,9.0
Elaine Hendrix_S34,Elaine Hendrix,34,8,2,9.5
Elaine Hendrix_S34,Elaine Hendrix,34,8,3,10.0
Elaine Hendrix_S34,Elaine Hendrix,34,8,4,9.0
Elaine Hendrix_S34,Elaine Hendrix,34,9,1,9.0
Elaine Hendrix_S34,Elaine Hendrix,34,9,2,9.0
Elaine Hendrix_S34,Elaine Hendrix,34,9,3,9.0
Elaine Hendrix_S34,Elaine Hendrix,34,9,4,9.0
Elaine Hendrix_S34,Elaine Hendrix,34,10,1,9.5
Elaine Hendrix_S34,Elaine Hendrix,34,10,2,9.5
Elaine Hendrix_S34,Elaine Hendrix,34,10,3,9.5
Elaine Hendrix_S34,Elaine Hendrix,34,11,1,9.6666
Elaine Hendrix_S34,Elaine Hendrix,34,11,2,9.6666
Elaine Hendrix_S34,Elaine Hendrix,34,11,3,9.6666
Baron Davis_S34,Baron Davis,34,1,1,5.0
Baron Davis_S34,Baron Davis,34,1,2,5.0
Baron Davis_S34,Baron Davis,34,2,1,6.0
Baron Davis_S34,Baron Davis,34,2,2,6.0
Baron Davis_S34,Baron Davis,34,2,3,6.0
Baron Davis_S34,Baron Davis,34,3,1,0.0
Baron Davis_S34,Baron Davis,34,3,2,0.0
Baron Davis_S34,Baron Davis,34,3,3,0.0
Baron Davis_S34,Baron Davis,34,4,1,0.0
Baron Davis_S34,Baron Davis,34,4,2,0.0
Baron Davis_S34,Baron Davis,34,4,3,0.0
Baron Davis_S34,Baron Davis,34,5,1,0.0
Baron Davis_S34,Baron Davis,34,5,2,0.0
Baron Davis_S34,Baron Davis,34,5,3,0.0
Baron Davis_S34,Baron Davis,34,5,4,0.0
Baron Davis_S34,Baron Davis,34,6,1,0.0
Baron Davis_S34,Baron Davis,34,6,2,0.0
Baron Davis_S34,Baron Davis,34,6,3,0.0
Baron Davis_S34,Baron Davis,34,6,4,0.0
Baron Davis_S34,Baron Davis,34,7,1,0.0
Baron Davis_S34,Baron Davis,34,7,2,0.0
Baron Davis_S34,Baron Davis,34,7,3,0.0
Baron Davis_S34,Baron Davis,34,7,4,0.0
Baron Davis_S34,Baron Davis,34,8,1,0.0
Baron Davis_S34,Baron Davis,34,8,2,0.0
Baron Davis_S34,Baron Davis,34,8,3,0.0
Baron Davis_S34,Baron Davis,34,8,4,0.0
Baron Davis_S34,Baron Davis,34,9,1,0.0
Baron Davis_S34,Baron Davis,34,9,2,0.0
Baron Davis_S34,Baron Davis,34,9,3,0.0
Baron Davis_S34,Baron Davis,34,9,4,0.0
Baron Davis_S34,Baron Davis,34,10,1,0.0
Baron Davis_S34,Baron Davis,34,10,2,0.0
Baron Davis_S34,Baron Davis,34,10,3,0.0
Baron Davis_S34,Baron Davis,34,11,1,0.0
Baron Davis_S34,Baron Davis,34,11,2,0.0
Baron Davis_S34,Baron Davis,34,11,3,0.0
Jordan Chiles_S34,Jordan Chiles,34,1,1,5.0
Jordan Chiles_S34,Jordan Chiles,34,1,2,5.0
Jordan Chiles_S34,Jordan Chiles,34,2,1,8.0
Jordan Chiles_S34,Jordan Chiles,34,2,2,7.0
Jordan Chiles_S34,Jordan Chiles,34,2,3,7.0
Jordan Chiles_S34,Jordan Chiles,34,3,1,8.0
Jordan Chiles_S34,Jordan Chiles,34,3,2,8.0
Jordan Chiles_S34,Jordan Chiles,34,3,3,8.0
Jordan Chiles_S34,Jordan Chiles,34,4,1,8.0
Jordan Chiles_S34,Jordan Chiles,34,4,2,8.0
Jordan Chiles_S34,Jordan Chiles,34,4,3,8.0
Jordan Chiles_S34,Jordan Chiles,34,5,1,8.0
Jordan Chiles_S34,Jordan Chiles,34,5,2,8.0
Jordan Chiles_S34,Jordan Chiles,34,5,3,8.0
Jordan Chiles_S34,Jordan Chiles,34,5,4,8.0
Jordan Chiles_S34,Jordan Chiles,34,6,1,10.0
Jordan Chiles_S34,Jordan Chiles,34,6,2,9.0
Jordan Chiles_S34,Jordan Chiles,34,6,3,10.0
Jordan Chiles_S34,Jordan Chiles,34,6,4,10.0
Jordan Chiles_S34,Jordan Chiles,34,7,1,10.0
Jordan Chiles_S34,Jordan Chiles,34,7,2,9.0
Jordan Chiles_S34,Jordan Chiles,34,7,3,9.0
Jordan Chiles_S34,Jordan Chiles,34,7,4,10.0
Jordan Chiles_S34,Jordan Chiles,34,8,1,10.0
Jordan Chiles_S34,Jordan Chiles,34,8,2,9.5
Jordan Chiles_S34,Jordan Chiles,34,8,3,10.0
Jordan Chiles_S34,Jordan Chiles,34,8,4,9.5
Jordan Chiles_S34,Jordan Chiles,34,9,1,9.5
Jordan Chiles_S34,Jordan Chiles,34,9,2,10.5
Jordan Chiles_S34,Jordan Chiles,34,9,3,9.5
Jordan Chiles_S34,Jordan Chiles,34,9,4,9.5
Jordan Chiles_S34,Jordan Chiles,34,10,1,9.5
Jordan Chiles_S34,Jordan Chiles,34,10,2,9.5
Jordan Chiles_S34,Jordan Chiles,34,10,3,9.5
Jordan Chiles_S34,Jordan Chiles,34,11,1,9.6666
Jordan Chiles_S34,Jordan Chiles,34,11,2,10.0
Jordan Chiles_S34,Jordan Chiles,34,11,3,10.0
Andy Richter_S34,Andy Richter,34,1,1,5.0
Andy Richter_S34,Andy Richter,34,1,2,4.0
Andy Richter_S34,Andy Richter,34,2,1,6.0
Andy Richter_S34,Andy Richter,34,2,2,5.0
Andy Richter_S34,Andy Richter,34,2,3,5.0
Andy Richter_S34,Andy Richter,34,3,1,6.0
Andy Richter_S34,Andy Richter,34,3,2,6.0
Andy Richter_S34,Andy Richter,34,3,3,6.0
Andy Richter_S34,Andy Richter,34,4,1,6.0
Andy Richter_S34,Andy Richter,34,4,2,6.0
Andy Richter_S34,Andy Richter,34,4,3,6.0
Andy Richter_S34,Andy Richter,34,5,1,6.0
Andy Richter_S34,Andy Richter,34,5,2,6.0
Andy Richter_S34,Andy Richter,34,5,3,6.0
Andy Richter_S34,Andy Richter,34,5,4,6.0
Andy Richter_S34,Andy Richter,34,6,1,7.0
Andy Richter_S34,Andy Richter,34,6,2,6.0
Andy Richter_S34,Andy Richter,34,6,3,7.0
Andy Richter_S34,Andy Richter,34,6,4,7.0
Andy Richter_S34,Andy Richter,34,7,1,7.25
Andy Richter_S34,Andy Richter,34,7,2,7.25
Andy Richter_S34,Andy Richter,34,7,3,7.25
Andy Richter_S34,Andy Richter,34,7,4,7.25
Andy Richter_S34,Andy Richter,34,8,1,8.0
Andy Richter_S34,Andy Richter,34,8,2,8.5
Andy Richter_S34,Andy Richter,34,8,3,9.5
Andy Richter_S34,Andy Richter,34,8,4,8.0
Andy Richter_S34,Andy Richter,34,9,1,8.0
Andy Richter_S34,Andy Richter,34,9,2,7.0
Andy Richter_S34,Andy Richter,34,9,3,7.0
Andy Richter_S34,Andy Richter,34,9,4,7.0
Andy Richter_S34,Andy Richter,34,10,1,0.0
Andy Richter_S34,Andy Richter,34,10,2,0.0
Andy Richter_S34,Andy Richter,34,10,3,0.0
Andy Richter_S34,Andy Richter,34,11,1,0.0
Andy Richter_S34,Andy Richter,34,11,2,0.0
Andy Richter_S34,Andy Richter,34,11,3,0.0
Robert Irwin_S34,Robert Irwin,34,1,1,8.0
Robert Irwin_S34,Robert Irwin,34,1,2,7.0
Robert Irwin_S34,Robert Irwin,34,2,1,8.0
Robert Irwin_S34,Robert Irwin,34,2,2,7.0
Robert Irwin_S34,Robert Irwin,34,2,3,7.0
Robert Irwin_S34,Robert Irwin,34,3,1,8.0
Robert Irwin_S34,Robert Irwin,34,3,2,7.0
Robert Irwin_S34,Robert Irwin,34,3,3,7.0
Robert Irwin_S34,Robert Irwin,34,4,1,7.0
Robert Irwin_S34,Robert Irwin,34,4,2,7.0
Robert Irwin_S34,Robert Irwin,34,4,3,8.0
Robert Irwin_S34,Robert Irwin,34,5,1,8.0
Robert Irwin_S34,Robert Irwin,34,5,2,9.0
Robert Irwin_S34,Robert Irwin,34,5,3,9.0
Robert Irwin_S34,Robert Irwin,34,5,4,9.0
Robert Irwin_S34,Robert Irwin,34,6,1,9.0
Robert Irwin_S34,Robert Irwin,34,6,2,9.0
Robert Irwin_S34,Robert Irwin,34,6,3,9.0
Robert Irwin_S34,Robert Irwin,34,6,4,9.0
Robert Irwin_S34,Robert Irwin,34,7,1,10.75
Robert Irwin_S34,Robert Irwin,34,7,2,9.75
Robert Irwin_S34,Robert Irwin,34,7,3,9.75
Robert Irwin_S34,Robert Irwin,34,7,4,10.75
Robert Irwin_S34,Robert Irwin,34,8,1,9.0
Robert Irwin_S34,Robert Irwin,34,8,2,9.5
Robert Irwin_S34,Robert Irwin,34,8,3,10.0
Robert Irwin_S34,Robert Irwin,34,8,4,9.5
Robert Irwin_S34,Robert Irwin,34,9,1,10.5
Robert Irwin_S34,Robert Irwin,34,9,2,10.5
Robert Irwin_S34,Robert Irwin,34,9,3,10.5
Robert Irwin_S34,Robert Irwin,34,9,4,10.5
Robert Irwin_S34,Robert Irwin,34,10,1,10.0
Robert Irwin_S34,Robert Irwin,34,10,2,9.5
Robert Irwin_S34,Robert Irwin,34,10,3,10.0
Robert Irwin_S34,Robert Irwin,34,11,1,9.6666
Robert Irwin_S34,Robert Irwin,34,11,2,10.0
Robert Irwin_S34,Robert Irwin,34,11,3,10.0
Hilaria Baldwin_S34,Hilaria Baldwin,34,1,1,7.0
Hilaria Baldwin_S34,Hilaria Baldwin,34,1,2,7.0
Hilaria Baldwin_S34,Hilaria Baldwin,34,2,1,7.0
Hilaria Baldwin_S34,Hilaria Baldwin,34,2,2,7.0
Hilaria Baldwin_S34,Hilaria Baldwin,34,2,3,7.0
Hilaria Baldwin_S34,Hilaria Baldwin,34,3,1,7.0
Hilaria Baldwin_S34,Hilaria Baldwin,34,3,2,8.0
Hilaria Baldwin_S34,Hilaria Baldwin,34,3,3,7.0
Hilaria Baldwin_S34,Hilaria Baldwin,34,4,1,8.0
Hilaria Baldwin_S34,Hilaria Baldwin,34,4,2,7.0
Hilaria Baldwin_S34,Hilaria Baldwin,34,4,3,8.0
Hilaria Baldwin_S34,Hilaria Baldwin,34,5,1,0.0
Hilaria Baldwin_S34,Hilaria Baldwin,34,5,2,0.0
Hilaria Baldwin_S34,Hilaria Baldwin,34,5,3,0.0
Hilaria Baldwin_S34,Hilaria Baldwin,34,5,4,0.0
Hilaria Baldwin_S34,Hilaria Baldwin,34,6,1,0.0
Hilaria Baldwin_S34,Hilaria Baldwin,34,6,2,0.0
Hilaria Baldwin_S34,Hilaria Baldwin,34,6,3,0.0
Hilaria Baldwin_S34,Hilaria Baldwin,34,6,4,0.0
Hilaria Baldwin_S34,Hilaria Baldwin,34,7,1,0.0
Hilaria Baldwin_S34,Hilaria Baldwin,34,7,2,0.0
Hilaria Baldwin_S34,Hilaria Baldwin,34,7,3,0.0
Hilaria Baldwin_S34,Hilaria Baldwin,34,7,4,0.0
Hilaria Baldwin_S34,Hilaria Baldwin,34,8,1,0.0
Hilaria Baldwin_S34,Hilaria Baldwin,34,8,2,0.0
Hilaria Baldwin_S34,Hilaria Baldwin,34,8,3,0.0
Hilaria Baldwin_S34,Hilaria Baldwin,34,8,4,0.0
Hilaria Baldwin_S34,Hilaria Baldwin,34,9,1,0.0
Hilaria Baldwin_S34,Hilaria Baldwin,34,9,2,0.0
Hilaria Baldwin_S34,Hilaria Baldwin,34,9,3,0.0
Hilaria Baldwin_S34,Hilaria Baldwin,34,9,4,0.0
Hilaria Baldwin_S34,Hilaria Baldwin,34,10,1,0.0
Hilaria Baldwin_S34,Hilaria Baldwin,34,10,2,0.0
Hilaria Baldwin_S34,Hilaria Baldwin,34,10,3,0.0
Hilaria Baldwin_S34,Hilaria Baldwin,34,11,1,0.0
Hilaria Baldwin_S34,Hilaria Baldwin,34,11,2,0.0
Hilaria Baldwin_S34,Hilaria Baldwin,34,11,3,0.0
Lauren Jauregui_S34,Lauren Jauregui,34,1,1,7.0
Lauren Jauregui_S34,Lauren Jauregui,34,1,2,6.0
Lauren Jauregui_S34,Lauren Jauregui,34,2,1,7.0
Lauren Jauregui_S34,Lauren Jauregui,34,2,2,7.0
Lauren Jauregui_S34,Lauren Jauregui,34,2,3,7.0
Lauren Jauregui_S34,Lauren Jauregui,34,3,1,6.0
Lauren Jauregui_S34,Lauren Jauregui,34,3,2,6.0
Lauren Jauregui_S34,Lauren Jauregui,34,3,3,6.0
Lauren Jauregui_S34,Lauren Jauregui,34,4,1,0.0
Lauren Jauregui_S34,Lauren Jauregui,34,4,2,0.0
Lauren Jauregui_S34,Lauren Jauregui,34,4,3,0.0
Lauren Jauregui_S34,Lauren Jauregui,34,5,1,0.0
Lauren Jauregui_S34,Lauren Jauregui,34,5,2,0.0
Lauren Jauregui_S34,Lauren Jauregui,34,5,3,0.0
Lauren Jauregui_S34,Lauren Jauregui,34,5,4,0.0
Lauren Jauregui_S34,Lauren Jauregui,34,6,1,0.0
Lauren Jauregui_S34,Lauren Jauregui,34,6,2,0.0
Lauren Jauregui_S34,Lauren Jauregui,34,6,3,0.0
Lauren Jauregui_S34,Lauren Jauregui,34,6,4,0.0
Lauren Jauregui_S34,Lauren Jauregui,34,7,1,0.0
Lauren Jauregui_S34,Lauren Jauregui,34,7,2,0.0
Lauren Jauregui_S34,Lauren Jauregui,34,7,3,0.0
Lauren Jauregui_S34,Lauren Jauregui,34,7,4,0.0
Lauren Jauregui_S34,Lauren Jauregui,34,8,1,0.0
Lauren Jauregui_S34,Lauren Jauregui,34,8,2,0.0
Lauren Jauregui_S34,Lauren Jauregui,34,8,3,0.0
Lauren Jauregui_S34,Lauren Jauregui,34,8,4,0.0
Lauren Jauregui_S34,Lauren Jauregui,34,9,1,0.0
Lauren Jauregui_S34,Lauren Jauregui,34,9,2,0.0
Lauren Jauregui_S34,Lauren Jauregui,34,9,3,0.0
Lauren Jauregui_S34,Lauren Jauregui,34,9,4,0.0
Lauren Jauregui_S34,Lauren Jauregui,34,10,1,0.0
Lauren Jauregui_S34,Lauren Jauregui,34,10,2,0.0
Lauren Jauregui_S34,Lauren Jauregui,34,10,3,0.0
Lauren Jauregui_S34,Lauren Jauregui,34,11,1,0.0
Lauren Jauregui_S34,Lauren Jauregui,34,11,2,0.0
Lauren Jauregui_S34,Lauren Jauregui,34,11,3,0.0
Scott Hoying_S34,Scott Hoying,34,1,1,5.0
Scott Hoying_S34,Scott Hoying,34,1,2,5.0
Scott Hoying_S34,Scott Hoying,34,2,1,6.0
Scott Hoying_S34,Scott Hoying,34,2,2,6.0
Scott Hoying_S34,Scott Hoying,34,2,3,6.0
Scott Hoying_S34,Scott Hoying,34,3,1,8.0
Scott Hoying_S34,Scott Hoying,34,3,2,7.0
Scott Hoying_S34,Scott Hoying,34,3,3,7.0
Scott Hoying_S34,Scott Hoying,34,4,1,7.0
Scott Hoying_S34,Scott Hoying,34,4,2,7.0
Scott Hoying_S34,Scott Hoying,34,4,3,7.0
Scott Hoying_S34,Scott Hoying,34,5,1,7.0
Scott Hoying_S34,Scott Hoying,34,5,2,8.0
Scott Hoying_S34,Scott Hoying,34,5,3,7.0
Scott Hoying_S34,Scott Hoying,34,5,4,8.0
Scott Hoying_S34,Scott Hoying,34,6,1,7.0
Scott Hoying_S34,Scott Hoying,34,6,2,7.0
Scott Hoying_S34,Scott Hoying,34,6,3,7.0
Scott Hoying_S34,Scott Hoying,34,6,4,7.0
Scott Hoying_S34,Scott Hoying,34,7,1,0.0
Scott Hoying_S34,Scott Hoying,34,7,2,0.0
Scott Hoying_S34,Scott Hoying,34,7,3,0.0
Scott Hoying_S34,Scott Hoying,34,7,4,0.0
Scott Hoying_S34,Scott Hoying,34,8,1,0.0
Scott Hoying_S34,Scott Hoying,34,8,2,0.0
Scott Hoying_S34,Scott Hoying,34,8,3,0.0
Scott Hoying_S34,Scott Hoying,34,8,4,0.0
Scott Hoying_S34,Scott Hoying,34,9,1,0.0
Scott Hoying_S34,Scott Hoying,34,9,2,0.0
Scott Hoying_S34,Scott Hoying,34,9,3,0.0
Scott Hoying_S34,Scott Hoying,34,9,4,0.0
Scott Hoying_S34,Scott Hoying,34,10,1,0.0
Scott Hoying_S34,Scott Hoying,34,10,2,0.0
Scott Hoying_S34,Scott Hoying,34,10,3,0.0
Scott Hoying_S34,Scott Hoying,34,11,1,0.0
Scott Hoying_S34,Scott Hoying,34,11,2,0.0
Scott Hoying_S34,Scott Hoying,34,11,3,0.0
Alix Earle_S34,Alix Earle,34,1,1,7.0
Alix Earle_S34,Alix Earle,34,1,2,6.0
Alix Earle_S34,Alix Earle,34,2,1,7.0
Alix Earle_S34,Alix Earle,34,2,2,7.0
Alix Earle_S34,Alix Earle,34,2,3,7.0
Alix Earle_S34,Alix Earle,34,3,1,8.0
Alix Earle_S34,Alix Earle,34,3,2,7.0
Alix Earle_S34,Alix Earle,34,3,3,8.0
Alix Earle_S34,Alix Earle,34,4,1,8.0
Alix Earle_S34,Alix Earle,34,4,2,8.0
Alix Earle_S34,Alix Earle,34,4,3,8.0
Alix Earle_S34,Alix Earle,34,5,1,8.0
Alix Earle_S34,Alix Earle,34,5,2,9.0
Alix Earle_S34,Alix Earle,34,5,3,9.0
Alix Earle_S34,Alix Earle,34,5,4,9.0
Alix Earle_S34,Alix Earle,34,6,1,9.0
Alix Earle_S34,Alix Earle,34,6,2,9.0
Alix Earle_S34,Alix Earle,34,6,3,8.0
Alix Earle_S34,Alix Earle,34,6,4,9.0
Alix Earle_S34,Alix Earle,34,7,1,11.0
Alix Earle_S34,Alix Earle,34,7,2,11.0
Alix Earle_S34,Alix Earle,34,7,3,10.0
Alix Earle_S34,Alix Earle,34,7,4,11.0
Alix Earle_S34,Alix Earle,34,8,1,9.5
Alix Earle_S34,Alix Earle,34,8,2,10.0
Alix Earle_S34,Alix Earle,34,8,3,9.5
Alix Earle_S34,Alix Earle,34,8,4,9.5
Alix Earle_S34,Alix Earle,34,9,1,10.0
Alix Earle_S34,Alix Earle,34,9,2,10.0
Alix Earle_S34,Alix Earle,34,9,3,10.0
Alix Earle_S34,Alix Earle,34,9,4,10.0
Alix Earle_S34,Alix Earle,34,10,1,9.5
Alix Earle_S34,Alix Earle,34,10,2,10.0
Alix Earle_S34,Alix Earle,34,10,3,9.5
Alix Earle_S34,Alix Earle,34,11,1,10.0
Alix Earle_S34,Alix Earle,34,11,2,10.0
Alix Earle_S34,Alix Earle,34,11,3,10.0
Jen Affleck_S34,Jen Affleck,34,1,1,6.0
Jen Affleck_S34,Jen Affleck,34,1,2,6.0
Jen Affleck_S34,Jen Affleck,34,2,1,8.0
Jen Affleck_S34,Jen Affleck,34,2,2,7.0
Jen Affleck_S34,Jen Affleck,34,2,3,7.0
Jen Affleck_S34,Jen Affleck,34,3,1,7.0
Jen Affleck_S34,Jen Affleck,34,3,2,6.0
Jen Affleck_S34,Jen Affleck,34,3,3,6.0
Jen Affleck_S34,Jen Affleck,34,4,1,7.0
Jen Affleck_S34,Jen Affleck,34,4,2,8.0
Jen Affleck_S34,Jen Affleck,34,4,3,8.0
Jen Affleck_S34,Jen Affleck,34,5,1,8.0
Jen Affleck_S34,Jen Affleck,34,5,2,7.0
Jen Affleck_S34,Jen Affleck,34,5,3,7.0
Jen Affleck_S34,Jen Affleck,34,5,4,7.0
Jen Affleck_S34,Jen Affleck,34,6,1,8.0
Jen Affleck_S34,Jen Affleck,34,6,2,8.0
Jen Affleck_S34,Jen Affleck,34,6,3,8.0
Jen Affleck_S34,Jen Affleck,34,6,4,8.0
Jen Affleck_S34,Jen Affleck,34,7,1,8.5
Jen Affleck_S34,Jen Affleck,34,7,2,8.5
Jen Affleck_S34,Jen Affleck,34,7,3,8.5
Jen Affleck_S34,Jen Affleck,34,7,4,8.5
Jen Affleck_S34,Jen Affleck,34,8,1,0.0
Jen Affleck_S34,Jen Affleck,34,8,2,0.0
Jen Affleck_S34,Jen Affleck,34,8,3,0.0
Jen Affleck_S34,Jen Affleck,34,8,4,0.0
Jen Affleck_S34,Jen Affleck,34,9,1,0.0
Jen Affleck_S34,Jen Affleck,34,9,2,0.0
Jen Affleck_S34,Jen Affleck,34,9,3,0.0
Jen Affleck_S34,Jen Affleck,34,9,4,0.0
Jen Affleck_S34,Jen Affleck,34,10,1,0.0
Jen Affleck_S34,Jen Affleck,34,10,2,0.0
Jen Affleck_S34,Jen Affleck,34,10,3,0.0
Jen Affleck_S34,Jen Affleck,34,11,1,0.0
Jen Affleck_S34,Jen Affleck,34,11,2,0.0
Jen Affleck_S34,Jen Affleck,34,11,3,0.0
Whitney Leavitt_S34,Whitney Leavitt,34,1,1,7.0
Whitney Leavitt_S34,Whitney Leavitt,34,1,2,8.0
Whitney Leavitt_S34,Whitney Leavitt,34,2,1,7.0
Whitney Leavitt_S34,Whitney Leavitt,34,2,2,7.0
Whitney Leavitt_S34,Whitney Leavitt,34,2,3,8.0
Whitney Leavitt_S34,Whitney Leavitt,34,3,1,8.0
Whitney Leavitt_S34,Whitney Leavitt,34,3,2,8.0
Whitney Leavitt_S34,Whitney Leavitt,34,3,3,8.0
Whitney Leavitt_S34,Whitney Leavitt,34,4,1,9.0
Whitney Leavitt_S34,Whitney Leavitt,34,4,2,8.0
Whitney Leavitt_S34,Whitney Leavitt,34,4,3,8.0
Whitney Leavitt_S34,Whitney Leavitt,34,5,1,9.0
Whitney Leavitt_S34,Whitney Leavitt,34,5,2,8.0
Whitney Leavitt_S34,Whitney Leavitt,34,5,3,8.0
Whitney Leavitt_S34,Whitney Leavitt,34,5,4,8.0
Whitney Leavitt_S34,Whitney Leavitt,34,6,1,10.0
Whitney Leavitt_S34,Whitney Leavitt,34,6,2,9.0
Whitney Leavitt_S34,Whitney Leavitt,34,6,3,10.0
Whitney Leavitt_S34,Whitney Leavitt,34,6,4,10.0
Whitney Leavitt_S34,Whitney Leavitt,34,7,1,10.25
Whitney Leavitt_S34,Whitney Leavitt,34,7,2,10.25
Whitney Leavitt_S34,Whitney Leavitt,34,7,3,10.25
Whitney Leavitt_S34,Whitney Leavitt,34,7,4,11.25
Whitney Leavitt_S34,Whitney Leavitt,34,8,1,9.5
Whitney Leavitt_S34,Whitney Leavitt,34,8,2,10.0
Whitney Leavitt_S34,Whitney Leavitt,34,8,3,10.0
Whitney Leavitt_S34,Whitney Leavitt,34,8,4,10.0
Whitney Leavitt_S34,Whitney Leavitt,34,9,1,10.5
Whitney Leavitt_S34,Whitney Leavitt,34,9,2,10.5
Whitney Leavitt_S34,Whitney Leavitt,34,9,3,10.5
Whitney Leavitt_S34,Whitney Leavitt,34,9,4,10.5
Whitney Leavitt_S34,Whitney Leavitt,34,10,1,9.0
Whitney Leavitt_S34,Whitney Leavitt,34,10,2,10.0
Whitney Leavitt_S34,Whitney Leavitt,34,10,3,10.0
Whitney Leavitt_S34,Whitney Leavitt,34,11,1,0.0
Whitney Leavitt_S34,Whitney Leavitt,34,11,2,0.0
Whitney Leavitt_S34,Whitney Leavitt,34,11,3,0.0
Dylan Efron_S34,Dylan Efron,34,1,1,5.0
Dylan Efron_S34,Dylan Efron,34,1,2,5.0
Dylan Efron_S34,Dylan Efron,34,2,1,7.0
Dylan Efron_S34,Dylan Efron,34,2,2,6.0
Dylan Efron_S34,Dylan Efron,34,2,3,7.0
Dylan Efron_S34,Dylan Efron,34,3,1,7.0
Dylan Efron_S34,Dylan Efron,34,3,2,8.0
Dylan Efron_S34,Dylan Efron,34,3,3,8.0
Dylan Efron_S34,Dylan Efron,34,4,1,7.0
Dylan Efron_S34,Dylan Efron,34,4,2,8.0
Dylan Efron_S34,Dylan Efron,34,4,3,8.0
Dylan Efron_S34,Dylan Efron,34,5,1,9.0
Dylan Efron_S34,Dylan Efron,34,5,2,9.0
Dylan Efron_S34,Dylan Efron,34,5,3,9.0
Dylan Efron_S34,Dylan Efron,34,5,4,9.0
Dylan Efron_S34,Dylan Efron,34,6,1,8.0
Dylan Efron_S34,Dylan Efron,34,6,2,8.0
Dylan Efron_S34,Dylan Efron,34,6,3,8.0
Dylan Efron_S34,Dylan Efron,34,6,4,8.0
Dylan Efron_S34,Dylan Efron,34,7,1,9.75
Dylan Efron_S34,Dylan Efron,34,7,2,9.75
Dylan Efron_S34,Dylan Efron,34,7,3,8.75
Dylan Efron_S34,Dylan Efron,34,7,4,9.75
Dylan Efron_S34,Dylan Efron,34,8,1,9.0
Dylan Efron_S34,Dylan Efron,34,8,2,9.5
Dylan Efron_S34,Dylan Efron,34,8,3,10.0
Dylan Efron_S34,Dylan Efron,34,8,4,9.5
Dylan Efron_S34,Dylan Efron,34,9,1,10.5
Dylan Efron_S34,Dylan Efron,34,9,2,10.5
Dylan Efron_S34,Dylan Efron,34,9,3,10.5
Dylan Efron_S34,Dylan Efron,34,9,4,10.5
Dylan Efron_S34,Dylan Efron,34,10,1,9.0
Dylan Efron_S34,Dylan Efron,34,10,2,9.0
Dylan Efron_S34,Dylan Efron,34,10,3,9.5
Dylan Efron_S34,Dylan Efron,34,11,1,9.6666
Dylan Efron_S34,Dylan Efron,34,11,2,9.6666
Dylan Efron_S34,Dylan Efron,34,11,3,10.0
