contestant_id,celebrity_name,season,week,total_score,avg_score,judge_count,min_score,max_score,week_rank,prev_week_score,cumulative_avg,score_change,deviation_from_avg
AJ McLean_S29,AJ McLean,29,1,18.0,6.0,3,6.0,6.0,9,,18.0,,0.0
AJ McLean_S29,AJ McLean,29,2,19.0,6.333333333333333,3,6.0,7.0,5,18.0,18.5,1.0,0.5
AJ McLean_S29,AJ McLean,29,3,21.0,7.0,3,7.0,7.0,7,19.0,19.333333333333332,2.0,1.6666666666666679
AJ McLean_S29,AJ McLean,29,4,24.0,8.0,3,8.0,8.0,7,21.0,20.5,3.0,3.5
AJ McLean_S29,AJ McLean,29,5,24.0,8.0,3,8.0,8.0,9,24.0,21.2,0.0,2.8000000000000007
AJ McLean_S29,AJ McLean,29,6,27.0,9.0,3,9.0,9.0,3,24.0,22.166666666666668,3.0,4.833333333333332
AJ McLean_S29,AJ McLean,29,7,26.0,8.666666666666666,3,8.0,9.0,7,27.0,22.714285714285715,-1.0,3.2857142857142847
AJ McLean_S29,AJ McLean,29,8,27.0,9.0,3,9.0,9.0,6,26.0,23.25,1.0,3.75
AJ McLean_S29,AJ McLean,29,9,24.9998,8.333266666666667,3,7.6666,8.6666,6,27.0,23.444422222222222,-2.0001999999999995,1.5553777777777782
Aaron Carter_S9,Aaron Carter,9,1,31.999899999999997,10.666633333333332,3,10.3333,11.3333,2,,31.999899999999997,,0.0
Aaron Carter_S9,Aaron Carter,9,2,27.0,9.0,3,9.0,9.0,2,31.999899999999997,29.49995,-4.999899999999997,-2.4999499999999983
Aaron Carter_S9,Aaron Carter,9,3,21.0,7.0,3,6.0,8.0,4,27.0,26.666633333333333,-6.0,-5.666633333333333
Aaron Carter_S9,Aaron Carter,9,4,18.0,6.0,3,6.0,6.0,8,21.0,24.499975,-3.0,-6.499974999999999
Aaron Carter_S9,Aaron Carter,9,5,24.0,8.0,3,8.0,8.0,6,18.0,24.39998,6.0,-0.39997999999999934
Aaron Carter_S9,Aaron Carter,9,6,32.9998,10.999933333333333,3,10.6666,11.6666,3,24.0,25.83328333333333,8.9998,7.16651666666667
Aaron Carter_S9,Aaron Carter,9,7,26.5,8.833333333333334,3,8.5,9.0,2,32.9998,25.92852857142857,-6.4998000000000005,0.5714714285714315
Aaron Carter_S9,Aaron Carter,9,8,25.0,8.333333333333334,3,8.0,8.5,5,26.5,25.8124625,-1.5,-0.8124624999999988
Adam Carolla_S6,Adam Carolla,6,1,15.0,5.0,3,5.0,5.0,12,,15.0,,0.0
Adam Carolla_S6,Adam Carolla,6,2,19.0,6.333333333333333,3,6.0,7.0,9,15.0,17.0,4.0,2.0
Adam Carolla_S6,Adam Carolla,6,3,21.0,7.0,3,7.0,7.0,6,19.0,18.333333333333332,2.0,2.666666666666668
Adam Carolla_S6,Adam Carolla,6,4,19.0,6.333333333333333,3,6.0,7.0,9,21.0,18.5,-2.0,0.5
Adam Rippon_S26,Adam Rippon,26,1,24.0,8.0,3,8.0,8.0,2,,24.0,,0.0
Adam Rippon_S26,Adam Rippon,26,2,37.0,9.25,4,9.0,9.5,2,24.0,30.5,13.0,6.5
Adam Rippon_S26,Adam Rippon,26,3,41.0,10.25,4,9.5,10.5,1,37.0,34.0,4.0,7.0
Adam Rippon_S26,Adam Rippon,26,4,29.0,9.666666666666666,3,9.5,10.0,1,41.0,32.75,-12.0,-3.75
Adrian Peterson_S32,Adrian Peterson,32,1,18.0,6.0,3,6.0,6.0,6,,18.0,,0.0
Adrian Peterson_S32,Adrian Peterson,32,2,15.0,5.0,3,5.0,5.0,11,18.0,16.5,-3.0,-1.5
Adrian Peterson_S32,Adrian Peterson,32,3,22.0,5.5,4,5.0,6.0,11,15.0,18.333333333333332,7.0,3.666666666666668
Adrian Peterson_S32,Adrian Peterson,32,4,21.0,7.0,3,7.0,7.0,6,22.0,19.0,-1.0,2.0
Aiden Turner_S10,Aiden Turner,10,1,15.0,5.0,3,5.0,5.0,10,,15.0,,0.0
Aiden Turner_S10,Aiden Turner,10,2,19.0,6.333333333333333,3,6.0,7.0,8,15.0,17.0,4.0,2.0
Aiden Turner_S10,Aiden Turner,10,3,20.0,6.666666666666667,3,6.0,7.0,7,19.0,18.0,1.0,2.0
Aiden Turner_S10,Aiden Turner,10,4,16.5,5.5,3,5.5,5.5,8,20.0,17.625,-3.5,-1.125
Albert Reed_S5,Albert Reed,5,1,21.0,7.0,3,7.0,7.0,9,,21.0,,0.0
Albert Reed_S5,Albert Reed,5,2,21.0,7.0,3,7.0,7.0,6,21.0,21.0,0.0,0.0
Alek Skarlatos_S21,Alek Skarlatos,21,1,22.0,7.333333333333333,3,7.0,8.0,6,,22.0,,0.0
Alek Skarlatos_S21,Alek Skarlatos,21,2,22.5,7.5,3,7.0,8.0,4,22.0,22.25,0.5,0.25
Alek Skarlatos_S21,Alek Skarlatos,21,3,33.0,8.25,4,8.0,9.0,3,22.5,25.833333333333332,10.5,7.166666666666668
Alek Skarlatos_S21,Alek Skarlatos,21,4,24.0,8.0,3,8.0,8.0,6,33.0,25.375,-9.0,-1.375
Alek Skarlatos_S21,Alek Skarlatos,21,5,29.0,7.25,4,7.0,8.0,7,24.0,26.1,5.0,2.8999999999999986
Alek Skarlatos_S21,Alek Skarlatos,21,6,30.0,7.5,4,7.0,8.0,8,29.0,26.75,1.0,3.25
Alek Skarlatos_S21,Alek Skarlatos,21,7,26.5,8.833333333333334,3,8.5,9.0,8,30.0,26.714285714285715,-3.5,-0.2142857142857153
Alek Skarlatos_S21,Alek Skarlatos,21,8,25.0,8.333333333333334,3,8.0,9.0,6,26.5,26.5,-1.5,-1.5
Alek Skarlatos_S21,Alek Skarlatos,21,9,25.5,8.5,3,8.5,8.5,5,25.0,26.38888888888889,0.5,-0.8888888888888893
Alek Skarlatos_S21,Alek Skarlatos,21,10,28.5,9.5,3,9.5,9.5,3,25.5,26.6,3.0,1.8999999999999986
Alek Skarlatos_S21,Alek Skarlatos,21,11,27.999899999999997,9.3333,3,9.3333,9.3333,4,28.5,26.727263636363638,-0.5001000000000033,1.2726363636363587
Alexa PenaVega_S21,Alexa PenaVega,21,1,22.0,7.333333333333333,3,7.0,8.0,5,,22.0,,0.0
Alexa PenaVega_S21,Alexa PenaVega,21,2,23.0,7.666666666666667,3,7.5,8.0,3,22.0,22.5,1.0,0.5
Alexa PenaVega_S21,Alexa PenaVega,21,3,36.0,9.0,4,9.0,9.0,2,23.0,27.0,13.0,9.0
Alexa PenaVega_S21,Alexa PenaVega,21,4,21.0,7.0,3,7.0,7.0,8,36.0,25.5,-15.0,-4.5
Alexa PenaVega_S21,Alexa PenaVega,21,5,40.0,10.0,4,10.0,10.0,1,21.0,28.4,19.0,11.600000000000001
Alexa PenaVega_S21,Alexa PenaVega,21,6,30.0,7.5,4,7.0,8.0,7,40.0,28.666666666666668,-10.0,1.3333333333333321
Alexa PenaVega_S21,Alexa PenaVega,21,7,27.5,9.166666666666666,3,9.0,9.5,5,30.0,28.5,-2.5,-1.0
Alexa PenaVega_S21,Alexa PenaVega,21,8,26.9998,8.999933333333333,3,8.6666,9.6666,5,27.5,28.312475,-0.5001999999999995,-1.3126749999999987
Alexa PenaVega_S21,Alexa PenaVega,21,9,30.0,10.0,3,10.0,10.0,1,26.9998,28.499977777777776,3.0001999999999995,1.5000222222222241
Alexandra Raisman_S16,Alexandra Raisman,16,1,21.0,7.0,3,7.0,7.0,3,,21.0,,0.0
Alexandra Raisman_S16,Alexandra Raisman,16,2,24.0,8.0,3,8.0,8.0,3,21.0,22.5,3.0,1.5
Alexandra Raisman_S16,Alexandra Raisman,16,3,23.0,7.666666666666667,3,7.0,8.0,5,24.0,22.666666666666668,-1.0,0.33333333333333215
Alexandra Raisman_S16,Alexandra Raisman,16,4,27.0,9.0,3,9.0,9.0,1,23.0,23.75,4.0,3.25
Alexandra Raisman_S16,Alexandra Raisman,16,5,25.0,8.333333333333334,3,8.0,9.0,4,27.0,24.0,-2.0,1.0
Alexandra Raisman_S16,Alexandra Raisman,16,6,26.0,8.666666666666666,3,8.5,9.0,2,25.0,24.333333333333332,1.0,1.6666666666666679
Alexandra Raisman_S16,Alexandra Raisman,16,7,32.0,10.666666666666666,3,10.0,11.0,1,26.0,25.428571428571427,6.0,6.571428571428573
Alexandra Raisman_S16,Alexandra Raisman,16,8,28.0,9.333333333333334,3,9.0,9.5,2,32.0,25.75,-4.0,2.25
Alexandra Raisman_S16,Alexandra Raisman,16,9,29.5,9.833333333333334,3,9.5,10.0,1,28.0,26.166666666666668,1.5,3.333333333333332
Alexandra Raisman_S16,Alexandra Raisman,16,10,29.0,9.666666666666666,3,9.5,10.0,3,29.5,26.45,-0.5,2.5500000000000007
Alexis Ren_S27,Alexis Ren,27,1,22.0,7.333333333333333,3,7.0,7.5,3,,22.0,,0.0
Alexis Ren_S27,Alexis Ren,27,2,24.5,8.166666666666666,3,8.0,8.5,4,22.0,23.25,2.5,1.25
Alexis Ren_S27,Alexis Ren,27,3,26.0,8.666666666666666,3,8.0,9.0,6,24.5,24.166666666666668,1.5,1.8333333333333321
Alexis Ren_S27,Alexis Ren,27,4,25.0,8.333333333333334,3,8.0,9.0,4,26.0,24.375,-1.0,0.625
Alexis Ren_S27,Alexis Ren,27,5,29.0,9.666666666666666,3,9.0,10.0,2,25.0,25.3,4.0,3.6999999999999993
Alexis Ren_S27,Alexis Ren,27,6,27.0,9.0,3,9.0,9.0,4,29.0,25.583333333333332,-2.0,1.4166666666666679
Alexis Ren_S27,Alexis Ren,27,7,27.5,9.166666666666666,3,9.0,9.5,4,27.0,25.857142857142858,0.5,1.6428571428571423
Alexis Ren_S27,Alexis Ren,27,8,29.0,9.666666666666666,3,9.5,10.0,3,27.5,26.25,1.5,2.75
Alexis Ren_S27,Alexis Ren,27,9,28.5,9.5,3,9.5,9.5,3,29.0,26.5,-0.5,2.0
Alfonso Ribeiro_S19,Alfonso Ribeiro,19,1,36.0,9.0,4,9.0,9.0,1,,36.0,,0.0
Alfonso Ribeiro_S19,Alfonso Ribeiro,19,2,32.0,8.0,4,8.0,8.0,4,36.0,34.0,-4.0,-2.0
Alfonso Ribeiro_S19,Alfonso Ribeiro,19,3,32.0,8.0,4,8.0,8.0,4,32.0,33.333333333333336,0.0,-1.3333333333333357
Alfonso Ribeiro_S19,Alfonso Ribeiro,19,4,40.0,10.0,4,10.0,10.0,1,32.0,35.0,8.0,5.0
Alfonso Ribeiro_S19,Alfonso Ribeiro,19,5,34.0,8.5,4,8.0,9.0,3,40.0,34.8,-6.0,-0.7999999999999972
Alfonso Ribeiro_S19,Alfonso Ribeiro,19,6,39.0,9.75,4,9.0,10.0,1,34.0,35.5,5.0,3.5
Alfonso Ribeiro_S19,Alfonso Ribeiro,19,7,34.0,8.5,4,8.5,8.5,3,39.0,35.285714285714285,-5.0,-1.2857142857142847
Alfonso Ribeiro_S19,Alfonso Ribeiro,19,8,41.0,10.25,4,9.75,10.75,2,34.0,36.0,7.0,5.0
Alfonso Ribeiro_S19,Alfonso Ribeiro,19,9,38.5,9.625,4,9.5,10.0,1,41.0,36.27777777777778,-2.5,2.2222222222222214
Alfonso Ribeiro_S19,Alfonso Ribeiro,19,10,37.5,9.375,4,9.0,9.5,3,38.5,36.4,-1.0,1.1000000000000014
Alfonso Ribeiro_S19,Alfonso Ribeiro,19,11,40.0,10.0,4,10.0,10.0,1,37.5,36.72727272727273,2.5,3.2727272727272734
Alix Earle_S34,Alix Earle,34,1,13.0,6.5,2,6.0,7.0,5,,13.0,,0.0
Alix Earle_S34,Alix Earle,34,2,21.0,7.0,3,7.0,7.0,8,13.0,17.0,8.0,4.0
Alix Earle_S34,Alix Earle,34,3,23.0,7.666666666666667,3,7.0,8.0,4,21.0,19.0,2.0,4.0
Alix Earle_S34,Alix Earle,34,4,24.0,8.0,3,8.0,8.0,3,23.0,20.25,1.0,3.75
Alix Earle_S34,Alix Earle,34,5,35.0,8.75,4,8.0,9.0,3,24.0,23.2,11.0,11.8
Alix Earle_S34,Alix Earle,34,6,35.0,8.75,4,8.0,9.0,6,35.0,25.166666666666668,0.0,9.833333333333332
Alix Earle_S34,Alix Earle,34,7,43.0,10.75,4,10.0,11.0,1,35.0,27.714285714285715,8.0,15.285714285714285
Alix Earle_S34,Alix Earle,34,8,38.5,9.625,4,9.5,10.0,3,43.0,29.0625,-4.5,9.4375
Alix Earle_S34,Alix Earle,34,9,40.0,10.0,4,10.0,10.0,4,38.5,30.27777777777778,1.5,9.722222222222221
Alix Earle_S34,Alix Earle,34,10,29.0,9.666666666666666,3,9.5,10.0,2,40.0,30.15,-11.0,-1.1499999999999986
Alix Earle_S34,Alix Earle,34,11,30.0,10.0,3,10.0,10.0,1,29.0,30.136363636363637,1.0,-0.1363636363636367
Ally Brooke_S28,Ally Brooke,28,1,16.0,5.333333333333333,3,5.0,6.0,8,,16.0,,0.0
Ally Brooke_S28,Ally Brooke,28,2,20.0,6.666666666666667,3,6.0,7.0,4,16.0,18.0,4.0,2.0
Ally Brooke_S28,Ally Brooke,28,3,24.0,8.0,3,8.0,8.0,2,20.0,20.0,4.0,4.0
Ally Brooke_S28,Ally Brooke,28,4,32.0,8.0,4,8.0,8.0,1,24.0,23.0,8.0,9.0
Ally Brooke_S28,Ally Brooke,28,5,27.0,9.0,3,9.0,9.0,1,32.0,23.8,-5.0,3.1999999999999993
Ally Brooke_S28,Ally Brooke,28,6,25.0,8.333333333333334,3,8.0,9.0,7,27.0,24.0,-2.0,1.0
Ally Brooke_S28,Ally Brooke,28,7,27.0,9.0,3,9.0,9.0,1,25.0,24.428571428571427,2.0,2.571428571428573
Ally Brooke_S28,Ally Brooke,28,8,30.0,10.0,3,10.0,10.0,3,27.0,25.125,3.0,4.875
Ally Brooke_S28,Ally Brooke,28,9,40.0,10.0,4,10.0,10.0,1,30.0,26.77777777777778,10.0,13.222222222222221
Ally Brooke_S28,Ally Brooke,28,10,29.5,9.833333333333334,3,9.5,10.0,1,40.0,27.05,-10.5,2.4499999999999993
Ally Brooke_S28,Ally Brooke,28,11,30.0,10.0,3,10.0,10.0,1,29.5,27.318181818181817,0.5,2.6818181818181834
Alyson Hannigan_S32,Alyson Hannigan,32,1,13.0,4.333333333333333,3,4.0,5.0,11,,13.0,,0.0
Alyson Hannigan_S32,Alyson Hannigan,32,2,19.0,6.333333333333333,3,6.0,7.0,6,13.0,16.0,6.0,3.0
Alyson Hannigan_S32,Alyson Hannigan,32,3,24.0,6.0,4,6.0,6.0,9,19.0,18.666666666666668,5.0,5.333333333333332
Alyson Hannigan_S32,Alyson Hannigan,32,4,18.0,6.0,3,6.0,6.0,11,24.0,18.5,-6.0,-0.5
Alyson Hannigan_S32,Alyson Hannigan,32,5,21.0,7.0,3,7.0,7.0,9,18.0,19.0,3.0,2.0
Alyson Hannigan_S32,Alyson Hannigan,32,6,31.0,7.75,4,7.5,8.5,8,21.0,21.0,10.0,10.0
Alyson Hannigan_S32,Alyson Hannigan,32,7,35.0,8.75,4,8.5,9.5,6,31.0,23.0,4.0,12.0
Alyson Hannigan_S32,Alyson Hannigan,32,8,36.0,9.0,4,8.75,9.75,4,35.0,24.625,1.0,11.375
Alyson Hannigan_S32,Alyson Hannigan,32,9,32.0,8.0,4,7.75,8.75,5,36.0,25.444444444444443,-4.0,6.555555555555557
Alyson Hannigan_S32,Alyson Hannigan,32,10,25.5,8.5,3,8.5,8.5,5,32.0,25.45,-6.5,0.05000000000000071
Alyson Hannigan_S32,Alyson Hannigan,32,11,26.5,8.833333333333334,3,8.5,9.0,5,25.5,25.545454545454547,1.0,0.9545454545454533
Amanda Kloots_S30,Amanda Kloots,30,1,28.0,7.0,4,7.0,7.0,2,,28.0,,0.0
Amanda Kloots_S30,Amanda Kloots,30,2,32.0,8.0,4,8.0,8.0,1,28.0,30.0,4.0,2.0
Amanda Kloots_S30,Amanda Kloots,30,3,24.0,8.0,3,8.0,8.0,3,32.0,28.0,-8.0,-4.0
Amanda Kloots_S30,Amanda Kloots,30,4,34.0,8.5,4,8.5,8.5,5,24.0,29.5,10.0,4.5
Amanda Kloots_S30,Amanda Kloots,30,5,39.0,9.75,4,9.0,10.0,2,34.0,31.4,5.0,7.600000000000001
Amanda Kloots_S30,Amanda Kloots,30,6,38.0,9.5,4,9.0,10.0,3,39.0,32.5,-1.0,5.5
Amanda Kloots_S30,Amanda Kloots,30,7,34.0,8.5,4,8.25,9.25,6,38.0,32.714285714285715,-4.0,1.2857142857142847
Amanda Kloots_S30,Amanda Kloots,30,8,42.0,10.5,4,10.5,10.5,2,34.0,33.875,8.0,8.125
Amanda Kloots_S30,Amanda Kloots,30,9,39.5,9.875,4,9.5,10.0,2,42.0,34.5,-2.5,5.0
Amanda Kloots_S30,Amanda Kloots,30,10,39.0,9.75,4,9.5,10.0,3,39.5,34.95,-0.5,4.049999999999997
Amber Riley_S17,Amber Riley,17,1,27.0,9.0,3,9.0,9.0,1,,27.0,,0.0
Amber Riley_S17,Amber Riley,17,2,24.0,8.0,3,8.0,8.0,4,27.0,25.5,-3.0,-1.5
Amber Riley_S17,Amber Riley,17,3,24.0,8.0,3,8.0,8.0,7,24.0,25.0,0.0,-1.0
Amber Riley_S17,Amber Riley,17,4,27.0,9.0,3,9.0,9.0,1,24.0,25.5,3.0,1.5
Amber Riley_S17,Amber Riley,17,5,26.0,8.666666666666666,3,7.0,10.0,7,27.0,25.6,-1.0,0.3999999999999986
Amber Riley_S17,Amber Riley,17,6,31.999899999999997,10.666633333333332,3,9.3333,11.3333,1,26.0,26.66665,5.999899999999997,5.333249999999996
Amber Riley_S17,Amber Riley,17,7,29.5,9.833333333333334,3,9.5,10.0,2,31.999899999999997,27.071414285714287,-2.4998999999999967,2.4285857142857132
Amber Riley_S17,Amber Riley,17,8,28.0,9.333333333333334,3,9.0,10.0,3,29.5,27.1874875,-1.5,0.8125125000000004
Amber Riley_S17,Amber Riley,17,9,25.5,8.5,3,8.5,8.5,5,28.0,26.99998888888889,-2.5,-1.4999888888888897
Amber Riley_S17,Amber Riley,17,10,39.5,9.875,4,9.5,10.0,1,25.5,28.249990000000004,14.0,11.250009999999996
Amber Riley_S17,Amber Riley,17,11,31.333199999999998,10.4444,3,10.4444,10.4444,1,39.5,28.53028181818182,-8.166800000000002,2.8029181818181783
Amber Rose_S23,Amber Rose,23,1,24.0,6.0,4,6.0,6.0,9,,24.0,,0.0
Amber Rose_S23,Amber Rose,23,2,24.0,6.0,4,6.0,6.0,12,24.0,24.0,0.0,0.0
Amber Rose_S23,Amber Rose,23,3,25.0,6.25,4,6.0,7.0,8,24.0,24.333333333333332,1.0,0.6666666666666679
Amber Rose_S23,Amber Rose,23,4,24.0,8.0,3,8.0,8.0,4,25.0,24.25,-1.0,-0.25
Amber Rose_S23,Amber Rose,23,5,24.0,8.0,3,8.0,8.0,8,24.0,24.2,0.0,-0.1999999999999993
Amber Rose_S23,Amber Rose,23,6,28.0,7.0,4,7.0,7.0,9,24.0,24.833333333333332,4.0,3.166666666666668
Amy Purdy_S18,Amy Purdy,18,1,24.0,8.0,3,8.0,8.0,3,,24.0,,0.0
Amy Purdy_S18,Amy Purdy,18,2,24.0,8.0,3,8.0,8.0,4,24.0,24.0,0.0,0.0
Amy Purdy_S18,Amy Purdy,18,3,36.0,9.0,4,9.0,9.0,3,24.0,28.0,12.0,8.0
Amy Purdy_S18,Amy Purdy,18,4,34.0,8.5,4,8.0,9.0,3,36.0,29.5,-2.0,4.5
Amy Purdy_S18,Amy Purdy,18,5,37.0,9.25,4,9.0,10.0,3,34.0,31.0,3.0,6.0
Amy Purdy_S18,Amy Purdy,18,6,38.0,9.5,4,9.0,10.0,2,37.0,32.166666666666664,1.0,5.833333333333336
Amy Purdy_S18,Amy Purdy,18,7,37.5,9.375,4,9.0,9.5,2,38.0,32.92857142857143,-0.5,4.571428571428569
Amy Purdy_S18,Amy Purdy,18,8,40.0,10.0,4,10.0,10.0,2,37.5,33.8125,2.5,6.1875
Amy Purdy_S18,Amy Purdy,18,9,39.0,9.75,4,9.5,10.0,2,40.0,34.388888888888886,-1.0,4.611111111111114
Amy Purdy_S18,Amy Purdy,18,10,29.666600000000003,9.888866666666667,3,9.6666,10.0,2,39.0,33.91666,-9.333399999999997,-4.250059999999998
Andy Dick_S16,Andy Dick,16,1,17.0,5.666666666666667,3,5.0,6.0,11,,17.0,,0.0
Andy Dick_S16,Andy Dick,16,2,20.0,6.666666666666667,3,6.0,7.0,5,17.0,18.5,3.0,1.5
Andy Dick_S16,Andy Dick,16,3,18.0,6.0,3,6.0,6.0,9,20.0,18.333333333333332,-2.0,-0.33333333333333215
Andy Dick_S16,Andy Dick,16,4,21.0,7.0,3,7.0,7.0,6,18.0,19.0,3.0,2.0
Andy Dick_S16,Andy Dick,16,5,18.0,6.0,3,6.0,6.0,9,21.0,18.8,-3.0,-0.8000000000000007
Andy Dick_S16,Andy Dick,16,6,21.5,7.166666666666667,3,7.0,7.5,7,18.0,19.25,3.5,2.25
Andy Dick_S16,Andy Dick,16,7,17.0,5.666666666666667,3,5.0,6.0,7,21.5,18.928571428571427,-4.5,-1.928571428571427
Andy Grammer_S21,Andy Grammer,21,1,21.0,7.0,3,7.0,7.0,7,,21.0,,0.0
Andy Grammer_S21,Andy Grammer,21,2,22.0,7.333333333333333,3,7.0,7.5,8,21.0,21.5,1.0,0.5
Andy Grammer_S21,Andy Grammer,21,3,29.0,7.25,4,7.0,8.0,8,22.0,24.0,7.0,5.0
Andy Grammer_S21,Andy Grammer,21,4,23.0,7.666666666666667,3,7.0,8.0,7,29.0,23.75,-6.0,-0.75
Andy Grammer_S21,Andy Grammer,21,5,36.0,9.0,4,9.0,9.0,4,23.0,26.2,13.0,9.8
Andy Grammer_S21,Andy Grammer,21,6,40.0,10.0,4,10.0,10.0,2,36.0,28.5,4.0,11.5
Andy Grammer_S21,Andy Grammer,21,7,28.0,9.333333333333334,3,9.0,9.5,3,40.0,28.428571428571427,-12.0,-0.42857142857142705
Andy Grammer_S21,Andy Grammer,21,8,23.9998,7.999933333333334,3,7.6666,8.6666,7,28.0,27.874975,-4.0001999999999995,-3.8751749999999987
Andy Richter_S34,Andy Richter,34,1,9.0,4.5,2,4.0,5.0,13,,9.0,,0.0
Andy Richter_S34,Andy Richter,34,2,16.0,5.333333333333333,3,5.0,6.0,13,9.0,12.5,7.0,3.5
Andy Richter_S34,Andy Richter,34,3,18.0,6.0,3,6.0,6.0,12,16.0,14.333333333333334,2.0,3.666666666666666
Andy Richter_S34,Andy Richter,34,4,18.0,6.0,3,6.0,6.0,11,18.0,15.25,0.0,2.75
Andy Richter_S34,Andy Richter,34,5,24.0,6.0,4,6.0,6.0,10,18.0,17.0,6.0,7.0
Andy Richter_S34,Andy Richter,34,6,27.0,6.75,4,6.0,7.0,10,24.0,18.666666666666668,3.0,8.333333333333332
Andy Richter_S34,Andy Richter,34,7,29.0,7.25,4,7.25,7.25,9,27.0,20.142857142857142,2.0,8.857142857142858
Andy Richter_S34,Andy Richter,34,8,34.0,8.5,4,8.0,9.5,8,29.0,21.875,5.0,12.125
Andy Richter_S34,Andy Richter,34,9,29.0,7.25,4,7.0,8.0,7,34.0,22.666666666666668,-5.0,6.333333333333332
Anna Delvey_S33,Anna Delvey,33,1,18.0,6.0,3,6.0,6.0,10,,18.0,,0.0
Anna Delvey_S33,Anna Delvey,33,2,17.0,5.666666666666667,3,5.0,6.0,11,18.0,17.5,-1.0,-0.5
Anne Heche_S29,Anne Heche,29,1,18.0,6.0,3,6.0,6.0,6,,18.0,,0.0
Anne Heche_S29,Anne Heche,29,2,18.0,6.0,3,6.0,6.0,6,18.0,18.0,0.0,0.0
Anne Heche_S29,Anne Heche,29,3,15.0,5.0,3,5.0,5.0,13,18.0,17.0,-3.0,-2.0
Anne Heche_S29,Anne Heche,29,4,21.0,7.0,3,7.0,7.0,11,15.0,18.0,6.0,3.0
Antonio Brown_S22,Antonio Brown,22,1,21.0,7.0,3,6.0,8.0,5,,21.0,,0.0
Antonio Brown_S22,Antonio Brown,22,2,19.0,6.333333333333333,3,6.0,7.0,10,21.0,20.0,-2.0,-1.0
Antonio Brown_S22,Antonio Brown,22,3,20.0,6.666666666666667,3,6.0,7.0,10,19.0,20.0,1.0,0.0
Antonio Brown_S22,Antonio Brown,22,4,35.0,8.75,4,8.0,9.0,4,20.0,23.75,15.0,11.25
Antonio Brown_S22,Antonio Brown,22,5,26.0,6.5,4,6.0,7.0,9,35.0,24.2,-9.0,1.8000000000000007
Antonio Brown_S22,Antonio Brown,22,6,27.0,9.0,3,9.0,9.0,3,26.0,24.666666666666668,1.0,2.333333333333332
Antonio Brown_S22,Antonio Brown,22,7,26.0,8.666666666666666,3,8.5,9.0,7,27.0,24.857142857142858,-1.0,1.1428571428571423
Antonio Brown_S22,Antonio Brown,22,8,27.0,9.0,3,9.0,9.0,5,26.0,25.125,1.0,1.875
Antonio Brown_S22,Antonio Brown,22,9,27.5,9.166666666666666,3,9.0,9.5,5,27.0,25.38888888888889,0.5,2.1111111111111107
Antonio Sabato Jr._S19,Antonio Sabato Jr.,19,1,25.0,6.25,4,6.0,7.0,11,,25.0,,0.0
Antonio Sabato Jr._S19,Antonio Sabato Jr.,19,2,31.0,7.75,4,7.0,8.0,5,25.0,28.0,6.0,3.0
Antonio Sabato Jr._S19,Antonio Sabato Jr.,19,3,29.0,7.25,4,7.0,8.0,9,31.0,28.333333333333332,-2.0,0.6666666666666679
Antonio Sabato Jr._S19,Antonio Sabato Jr.,19,4,29.0,7.25,4,7.0,8.0,6,29.0,28.5,0.0,0.5
Antonio Sabato Jr._S19,Antonio Sabato Jr.,19,5,28.0,7.0,4,6.0,8.0,6,29.0,28.4,-1.0,-0.3999999999999986
Antonio Sabato Jr._S19,Antonio Sabato Jr.,19,6,28.0,7.0,4,7.0,7.0,8,28.0,28.333333333333332,0.0,-0.33333333333333215
Antonio Sabato Jr._S19,Antonio Sabato Jr.,19,7,29.5,7.375,4,7.0,7.5,7,28.0,28.5,1.5,1.0
Apolo Anton Ohno_S15,Apolo Anton Ohno,15,1,22.0,7.333333333333333,3,7.0,7.5,5,,22.0,,0.0
Apolo Anton Ohno_S15,Apolo Anton Ohno,15,2,24.5,8.166666666666666,3,8.0,8.5,4,22.0,23.25,2.5,1.25
Apolo Anton Ohno_S15,Apolo Anton Ohno,15,3,25.5,8.5,3,8.0,9.0,4,24.5,24.0,1.0,1.5
Apolo Anton Ohno_S15,Apolo Anton Ohno,15,4,34.5,8.625,4,8.5,9.0,7,25.5,26.625,9.0,7.875
Apolo Anton Ohno_S15,Apolo Anton Ohno,15,5,28.25,9.416666666666666,3,9.0,9.75,3,34.5,26.95,-6.25,1.3000000000000007
Apolo Anton Ohno_S15,Apolo Anton Ohno,15,6,30.0,10.0,3,10.0,10.0,2,28.25,27.458333333333332,1.75,2.541666666666668
Apolo Anton Ohno_S15,Apolo Anton Ohno,15,7,33.0,11.0,3,11.0,11.0,6,30.0,28.25,3.0,4.75
Apolo Anton Ohno_S15,Apolo Anton Ohno,15,8,29.2777,9.759233333333333,3,9.5,10.0,3,33.0,28.3784625,-3.7223000000000006,0.8992374999999981
Apolo Anton Ohno_S15,Apolo Anton Ohno,15,9,28.610999999999997,9.536999999999999,3,9.3333,9.7777,3,29.2777,28.4043,-0.6667000000000023,0.20669999999999789
Apolo Anton Ohno_S4,Apolo Anton Ohno,4,1,21.0,7.0,3,7.0,7.0,3,,21.0,,0.0
Apolo Anton Ohno_S4,Apolo Anton Ohno,4,2,26.0,8.666666666666666,3,8.0,9.0,2,21.0,23.5,5.0,2.5
Apolo Anton Ohno_S4,Apolo Anton Ohno,4,3,23.0,7.666666666666667,3,7.0,8.0,5,26.0,23.333333333333332,-3.0,-0.33333333333333215
Apolo Anton Ohno_S4,Apolo Anton Ohno,4,4,26.0,8.666666666666666,3,8.0,9.0,2,23.0,24.0,3.0,2.0
Apolo Anton Ohno_S4,Apolo Anton Ohno,4,5,30.0,10.0,3,10.0,10.0,1,26.0,25.2,4.0,4.800000000000001
Apolo Anton Ohno_S4,Apolo Anton Ohno,4,6,28.0,9.333333333333334,3,9.0,10.0,2,30.0,25.666666666666668,-2.0,2.333333333333332
Apolo Anton Ohno_S4,Apolo Anton Ohno,4,7,27.0,9.0,3,8.5,9.5,4,28.0,25.857142857142858,-1.0,1.1428571428571423
Apolo Anton Ohno_S4,Apolo Anton Ohno,4,8,29.0,9.666666666666666,3,9.0,10.0,1,27.0,26.25,2.0,2.75
Apolo Anton Ohno_S4,Apolo Anton Ohno,4,9,29.5,9.833333333333334,3,9.5,10.0,3,29.0,26.61111111111111,0.5,2.8888888888888893
Apolo Anton Ohno_S4,Apolo Anton Ohno,4,10,29.3332,9.777733333333334,3,9.6666,10.0,1,29.5,26.883319999999998,-0.1667999999999985,2.449880000000004
Ariana Madix_S32,Ariana Madix,32,1,21.0,7.0,3,7.0,7.0,2,,21.0,,0.0
Ariana Madix_S32,Ariana Madix,32,2,20.0,6.666666666666667,3,6.0,7.0,5,21.0,20.5,-1.0,-0.5
Ariana Madix_S32,Ariana Madix,32,3,34.0,8.5,4,8.0,9.0,1,20.0,25.0,14.0,9.0
Ariana Madix_S32,Ariana Madix,32,4,25.0,8.333333333333334,3,8.0,9.0,2,34.0,25.0,-9.0,0.0
Ariana Madix_S32,Ariana Madix,32,5,24.0,8.0,3,8.0,8.0,5,25.0,24.8,-1.0,-0.8000000000000007
Ariana Madix_S32,Ariana Madix,32,6,41.0,10.25,4,10.0,11.0,2,24.0,27.5,17.0,13.5
Ariana Madix_S32,Ariana Madix,32,7,37.0,9.25,4,9.0,10.0,2,41.0,28.857142857142858,-4.0,8.142857142857142
Ariana Madix_S32,Ariana Madix,32,8,42.0,10.5,4,9.75,10.75,1,37.0,30.5,5.0,11.5
Ariana Madix_S32,Ariana Madix,32,9,37.0,9.25,4,9.0,10.0,4,42.0,31.22222222222222,-5.0,5.777777777777779
Ariana Madix_S32,Ariana Madix,32,10,29.0,9.666666666666666,3,9.5,10.0,3,37.0,31.0,-8.0,-2.0
Ariana Madix_S32,Ariana Madix,32,11,29.5,9.833333333333334,3,9.5,10.0,3,29.0,30.863636363636363,0.5,-1.3636363636363633
Arike Ogunbowale_S26,Arike Ogunbowale,26,1,20.0,6.666666666666667,3,6.0,7.0,7,,20.0,,0.0
Arike Ogunbowale_S26,Arike Ogunbowale,26,2,35.0,8.75,4,8.5,9.5,3,20.0,27.5,15.0,7.5
Ashley Hamiliton_S9,Ashley Hamiliton,9,1,18.9999,6.3333,3,5.3333,7.3333,15,,18.9999,,0.0
Audrina Patridge_S11,Audrina Patridge,11,1,19.0,6.333333333333333,3,6.0,7.0,6,,19.0,,0.0
Audrina Patridge_S11,Audrina Patridge,11,2,23.0,7.666666666666667,3,7.0,8.0,2,19.0,21.0,4.0,2.0
Audrina Patridge_S11,Audrina Patridge,11,3,26.0,8.666666666666666,3,8.0,9.0,1,23.0,22.666666666666668,3.0,3.333333333333332
Audrina Patridge_S11,Audrina Patridge,11,4,23.0,7.666666666666667,3,7.5,8.0,3,26.0,22.75,-3.0,0.25
Audrina Patridge_S11,Audrina Patridge,11,5,23.0,7.666666666666667,3,7.0,8.0,5,23.0,22.8,0.0,0.1999999999999993
Audrina Patridge_S11,Audrina Patridge,11,6,31.9998,10.6666,3,10.6666,10.6666,2,23.0,24.333299999999998,8.9998,7.666500000000003
Babyface_S23,Babyface,23,1,26.0,6.5,4,6.0,7.0,5,,26.0,,0.0
Babyface_S23,Babyface,23,2,30.0,7.5,4,7.0,8.0,3,26.0,28.0,4.0,2.0
Babyface_S23,Babyface,23,3,25.0,6.25,4,6.0,7.0,10,30.0,27.0,-5.0,-2.0
Babyface_S23,Babyface,23,4,18.0,6.0,3,6.0,6.0,11,25.0,24.75,-7.0,-6.75
Barbara Corcoran_S25,Barbara Corcoran,25,1,14.0,4.666666666666667,3,4.0,5.0,13,,14.0,,0.0
Barbara Corcoran_S25,Barbara Corcoran,25,2,17.0,5.666666666666667,3,5.0,6.0,13,14.0,15.5,3.0,1.5
Baron Davis_S34,Baron Davis,34,1,10.0,5.0,2,5.0,5.0,9,,10.0,,0.0
Baron Davis_S34,Baron Davis,34,2,18.0,6.0,3,6.0,6.0,11,10.0,14.0,8.0,4.0
Barry Williams_S32,Barry Williams,32,1,16.0,5.333333333333333,3,5.0,6.0,8,,16.0,,0.0
Barry Williams_S32,Barry Williams,32,2,15.0,5.0,3,5.0,5.0,10,16.0,15.5,-1.0,-0.5
Barry Williams_S32,Barry Williams,32,3,25.0,6.25,4,6.0,7.0,7,15.0,18.666666666666668,10.0,6.333333333333332
Barry Williams_S32,Barry Williams,32,4,18.0,6.0,3,6.0,6.0,10,25.0,18.5,-7.0,-0.5
Barry Williams_S32,Barry Williams,32,5,24.0,8.0,3,8.0,8.0,7,18.0,19.6,6.0,4.399999999999999
Barry Williams_S32,Barry Williams,32,6,32.0,8.0,4,7.25,8.25,7,24.0,21.666666666666668,8.0,10.333333333333332
Barry Williams_S32,Barry Williams,32,7,32.5,8.125,4,8.0,8.5,7,32.0,23.214285714285715,0.5,9.285714285714285
Barry Williams_S32,Barry Williams,32,8,35.0,8.75,4,8.75,8.75,5,32.5,24.6875,2.5,10.3125
Belinda Carlisle_S8,Belinda Carlisle,8,1,17.0,5.666666666666667,3,5.0,6.0,10,,17.0,,0.0
Belinda Carlisle_S8,Belinda Carlisle,8,2,18.0,6.0,3,6.0,6.0,10,17.0,17.5,1.0,0.5
Bethany Mota_S19,Bethany Mota,19,1,32.0,8.0,4,8.0,8.0,3,,32.0,,0.0
Bethany Mota_S19,Bethany Mota,19,2,33.0,8.25,4,8.0,9.0,3,32.0,32.5,1.0,0.5
Bethany Mota_S19,Bethany Mota,19,3,40.0,10.0,4,10.0,10.0,1,33.0,35.0,7.0,5.0
Bethany Mota_S19,Bethany Mota,19,4,33.0,8.25,4,8.0,9.0,5,40.0,34.5,-7.0,-1.5
Bethany Mota_S19,Bethany Mota,19,5,32.0,8.0,4,8.0,8.0,5,33.0,34.0,-1.0,-2.0
Bethany Mota_S19,Bethany Mota,19,6,36.0,9.0,4,9.0,9.0,2,32.0,34.333333333333336,4.0,1.6666666666666643
Bethany Mota_S19,Bethany Mota,19,7,37.5,9.375,4,9.0,9.5,1,36.0,34.785714285714285,1.5,2.7142857142857153
Bethany Mota_S19,Bethany Mota,19,8,40.0,10.0,4,9.75,10.75,3,37.5,35.4375,2.5,4.5625
Bethany Mota_S19,Bethany Mota,19,9,37.0,9.25,4,9.0,9.5,3,40.0,35.611111111111114,-3.0,1.3888888888888857
Bethany Mota_S19,Bethany Mota,19,10,38.0,9.5,4,9.5,9.5,2,37.0,35.85,1.0,2.1499999999999986
Bethany Mota_S19,Bethany Mota,19,11,38.0,9.5,4,9.5,9.5,4,38.0,36.04545454545455,0.0,1.9545454545454533
Betsey Johnson_S19,Betsey Johnson,19,1,20.0,5.0,4,5.0,5.0,13,,20.0,,0.0
Betsey Johnson_S19,Betsey Johnson,19,2,28.0,7.0,4,7.0,7.0,8,20.0,24.0,8.0,4.0
Betsey Johnson_S19,Betsey Johnson,19,3,29.0,7.25,4,6.0,9.0,8,28.0,25.666666666666668,1.0,3.333333333333332
Betsey Johnson_S19,Betsey Johnson,19,4,29.0,7.25,4,7.0,8.0,7,29.0,26.5,0.0,2.5
Bill Engvall_S17,Bill Engvall,17,1,18.0,6.0,3,6.0,6.0,10,,18.0,,0.0
Bill Engvall_S17,Bill Engvall,17,2,21.0,7.0,3,7.0,7.0,8,18.0,19.5,3.0,1.5
Bill Engvall_S17,Bill Engvall,17,3,24.0,8.0,3,8.0,8.0,6,21.0,21.0,3.0,3.0
Bill Engvall_S17,Bill Engvall,17,4,21.0,7.0,3,7.0,7.0,9,24.0,21.0,-3.0,0.0
Bill Engvall_S17,Bill Engvall,17,5,24.0,8.0,3,8.0,8.0,8,21.0,21.6,3.0,2.3999999999999986
Bill Engvall_S17,Bill Engvall,17,6,23.9999,7.9999666666666664,3,7.3333,8.3333,8,24.0,21.999983333333333,-0.00009999999999976694,1.9999166666666675
Bill Engvall_S17,Bill Engvall,17,7,25.0,8.333333333333334,3,8.0,8.5,8,23.9999,22.42855714285714,1.0000999999999998,2.571442857142859
Bill Engvall_S17,Bill Engvall,17,8,24.0,8.0,3,8.0,8.0,7,25.0,22.6249875,-1.0,1.3750125000000004
Bill Engvall_S17,Bill Engvall,17,9,21.0,7.0,3,7.0,7.0,6,24.0,22.444433333333333,-3.0,-1.4444333333333326
Bill Engvall_S17,Bill Engvall,17,10,30.0,7.5,4,7.5,7.5,5,21.0,23.19999,9.0,6.80001
Bill Engvall_S17,Bill Engvall,17,11,25.499899999999997,8.499966666666666,3,8.3333,8.8333,4,30.0,23.409072727272726,-4.500100000000003,2.090827272727271
Bill Nye_S17,Bill Nye,17,1,14.0,4.666666666666667,3,4.0,5.0,12,,14.0,,0.0
Bill Nye_S17,Bill Nye,17,2,17.0,5.666666666666667,3,5.0,6.0,12,14.0,15.5,3.0,1.5
Bill Nye_S17,Bill Nye,17,3,16.0,5.333333333333333,3,5.0,6.0,11,17.0,15.666666666666666,-1.0,0.3333333333333339
Billy Dee Williams_S18,Billy Dee Williams,18,1,15.0,5.0,3,5.0,5.0,12,,15.0,,0.0
Billy Dee Williams_S18,Billy Dee Williams,18,2,15.0,5.0,3,5.0,5.0,11,15.0,15.0,0.0,0.0
Billy Ray Cyrus_S4,Billy Ray Cyrus,4,1,13.0,4.333333333333333,3,4.0,5.0,11,,13.0,,0.0
Billy Ray Cyrus_S4,Billy Ray Cyrus,4,2,21.0,7.0,3,7.0,7.0,8,13.0,17.0,8.0,4.0
Billy Ray Cyrus_S4,Billy Ray Cyrus,4,3,21.0,7.0,3,7.0,7.0,7,21.0,18.333333333333332,0.0,2.666666666666668
Billy Ray Cyrus_S4,Billy Ray Cyrus,4,4,21.0,7.0,3,7.0,7.0,6,21.0,19.0,0.0,2.0
Billy Ray Cyrus_S4,Billy Ray Cyrus,4,5,17.0,5.666666666666667,3,5.0,6.0,7,21.0,18.6,-4.0,-1.6000000000000014
Billy Ray Cyrus_S4,Billy Ray Cyrus,4,6,21.0,7.0,3,7.0,7.0,6,17.0,19.0,4.0,2.0
Billy Ray Cyrus_S4,Billy Ray Cyrus,4,7,19.0,6.333333333333333,3,6.0,6.5,6,21.0,19.0,-2.0,0.0
Billy Ray Cyrus_S4,Billy Ray Cyrus,4,8,19.0,6.333333333333333,3,6.0,6.5,5,19.0,19.0,0.0,0.0
Bindi Irwin_S21,Bindi Irwin,21,1,24.0,8.0,3,8.0,8.0,2,,24.0,,0.0
Bindi Irwin_S21,Bindi Irwin,21,2,24.0,8.0,3,8.0,8.0,2,24.0,24.0,0.0,0.0
Bindi Irwin_S21,Bindi Irwin,21,3,32.0,8.0,4,8.0,8.0,5,24.0,26.666666666666668,8.0,5.333333333333332
Bindi Irwin_S21,Bindi Irwin,21,4,28.0,9.333333333333334,3,9.0,10.0,1,32.0,27.0,-4.0,1.0
Bindi Irwin_S21,Bindi Irwin,21,5,37.0,9.25,4,9.0,10.0,3,28.0,29.0,9.0,8.0
Bindi Irwin_S21,Bindi Irwin,21,6,40.0,10.0,4,10.0,10.0,3,37.0,30.833333333333332,3.0,9.166666666666668
Bindi Irwin_S21,Bindi Irwin,21,7,29.0,9.666666666666666,3,9.5,10.0,1,40.0,30.571428571428573,-11.0,-1.571428571428573
Bindi Irwin_S21,Bindi Irwin,21,8,28.0,9.333333333333334,3,9.0,10.0,4,29.0,30.25,-1.0,-2.25
Bindi Irwin_S21,Bindi Irwin,21,9,30.0,10.0,3,10.0,10.0,2,28.0,30.22222222222222,2.0,-0.22222222222222143
Bindi Irwin_S21,Bindi Irwin,21,10,31.5,10.5,3,10.5,10.5,2,30.0,30.35,1.5,1.1499999999999986
Bindi Irwin_S21,Bindi Irwin,21,11,30.0,10.0,3,10.0,10.0,3,31.5,30.318181818181817,-1.5,-0.31818181818181657
Bobby Bones_S27,Bobby Bones,27,1,20.0,6.666666666666667,3,6.0,7.0,7,,20.0,,0.0
Bobby Bones_S27,Bobby Bones,27,2,19.5,6.5,3,6.0,7.0,10,20.0,19.75,-0.5,-0.25
Bobby Bones_S27,Bobby Bones,27,3,23.0,7.666666666666667,3,7.0,8.0,8,19.5,20.833333333333332,3.5,2.166666666666668
Bobby Bones_S27,Bobby Bones,27,4,20.0,6.666666666666667,3,6.0,7.0,9,23.0,20.625,-3.0,-0.625
Bobby Bones_S27,Bobby Bones,27,5,21.0,7.0,3,7.0,7.0,8,20.0,20.7,1.0,0.3000000000000007
Bobby Bones_S27,Bobby Bones,27,6,22.0,7.333333333333333,3,7.0,8.0,7,21.0,20.916666666666668,1.0,1.0833333333333321
Bobby Bones_S27,Bobby Bones,27,7,26.5,8.833333333333334,3,8.5,9.0,6,22.0,21.714285714285715,4.5,4.785714285714285
Bobby Bones_S27,Bobby Bones,27,8,22.5,7.5,3,7.5,7.5,6,26.5,21.8125,-4.0,0.6875
Bobby Bones_S27,Bobby Bones,27,9,27.0,9.0,3,9.0,9.0,4,22.5,22.38888888888889,4.5,4.611111111111111
Bonner Bolton_S24,Bonner Bolton,24,1,22.0,5.5,4,5.0,6.0,9,,22.0,,0.0
Bonner Bolton_S24,Bonner Bolton,24,2,28.0,7.0,4,5.0,8.0,5,22.0,25.0,6.0,3.0
Bonner Bolton_S24,Bonner Bolton,24,3,24.0,6.0,4,6.0,6.0,10,28.0,24.666666666666668,-4.0,-0.6666666666666679
Bonner Bolton_S24,Bonner Bolton,24,4,32.0,8.0,4,8.0,8.0,5,24.0,26.5,8.0,5.5
Bonner Bolton_S24,Bonner Bolton,24,5,30.0,7.5,4,7.0,8.0,8,32.0,27.2,-2.0,2.8000000000000007
Bonner Bolton_S24,Bonner Bolton,24,6,31.5,7.875,4,7.5,8.5,6,30.0,27.916666666666668,1.5,3.583333333333332
Bonner Bolton_S24,Bonner Bolton,24,7,31.0,7.75,4,7.5,8.5,7,31.5,28.357142857142858,-0.5,2.6428571428571423
Bonner Bolton_S24,Bonner Bolton,24,8,29.0,7.25,4,7.0,7.5,5,31.0,28.4375,-2.0,0.5625
Brandy_S11,Brandy,11,1,23.0,7.666666666666667,3,7.0,8.0,3,,23.0,,0.0
Brandy_S11,Brandy,11,2,21.0,7.0,3,7.0,7.0,5,23.0,22.0,-2.0,-1.0
Brandy_S11,Brandy,11,3,24.0,8.0,3,8.0,8.0,4,21.0,22.666666666666668,3.0,1.3333333333333321
Brandy_S11,Brandy,11,4,24.0,8.0,3,8.0,8.0,2,24.0,23.0,0.0,1.0
Brandy_S11,Brandy,11,5,27.0,9.0,3,9.0,9.0,1,24.0,23.8,3.0,3.1999999999999993
Brandy_S11,Brandy,11,6,35.9999,11.999966666666666,3,11.3333,12.3333,1,27.0,25.833316666666665,8.999899999999997,10.166583333333332
Brandy_S11,Brandy,11,7,36.5,9.125,4,9.0,9.5,1,35.9999,27.35712857142857,0.5001000000000033,9.142871428571429
Brandy_S11,Brandy,11,8,28.5,9.5,3,9.0,10.0,1,36.5,27.4999875,-8.0,1.0000125000000004
Brandy_S11,Brandy,11,9,28.5,9.5,3,9.5,9.5,3,28.5,27.6111,0.0,0.8888999999999996
Brant Daugherty_S17,Brant Daugherty,17,1,22.0,7.333333333333333,3,7.0,8.0,6,,22.0,,0.0
Brant Daugherty_S17,Brant Daugherty,17,2,23.0,7.666666666666667,3,7.0,8.0,7,22.0,22.5,1.0,0.5
Brant Daugherty_S17,Brant Daugherty,17,3,27.0,9.0,3,9.0,9.0,1,23.0,24.0,4.0,3.0
Brant Daugherty_S17,Brant Daugherty,17,4,21.0,7.0,3,7.0,7.0,8,27.0,23.25,-6.0,-2.25
Brant Daugherty_S17,Brant Daugherty,17,5,27.0,9.0,3,9.0,9.0,4,21.0,24.0,6.0,3.0
Brant Daugherty_S17,Brant Daugherty,17,6,31.0,10.333333333333334,3,10.0,11.0,3,27.0,25.166666666666668,4.0,5.833333333333332
Brant Daugherty_S17,Brant Daugherty,17,7,28.5,9.5,3,9.5,9.5,4,31.0,25.642857142857142,-2.5,2.8571428571428577
Brant Daugherty_S17,Brant Daugherty,17,8,27.0,9.0,3,9.0,9.0,5,28.5,25.8125,-1.5,1.1875
Brian Austin Green_S30,Brian Austin Green,30,1,24.0,6.0,4,6.0,6.0,11,,24.0,,0.0
Brian Austin Green_S30,Brian Austin Green,30,2,23.0,5.75,4,5.0,6.0,13,24.0,23.5,-1.0,-0.5
Brian Austin Green_S30,Brian Austin Green,30,3,19.0,6.333333333333333,3,6.0,7.0,12,23.0,22.0,-4.0,-3.0
Brian Austin Green_S30,Brian Austin Green,30,4,26.0,6.5,4,6.0,7.0,13,19.0,23.0,7.0,3.0
Bristol Palin_S11,Bristol Palin,11,1,18.0,6.0,3,6.0,6.0,7,,18.0,,0.0
Bristol Palin_S11,Bristol Palin,11,2,22.0,7.333333333333333,3,7.0,8.0,3,18.0,20.0,4.0,2.0
Bristol Palin_S11,Bristol Palin,11,3,19.0,6.333333333333333,3,6.0,7.0,9,22.0,19.666666666666668,-3.0,-0.6666666666666679
Bristol Palin_S11,Bristol Palin,11,4,16.0,5.333333333333333,3,5.0,5.5,8,19.0,18.75,-3.0,-2.75
Bristol Palin_S11,Bristol Palin,11,5,18.0,6.0,3,6.0,6.0,8,16.0,18.6,2.0,-0.6000000000000014
Bristol Palin_S11,Bristol Palin,11,6,27.9998,9.333266666666667,3,8.6666,9.6666,6,18.0,20.166633333333333,9.9998,7.833166666666667
Bristol Palin_S11,Bristol Palin,11,7,32.5,8.125,4,8.0,8.5,6,27.9998,21.928542857142855,4.5001999999999995,10.571457142857145
Bristol Palin_S11,Bristol Palin,11,8,23.5,7.833333333333333,3,7.5,8.0,5,32.5,22.124975,-9.0,1.3750250000000008
Bristol Palin_S11,Bristol Palin,11,9,26.5,8.833333333333334,3,8.5,9.0,4,23.5,22.611088888888887,3.0,3.8889111111111134
Bristol Palin_S11,Bristol Palin,11,10,25.6666,8.555533333333333,3,8.3333,9.0,3,26.5,22.916639999999997,-0.833400000000001,2.7499600000000015
Bristol Palin_S15,Bristol Palin,15,1,19.5,6.5,3,6.5,6.5,11,,19.5,,0.0
Bristol Palin_S15,Bristol Palin,15,2,18.0,6.0,3,6.0,6.0,12,19.5,18.75,-1.5,-0.75
Bristol Palin_S15,Bristol Palin,15,3,22.5,7.5,3,7.5,7.5,11,18.0,20.0,4.5,2.5
Bristol Palin_S15,Bristol Palin,15,4,32.0,8.0,4,8.0,8.0,8,22.5,23.0,9.5,9.0
Brooke Burke_S7,Brooke Burke,7,1,24.5,8.166666666666666,3,8.0,8.5,1,,24.5,,0.0
Brooke Burke_S7,Brooke Burke,7,2,24.0,8.0,3,8.0,8.0,1,24.5,24.25,-0.5,-0.25
Brooke Burke_S7,Brooke Burke,7,3,28.0,9.333333333333334,3,9.0,10.0,1,24.0,25.5,4.0,2.5
Brooke Burke_S7,Brooke Burke,7,4,26.0,8.666666666666666,3,8.0,9.0,2,28.0,25.625,-2.0,0.375
Brooke Burke_S7,Brooke Burke,7,5,29.0,9.666666666666666,3,9.0,10.0,1,26.0,26.3,3.0,2.6999999999999993
Brooke Burke_S7,Brooke Burke,7,6,26.0,8.666666666666666,3,8.0,10.0,2,29.0,26.25,-3.0,-0.25
Brooke Burke_S7,Brooke Burke,7,7,30.0,10.0,3,10.0,10.0,1,26.0,26.785714285714285,4.0,3.2142857142857153
Brooke Burke_S7,Brooke Burke,7,8,27.5,9.166666666666666,3,8.5,9.5,1,30.0,26.875,-2.5,0.625
Brooke Burke_S7,Brooke Burke,7,9,24.5,8.166666666666666,3,8.0,8.5,3,27.5,26.61111111111111,-3.0,-2.1111111111111107
Brooke Burke_S7,Brooke Burke,7,10,30.0,10.0,3,10.0,10.0,1,24.5,26.95,5.5,3.0500000000000007
Brooks Nader_S33,Brooks Nader,33,1,18.0,6.0,3,6.0,6.0,9,,18.0,,0.0
Brooks Nader_S33,Brooks Nader,33,2,20.0,6.666666666666667,3,6.0,7.0,8,18.0,19.0,2.0,1.0
Brooks Nader_S33,Brooks Nader,33,3,30.5,7.625,4,7.5,8.0,5,20.0,22.833333333333332,10.5,7.666666666666668
Brooks Nader_S33,Brooks Nader,33,4,32.0,8.0,4,8.0,8.0,7,30.5,25.125,1.5,6.875
Buzz Aldrin_S10,Buzz Aldrin,10,1,14.0,4.666666666666667,3,4.0,5.0,11,,14.0,,0.0
Buzz Aldrin_S10,Buzz Aldrin,10,2,12.0,4.0,3,4.0,4.0,11,14.0,13.0,-2.0,-1.0
Buzz Aldrin_S10,Buzz Aldrin,10,3,13.0,4.333333333333333,3,4.0,5.0,10,12.0,13.0,1.0,0.0
Calvin Johnson Jr._S23,Calvin Johnson Jr.,23,1,26.0,6.5,4,6.0,7.0,6,,26.0,,0.0
Calvin Johnson Jr._S23,Calvin Johnson Jr.,23,2,28.0,7.0,4,7.0,7.0,6,26.0,27.0,2.0,1.0
Calvin Johnson Jr._S23,Calvin Johnson Jr.,23,3,32.0,8.0,4,8.0,8.0,1,28.0,28.666666666666668,4.0,3.333333333333332
Calvin Johnson Jr._S23,Calvin Johnson Jr.,23,4,23.0,7.666666666666667,3,7.0,8.0,8,32.0,27.25,-9.0,-4.25
Calvin Johnson Jr._S23,Calvin Johnson Jr.,23,5,24.0,8.0,3,8.0,8.0,7,23.0,26.6,1.0,-2.6000000000000014
Calvin Johnson Jr._S23,Calvin Johnson Jr.,23,6,37.0,9.25,4,9.0,10.0,3,24.0,28.333333333333332,13.0,8.666666666666668
Calvin Johnson Jr._S23,Calvin Johnson Jr.,23,7,37.0,9.25,4,9.0,9.5,2,37.0,29.571428571428573,0.0,7.428571428571427
Calvin Johnson Jr._S23,Calvin Johnson Jr.,23,8,30.0,10.0,3,10.0,10.0,4,37.0,29.625,-7.0,0.375
Calvin Johnson Jr._S23,Calvin Johnson Jr.,23,9,37.0,9.25,4,9.0,10.0,4,30.0,30.444444444444443,7.0,6.555555555555557
Calvin Johnson Jr._S23,Calvin Johnson Jr.,23,10,28.0,9.333333333333334,3,9.0,9.5,5,37.0,30.2,-9.0,-2.1999999999999993
Calvin Johnson Jr._S23,Calvin Johnson Jr.,23,11,38.3331,9.583275,4,9.3333,9.6666,3,28.0,30.939372727272726,10.333100000000002,7.393727272727276
Cameron Mathison_S5,Cameron Mathison,5,1,21.0,7.0,3,7.0,7.0,8,,21.0,,0.0
Cameron Mathison_S5,Cameron Mathison,5,2,21.0,7.0,3,7.0,7.0,5,21.0,21.0,0.0,0.0
Cameron Mathison_S5,Cameron Mathison,5,3,23.0,7.666666666666667,3,7.0,8.0,7,21.0,21.666666666666668,2.0,1.3333333333333321
Cameron Mathison_S5,Cameron Mathison,5,4,27.0,9.0,3,9.0,9.0,3,23.0,23.0,4.0,4.0
Cameron Mathison_S5,Cameron Mathison,5,5,26.0,8.666666666666666,3,8.0,9.0,4,27.0,23.6,-1.0,2.3999999999999986
Cameron Mathison_S5,Cameron Mathison,5,6,25.0,8.333333333333334,3,8.0,9.0,4,26.0,23.833333333333332,-1.0,1.1666666666666679
Cameron Mathison_S5,Cameron Mathison,5,7,25.5,8.5,3,8.5,8.5,5,25.0,24.071428571428573,0.5,1.428571428571427
Cameron Mathison_S5,Cameron Mathison,5,8,25.5,8.5,3,8.5,8.5,3,25.5,24.25,0.0,1.25
Candace Cameron Bure_S18,Candace Cameron Bure,18,1,25.0,8.333333333333334,3,8.0,9.0,2,,25.0,,0.0
Candace Cameron Bure_S18,Candace Cameron Bure,18,2,21.0,7.0,3,7.0,7.0,7,25.0,23.0,-4.0,-2.0
Candace Cameron Bure_S18,Candace Cameron Bure,18,3,32.0,8.0,4,8.0,8.0,7,21.0,26.0,11.0,6.0
Candace Cameron Bure_S18,Candace Cameron Bure,18,4,28.0,7.0,4,7.0,7.0,9,32.0,26.5,-4.0,1.5
Candace Cameron Bure_S18,Candace Cameron Bure,18,5,35.0,8.75,4,8.0,9.0,7,28.0,28.2,7.0,6.800000000000001
Candace Cameron Bure_S18,Candace Cameron Bure,18,6,32.0,8.0,4,8.0,8.0,8,35.0,28.833333333333332,-3.0,3.166666666666668
Candace Cameron Bure_S18,Candace Cameron Bure,18,7,37.0,9.25,4,9.0,9.5,3,32.0,30.0,5.0,7.0
Candace Cameron Bure_S18,Candace Cameron Bure,18,8,36.0,9.0,4,9.0,9.0,4,37.0,30.75,-1.0,5.25
Candace Cameron Bure_S18,Candace Cameron Bure,18,9,36.0,9.0,4,8.5,9.5,5,36.0,31.333333333333332,0.0,4.666666666666668
Candace Cameron Bure_S18,Candace Cameron Bure,18,10,25.9998,8.6666,3,8.6666,8.6666,4,36.0,30.799979999999998,-10.0002,-4.8001799999999974
Carlos PenaVega_S21,Carlos PenaVega,21,1,23.0,7.666666666666667,3,7.0,8.0,4,,23.0,,0.0
Carlos PenaVega_S21,Carlos PenaVega,21,2,22.5,7.5,3,7.5,7.5,7,23.0,22.75,-0.5,-0.25
Carlos PenaVega_S21,Carlos PenaVega,21,3,31.0,7.75,4,7.0,8.0,6,22.5,25.5,8.5,5.5
Carlos PenaVega_S21,Carlos PenaVega,21,4,25.0,8.333333333333334,3,8.0,9.0,5,31.0,25.375,-6.0,-0.375
Carlos PenaVega_S21,Carlos PenaVega,21,5,39.0,9.75,4,9.0,10.0,2,25.0,28.1,14.0,10.899999999999999
Carlos PenaVega_S21,Carlos PenaVega,21,6,38.0,9.5,4,9.0,10.0,5,39.0,29.75,-1.0,8.25
Carlos PenaVega_S21,Carlos PenaVega,21,7,28.0,9.333333333333334,3,9.0,10.0,2,38.0,29.5,-10.0,-1.5
Carlos PenaVega_S21,Carlos PenaVega,21,8,28.9998,9.6666,3,9.6666,9.6666,2,28.0,29.437475,0.9998000000000005,-0.4376749999999987
Carlos PenaVega_S21,Carlos PenaVega,21,9,27.0,9.0,3,9.0,9.0,4,28.9998,29.166644444444444,-1.9998000000000005,-2.1666444444444437
Carlos PenaVega_S21,Carlos PenaVega,21,10,31.5,10.5,3,10.0,11.0,1,27.0,29.39998,4.5,2.1000200000000007
Carlos PenaVega_S21,Carlos PenaVega,21,11,30.0,10.0,3,10.0,10.0,1,31.5,29.454527272727272,-1.5,0.5454727272727276
Carole Baskin_S29,Carole Baskin,29,1,11.0,3.6666666666666665,3,3.0,4.0,15,,11.0,,0.0
Carole Baskin_S29,Carole Baskin,29,2,16.0,5.333333333333333,3,5.0,6.0,12,11.0,13.5,5.0,2.5
Carole Baskin_S29,Carole Baskin,29,3,12.0,4.0,3,3.0,5.0,14,16.0,13.0,-4.0,-1.0
Carson Kressley_S13,Carson Kressley,13,1,17.0,5.666666666666667,3,5.0,6.0,8,,17.0,,0.0
Carson Kressley_S13,Carson Kressley,13,2,18.0,6.0,3,6.0,6.0,9,17.0,17.5,1.0,0.5
Carson Kressley_S13,Carson Kressley,13,3,23.0,7.666666666666667,3,7.0,8.0,8,18.0,19.333333333333332,5.0,3.666666666666668
Carson Kressley_S13,Carson Kressley,13,4,20.0,6.666666666666667,3,6.0,7.0,9,23.0,19.5,-3.0,0.5
Carson Kressley_S13,Carson Kressley,13,5,19.0,6.333333333333333,3,6.0,7.0,8,20.0,19.4,-1.0,-0.3999999999999986
Chad Ochocinco_S10,Chad Ochocinco,10,1,18.0,6.0,3,6.0,6.0,6,,18.0,,0.0
Chad Ochocinco_S10,Chad Ochocinco,10,2,16.0,5.333333333333333,3,5.0,6.0,9,18.0,17.0,-2.0,-1.0
Chad Ochocinco_S10,Chad Ochocinco,10,3,20.0,6.666666666666667,3,6.0,7.0,8,16.0,18.0,4.0,2.0
Chad Ochocinco_S10,Chad Ochocinco,10,4,22.0,7.333333333333333,3,6.5,8.0,4,20.0,19.0,2.0,3.0
Chad Ochocinco_S10,Chad Ochocinco,10,5,18.0,6.0,3,6.0,6.0,6,22.0,18.8,-4.0,-0.8000000000000007
Chad Ochocinco_S10,Chad Ochocinco,10,6,30.999899999999997,10.3333,3,10.3333,10.3333,3,18.0,20.833316666666665,12.999899999999997,10.166583333333332
Chad Ochocinco_S10,Chad Ochocinco,10,7,26.0,8.666666666666666,3,8.5,9.0,3,30.999899999999997,21.571414285714287,-4.999899999999997,4.428585714285713
Chad Ochocinco_S10,Chad Ochocinco,10,8,22.5,7.5,3,7.5,7.5,4,26.0,21.6874875,-3.5,0.8125125000000004
Chad Ochocinco_S10,Chad Ochocinco,10,9,26.0,8.666666666666666,3,8.5,9.0,4,22.5,22.166655555555554,3.5,3.833344444444446
Chaka Khan_S21,Chaka Khan,21,1,13.0,4.333333333333333,3,4.0,5.0,12,,13.0,,0.0
Chaka Khan_S21,Chaka Khan,21,2,15.0,5.0,3,5.0,5.0,13,13.0,14.0,2.0,1.0
Chandler Kinney_S33,Chandler Kinney,33,1,23.0,7.666666666666667,3,7.0,8.0,1,,23.0,,0.0
Chandler Kinney_S33,Chandler Kinney,33,2,24.0,8.0,3,8.0,8.0,1,23.0,23.5,1.0,0.5
Chandler Kinney_S33,Chandler Kinney,33,3,34.5,8.625,4,8.5,9.0,2,24.0,27.166666666666668,10.5,7.333333333333332
Chandler Kinney_S33,Chandler Kinney,33,4,32.0,8.0,4,8.0,8.0,6,34.5,28.375,-2.5,3.625
Chandler Kinney_S33,Chandler Kinney,33,5,27.0,9.0,3,9.0,9.0,1,32.0,28.1,-5.0,-1.1000000000000014
Chandler Kinney_S33,Chandler Kinney,33,6,32.0,10.666666666666666,3,10.0,11.0,1,27.0,28.75,5.0,3.25
Chandler Kinney_S33,Chandler Kinney,33,7,30.0,10.0,3,10.0,10.0,1,32.0,28.928571428571427,-2.0,1.071428571428573
Chandler Kinney_S33,Chandler Kinney,33,8,29.0,9.666666666666666,3,9.5,10.0,1,30.0,28.9375,-1.0,0.0625
Chandler Kinney_S33,Chandler Kinney,33,9,30.0,10.0,3,10.0,10.0,1,29.0,29.055555555555557,1.0,0.9444444444444429
Charity Lawson_S32,Charity Lawson,32,1,22.0,7.333333333333333,3,7.0,8.0,1,,22.0,,0.0
Charity Lawson_S32,Charity Lawson,32,2,21.0,7.0,3,7.0,7.0,4,22.0,21.5,-1.0,-0.5
Charity Lawson_S32,Charity Lawson,32,3,32.0,8.0,4,8.0,8.0,3,21.0,25.0,11.0,7.0
Charity Lawson_S32,Charity Lawson,32,4,24.0,8.0,3,8.0,8.0,3,32.0,24.75,-8.0,-0.75
Charity Lawson_S32,Charity Lawson,32,5,28.0,9.333333333333334,3,9.0,10.0,1,24.0,25.4,4.0,2.6000000000000014
Charity Lawson_S32,Charity Lawson,32,6,38.0,9.5,4,8.75,9.75,4,28.0,27.5,10.0,10.5
Charity Lawson_S32,Charity Lawson,32,7,36.0,9.0,4,9.0,9.0,4,38.0,28.714285714285715,-2.0,7.285714285714285
Charity Lawson_S32,Charity Lawson,32,8,39.0,9.75,4,9.75,9.75,3,36.0,30.0,3.0,9.0
Charity Lawson_S32,Charity Lawson,32,9,38.0,9.5,4,9.0,10.0,3,39.0,30.88888888888889,-1.0,7.111111111111111
Charity Lawson_S32,Charity Lawson,32,10,29.5,9.833333333333334,3,9.5,10.0,2,38.0,30.75,-8.5,-1.25
Charity Lawson_S32,Charity Lawson,32,11,29.5,9.833333333333334,3,9.5,10.0,4,29.5,30.636363636363637,0.0,-1.1363636363636367
Charles Oakley_S29,Charles Oakley,29,1,12.0,4.0,3,4.0,4.0,14,,12.0,,0.0
Charles Oakley_S29,Charles Oakley,29,2,15.0,5.0,3,5.0,5.0,15,12.0,13.5,3.0,1.5
Charli D'Amelio_S31,Charli D'Amelio,31,1,32.0,8.0,4,8.0,8.0,1,,32.0,,0.0
Charli D'Amelio_S31,Charli D'Amelio,31,2,32.0,8.0,4,8.0,8.0,1,32.0,32.0,0.0,0.0
Charli D'Amelio_S31,Charli D'Amelio,31,3,33.0,8.25,4,8.0,9.0,3,32.0,32.333333333333336,1.0,0.6666666666666643
Charli D'Amelio_S31,Charli D'Amelio,31,4,36.0,9.0,4,9.0,9.0,1,33.0,33.25,3.0,2.75
Charli D'Amelio_S31,Charli D'Amelio,31,5,42.0,10.5,4,10.375,10.875,1,36.0,35.0,6.0,7.0
Charli D'Amelio_S31,Charli D'Amelio,31,6,40.0,10.0,4,10.0,10.0,1,42.0,35.833333333333336,-2.0,4.166666666666664
Charli D'Amelio_S31,Charli D'Amelio,31,7,39.0,9.75,4,9.5,10.0,1,40.0,36.285714285714285,-1.0,2.7142857142857153
Charli D'Amelio_S31,Charli D'Amelio,31,8,45.0,11.25,4,11.25,11.25,1,39.0,37.375,6.0,7.625
Charli D'Amelio_S31,Charli D'Amelio,31,9,40.0,10.0,4,10.0,10.0,1,45.0,37.666666666666664,-5.0,2.3333333333333357
Charli D'Amelio_S31,Charli D'Amelio,31,10,40.0,10.0,4,10.0,10.0,2,40.0,37.9,0.0,2.1000000000000014
Charlie White_S18,Charlie White,18,1,27.0,9.0,3,9.0,9.0,1,,27.0,,0.0
Charlie White_S18,Charlie White,18,2,25.0,8.333333333333334,3,7.0,9.0,3,27.0,26.0,-2.0,-1.0
Charlie White_S18,Charlie White,18,3,36.0,9.0,4,9.0,9.0,4,25.0,29.333333333333332,11.0,6.666666666666668
Charlie White_S18,Charlie White,18,4,33.0,8.25,4,7.0,9.0,5,36.0,30.25,-3.0,2.75
Charlie White_S18,Charlie White,18,5,37.0,9.25,4,9.0,10.0,4,33.0,31.6,4.0,5.399999999999999
Charlie White_S18,Charlie White,18,6,36.0,9.0,4,9.0,9.0,3,37.0,32.333333333333336,-1.0,3.6666666666666643
Charlie White_S18,Charlie White,18,7,35.5,8.875,4,8.0,10.0,5,36.0,32.785714285714285,-0.5,2.7142857142857153
Charlie White_S18,Charlie White,18,8,40.0,10.0,4,10.0,10.0,1,35.5,33.6875,4.5,6.3125
Charlie White_S18,Charlie White,18,9,38.0,9.5,4,9.5,9.5,4,40.0,34.166666666666664,-2.0,3.8333333333333357
Charlotte McKinney_S20,Charlotte McKinney,20,1,22.0,5.5,4,5.0,6.0,11,,22.0,,0.0
Charlotte McKinney_S20,Charlotte McKinney,20,2,26.0,6.5,4,6.0,7.0,11,22.0,24.0,4.0,2.0
Charlotte McKinney_S20,Charlotte McKinney,20,3,22.0,5.5,4,5.0,6.0,11,26.0,23.333333333333332,-4.0,-1.3333333333333321
Charo_S24,Charo,24,1,21.0,5.25,4,5.0,6.0,10,,21.0,,0.0
Charo_S24,Charo,24,2,25.0,6.25,4,6.0,7.0,9,21.0,23.0,4.0,2.0
Charo_S24,Charo,24,3,24.0,6.0,4,6.0,6.0,9,25.0,23.333333333333332,-1.0,0.6666666666666679
Chaz Bono_S13,Chaz Bono,13,1,17.0,5.666666666666667,3,5.0,6.0,7,,17.0,,0.0
Chaz Bono_S13,Chaz Bono,13,2,17.0,5.666666666666667,3,5.0,6.0,11,17.0,17.0,0.0,0.0
Chaz Bono_S13,Chaz Bono,13,3,18.0,6.0,3,6.0,6.0,10,17.0,17.333333333333332,1.0,0.6666666666666679
Chaz Bono_S13,Chaz Bono,13,4,21.0,7.0,3,7.0,7.0,7,18.0,18.25,3.0,2.75
Chaz Bono_S13,Chaz Bono,13,5,21.0,7.0,3,7.0,7.0,7,21.0,18.8,0.0,2.1999999999999993
Chaz Bono_S13,Chaz Bono,13,6,19.0,6.333333333333333,3,6.0,7.0,7,21.0,18.833333333333332,-2.0,0.16666666666666785
Chelsea Kane_S12,Chelsea Kane,12,1,21.0,7.0,3,7.0,7.0,4,,21.0,,0.0
Chelsea Kane_S12,Chelsea Kane,12,2,18.0,6.0,3,5.0,7.0,7,21.0,19.5,-3.0,-1.5
Chelsea Kane_S12,Chelsea Kane,12,3,23.0,7.666666666666667,3,7.0,8.0,4,18.0,20.666666666666668,5.0,2.333333333333332
Chelsea Kane_S12,Chelsea Kane,12,4,26.0,8.666666666666666,3,8.0,9.0,1,23.0,22.0,3.0,4.0
Chelsea Kane_S12,Chelsea Kane,12,5,26.0,8.666666666666666,3,8.0,9.0,2,26.0,22.8,0.0,3.1999999999999993
Chelsea Kane_S12,Chelsea Kane,12,6,28.0,9.333333333333334,3,9.0,10.0,1,26.0,23.666666666666668,2.0,4.333333333333332
Chelsea Kane_S12,Chelsea Kane,12,7,32.0,8.0,4,7.5,8.5,3,28.0,24.857142857142858,4.0,7.142857142857142
Chelsea Kane_S12,Chelsea Kane,12,8,27.5,9.166666666666666,3,9.0,9.5,1,32.0,25.1875,-4.5,2.3125
Chelsea Kane_S12,Chelsea Kane,12,9,36.5,12.166666666666666,3,12.0,12.5,1,27.5,26.444444444444443,9.0,10.055555555555557
Chelsea Kane_S12,Chelsea Kane,12,10,29.666600000000003,9.888866666666667,3,9.6666,10.0,1,36.5,26.76666,-6.8333999999999975,2.899940000000001
Cheryl Ladd_S31,Cheryl Ladd,31,1,21.0,5.25,4,5.0,6.0,10,,21.0,,0.0
Cheryl Ladd_S31,Cheryl Ladd,31,2,21.0,5.25,4,5.0,6.0,15,21.0,21.0,0.0,0.0
Cheryl Ladd_S31,Cheryl Ladd,31,3,24.0,6.0,4,6.0,6.0,13,21.0,22.0,3.0,2.0
Chris Jericho_S12,Chris Jericho,12,1,19.0,6.333333333333333,3,6.0,7.0,6,,19.0,,0.0
Chris Jericho_S12,Chris Jericho,12,2,23.0,7.666666666666667,3,7.0,8.0,2,19.0,21.0,4.0,2.0
Chris Jericho_S12,Chris Jericho,12,3,21.0,7.0,3,7.0,7.0,6,23.0,21.0,-2.0,0.0
Chris Jericho_S12,Chris Jericho,12,4,23.0,7.666666666666667,3,7.0,8.0,4,21.0,21.5,2.0,1.5
Chris Jericho_S12,Chris Jericho,12,5,26.0,8.666666666666666,3,8.0,9.0,4,23.0,22.4,3.0,3.6000000000000014
Chris Jericho_S12,Chris Jericho,12,6,22.0,7.333333333333333,3,7.0,8.0,7,26.0,22.333333333333332,-4.0,-0.33333333333333215
Chris Kattan_S24,Chris Kattan,24,1,17.0,4.25,4,4.0,5.0,12,,17.0,,0.0
Chris Kattan_S24,Chris Kattan,24,2,22.0,5.5,4,5.0,6.0,12,17.0,19.5,5.0,2.5
Chris Mazdzer_S26,Chris Mazdzer,26,1,21.0,7.0,3,7.0,7.0,5,,21.0,,0.0
Chris Mazdzer_S26,Chris Mazdzer,26,2,33.0,8.25,4,8.0,8.5,5,21.0,27.0,12.0,6.0
Chris Mazdzer_S26,Chris Mazdzer,26,3,33.0,8.25,4,7.0,9.0,5,33.0,29.0,0.0,4.0
Chris Soules_S20,Chris Soules,20,1,26.0,6.5,4,6.0,7.0,7,,26.0,,0.0
Chris Soules_S20,Chris Soules,20,2,21.0,5.25,4,5.0,6.0,12,26.0,23.5,-5.0,-2.5
Chris Soules_S20,Chris Soules,20,3,28.0,7.0,4,7.0,7.0,7,21.0,25.0,7.0,3.0
Chris Soules_S20,Chris Soules,20,4,27.0,6.75,4,6.0,7.0,10,28.0,25.5,-1.0,1.5
Chris Soules_S20,Chris Soules,20,5,27.0,6.75,4,6.0,7.0,7,27.0,25.8,0.0,1.1999999999999993
Chris Soules_S20,Chris Soules,20,6,35.0,8.75,4,8.0,9.0,5,27.0,27.333333333333332,8.0,7.666666666666668
Chris Soules_S20,Chris Soules,20,7,31.0,7.75,4,7.0,8.0,7,35.0,27.857142857142858,-4.0,3.1428571428571423
Chris Soules_S20,Chris Soules,20,8,32.0,8.0,4,7.5,8.5,4,31.0,28.375,1.0,3.625
Chrishell Stause_S29,Chrishell Stause,29,1,13.0,4.333333333333333,3,4.0,5.0,13,,13.0,,0.0
Chrishell Stause_S29,Chrishell Stause,29,2,18.0,6.0,3,6.0,6.0,10,13.0,15.5,5.0,2.5
Chrishell Stause_S29,Chrishell Stause,29,3,22.0,7.333333333333333,3,7.0,8.0,5,18.0,17.666666666666668,4.0,4.333333333333332
Chrishell Stause_S29,Chrishell Stause,29,4,22.0,7.333333333333333,3,7.0,8.0,8,22.0,18.75,0.0,3.25
Chrishell Stause_S29,Chrishell Stause,29,5,19.0,6.333333333333333,3,6.0,7.0,11,22.0,18.8,-3.0,0.1999999999999993
Chrishell Stause_S29,Chrishell Stause,29,6,24.0,8.0,3,8.0,8.0,7,19.0,19.666666666666668,5.0,4.333333333333332
Chrishell Stause_S29,Chrishell Stause,29,7,26.0,8.666666666666666,3,8.0,9.0,5,24.0,20.571428571428573,2.0,5.428571428571427
Chrishell Stause_S29,Chrishell Stause,29,8,27.0,9.0,3,9.0,9.0,5,26.0,21.375,1.0,5.625
Christina Milian_S17,Christina Milian,17,1,22.0,7.333333333333333,3,7.0,8.0,7,,22.0,,0.0
Christina Milian_S17,Christina Milian,17,2,25.0,8.333333333333334,3,8.0,9.0,2,22.0,23.5,3.0,1.5
Christina Milian_S17,Christina Milian,17,3,26.0,8.666666666666666,3,8.0,9.0,2,25.0,24.333333333333332,1.0,1.6666666666666679
Christina Milian_S17,Christina Milian,17,4,24.0,8.0,3,8.0,8.0,5,26.0,24.25,-2.0,-0.25
Christina Milian_S17,Christina Milian,17,5,28.0,9.333333333333334,3,9.0,10.0,2,24.0,25.0,4.0,3.0
Christine Chiu_S30,Christine Chiu,30,1,25.0,6.25,4,6.0,7.0,8,,25.0,,0.0
Christine Chiu_S30,Christine Chiu,30,2,24.0,6.0,4,6.0,6.0,10,25.0,24.5,-1.0,-0.5
Christine Chiu_S30,Christine Chiu,30,3,21.0,7.0,3,7.0,7.0,8,24.0,23.333333333333332,-3.0,-2.333333333333332
Chuck Liddell_S9,Chuck Liddell,9,1,22.0,7.333333333333333,3,7.0,8.0,10,,22.0,,0.0
Chuck Liddell_S9,Chuck Liddell,9,2,19.0,6.333333333333333,3,6.0,7.0,9,22.0,20.5,-3.0,-1.5
Chuck Liddell_S9,Chuck Liddell,9,3,17.0,5.666666666666667,3,5.0,6.0,11,19.0,19.333333333333332,-2.0,-2.333333333333332
Chuck Liddell_S9,Chuck Liddell,9,4,17.0,5.666666666666667,3,5.0,6.0,9,17.0,18.75,0.0,-1.75
Chuck Wicks_S8,Chuck Wicks,8,1,20.0,6.666666666666667,3,6.0,7.0,5,,20.0,,0.0
Chuck Wicks_S8,Chuck Wicks,8,2,20.0,6.666666666666667,3,6.0,7.0,6,20.0,20.0,0.0,0.0
Chuck Wicks_S8,Chuck Wicks,8,3,23.0,7.666666666666667,3,7.0,8.0,7,20.0,21.0,3.0,2.0
Chuck Wicks_S8,Chuck Wicks,8,4,22.0,7.333333333333333,3,7.0,8.0,7,23.0,21.25,-1.0,0.75
Chuck Wicks_S8,Chuck Wicks,8,5,23.0,7.666666666666667,3,7.0,8.0,5,22.0,21.6,1.0,1.3999999999999986
Chuck Wicks_S8,Chuck Wicks,8,6,23.0,7.666666666666667,3,7.0,8.0,5,23.0,21.833333333333332,0.0,1.1666666666666679
Chuck Wicks_S8,Chuck Wicks,8,7,27.0,9.0,3,9.0,9.0,4,23.0,22.571428571428573,4.0,4.428571428571427
Chuck Wicks_S8,Chuck Wicks,8,8,25.5,8.5,3,8.5,8.5,5,27.0,22.9375,-1.5,2.5625
Chynna Phillips_S13,Chynna Phillips,13,1,22.0,7.333333333333333,3,7.0,8.0,1,,22.0,,0.0
Chynna Phillips_S13,Chynna Phillips,13,2,21.0,7.0,3,7.0,7.0,5,22.0,21.5,-1.0,-0.5
Chynna Phillips_S13,Chynna Phillips,13,3,26.0,8.666666666666666,3,8.0,9.0,2,21.0,23.0,5.0,3.0
Chynna Phillips_S13,Chynna Phillips,13,4,21.0,7.0,3,7.0,7.0,8,26.0,22.5,-5.0,-1.5
Cloris Leachman_S7,Cloris Leachman,7,1,16.0,5.333333333333333,3,5.0,6.0,12,,16.0,,0.0
Cloris Leachman_S7,Cloris Leachman,7,2,15.0,5.0,3,5.0,5.0,11,16.0,15.5,-1.0,-0.5
Cloris Leachman_S7,Cloris Leachman,7,3,16.0,5.333333333333333,3,5.0,6.0,9,15.0,15.666666666666666,1.0,0.3333333333333339
Cloris Leachman_S7,Cloris Leachman,7,4,22.0,7.333333333333333,3,7.0,8.0,7,16.0,17.25,6.0,4.75
Cloris Leachman_S7,Cloris Leachman,7,5,21.0,7.0,3,7.0,7.0,7,22.0,18.0,-1.0,3.0
Cloris Leachman_S7,Cloris Leachman,7,6,15.0,5.0,3,5.0,5.0,7,21.0,17.5,-6.0,-2.5
Clyde Drexler_S4,Clyde Drexler,4,1,16.0,5.333333333333333,3,5.0,6.0,9,,16.0,,0.0
Clyde Drexler_S4,Clyde Drexler,4,2,18.0,6.0,3,6.0,6.0,11,16.0,17.0,2.0,1.0
Clyde Drexler_S4,Clyde Drexler,4,3,16.0,5.333333333333333,3,5.0,6.0,10,18.0,16.666666666666668,-2.0,-0.6666666666666679
Clyde Drexler_S4,Clyde Drexler,4,4,15.0,5.0,3,4.0,6.0,9,16.0,16.25,-1.0,-1.25
Clyde Drexler_S4,Clyde Drexler,4,5,13.0,4.333333333333333,3,4.0,5.0,8,15.0,15.6,-2.0,-2.5999999999999996
Cody Linley_S7,Cody Linley,7,1,20.5,6.833333333333333,3,6.5,7.0,6,,20.5,,0.0
Cody Linley_S7,Cody Linley,7,2,21.0,7.0,3,7.0,7.0,6,20.5,20.75,0.5,0.25
Cody Linley_S7,Cody Linley,7,3,21.0,7.0,3,7.0,7.0,6,21.0,20.833333333333332,0.0,0.16666666666666785
Cody Linley_S7,Cody Linley,7,4,23.0,7.666666666666667,3,7.0,8.0,4,21.0,21.375,2.0,1.625
Cody Linley_S7,Cody Linley,7,5,28.0,9.333333333333334,3,9.0,10.0,2,23.0,22.7,5.0,5.300000000000001
Cody Linley_S7,Cody Linley,7,6,23.0,7.666666666666667,3,7.0,8.0,4,28.0,22.75,-5.0,0.25
Cody Linley_S7,Cody Linley,7,7,22.0,7.333333333333333,3,7.0,8.0,5,23.0,22.642857142857142,-1.0,-0.6428571428571423
Cody Linley_S7,Cody Linley,7,8,24.0,8.0,3,8.0,8.0,5,22.0,22.8125,2.0,1.1875
Cody Linley_S7,Cody Linley,7,9,23.0,7.666666666666667,3,7.5,8.0,4,24.0,22.833333333333332,-1.0,0.16666666666666785
Cody Rigsby_S30,Cody Rigsby,30,1,24.0,6.0,4,6.0,6.0,9,,24.0,,0.0
Cody Rigsby_S30,Cody Rigsby,30,2,24.0,6.0,4,6.0,6.0,12,24.0,24.0,0.0,0.0
Cody Rigsby_S30,Cody Rigsby,30,3,18.0,6.0,3,6.0,6.0,14,24.0,22.0,-6.0,-4.0
Cody Rigsby_S30,Cody Rigsby,30,4,29.0,7.25,4,6.5,7.5,11,18.0,23.75,11.0,5.25
Cody Rigsby_S30,Cody Rigsby,30,5,32.0,8.0,4,8.0,8.0,10,29.0,25.4,3.0,6.600000000000001
Cody Rigsby_S30,Cody Rigsby,30,6,36.0,9.0,4,9.0,9.0,7,32.0,27.166666666666668,4.0,8.833333333333332
Cody Rigsby_S30,Cody Rigsby,30,7,36.0,9.0,4,8.5,9.5,5,36.0,28.428571428571427,0.0,7.571428571428573
Cody Rigsby_S30,Cody Rigsby,30,8,38.0,9.5,4,9.0,10.0,5,36.0,29.625,2.0,8.375
Cody Rigsby_S30,Cody Rigsby,30,9,35.5,8.875,4,8.5,9.0,6,38.0,30.27777777777778,-2.5,5.222222222222221
Cody Rigsby_S30,Cody Rigsby,30,10,38.0,9.5,4,9.5,9.5,4,35.5,31.05,2.5,6.949999999999999
Cody Simpson_S18,Cody Simpson,18,1,22.0,7.333333333333333,3,7.0,8.0,6,,22.0,,0.0
Cody Simpson_S18,Cody Simpson,18,2,22.0,7.333333333333333,3,7.0,8.0,6,22.0,22.0,0.0,0.0
Cody Simpson_S18,Cody Simpson,18,3,35.0,8.75,4,8.0,9.0,6,22.0,26.333333333333332,13.0,8.666666666666668
Cody Simpson_S18,Cody Simpson,18,4,31.0,7.75,4,7.0,8.0,8,35.0,27.5,-4.0,3.5
Cody Simpson_S18,Cody Simpson,18,5,34.0,8.5,4,8.0,9.0,8,31.0,28.8,3.0,5.199999999999999
Corbin Bleu_S17,Corbin Bleu,17,1,24.0,8.0,3,8.0,8.0,3,,24.0,,0.0
Corbin Bleu_S17,Corbin Bleu,17,2,26.0,8.666666666666666,3,8.0,9.0,1,24.0,25.0,2.0,1.0
Corbin Bleu_S17,Corbin Bleu,17,3,26.0,8.666666666666666,3,8.0,9.0,3,26.0,25.333333333333332,0.0,0.6666666666666679
Corbin Bleu_S17,Corbin Bleu,17,4,27.0,9.0,3,9.0,9.0,2,26.0,25.75,1.0,1.25
Corbin Bleu_S17,Corbin Bleu,17,5,28.0,9.333333333333334,3,9.0,10.0,1,27.0,26.2,1.0,1.8000000000000007
Corbin Bleu_S17,Corbin Bleu,17,6,26.999899999999997,8.999966666666666,3,8.3333,9.3333,6,28.0,26.333316666666665,-1.0001000000000033,0.6665833333333318
Corbin Bleu_S17,Corbin Bleu,17,7,29.5,9.833333333333334,3,9.5,10.0,1,26.999899999999997,26.7857,2.5001000000000033,2.7143000000000015
Corbin Bleu_S17,Corbin Bleu,17,8,30.0,10.0,3,10.0,10.0,1,29.5,27.1874875,0.5,2.8125125000000004
Corbin Bleu_S17,Corbin Bleu,17,9,29.0,9.666666666666666,3,9.5,10.0,1,30.0,27.38887777777778,-1.0,1.611122222222221
Corbin Bleu_S17,Corbin Bleu,17,10,37.5,9.375,4,9.0,9.5,2,29.0,28.399990000000003,8.5,9.100009999999997
Corbin Bleu_S17,Corbin Bleu,17,11,29.6664,9.8888,3,9.8888,9.8888,2,37.5,28.515118181818185,-7.833600000000001,1.1512818181818147
Corey Feldman_S34,Corey Feldman,34,1,9.0,4.5,2,4.0,5.0,14,,9.0,,0.0
Corey Feldman_S34,Corey Feldman,34,2,15.0,5.0,3,5.0,5.0,14,9.0,12.0,6.0,3.0
Cristian de la Fuente_S6,Cristian de la Fuente,6,1,21.0,7.0,3,7.0,7.0,6,,21.0,,0.0
Cristian de la Fuente_S6,Cristian de la Fuente,6,2,20.0,6.666666666666667,3,6.0,7.0,8,21.0,20.5,-1.0,-0.5
Cristian de la Fuente_S6,Cristian de la Fuente,6,3,25.0,8.333333333333334,3,8.0,9.0,3,20.0,22.0,5.0,3.0
Cristian de la Fuente_S6,Cristian de la Fuente,6,4,26.0,8.666666666666666,3,8.0,9.0,4,25.0,23.0,1.0,3.0
Cristian de la Fuente_S6,Cristian de la Fuente,6,5,23.0,7.666666666666667,3,7.0,8.0,6,26.0,23.0,-3.0,0.0
Cristian de la Fuente_S6,Cristian de la Fuente,6,6,27.0,9.0,3,9.0,9.0,3,23.0,23.666666666666668,4.0,3.333333333333332
Cristian de la Fuente_S6,Cristian de la Fuente,6,7,23.0,7.666666666666667,3,7.5,8.0,6,27.0,23.571428571428573,-4.0,-0.571428571428573
Cristian de la Fuente_S6,Cristian de la Fuente,6,8,28.5,9.5,3,9.0,10.0,1,23.0,24.1875,5.5,4.3125
Cristian de la Fuente_S6,Cristian de la Fuente,6,9,28.0,9.333333333333334,3,9.0,9.5,2,28.5,24.61111111111111,-0.5,3.3888888888888893
Cristian de la Fuente_S6,Cristian de la Fuente,6,10,26.0,8.666666666666666,3,8.0,9.0,3,28.0,24.75,-2.0,1.25
D. L. Hughley_S16,D. L. Hughley,16,1,12.0,4.0,3,4.0,4.0,12,,12.0,,0.0
D. L. Hughley_S16,D. L. Hughley,16,2,16.0,5.333333333333333,3,5.0,6.0,11,12.0,14.0,4.0,2.0
D. L. Hughley_S16,D. L. Hughley,16,3,16.0,5.333333333333333,3,5.0,6.0,10,16.0,14.666666666666666,0.0,1.333333333333334
D. L. Hughley_S16,D. L. Hughley,16,4,21.0,7.0,3,7.0,7.0,7,16.0,16.25,5.0,4.75
D. L. Hughley_S16,D. L. Hughley,16,5,18.0,6.0,3,6.0,6.0,8,21.0,16.6,-3.0,1.3999999999999986
Danelle Umstead_S27,Danelle Umstead,27,1,18.0,6.0,3,6.0,6.0,10,,18.0,,0.0
Danelle Umstead_S27,Danelle Umstead,27,2,18.5,6.166666666666667,3,6.0,6.5,11,18.0,18.25,0.5,0.25
Danica McKellar_S18,Danica McKellar,18,1,24.0,8.0,3,8.0,8.0,4,,24.0,,0.0
Danica McKellar_S18,Danica McKellar,18,2,24.0,8.0,3,8.0,8.0,5,24.0,24.0,0.0,0.0
Danica McKellar_S18,Danica McKellar,18,3,36.0,9.0,4,9.0,9.0,5,24.0,28.0,12.0,8.0
Danica McKellar_S18,Danica McKellar,18,4,32.0,8.0,4,8.0,8.0,7,36.0,29.0,-4.0,3.0
Danica McKellar_S18,Danica McKellar,18,5,39.0,9.75,4,9.0,10.0,2,32.0,31.0,7.0,8.0
Danica McKellar_S18,Danica McKellar,18,6,36.0,9.0,4,9.0,9.0,4,39.0,31.833333333333332,-3.0,4.166666666666668
Danica McKellar_S18,Danica McKellar,18,7,36.0,9.0,4,8.5,9.5,4,36.0,32.42857142857143,0.0,3.5714285714285694
Danica McKellar_S18,Danica McKellar,18,8,38.0,9.5,4,9.0,10.0,3,36.0,33.125,2.0,4.875
Daniel Durant_S31,Daniel Durant,31,1,27.0,6.75,4,6.0,7.0,6,,27.0,,0.0
Daniel Durant_S31,Daniel Durant,31,2,29.0,7.25,4,7.0,8.0,5,27.0,28.0,2.0,1.0
Daniel Durant_S31,Daniel Durant,31,3,31.0,7.75,4,7.0,8.0,5,29.0,29.0,2.0,2.0
Daniel Durant_S31,Daniel Durant,31,4,29.0,7.25,4,7.0,8.0,10,31.0,29.0,-2.0,0.0
Daniel Durant_S31,Daniel Durant,31,5,33.5,8.375,4,8.125,8.625,11,29.0,29.9,4.5,3.6000000000000014
Daniel Durant_S31,Daniel Durant,31,6,34.0,8.5,4,8.0,9.0,7,33.5,30.583333333333332,0.5,3.416666666666668
Daniel Durant_S31,Daniel Durant,31,7,36.5,9.125,4,8.5,9.5,5,34.0,31.428571428571427,2.5,5.071428571428573
Daniel Durant_S31,Daniel Durant,31,8,39.0,9.75,4,9.0,10.0,6,36.5,32.375,2.5,6.625
Daniel Durant_S31,Daniel Durant,31,9,34.5,8.625,4,8.0,9.0,5,39.0,32.611111111111114,-4.5,1.8888888888888857
Danielle Fishel_S34,Danielle Fishel,34,1,12.0,6.0,2,6.0,6.0,7,,12.0,,0.0
Danielle Fishel_S34,Danielle Fishel,34,2,19.0,6.333333333333333,3,6.0,7.0,10,12.0,15.5,7.0,3.5
Danielle Fishel_S34,Danielle Fishel,34,3,21.0,7.0,3,7.0,7.0,9,19.0,17.333333333333332,2.0,3.666666666666668
Danielle Fishel_S34,Danielle Fishel,34,4,21.0,7.0,3,7.0,7.0,9,21.0,18.25,0.0,2.75
Danielle Fishel_S34,Danielle Fishel,34,5,29.0,7.25,4,7.0,8.0,8,21.0,20.4,8.0,8.600000000000001
Danielle Fishel_S34,Danielle Fishel,34,6,36.0,9.0,4,9.0,9.0,5,29.0,23.0,7.0,13.0
Danielle Fishel_S34,Danielle Fishel,34,7,35.0,8.75,4,8.5,9.5,6,36.0,24.714285714285715,-1.0,10.285714285714285
Danielle Fishel_S34,Danielle Fishel,34,8,37.0,9.25,4,9.0,9.5,7,35.0,26.25,2.0,10.75
Danny Amendola_S33,Danny Amendola,33,1,20.0,6.666666666666667,3,6.0,7.0,5,,20.0,,0.0
Danny Amendola_S33,Danny Amendola,33,2,21.0,7.0,3,7.0,7.0,7,20.0,20.5,1.0,0.5
Danny Amendola_S33,Danny Amendola,33,3,30.0,7.5,4,7.0,8.0,6,21.0,23.666666666666668,9.0,6.333333333333332
Danny Amendola_S33,Danny Amendola,33,4,36.0,9.0,4,9.0,9.0,2,30.0,26.75,6.0,9.25
Danny Amendola_S33,Danny Amendola,33,5,25.5,8.5,3,8.5,8.5,4,36.0,26.5,-10.5,-1.0
Danny Amendola_S33,Danny Amendola,33,6,28.0,9.333333333333334,3,9.0,10.0,6,25.5,26.75,2.5,1.25
Danny Amendola_S33,Danny Amendola,33,7,25.5,8.5,3,8.5,8.5,5,28.0,26.571428571428573,-2.5,-1.071428571428573
Danny Amendola_S33,Danny Amendola,33,8,27.0,9.0,3,9.0,9.0,4,25.5,26.625,1.5,0.375
Danny Amendola_S33,Danny Amendola,33,9,28.0,9.333333333333334,3,9.0,9.5,5,27.0,26.77777777777778,1.0,1.2222222222222214
David Alan Grier_S8,David Alan Grier,8,1,19.0,6.333333333333333,3,6.0,7.0,6,,19.0,,0.0
David Alan Grier_S8,David Alan Grier,8,2,17.0,5.666666666666667,3,5.0,6.0,11,19.0,18.0,-2.0,-1.0
David Alan Grier_S8,David Alan Grier,8,3,24.0,8.0,3,8.0,8.0,5,17.0,20.0,7.0,4.0
David Alan Grier_S8,David Alan Grier,8,4,22.0,7.333333333333333,3,7.0,8.0,6,24.0,20.5,-2.0,1.5
David Alan Grier_S8,David Alan Grier,8,5,22.0,7.333333333333333,3,7.0,8.0,6,22.0,20.8,0.0,1.1999999999999993
David Arquette_S13,David Arquette,13,1,18.0,6.0,3,6.0,6.0,6,,18.0,,0.0
David Arquette_S13,David Arquette,13,2,18.0,6.0,3,6.0,6.0,10,18.0,18.0,0.0,0.0
David Arquette_S13,David Arquette,13,3,24.0,8.0,3,8.0,8.0,4,18.0,20.0,6.0,4.0
David Arquette_S13,David Arquette,13,4,23.0,7.666666666666667,3,7.0,8.0,5,24.0,20.75,-1.0,2.25
David Arquette_S13,David Arquette,13,5,25.0,8.333333333333334,3,8.0,9.0,3,23.0,21.6,2.0,3.3999999999999986
David Arquette_S13,David Arquette,13,6,23.0,7.666666666666667,3,7.0,8.0,4,25.0,21.833333333333332,-2.0,1.1666666666666679
David Arquette_S13,David Arquette,13,7,23.5,7.833333333333333,3,7.5,8.0,5,23.0,22.071428571428573,0.5,1.428571428571427
David Hasselhoff_S11,David Hasselhoff,11,1,15.0,5.0,3,5.0,5.0,12,,15.0,,0.0
David Ross_S24,David Ross,24,1,28.0,7.0,4,7.0,7.0,3,,28.0,,0.0
David Ross_S24,David Ross,24,2,27.0,6.75,4,6.0,7.0,8,28.0,27.5,-1.0,-0.5
David Ross_S24,David Ross,24,3,31.0,7.75,4,7.0,8.0,5,27.0,28.666666666666668,4.0,2.333333333333332
David Ross_S24,David Ross,24,4,31.0,7.75,4,7.0,8.0,7,31.0,29.25,0.0,1.75
David Ross_S24,David Ross,24,5,29.0,7.25,4,7.0,8.0,9,31.0,29.2,-2.0,-0.1999999999999993
David Ross_S24,David Ross,24,6,31.0,7.75,4,7.5,8.5,7,29.0,29.5,2.0,1.5
David Ross_S24,David Ross,24,7,32.0,8.0,4,8.0,8.0,6,31.0,29.857142857142858,1.0,2.1428571428571423
David Ross_S24,David Ross,24,8,32.5,8.125,4,8.0,8.5,4,32.0,30.1875,0.5,2.3125
David Ross_S24,David Ross,24,9,35.0,8.75,4,8.5,9.0,4,32.5,30.72222222222222,2.5,4.277777777777779
David Ross_S24,David Ross,24,10,36.3333,9.083325,4,9.0,9.3333,3,35.0,31.28333,1.3333000000000013,5.049970000000002
DeMarcus Ware_S27,DeMarcus Ware,27,1,23.0,7.666666666666667,3,7.0,8.0,1,,23.0,,0.0
DeMarcus Ware_S27,DeMarcus Ware,27,2,23.5,7.833333333333333,3,7.5,8.0,6,23.0,23.25,0.5,0.25
DeMarcus Ware_S27,DeMarcus Ware,27,3,26.0,8.666666666666666,3,8.0,9.0,5,23.5,24.166666666666668,2.5,1.8333333333333321
DeMarcus Ware_S27,DeMarcus Ware,27,4,22.0,7.333333333333333,3,7.0,8.0,7,26.0,23.625,-4.0,-1.625
DeMarcus Ware_S27,DeMarcus Ware,27,5,26.0,8.666666666666666,3,8.0,9.0,4,22.0,24.1,4.0,1.8999999999999986
DeMarcus Ware_S27,DeMarcus Ware,27,6,26.0,8.666666666666666,3,8.0,9.0,5,26.0,24.416666666666668,0.0,1.5833333333333321
DeMarcus Ware_S27,DeMarcus Ware,27,7,26.5,8.833333333333334,3,8.5,9.0,7,26.0,24.714285714285715,0.5,1.7857142857142847
Debbie Gibson_S25,Debbie Gibson,25,1,17.0,5.666666666666667,3,5.0,6.0,10,,17.0,,0.0
Debbie Gibson_S25,Debbie Gibson,25,2,20.5,6.833333333333333,3,6.5,7.0,8,17.0,18.75,3.5,1.75
Debi Mazar_S9,Debi Mazar,9,1,22.0,7.333333333333333,3,7.0,8.0,11,,22.0,,0.0
Debi Mazar_S9,Debi Mazar,9,2,21.0,7.0,3,7.0,7.0,4,22.0,21.5,-1.0,-0.5
Debi Mazar_S9,Debi Mazar,9,3,17.0,5.666666666666667,3,5.0,6.0,10,21.0,20.0,-4.0,-3.0
Denise Richards_S8,Denise Richards,8,1,18.0,6.0,3,6.0,6.0,7,,18.0,,0.0
Denise Richards_S8,Denise Richards,8,2,21.0,7.0,3,7.0,7.0,5,18.0,19.5,3.0,1.5
Denise Richards_S8,Denise Richards,8,3,16.0,5.333333333333333,3,5.0,6.0,10,21.0,18.333333333333332,-5.0,-2.333333333333332
Derek Fisher_S25,Derek Fisher,25,1,18.0,6.0,3,6.0,6.0,7,,18.0,,0.0
Derek Fisher_S25,Derek Fisher,25,2,19.0,6.333333333333333,3,6.0,6.5,12,18.0,18.5,1.0,0.5
Derek Fisher_S25,Derek Fisher,25,3,21.0,7.0,3,7.0,7.0,7,19.0,19.333333333333332,2.0,1.6666666666666679
Derek Fisher_S25,Derek Fisher,25,4,23.0,7.666666666666667,3,7.0,8.0,10,21.0,20.25,2.0,2.75
Diana Nyad_S18,Diana Nyad,18,1,18.0,6.0,3,6.0,6.0,11,,18.0,,0.0
Donald Driver_S14,Donald Driver,14,1,21.0,7.0,3,7.0,7.0,8,,21.0,,0.0
Donald Driver_S14,Donald Driver,14,2,24.0,8.0,3,8.0,8.0,5,21.0,22.5,3.0,1.5
Donald Driver_S14,Donald Driver,14,3,26.0,8.666666666666666,3,8.0,9.0,4,24.0,23.666666666666668,2.0,2.333333333333332
Donald Driver_S14,Donald Driver,14,4,27.0,9.0,3,9.0,9.0,1,26.0,24.5,1.0,2.5
Donald Driver_S14,Donald Driver,14,5,27.0,9.0,3,8.0,10.0,4,27.0,25.0,0.0,2.0
Donald Driver_S14,Donald Driver,14,6,33.9999,11.3333,3,11.3333,11.3333,4,27.0,26.499983333333333,6.999899999999997,7.499916666666664
Donald Driver_S14,Donald Driver,14,7,26.5,8.833333333333334,3,8.5,9.0,3,33.9999,26.499985714285714,-7.499899999999997,0.000014285714286188522
Donald Driver_S14,Donald Driver,14,8,27.5,9.166666666666666,3,9.0,9.5,4,26.5,26.6249875,1.0,0.8750125000000004
Donald Driver_S14,Donald Driver,14,9,28.5,9.5,3,9.0,10.0,3,27.5,26.833322222222222,1.0,1.6666777777777781
Donald Driver_S14,Donald Driver,14,10,29.666600000000003,9.888866666666667,3,9.6666,10.0,2,28.5,27.11665,1.1666000000000025,2.5499500000000026
Donny Osmond_S9,Donny Osmond,9,1,29.999899999999997,9.999966666666666,3,9.3333,10.3333,5,,29.999899999999997,,0.0
Donny Osmond_S9,Donny Osmond,9,2,25.0,8.333333333333334,3,8.0,9.0,3,29.999899999999997,27.49995,-4.999899999999997,-2.4999499999999983
Donny Osmond_S9,Donny Osmond,9,3,21.0,7.0,3,7.0,7.0,5,25.0,25.333299999999998,-4.0,-4.333299999999998
Donny Osmond_S9,Donny Osmond,9,4,24.0,8.0,3,8.0,8.0,4,21.0,24.999975,3.0,-0.9999749999999992
Donny Osmond_S9,Donny Osmond,9,5,29.0,9.666666666666666,3,9.0,10.0,1,24.0,25.799979999999998,5.0,3.200020000000002
Donny Osmond_S9,Donny Osmond,9,6,30.999899999999997,10.3333,3,10.3333,10.3333,5,29.0,26.666633333333333,1.9998999999999967,4.333266666666663
Donny Osmond_S9,Donny Osmond,9,7,26.0,8.666666666666666,3,8.5,9.0,3,30.999899999999997,26.5714,-4.999899999999997,-0.5714000000000006
Donny Osmond_S9,Donny Osmond,9,8,25.0,8.333333333333334,3,8.0,8.5,4,26.0,26.374975,-1.0,-1.3749749999999992
Donny Osmond_S9,Donny Osmond,9,9,24.6666,8.222199999999999,3,8.0,8.3333,4,25.0,26.185155555555554,-0.33340000000000103,-1.5185555555555545
Donny Osmond_S9,Donny Osmond,9,10,28.9998,9.6666,3,9.6666,9.6666,1,24.6666,26.46662,4.3332000000000015,2.5331800000000015
Dorothy Hamill_S16,Dorothy Hamill,16,1,21.0,7.0,3,7.0,7.0,2,,21.0,,0.0
Dorothy Hamill_S16,Dorothy Hamill,16,2,15.0,5.0,3,5.0,5.0,12,21.0,18.0,-6.0,-3.0
Doug Flutie_S22,Doug Flutie,22,1,15.0,5.0,3,5.0,5.0,11,,15.0,,0.0
Doug Flutie_S22,Doug Flutie,22,2,20.0,6.666666666666667,3,6.0,7.0,6,15.0,17.5,5.0,2.5
Doug Flutie_S22,Doug Flutie,22,3,20.0,6.666666666666667,3,6.0,7.0,8,20.0,18.333333333333332,0.0,1.6666666666666679
Doug Flutie_S22,Doug Flutie,22,4,24.0,6.0,4,6.0,6.0,10,20.0,19.75,4.0,4.25
Doug Flutie_S22,Doug Flutie,22,5,28.0,7.0,4,7.0,7.0,7,24.0,21.4,4.0,6.600000000000001
Doug Flutie_S22,Doug Flutie,22,6,21.0,7.0,3,7.0,7.0,9,28.0,21.333333333333332,-7.0,-0.33333333333333215
Drew Carey_S18,Drew Carey,18,1,21.0,7.0,3,7.0,7.0,8,,21.0,,0.0
Drew Carey_S18,Drew Carey,18,2,21.0,7.0,3,7.0,7.0,8,21.0,21.0,0.0,0.0
Drew Carey_S18,Drew Carey,18,3,30.0,7.5,4,7.0,8.0,9,21.0,24.0,9.0,6.0
Drew Carey_S18,Drew Carey,18,4,33.0,8.25,4,8.0,9.0,4,30.0,26.25,3.0,6.75
Drew Carey_S18,Drew Carey,18,5,28.0,7.0,4,7.0,7.0,9,33.0,26.6,-5.0,1.3999999999999986
Drew Carey_S18,Drew Carey,18,6,32.0,8.0,4,7.0,9.0,7,28.0,27.5,4.0,4.5
Drew Lachey_S15,Drew Lachey,15,1,21.5,7.166666666666667,3,7.0,7.5,8,,21.5,,0.0
Drew Lachey_S15,Drew Lachey,15,2,22.5,7.5,3,7.5,7.5,7,21.5,22.0,1.0,0.5
Drew Lachey_S15,Drew Lachey,15,3,24.0,8.0,3,8.0,8.0,9,22.5,22.666666666666668,1.5,1.3333333333333321
Drew Lachey_S2,Drew Lachey,2,1,24.0,8.0,3,8.0,8.0,1,,24.0,,0.0
Drew Lachey_S2,Drew Lachey,2,2,27.0,9.0,3,9.0,9.0,2,24.0,25.5,3.0,1.5
Drew Lachey_S2,Drew Lachey,2,3,27.0,9.0,3,9.0,9.0,1,27.0,26.0,0.0,1.0
Drew Lachey_S2,Drew Lachey,2,4,28.0,9.333333333333334,3,9.0,10.0,1,27.0,26.5,1.0,1.5
Drew Lachey_S2,Drew Lachey,2,5,27.0,9.0,3,9.0,9.0,2,28.0,26.6,-1.0,0.3999999999999986
Drew Lachey_S2,Drew Lachey,2,6,30.0,10.0,3,10.0,10.0,1,27.0,27.166666666666668,3.0,2.833333333333332
Drew Lachey_S2,Drew Lachey,2,7,27.5,9.166666666666666,3,9.0,9.5,2,30.0,27.214285714285715,-2.5,0.2857142857142847
Drew Lachey_S2,Drew Lachey,2,8,28.9998,9.6666,3,9.6666,9.6666,1,27.5,27.437475,1.4998000000000005,1.5623250000000013
Drew Scott_S25,Drew Scott,25,1,16.0,5.333333333333333,3,5.0,6.0,11,,16.0,,0.0
Drew Scott_S25,Drew Scott,25,2,20.5,6.833333333333333,3,6.5,7.0,7,16.0,18.25,4.5,2.25
Drew Scott_S25,Drew Scott,25,3,23.0,7.666666666666667,3,7.0,8.0,4,20.5,19.833333333333332,2.5,3.166666666666668
Drew Scott_S25,Drew Scott,25,4,24.0,8.0,3,8.0,8.0,7,23.0,20.875,1.0,3.125
Drew Scott_S25,Drew Scott,25,5,25.0,8.333333333333334,3,8.0,9.0,7,24.0,21.7,1.0,3.3000000000000007
Drew Scott_S25,Drew Scott,25,6,30.0,7.5,4,7.0,9.0,8,25.0,23.083333333333332,5.0,6.916666666666668
Drew Scott_S25,Drew Scott,25,7,28.5,9.5,3,9.5,9.5,3,30.0,23.857142857142858,-1.5,4.642857142857142
Drew Scott_S25,Drew Scott,25,8,23.5,7.833333333333333,3,7.5,8.0,6,28.5,23.8125,-5.0,-0.3125
Drew Scott_S25,Drew Scott,25,9,24.0,8.0,3,8.0,8.0,5,23.5,23.833333333333332,0.5,0.16666666666666785
Drew Scott_S25,Drew Scott,25,10,37.5,9.375,4,9.0,9.5,4,24.0,25.2,13.5,12.3
Dwight Howard _S33,Dwight Howard ,33,1,22.0,7.333333333333333,3,7.0,8.0,2,,22.0,,0.0
Dwight Howard _S33,Dwight Howard ,33,2,22.0,7.333333333333333,3,7.0,8.0,3,22.0,22.0,0.0,0.0
Dwight Howard _S33,Dwight Howard ,33,3,26.0,6.5,4,6.0,7.0,9,22.0,23.333333333333332,4.0,2.666666666666668
Dwight Howard _S33,Dwight Howard ,33,4,29.0,7.25,4,7.0,8.0,9,26.0,24.75,3.0,4.25
Dwight Howard _S33,Dwight Howard ,33,5,24.0,8.0,3,8.0,8.0,7,29.0,24.6,-5.0,-0.6000000000000014
Dwight Howard _S33,Dwight Howard ,33,6,31.0,10.333333333333334,3,10.0,11.0,3,24.0,25.666666666666668,7.0,5.333333333333332
Dwight Howard _S33,Dwight Howard ,33,7,24.0,8.0,3,8.0,8.0,6,31.0,25.428571428571427,-7.0,-1.428571428571427
Dylan Efron_S34,Dylan Efron,34,1,10.0,5.0,2,5.0,5.0,10,,10.0,,0.0
Dylan Efron_S34,Dylan Efron,34,2,20.0,6.666666666666667,3,6.0,7.0,9,10.0,15.0,10.0,5.0
Dylan Efron_S34,Dylan Efron,34,3,23.0,7.666666666666667,3,7.0,8.0,3,20.0,17.666666666666668,3.0,5.333333333333332
Dylan Efron_S34,Dylan Efron,34,4,23.0,7.666666666666667,3,7.0,8.0,5,23.0,19.0,0.0,4.0
Dylan Efron_S34,Dylan Efron,34,5,36.0,9.0,4,9.0,9.0,1,23.0,22.4,13.0,13.600000000000001
Dylan Efron_S34,Dylan Efron,34,6,32.0,8.0,4,8.0,8.0,8,36.0,24.0,-4.0,8.0
Dylan Efron_S34,Dylan Efron,34,7,38.0,9.5,4,8.75,9.75,5,32.0,26.0,6.0,12.0
Dylan Efron_S34,Dylan Efron,34,8,38.0,9.5,4,9.0,10.0,5,38.0,27.5,0.0,10.5
Dylan Efron_S34,Dylan Efron,34,9,42.0,10.5,4,10.5,10.5,1,38.0,29.11111111111111,4.0,12.88888888888889
Dylan Efron_S34,Dylan Efron,34,10,27.5,9.166666666666666,3,9.0,9.5,6,42.0,28.95,-14.5,-1.4499999999999993
Dylan Efron_S34,Dylan Efron,34,11,29.3332,9.777733333333334,3,9.6666,10.0,4,27.5,28.98483636363636,1.8332000000000015,0.34836363636364
Elaine Hendrix_S34,Elaine Hendrix,34,1,12.0,6.0,2,6.0,6.0,8,,12.0,,0.0
Elaine Hendrix_S34,Elaine Hendrix,34,2,21.0,7.0,3,7.0,7.0,5,12.0,16.5,9.0,4.5
Elaine Hendrix_S34,Elaine Hendrix,34,3,21.0,7.0,3,7.0,7.0,8,21.0,18.0,0.0,3.0
Elaine Hendrix_S34,Elaine Hendrix,34,4,24.0,8.0,3,8.0,8.0,4,21.0,19.5,3.0,4.5
Elaine Hendrix_S34,Elaine Hendrix,34,5,30.0,7.5,4,7.0,8.0,6,24.0,21.6,6.0,8.399999999999999
Elaine Hendrix_S34,Elaine Hendrix,34,6,36.0,9.0,4,9.0,9.0,3,30.0,24.0,6.0,12.0
Elaine Hendrix_S34,Elaine Hendrix,34,7,32.0,8.0,4,8.0,8.0,8,36.0,25.142857142857142,-4.0,6.857142857142858
Elaine Hendrix_S34,Elaine Hendrix,34,8,37.5,9.375,4,9.0,10.0,6,32.0,26.6875,5.5,10.8125
Elaine Hendrix_S34,Elaine Hendrix,34,9,36.0,9.0,4,9.0,9.0,6,37.5,27.72222222222222,-1.5,8.277777777777779
Elaine Hendrix_S34,Elaine Hendrix,34,10,28.5,9.5,3,9.5,9.5,4,36.0,27.8,-7.5,0.6999999999999993
Elaine Hendrix_S34,Elaine Hendrix,34,11,28.9998,9.6666,3,9.6666,9.6666,5,28.5,27.909072727272726,0.49980000000000047,1.0907272727272748
Elisabetta Canalis_S13,Elisabetta Canalis,13,1,15.0,5.0,3,5.0,5.0,11,,15.0,,0.0
Elisabetta Canalis_S13,Elisabetta Canalis,13,2,21.0,7.0,3,7.0,7.0,6,15.0,18.0,6.0,3.0
Elizabeth Berkley Lauren_S17,Elizabeth Berkley Lauren,17,1,24.0,8.0,3,8.0,8.0,2,,24.0,,0.0
Elizabeth Berkley Lauren_S17,Elizabeth Berkley Lauren,17,2,25.0,8.333333333333334,3,8.0,9.0,3,24.0,24.5,1.0,0.5
Elizabeth Berkley Lauren_S17,Elizabeth Berkley Lauren,17,3,25.0,8.333333333333334,3,8.0,9.0,5,25.0,24.666666666666668,0.0,0.33333333333333215
Elizabeth Berkley Lauren_S17,Elizabeth Berkley Lauren,17,4,27.0,9.0,3,9.0,9.0,3,25.0,25.25,2.0,1.75
Elizabeth Berkley Lauren_S17,Elizabeth Berkley Lauren,17,5,26.0,8.666666666666666,3,8.0,9.0,6,27.0,25.4,-1.0,0.6000000000000014
Elizabeth Berkley Lauren_S17,Elizabeth Berkley Lauren,17,6,31.9998,10.6666,3,10.6666,10.6666,2,26.0,26.499966666666666,5.9998000000000005,5.499833333333335
Elizabeth Berkley Lauren_S17,Elizabeth Berkley Lauren,17,7,27.0,9.0,3,9.0,9.0,6,31.9998,26.5714,-4.9998000000000005,0.4285999999999994
Elizabeth Berkley Lauren_S17,Elizabeth Berkley Lauren,17,8,25.0,8.333333333333334,3,8.0,9.0,6,27.0,26.374975,-2.0,-1.3749749999999992
Elizabeth Berkley Lauren_S17,Elizabeth Berkley Lauren,17,9,28.0,9.333333333333334,3,9.0,9.5,2,25.0,26.555533333333333,3.0,1.444466666666667
Emmitt Smith_S15,Emmitt Smith,15,1,24.5,8.166666666666666,3,8.0,8.5,1,,24.5,,0.0
Emmitt Smith_S15,Emmitt Smith,15,2,22.5,7.5,3,7.5,7.5,8,24.5,23.5,-2.0,-1.0
Emmitt Smith_S15,Emmitt Smith,15,3,25.0,8.333333333333334,3,8.0,8.5,8,22.5,24.0,2.5,1.0
Emmitt Smith_S15,Emmitt Smith,15,4,36.0,9.0,4,9.0,9.0,5,25.0,27.0,11.0,9.0
Emmitt Smith_S15,Emmitt Smith,15,5,28.0,9.333333333333334,3,9.25,9.5,6,36.0,27.2,-8.0,0.8000000000000007
Emmitt Smith_S15,Emmitt Smith,15,6,26.5,8.833333333333334,3,8.5,9.5,8,28.0,27.083333333333332,-1.5,-0.5833333333333321
Emmitt Smith_S15,Emmitt Smith,15,7,34.4999,11.499966666666666,3,10.8333,11.8333,4,26.5,28.142842857142856,7.999899999999997,6.3570571428571405
Emmitt Smith_S15,Emmitt Smith,15,8,29.0554,9.685133333333333,3,9.5,9.7777,4,34.4999,28.2569125,-5.444499999999998,0.7984875000000002
Emmitt Smith_S15,Emmitt Smith,15,9,27.0,9.0,3,9.0,9.0,5,29.0554,28.117255555555555,-2.055399999999999,-1.1172555555555554
Emmitt Smith_S3,Emmitt Smith,3,1,24.0,8.0,3,8.0,8.0,2,,24.0,,0.0
Emmitt Smith_S3,Emmitt Smith,3,2,24.0,8.0,3,8.0,8.0,4,24.0,24.0,0.0,0.0
Emmitt Smith_S3,Emmitt Smith,3,3,19.0,6.333333333333333,3,6.0,7.0,9,24.0,22.333333333333332,-5.0,-3.333333333333332
Emmitt Smith_S3,Emmitt Smith,3,4,24.0,8.0,3,8.0,8.0,6,19.0,22.75,5.0,1.25
Emmitt Smith_S3,Emmitt Smith,3,5,27.0,9.0,3,9.0,9.0,2,24.0,23.6,3.0,3.3999999999999986
Emmitt Smith_S3,Emmitt Smith,3,6,25.0,8.333333333333334,3,8.0,9.0,2,27.0,23.833333333333332,-2.0,1.1666666666666679
Emmitt Smith_S3,Emmitt Smith,3,7,28.5,9.5,3,9.0,10.0,1,25.0,24.5,3.5,4.0
Emmitt Smith_S3,Emmitt Smith,3,8,27.0,9.0,3,8.5,9.5,2,28.5,24.8125,-1.5,2.1875
Emmitt Smith_S3,Emmitt Smith,3,9,29.5,9.833333333333334,3,9.5,10.0,2,27.0,25.333333333333332,2.5,4.166666666666668
Emmitt Smith_S3,Emmitt Smith,3,10,29.666600000000003,9.888866666666667,3,9.6666,10.0,1,29.5,25.76666,0.16660000000000252,3.899940000000001
Eric Roberts_S33,Eric Roberts,33,1,15.0,5.0,3,5.0,5.0,13,,15.0,,0.0
Eric Roberts_S33,Eric Roberts,33,2,15.0,5.0,3,4.0,6.0,13,15.0,15.0,0.0,0.0
Eric Roberts_S33,Eric Roberts,33,3,23.0,5.75,4,5.5,6.5,10,15.0,17.666666666666668,8.0,5.333333333333332
Erika Jayne_S24,Erika Jayne,24,1,24.0,6.0,4,6.0,6.0,8,,24.0,,0.0
Erika Jayne_S24,Erika Jayne,24,2,28.0,7.0,4,7.0,7.0,7,24.0,26.0,4.0,2.0
Erika Jayne_S24,Erika Jayne,24,3,26.0,6.5,4,6.0,7.0,7,28.0,26.0,-2.0,0.0
Erika Jayne_S24,Erika Jayne,24,4,30.0,7.5,4,7.0,8.0,8,26.0,27.0,4.0,3.0
Erika Jayne_S24,Erika Jayne,24,5,32.0,8.0,4,8.0,8.0,6,30.0,28.0,2.0,4.0
Erin Andrews_S10,Erin Andrews,10,1,21.0,7.0,3,7.0,7.0,4,,21.0,,0.0
Erin Andrews_S10,Erin Andrews,10,2,23.0,7.666666666666667,3,7.0,8.0,3,21.0,22.0,2.0,1.0
Erin Andrews_S10,Erin Andrews,10,3,23.0,7.666666666666667,3,7.0,8.0,2,23.0,22.333333333333332,0.0,0.6666666666666679
Erin Andrews_S10,Erin Andrews,10,4,19.5,6.5,3,6.5,6.5,5,23.0,21.625,-3.5,-2.125
Erin Andrews_S10,Erin Andrews,10,5,22.0,7.333333333333333,3,7.0,8.0,4,19.5,21.7,2.5,0.3000000000000007
Erin Andrews_S10,Erin Andrews,10,6,34.0,11.333333333333334,3,10.0,12.0,2,22.0,23.75,12.0,10.25
Erin Andrews_S10,Erin Andrews,10,7,25.5,8.5,3,8.5,8.5,4,34.0,24.0,-8.5,1.5
Erin Andrews_S10,Erin Andrews,10,8,26.5,8.833333333333334,3,8.5,9.0,3,25.5,24.3125,1.0,2.1875
Erin Andrews_S10,Erin Andrews,10,9,28.0,9.333333333333334,3,9.0,9.5,3,26.5,24.72222222222222,1.5,3.2777777777777786
Erin Andrews_S10,Erin Andrews,10,10,26.9998,8.999933333333333,3,8.8888,9.2222,2,28.0,24.94998,-1.0001999999999995,2.0498200000000004
Evan Lysacek_S10,Evan Lysacek,10,1,23.0,7.666666666666667,3,7.0,8.0,2,,23.0,,0.0
Evan Lysacek_S10,Evan Lysacek,10,2,24.0,8.0,3,8.0,8.0,2,23.0,23.5,1.0,0.5
Evan Lysacek_S10,Evan Lysacek,10,3,26.0,8.666666666666666,3,8.0,9.0,1,24.0,24.333333333333332,2.0,1.6666666666666679
Evan Lysacek_S10,Evan Lysacek,10,4,26.0,8.666666666666666,3,8.0,9.0,1,26.0,24.75,0.0,1.25
Evan Lysacek_S10,Evan Lysacek,10,5,27.0,9.0,3,9.0,9.0,2,26.0,25.2,1.0,1.8000000000000007
Evan Lysacek_S10,Evan Lysacek,10,6,27.0,9.0,3,9.0,9.0,5,27.0,25.5,0.0,1.5
Evan Lysacek_S10,Evan Lysacek,10,7,27.0,9.0,3,9.0,9.0,2,27.0,25.714285714285715,0.0,1.2857142857142847
Evan Lysacek_S10,Evan Lysacek,10,8,26.5,8.833333333333334,3,8.5,9.0,2,27.0,25.8125,-0.5,0.6875
Evan Lysacek_S10,Evan Lysacek,10,9,29.5,9.833333333333334,3,9.5,10.0,1,26.5,26.22222222222222,3.0,3.2777777777777786
Evan Lysacek_S10,Evan Lysacek,10,10,26.8887,8.9629,3,8.7777,9.3333,3,29.5,26.288869999999996,-2.6113,0.5998300000000043
Evander Holyfield_S1,Evander Holyfield,1,1,18.0,6.0,3,5.0,7.0,4,,18.0,,0.0
Evander Holyfield_S1,Evander Holyfield,1,2,14.0,4.666666666666667,3,4.0,5.0,6,18.0,16.0,-4.0,-2.0
Evander Holyfield_S1,Evander Holyfield,1,3,13.0,4.333333333333333,3,4.0,5.0,5,14.0,15.0,-1.0,-2.0
Evanna Lynch_S27,Evanna Lynch,27,1,18.0,6.0,3,5.0,7.0,9,,18.0,,0.0
Evanna Lynch_S27,Evanna Lynch,27,2,24.0,8.0,3,8.0,8.0,5,18.0,21.0,6.0,3.0
Evanna Lynch_S27,Evanna Lynch,27,3,27.0,9.0,3,9.0,9.0,2,24.0,23.0,3.0,4.0
Evanna Lynch_S27,Evanna Lynch,27,4,24.0,8.0,3,8.0,8.0,6,27.0,23.25,-3.0,0.75
Evanna Lynch_S27,Evanna Lynch,27,5,24.0,8.0,3,8.0,8.0,7,24.0,23.4,0.0,0.6000000000000014
Evanna Lynch_S27,Evanna Lynch,27,6,29.0,9.666666666666666,3,9.0,10.0,3,24.0,24.333333333333332,5.0,4.666666666666668
Evanna Lynch_S27,Evanna Lynch,27,7,29.5,9.833333333333334,3,9.5,10.0,1,29.0,25.071428571428573,0.5,4.428571428571427
Evanna Lynch_S27,Evanna Lynch,27,8,29.0,9.666666666666666,3,9.5,10.0,2,29.5,25.5625,-0.5,3.4375
Evanna Lynch_S27,Evanna Lynch,27,9,30.0,10.0,3,10.0,10.0,2,29.0,26.055555555555557,1.0,3.944444444444443
Florence Henderson_S11,Florence Henderson,11,1,18.0,6.0,3,6.0,6.0,8,,18.0,,0.0
Florence Henderson_S11,Florence Henderson,11,2,19.0,6.333333333333333,3,6.0,7.0,8,18.0,18.5,1.0,0.5
Florence Henderson_S11,Florence Henderson,11,3,20.0,6.666666666666667,3,6.0,7.0,8,19.0,19.0,1.0,1.0
Florence Henderson_S11,Florence Henderson,11,4,17.5,5.833333333333333,3,5.5,6.0,6,20.0,18.625,-2.5,-1.125
Florence Henderson_S11,Florence Henderson,11,5,21.0,7.0,3,7.0,7.0,6,17.5,19.1,3.5,1.8999999999999986
Floyd Mayweather Jr. _S5,Floyd Mayweather Jr. ,5,1,18.0,6.0,3,6.0,6.0,11,,18.0,,0.0
Floyd Mayweather Jr. _S5,Floyd Mayweather Jr. ,5,2,21.0,7.0,3,7.0,7.0,9,18.0,19.5,3.0,1.5
Floyd Mayweather Jr. _S5,Floyd Mayweather Jr. ,5,3,21.0,7.0,3,7.0,7.0,8,21.0,20.0,0.0,1.0
Floyd Mayweather Jr. _S5,Floyd Mayweather Jr. ,5,4,23.0,7.666666666666667,3,7.0,8.0,8,21.0,20.75,2.0,2.25
Frankie Muniz_S25,Frankie Muniz,25,1,19.0,6.333333333333333,3,6.0,7.0,5,,19.0,,0.0
Frankie Muniz_S25,Frankie Muniz,25,2,24.0,8.0,3,7.5,8.5,2,19.0,21.5,5.0,2.5
Frankie Muniz_S25,Frankie Muniz,25,3,21.0,7.0,3,7.0,7.0,8,24.0,21.333333333333332,-3.0,-0.33333333333333215
Frankie Muniz_S25,Frankie Muniz,25,4,24.0,8.0,3,8.0,8.0,4,21.0,22.0,3.0,2.0
Frankie Muniz_S25,Frankie Muniz,25,5,29.0,9.666666666666666,3,9.0,10.0,2,24.0,23.4,5.0,5.600000000000001
Frankie Muniz_S25,Frankie Muniz,25,6,31.0,7.75,4,7.0,8.0,6,29.0,24.666666666666668,2.0,6.333333333333332
Frankie Muniz_S25,Frankie Muniz,25,7,30.0,10.0,3,10.0,10.0,1,31.0,25.428571428571427,-1.0,4.571428571428573
Frankie Muniz_S25,Frankie Muniz,25,8,26.5,8.833333333333334,3,8.5,9.0,3,30.0,25.5625,-3.5,0.9375
Frankie Muniz_S25,Frankie Muniz,25,9,25.5,8.5,3,8.0,9.0,4,26.5,25.555555555555557,-1.0,-0.055555555555557135
Frankie Muniz_S25,Frankie Muniz,25,10,38.8887,9.722175,4,9.3333,10.0,3,25.5,26.888869999999997,13.3887,11.999830000000003
Gabby Windey_S31,Gabby Windey,31,1,28.0,7.0,4,7.0,7.0,3,,28.0,,0.0
Gabby Windey_S31,Gabby Windey,31,2,32.0,8.0,4,8.0,8.0,3,28.0,30.0,4.0,2.0
Gabby Windey_S31,Gabby Windey,31,3,33.0,8.25,4,8.0,9.0,1,32.0,31.0,1.0,2.0
Gabby Windey_S31,Gabby Windey,31,4,36.0,9.0,4,9.0,9.0,2,33.0,32.25,3.0,3.75
Gabby Windey_S31,Gabby Windey,31,5,41.0,10.25,4,10.25,10.25,2,36.0,34.0,5.0,7.0
Gabby Windey_S31,Gabby Windey,31,6,37.0,9.25,4,9.0,10.0,2,41.0,34.5,-4.0,2.5
Gabby Windey_S31,Gabby Windey,31,7,35.5,8.875,4,8.5,9.0,6,37.0,34.642857142857146,-1.5,0.8571428571428541
Gabby Windey_S31,Gabby Windey,31,8,40.0,10.0,4,10.0,10.0,4,35.5,35.3125,4.5,4.6875
Gabby Windey_S31,Gabby Windey,31,9,40.0,10.0,4,10.0,10.0,2,40.0,35.833333333333336,0.0,4.166666666666664
Gabby Windey_S31,Gabby Windey,31,10,40.0,10.0,4,10.0,10.0,1,40.0,36.25,0.0,3.75
Gary Busey_S21,Gary Busey,21,1,15.0,5.0,3,5.0,5.0,11,,15.0,,0.0
Gary Busey_S21,Gary Busey,21,2,16.5,5.5,3,5.5,5.5,12,15.0,15.75,1.5,0.75
Gary Busey_S21,Gary Busey,21,3,25.0,6.25,4,6.0,7.0,9,16.5,18.833333333333332,8.5,6.166666666666668
Gary Busey_S21,Gary Busey,21,4,16.0,5.333333333333333,3,5.0,6.0,10,25.0,18.125,-9.0,-2.125
Gavin DeGraw_S14,Gavin DeGraw,14,1,20.0,6.666666666666667,3,6.0,7.0,12,,20.0,,0.0
Gavin DeGraw_S14,Gavin DeGraw,14,2,21.0,7.0,3,7.0,7.0,8,20.0,20.5,1.0,0.5
Gavin DeGraw_S14,Gavin DeGraw,14,3,24.0,8.0,3,8.0,8.0,11,21.0,21.666666666666668,3.0,2.333333333333332
Gavin DeGraw_S14,Gavin DeGraw,14,4,23.0,7.666666666666667,3,7.0,8.0,5,24.0,22.0,-1.0,1.0
Gavin DeGraw_S14,Gavin DeGraw,14,5,19.0,6.333333333333333,3,6.0,7.0,9,23.0,21.4,-4.0,-2.3999999999999986
George Hamilton_S2,George Hamilton,2,1,18.0,6.0,3,5.0,7.0,8,,18.0,,0.0
George Hamilton_S2,George Hamilton,2,2,22.0,7.333333333333333,3,7.0,8.0,5,18.0,20.0,4.0,2.0
George Hamilton_S2,George Hamilton,2,3,22.0,7.333333333333333,3,7.0,8.0,5,22.0,20.666666666666668,0.0,1.3333333333333321
George Hamilton_S2,George Hamilton,2,4,21.0,7.0,3,7.0,7.0,6,22.0,20.75,-1.0,0.25
George Hamilton_S2,George Hamilton,2,5,24.0,8.0,3,8.0,8.0,4,21.0,21.4,3.0,2.6000000000000014
George Hamilton_S2,George Hamilton,2,6,23.0,7.666666666666667,3,7.0,8.0,5,24.0,21.666666666666668,-1.0,1.3333333333333321
Geraldo Rivera_S22,Geraldo Rivera,22,1,13.0,4.333333333333333,3,4.0,5.0,12,,13.0,,0.0
Geraldo Rivera_S22,Geraldo Rivera,22,2,13.0,4.333333333333333,3,4.0,5.0,12,13.0,13.0,0.0,0.0
Gilles Marini_S15,Gilles Marini,15,1,24.0,8.0,3,8.0,8.0,2,,24.0,,0.0
Gilles Marini_S15,Gilles Marini,15,2,25.5,8.5,3,8.5,8.5,2,24.0,24.75,1.5,0.75
Gilles Marini_S15,Gilles Marini,15,3,25.5,8.5,3,8.5,8.5,7,25.5,25.0,0.0,0.5
Gilles Marini_S15,Gilles Marini,15,4,39.5,9.875,4,9.5,10.0,2,25.5,28.625,14.0,10.875
Gilles Marini_S15,Gilles Marini,15,5,28.25,9.416666666666666,3,9.25,9.5,5,39.5,28.55,-11.25,-0.3000000000000007
Gilles Marini_S15,Gilles Marini,15,6,27.5,9.166666666666666,3,9.0,9.5,5,28.25,28.375,-0.75,-0.875
Gilles Marini_S15,Gilles Marini,15,7,33.4998,11.1666,3,11.1666,11.1666,5,27.5,29.107114285714285,5.9998000000000005,4.392685714285715
Gilles Marini_S15,Gilles Marini,15,8,29.2777,9.759233333333333,3,9.5,10.0,2,33.4998,29.1284375,-4.222100000000001,0.14926249999999897
Gilles Marini_S8,Gilles Marini,8,1,24.0,8.0,3,8.0,8.0,1,,24.0,,0.0
Gilles Marini_S8,Gilles Marini,8,2,27.0,9.0,3,9.0,9.0,1,24.0,25.5,3.0,1.5
Gilles Marini_S8,Gilles Marini,8,3,27.0,9.0,3,9.0,9.0,1,27.0,26.0,0.0,1.0
Gilles Marini_S8,Gilles Marini,8,4,30.0,10.0,3,10.0,10.0,1,27.0,27.0,3.0,3.0
Gilles Marini_S8,Gilles Marini,8,5,29.0,9.666666666666666,3,9.0,10.0,1,30.0,27.4,-1.0,1.6000000000000014
Gilles Marini_S8,Gilles Marini,8,6,26.0,8.666666666666666,3,8.0,9.0,4,29.0,27.166666666666668,-3.0,-1.1666666666666679
Gilles Marini_S8,Gilles Marini,8,7,27.0,9.0,3,9.0,9.0,3,26.0,27.142857142857142,1.0,-0.14285714285714235
Gilles Marini_S8,Gilles Marini,8,8,27.5,9.166666666666666,3,9.0,9.5,2,27.0,27.1875,0.5,0.3125
Gilles Marini_S8,Gilles Marini,8,9,28.0,9.333333333333334,3,9.0,9.5,2,27.5,27.27777777777778,0.5,0.7222222222222214
Gilles Marini_S8,Gilles Marini,8,10,30.0,10.0,3,10.0,10.0,1,28.0,27.55,2.0,2.4499999999999993
Gilles Marini_S8,Gilles Marini,8,11,29.0,9.666666666666666,3,9.5,10.0,2,30.0,27.681818181818183,-1.0,1.3181818181818166
Ginger Zee_S22,Ginger Zee,22,1,23.0,7.666666666666667,3,7.0,8.0,3,,23.0,,0.0
Ginger Zee_S22,Ginger Zee,22,2,21.0,7.0,3,7.0,7.0,3,23.0,22.0,-2.0,-1.0
Ginger Zee_S22,Ginger Zee,22,3,21.0,7.0,3,7.0,7.0,6,21.0,21.666666666666668,0.0,-0.6666666666666679
Ginger Zee_S22,Ginger Zee,22,4,36.0,9.0,4,9.0,9.0,2,21.0,25.25,15.0,10.75
Ginger Zee_S22,Ginger Zee,22,5,32.0,8.0,4,8.0,8.0,3,36.0,26.6,-4.0,5.399999999999999
Ginger Zee_S22,Ginger Zee,22,6,24.0,8.0,3,8.0,8.0,6,32.0,26.166666666666668,-8.0,-2.166666666666668
Ginger Zee_S22,Ginger Zee,22,7,27.5,9.166666666666666,3,9.0,9.5,3,24.0,26.357142857142858,3.5,1.1428571428571423
Ginger Zee_S22,Ginger Zee,22,8,30.0,10.0,3,10.0,10.0,1,27.5,26.8125,2.5,3.1875
Ginger Zee_S22,Ginger Zee,22,9,28.0,9.333333333333334,3,9.0,9.5,4,30.0,26.944444444444443,-2.0,1.0555555555555571
Ginger Zee_S22,Ginger Zee,22,10,28.333199999999998,9.4444,3,9.3333,9.6666,3,28.0,27.083319999999997,0.33319999999999794,1.249880000000001
Giselle Fernandez_S2,Giselle Fernandez,2,1,23.0,7.666666666666667,3,7.0,8.0,2,,23.0,,0.0
Giselle Fernandez_S2,Giselle Fernandez,2,2,24.0,8.0,3,8.0,8.0,3,23.0,23.5,1.0,0.5
Giselle Fernandez_S2,Giselle Fernandez,2,3,22.0,7.333333333333333,3,7.0,8.0,6,24.0,23.0,-2.0,-1.0
Gladys Knight_S14,Gladys Knight,14,1,23.0,7.666666666666667,3,7.0,8.0,7,,23.0,,0.0
Gladys Knight_S14,Gladys Knight,14,2,19.0,6.333333333333333,3,5.0,7.0,11,23.0,21.0,-4.0,-2.0
Gladys Knight_S14,Gladys Knight,14,3,24.0,8.0,3,8.0,8.0,9,19.0,22.0,5.0,2.0
Gladys Knight_S14,Gladys Knight,14,4,20.0,6.666666666666667,3,6.0,7.0,10,24.0,21.5,-4.0,-1.5
Gladys Knight_S14,Gladys Knight,14,5,22.0,7.333333333333333,3,7.0,8.0,7,20.0,21.6,2.0,0.3999999999999986
Gladys Knight_S14,Gladys Knight,14,6,24.0,8.0,3,8.0,8.0,8,22.0,22.0,2.0,2.0
Hannah Brown_S28,Hannah Brown,28,1,20.0,6.666666666666667,3,6.0,7.0,2,,20.0,,0.0
Hannah Brown_S28,Hannah Brown,28,2,24.0,8.0,3,8.0,8.0,1,20.0,22.0,4.0,2.0
Hannah Brown_S28,Hannah Brown,28,3,21.0,7.0,3,7.0,7.0,5,24.0,21.666666666666668,-3.0,-0.6666666666666679
Hannah Brown_S28,Hannah Brown,28,4,32.0,8.0,4,8.0,8.0,2,21.0,24.25,11.0,7.75
Hannah Brown_S28,Hannah Brown,28,5,25.0,8.333333333333334,3,7.0,9.0,4,32.0,24.4,-7.0,0.6000000000000014
Hannah Brown_S28,Hannah Brown,28,6,24.0,8.0,3,8.0,8.0,8,25.0,24.333333333333332,-1.0,-0.33333333333333215
Hannah Brown_S28,Hannah Brown,28,7,26.0,8.666666666666666,3,8.5,9.0,4,24.0,24.571428571428573,2.0,1.428571428571427
Hannah Brown_S28,Hannah Brown,28,8,30.9998,10.333266666666667,3,9.6666,10.6666,2,26.0,25.374975,4.9998000000000005,5.624825000000001
Hannah Brown_S28,Hannah Brown,28,9,35.5,8.875,4,8.5,9.0,4,30.9998,26.499977777777776,4.5001999999999995,9.000022222222224
Hannah Brown_S28,Hannah Brown,28,10,27.0,9.0,3,9.0,9.0,3,35.5,26.549979999999998,-8.5,0.4500200000000021
Hannah Brown_S28,Hannah Brown,28,11,29.0,9.666666666666666,3,9.5,10.0,3,27.0,26.77270909090909,2.0,2.227290909090911
Harry Hamlin_S3,Harry Hamlin,3,1,17.0,5.666666666666667,3,5.0,6.0,8,,17.0,,0.0
Harry Hamlin_S3,Harry Hamlin,3,2,21.0,7.0,3,7.0,7.0,8,17.0,19.0,4.0,2.0
Harry Hamlin_S3,Harry Hamlin,3,3,22.0,7.333333333333333,3,7.0,8.0,4,21.0,20.0,1.0,2.0
Harry Jowsey_S32,Harry Jowsey,32,1,12.0,4.0,3,4.0,4.0,12,,12.0,,0.0
Harry Jowsey_S32,Harry Jowsey,32,2,15.0,5.0,3,5.0,5.0,12,12.0,13.5,3.0,1.5
Harry Jowsey_S32,Harry Jowsey,32,3,24.0,6.0,4,5.0,7.0,8,15.0,17.0,9.0,7.0
Harry Jowsey_S32,Harry Jowsey,32,4,21.0,7.0,3,7.0,7.0,7,24.0,18.0,-3.0,3.0
Harry Jowsey_S32,Harry Jowsey,32,5,18.0,6.0,3,6.0,6.0,10,21.0,18.0,-3.0,0.0
Harry Jowsey_S32,Harry Jowsey,32,6,29.0,7.25,4,7.25,7.25,9,18.0,19.833333333333332,11.0,9.166666666666668
Harry Jowsey_S32,Harry Jowsey,32,7,32.0,8.0,4,8.0,8.0,8,29.0,21.571428571428573,3.0,10.428571428571427
Harry Jowsey_S32,Harry Jowsey,32,8,28.0,7.0,4,7.0,7.0,7,32.0,22.375,-4.0,5.625
Harry Jowsey_S32,Harry Jowsey,32,9,30.0,7.5,4,7.0,8.0,6,28.0,23.22222222222222,2.0,6.777777777777779
Hayes Grier_S21,Hayes Grier,21,1,21.0,7.0,3,7.0,7.0,8,,21.0,,0.0
Hayes Grier_S21,Hayes Grier,21,2,22.5,7.5,3,7.0,8.0,6,21.0,21.75,1.5,0.75
Hayes Grier_S21,Hayes Grier,21,3,30.0,7.5,4,7.0,8.0,7,22.5,24.5,7.5,5.5
Hayes Grier_S21,Hayes Grier,21,4,27.0,9.0,3,9.0,9.0,2,30.0,25.125,-3.0,1.875
Hayes Grier_S21,Hayes Grier,21,5,30.0,7.5,4,7.0,8.0,6,27.0,26.1,3.0,3.8999999999999986
Hayes Grier_S21,Hayes Grier,21,6,32.0,8.0,4,8.0,8.0,6,30.0,27.083333333333332,2.0,4.916666666666668
Hayes Grier_S21,Hayes Grier,21,7,28.0,9.333333333333334,3,9.0,9.5,4,32.0,27.214285714285715,-4.0,0.7857142857142847
Heather Mills_S4,Heather Mills,4,1,18.0,6.0,3,6.0,6.0,7,,18.0,,0.0
Heather Mills_S4,Heather Mills,4,2,24.0,8.0,3,8.0,8.0,4,18.0,21.0,6.0,3.0
Heather Mills_S4,Heather Mills,4,3,24.0,8.0,3,8.0,8.0,2,24.0,22.0,0.0,2.0
Heather Mills_S4,Heather Mills,4,4,23.0,7.666666666666667,3,7.0,8.0,4,24.0,22.25,-1.0,0.75
Heather Mills_S4,Heather Mills,4,5,21.0,7.0,3,7.0,7.0,5,23.0,22.0,-2.0,-1.0
Heather Mills_S4,Heather Mills,4,6,23.0,7.666666666666667,3,7.0,8.0,5,21.0,22.166666666666668,2.0,0.8333333333333321
Heather Morris_S24,Heather Morris,24,1,28.0,7.0,4,7.0,7.0,5,,28.0,,0.0
Heather Morris_S24,Heather Morris,24,2,30.0,7.5,4,6.0,8.0,3,28.0,29.0,2.0,1.0
Heather Morris_S24,Heather Morris,24,3,33.0,8.25,4,8.0,9.0,3,30.0,30.333333333333332,3.0,2.666666666666668
Heather Morris_S24,Heather Morris,24,4,35.0,8.75,4,8.0,9.0,3,33.0,31.5,2.0,3.5
Heather Morris_S24,Heather Morris,24,5,34.0,8.5,4,8.0,9.0,5,35.0,32.0,-1.0,2.0
Heather Morris_S24,Heather Morris,24,6,37.0,9.25,4,9.0,9.5,1,34.0,32.833333333333336,3.0,4.166666666666664
Heidi D'Amelio_S31,Heidi D'Amelio,31,1,24.0,6.0,4,6.0,6.0,8,,24.0,,0.0
Heidi D'Amelio_S31,Heidi D'Amelio,31,2,28.0,7.0,4,7.0,7.0,6,24.0,26.0,4.0,2.0
Heidi D'Amelio_S31,Heidi D'Amelio,31,3,32.0,8.0,4,8.0,8.0,4,28.0,28.0,4.0,4.0
Heidi D'Amelio_S31,Heidi D'Amelio,31,4,34.0,8.5,4,8.0,9.0,5,32.0,29.5,2.0,4.5
Heidi D'Amelio_S31,Heidi D'Amelio,31,5,39.0,9.75,4,9.625,10.125,5,34.0,31.4,5.0,7.600000000000001
Heidi D'Amelio_S31,Heidi D'Amelio,31,6,36.0,9.0,4,9.0,9.0,3,39.0,32.166666666666664,-3.0,3.8333333333333357
Heidi D'Amelio_S31,Heidi D'Amelio,31,7,35.0,8.75,4,8.5,9.0,7,36.0,32.57142857142857,-1.0,2.4285714285714306
Heidi D'Amelio_S31,Heidi D'Amelio,31,8,35.0,8.75,4,8.0,9.0,7,35.0,32.875,0.0,2.125
Helio Castroneves_S15,Helio Castroneves,15,1,21.5,7.166666666666667,3,7.0,7.5,7,,21.5,,0.0
Helio Castroneves_S15,Helio Castroneves,15,2,23.0,7.666666666666667,3,7.5,8.0,6,21.5,22.25,1.5,0.75
Helio Castroneves_S15,Helio Castroneves,15,3,25.5,8.5,3,8.5,8.5,6,23.0,23.333333333333332,2.5,2.166666666666668
Helio Castroneves_S5,Helio Castroneves,5,1,25.0,8.333333333333334,3,8.0,9.0,2,,25.0,,0.0
Helio Castroneves_S5,Helio Castroneves,5,2,27.0,9.0,3,9.0,9.0,1,25.0,26.0,2.0,1.0
Helio Castroneves_S5,Helio Castroneves,5,3,24.0,8.0,3,8.0,8.0,6,27.0,25.333333333333332,-3.0,-1.3333333333333321
Helio Castroneves_S5,Helio Castroneves,5,4,27.0,9.0,3,9.0,9.0,2,24.0,25.75,3.0,1.25
Helio Castroneves_S5,Helio Castroneves,5,5,23.0,7.666666666666667,3,7.0,8.0,6,27.0,25.2,-4.0,-2.1999999999999993
Helio Castroneves_S5,Helio Castroneves,5,6,28.0,9.333333333333334,3,9.0,10.0,2,23.0,25.666666666666668,5.0,2.333333333333332
Helio Castroneves_S5,Helio Castroneves,5,7,26.0,8.666666666666666,3,8.5,9.0,3,28.0,25.714285714285715,-2.0,0.2857142857142847
Helio Castroneves_S5,Helio Castroneves,5,8,28.5,9.5,3,9.5,9.5,1,26.0,26.0625,2.5,2.4375
Helio Castroneves_S5,Helio Castroneves,5,9,30.0,10.0,3,10.0,10.0,1,28.5,26.5,1.5,3.5
Helio Castroneves_S5,Helio Castroneves,5,10,27.9999,9.3333,3,9.0,9.6666,2,30.0,26.649990000000003,-2.0000999999999998,1.3499099999999977
Hilaria Baldwin_S34,Hilaria Baldwin,34,1,14.0,7.0,2,7.0,7.0,3,,14.0,,0.0
Hilaria Baldwin_S34,Hilaria Baldwin,34,2,21.0,7.0,3,7.0,7.0,7,14.0,17.5,7.0,3.5
Hilaria Baldwin_S34,Hilaria Baldwin,34,3,22.0,7.333333333333333,3,7.0,8.0,6,21.0,19.0,1.0,3.0
Hilaria Baldwin_S34,Hilaria Baldwin,34,4,23.0,7.666666666666667,3,7.0,8.0,6,22.0,20.0,1.0,3.0
Hines Ward_S12,Hines Ward,12,1,21.0,7.0,3,7.0,7.0,3,,21.0,,0.0
Hines Ward_S12,Hines Ward,12,2,23.0,7.666666666666667,3,7.0,8.0,3,21.0,22.0,2.0,1.0
Hines Ward_S12,Hines Ward,12,3,25.0,8.333333333333334,3,8.0,9.0,2,23.0,23.0,2.0,2.0
Hines Ward_S12,Hines Ward,12,4,25.0,8.333333333333334,3,8.0,9.0,3,25.0,23.5,0.0,1.5
Hines Ward_S12,Hines Ward,12,5,27.0,9.0,3,9.0,9.0,1,25.0,24.2,2.0,2.8000000000000007
Hines Ward_S12,Hines Ward,12,6,27.0,9.0,3,9.0,9.0,3,27.0,24.666666666666668,0.0,2.333333333333332
Hines Ward_S12,Hines Ward,12,7,33.0,8.25,4,8.0,9.0,1,27.0,25.857142857142858,6.0,7.142857142857142
Hines Ward_S12,Hines Ward,12,8,27.0,9.0,3,9.0,9.0,2,33.0,26.0,-6.0,1.0
Hines Ward_S12,Hines Ward,12,9,30.0,10.0,3,10.0,10.0,2,27.0,26.444444444444443,3.0,3.555555555555557
Hines Ward_S12,Hines Ward,12,10,29.666600000000003,9.888866666666667,3,9.6666,10.0,2,30.0,26.76666,-0.3333999999999975,2.899940000000001
Holly Madison_S8,Holly Madison,8,1,18.0,6.0,3,6.0,6.0,8,,18.0,,0.0
Holly Madison_S8,Holly Madison,8,2,18.0,6.0,3,6.0,6.0,9,18.0,18.0,0.0,0.0
Holly Madison_S8,Holly Madison,8,3,17.0,5.666666666666667,3,5.0,6.0,9,18.0,17.666666666666668,-1.0,-0.6666666666666679
Holly Madison_S8,Holly Madison,8,4,16.0,5.333333333333333,3,5.0,6.0,9,17.0,17.25,-1.0,-1.25
Hope Solo_S13,Hope Solo,13,1,21.0,7.0,3,7.0,7.0,3,,21.0,,0.0
Hope Solo_S13,Hope Solo,13,2,19.0,6.333333333333333,3,6.0,7.0,8,21.0,20.0,-2.0,-1.0
Hope Solo_S13,Hope Solo,13,3,24.0,8.0,3,8.0,8.0,7,19.0,21.333333333333332,5.0,2.666666666666668
Hope Solo_S13,Hope Solo,13,4,24.0,8.0,3,8.0,8.0,3,24.0,22.0,0.0,2.0
Hope Solo_S13,Hope Solo,13,5,24.0,8.0,3,8.0,8.0,4,24.0,22.4,0.0,1.6000000000000014
Hope Solo_S13,Hope Solo,13,6,20.0,6.666666666666667,3,6.0,7.0,6,24.0,22.0,-4.0,-2.0
Hope Solo_S13,Hope Solo,13,7,25.0,8.333333333333334,3,8.0,8.5,3,20.0,22.428571428571427,5.0,2.571428571428573
Hope Solo_S13,Hope Solo,13,8,26.0,8.666666666666666,3,8.5,9.0,2,25.0,22.875,1.0,3.125
Hope Solo_S13,Hope Solo,13,9,24.4998,8.1666,3,8.1666,8.1666,4,26.0,23.055533333333333,-1.5001999999999995,1.4442666666666675
Ian Ziering_S4,Ian Ziering,4,1,21.0,7.0,3,7.0,7.0,4,,21.0,,0.0
Ian Ziering_S4,Ian Ziering,4,2,22.0,7.333333333333333,3,7.0,8.0,5,21.0,21.5,1.0,0.5
Ian Ziering_S4,Ian Ziering,4,3,24.0,8.0,3,8.0,8.0,3,22.0,22.333333333333332,2.0,1.6666666666666679
Ian Ziering_S4,Ian Ziering,4,4,24.0,8.0,3,7.0,9.0,3,24.0,22.75,0.0,1.25
Ian Ziering_S4,Ian Ziering,4,5,24.0,8.0,3,8.0,8.0,4,24.0,23.0,0.0,1.0
Ian Ziering_S4,Ian Ziering,4,6,24.0,8.0,3,8.0,8.0,4,24.0,23.166666666666668,0.0,0.8333333333333321
Ian Ziering_S4,Ian Ziering,4,7,27.0,9.0,3,9.0,9.0,3,24.0,23.714285714285715,3.0,3.2857142857142847
Ian Ziering_S4,Ian Ziering,4,8,23.5,7.833333333333333,3,7.5,8.0,4,27.0,23.6875,-3.5,-0.1875
Ian Ziering_S4,Ian Ziering,4,9,29.0,9.666666666666666,3,9.5,10.0,4,23.5,24.27777777777778,5.5,4.722222222222221
Ilona Maher_S33,Ilona Maher,33,1,18.0,6.0,3,6.0,6.0,8,,18.0,,0.0
Ilona Maher_S33,Ilona Maher,33,2,21.0,7.0,3,7.0,7.0,6,18.0,19.5,3.0,1.5
Ilona Maher_S33,Ilona Maher,33,3,28.0,7.0,4,6.5,7.5,7,21.0,22.333333333333332,7.0,5.666666666666668
Ilona Maher_S33,Ilona Maher,33,4,32.0,8.0,4,8.0,8.0,4,28.0,24.75,4.0,7.25
Ilona Maher_S33,Ilona Maher,33,5,26.0,8.666666666666666,3,8.5,9.0,2,32.0,25.0,-6.0,1.0
Ilona Maher_S33,Ilona Maher,33,6,24.0,8.0,3,8.0,8.0,7,26.0,24.833333333333332,-2.0,-0.8333333333333321
Ilona Maher_S33,Ilona Maher,33,7,26.0,8.666666666666666,3,8.5,9.0,4,24.0,25.0,2.0,1.0
Ilona Maher_S33,Ilona Maher,33,8,28.5,9.5,3,9.5,9.5,3,26.0,25.4375,2.5,3.0625
Ilona Maher_S33,Ilona Maher,33,9,28.5,9.5,3,9.5,9.5,4,28.5,25.77777777777778,0.0,2.7222222222222214
Iman Shumpert_S30,Iman Shumpert,30,1,21.0,5.25,4,4.0,7.0,14,,21.0,,0.0
Iman Shumpert_S30,Iman Shumpert,30,2,25.0,6.25,4,6.0,7.0,9,21.0,23.0,4.0,2.0
Iman Shumpert_S30,Iman Shumpert,30,3,19.0,6.333333333333333,3,6.0,7.0,13,25.0,21.666666666666668,-6.0,-2.666666666666668
Iman Shumpert_S30,Iman Shumpert,30,4,31.5,7.875,4,6.5,8.5,9,19.0,24.125,12.5,7.375
Iman Shumpert_S30,Iman Shumpert,30,5,28.0,7.0,4,7.0,7.0,11,31.5,24.9,-3.5,3.1000000000000014
Iman Shumpert_S30,Iman Shumpert,30,6,40.0,10.0,4,10.0,10.0,2,28.0,27.416666666666668,12.0,12.583333333333332
Iman Shumpert_S30,Iman Shumpert,30,7,34.0,8.5,4,7.5,9.5,8,40.0,28.357142857142858,-6.0,5.642857142857142
Iman Shumpert_S30,Iman Shumpert,30,8,35.0,8.75,4,8.0,9.0,7,34.0,29.1875,1.0,5.8125
Iman Shumpert_S30,Iman Shumpert,30,9,37.5,9.375,4,9.0,10.0,4,35.0,30.11111111111111,2.5,7.388888888888889
Iman Shumpert_S30,Iman Shumpert,30,10,40.0,10.0,4,10.0,10.0,1,37.5,31.1,2.5,8.899999999999999
Ingo Rademacher_S16,Ingo Rademacher,16,1,20.0,6.666666666666667,3,6.0,7.0,5,,20.0,,0.0
Ingo Rademacher_S16,Ingo Rademacher,16,2,20.0,6.666666666666667,3,6.0,7.0,7,20.0,20.0,0.0,0.0
Ingo Rademacher_S16,Ingo Rademacher,16,3,21.0,7.0,3,7.0,7.0,7,20.0,20.333333333333332,1.0,0.6666666666666679
Ingo Rademacher_S16,Ingo Rademacher,16,4,23.0,7.666666666666667,3,7.0,8.0,5,21.0,21.0,2.0,2.0
Ingo Rademacher_S16,Ingo Rademacher,16,5,21.0,7.0,3,7.0,7.0,6,23.0,21.0,-2.0,0.0
Ingo Rademacher_S16,Ingo Rademacher,16,6,23.0,7.666666666666667,3,7.5,8.0,5,21.0,21.333333333333332,2.0,1.6666666666666679
Ingo Rademacher_S16,Ingo Rademacher,16,7,25.0,8.333333333333334,3,8.0,9.0,5,23.0,21.857142857142858,2.0,3.1428571428571423
Ingo Rademacher_S16,Ingo Rademacher,16,8,24.0,8.0,3,8.0,8.0,5,25.0,22.125,-1.0,1.875
Ingo Rademacher_S16,Ingo Rademacher,16,9,25.5,8.5,3,8.5,8.5,5,24.0,22.5,1.5,3.0
J.R. Martinez_S13,J.R. Martinez,13,1,22.0,7.333333333333333,3,7.0,8.0,2,,22.0,,0.0
J.R. Martinez_S13,J.R. Martinez,13,2,22.0,7.333333333333333,3,7.0,8.0,3,22.0,22.0,0.0,0.0
J.R. Martinez_S13,J.R. Martinez,13,3,26.0,8.666666666666666,3,8.0,9.0,3,22.0,23.333333333333332,4.0,2.666666666666668
J.R. Martinez_S13,J.R. Martinez,13,4,26.0,8.666666666666666,3,8.0,9.0,2,26.0,24.0,0.0,2.0
J.R. Martinez_S13,J.R. Martinez,13,5,28.0,9.333333333333334,3,9.0,10.0,1,26.0,24.8,2.0,3.1999999999999993
J.R. Martinez_S13,J.R. Martinez,13,6,29.0,9.666666666666666,3,9.0,10.0,1,28.0,25.5,1.0,3.5
J.R. Martinez_S13,J.R. Martinez,13,7,24.0,8.0,3,7.5,8.5,4,29.0,25.285714285714285,-5.0,-1.2857142857142847
J.R. Martinez_S13,J.R. Martinez,13,8,30.0,10.0,3,10.0,10.0,1,24.0,25.875,6.0,4.125
J.R. Martinez_S13,J.R. Martinez,13,9,28.0,9.333333333333334,3,9.0,9.5,3,30.0,26.11111111111111,-2.0,1.8888888888888893
J.R. Martinez_S13,J.R. Martinez,13,10,28.1665,9.388833333333332,3,9.1666,9.6666,2,28.0,26.31665,0.1664999999999992,1.84985
Jack Osbourne_S17,Jack Osbourne,17,1,23.0,7.666666666666667,3,7.0,8.0,4,,23.0,,0.0
Jack Osbourne_S17,Jack Osbourne,17,2,24.0,8.0,3,8.0,8.0,6,23.0,23.5,1.0,0.5
Jack Osbourne_S17,Jack Osbourne,17,3,22.0,7.333333333333333,3,7.0,8.0,9,24.0,23.0,-2.0,-1.0
Jack Osbourne_S17,Jack Osbourne,17,4,24.0,8.0,3,8.0,8.0,4,22.0,23.25,2.0,0.75
Jack Osbourne_S17,Jack Osbourne,17,5,27.0,9.0,3,9.0,9.0,5,24.0,24.0,3.0,3.0
Jack Osbourne_S17,Jack Osbourne,17,6,26.9998,8.999933333333333,3,8.6666,9.6666,7,27.0,24.499966666666666,-0.00019999999999953388,2.499833333333335
Jack Osbourne_S17,Jack Osbourne,17,7,28.5,9.5,3,9.0,10.0,3,26.9998,25.0714,1.5001999999999995,3.4285999999999994
Jack Osbourne_S17,Jack Osbourne,17,8,30.0,10.0,3,10.0,10.0,2,28.5,25.687475,1.5,4.312525000000001
Jack Osbourne_S17,Jack Osbourne,17,9,27.0,9.0,3,9.0,9.0,4,30.0,25.83331111111111,-3.0,1.1666888888888884
Jack Osbourne_S17,Jack Osbourne,17,10,35.5,8.875,4,8.5,9.0,3,27.0,26.799979999999998,8.5,8.700020000000002
Jack Osbourne_S17,Jack Osbourne,17,11,27.999899999999997,9.3333,3,9.3333,9.3333,3,35.5,26.909063636363634,-7.500100000000003,1.0908363636363632
Jack Wagner_S14,Jack Wagner,14,1,23.0,7.666666666666667,3,7.0,8.0,5,,23.0,,0.0
Jack Wagner_S14,Jack Wagner,14,2,21.0,7.0,3,7.0,7.0,9,23.0,22.0,-2.0,-1.0
Jack Wagner_S14,Jack Wagner,14,3,24.0,8.0,3,8.0,8.0,10,21.0,22.666666666666668,3.0,1.3333333333333321
Jacoby Jones_S16,Jacoby Jones,16,1,20.0,6.666666666666667,3,6.0,7.0,6,,20.0,,0.0
Jacoby Jones_S16,Jacoby Jones,16,2,23.0,7.666666666666667,3,7.0,8.0,4,20.0,21.5,3.0,1.5
Jacoby Jones_S16,Jacoby Jones,16,3,25.9998,8.6666,3,8.6666,8.6666,1,23.0,22.99993333333333,2.9998000000000005,2.9998666666666693
Jacoby Jones_S16,Jacoby Jones,16,4,24.0,8.0,3,8.0,8.0,4,25.9998,23.24995,-1.9998000000000005,0.7500500000000017
Jacoby Jones_S16,Jacoby Jones,16,5,26.0,8.666666666666666,3,8.0,9.0,3,24.0,23.79996,2.0,2.2000400000000013
Jacoby Jones_S16,Jacoby Jones,16,6,22.5,7.5,3,7.5,7.5,6,26.0,23.583299999999998,-3.5,-1.0832999999999977
Jacoby Jones_S16,Jacoby Jones,16,7,27.0,9.0,3,9.0,9.0,4,22.5,24.0714,4.5,2.9285999999999994
Jacoby Jones_S16,Jacoby Jones,16,8,26.0,8.666666666666666,3,8.5,9.0,4,27.0,24.312475,-1.0,1.6875250000000008
Jacoby Jones_S16,Jacoby Jones,16,9,29.5,9.833333333333334,3,9.5,10.0,2,26.0,24.888866666666665,3.5,4.611133333333335
Jacoby Jones_S16,Jacoby Jones,16,10,27.999899999999997,9.3333,3,9.3333,9.3333,4,29.5,25.19997,-1.5001000000000033,2.7999299999999963
Jake Pavelka_S10,Jake Pavelka,10,1,20.0,6.666666666666667,3,6.0,7.0,5,,20.0,,0.0
Jake Pavelka_S10,Jake Pavelka,10,2,20.0,6.666666666666667,3,6.0,7.0,7,20.0,20.0,0.0,0.0
Jake Pavelka_S10,Jake Pavelka,10,3,21.0,7.0,3,7.0,7.0,6,20.0,20.333333333333332,1.0,0.6666666666666679
Jake Pavelka_S10,Jake Pavelka,10,4,19.0,6.333333333333333,3,6.0,6.5,6,21.0,20.0,-2.0,-1.0
Jake Pavelka_S10,Jake Pavelka,10,5,23.0,7.666666666666667,3,7.0,8.0,3,19.0,20.6,4.0,2.3999999999999986
Jake Pavelka_S10,Jake Pavelka,10,6,24.999899999999997,8.3333,3,8.3333,8.3333,7,23.0,21.333316666666665,1.9998999999999967,3.6665833333333318
Jake T. Austin_S23,Jake T. Austin,23,1,22.0,5.5,4,5.0,6.0,11,,22.0,,0.0
Jake T. Austin_S23,Jake T. Austin,23,2,24.0,6.0,4,6.0,6.0,10,22.0,23.0,2.0,1.0
Jaleel White_S14,Jaleel White,14,1,26.0,8.666666666666666,3,8.0,9.0,1,,26.0,,0.0
Jaleel White_S14,Jaleel White,14,2,22.0,7.333333333333333,3,7.0,8.0,7,26.0,24.0,-4.0,-2.0
Jaleel White_S14,Jaleel White,14,3,25.0,8.333333333333334,3,8.0,9.0,6,22.0,24.333333333333332,3.0,0.6666666666666679
Jaleel White_S14,Jaleel White,14,4,22.0,7.333333333333333,3,7.0,8.0,6,25.0,23.75,-3.0,-1.75
Jaleel White_S14,Jaleel White,14,5,24.0,8.0,3,8.0,8.0,6,22.0,23.8,2.0,0.1999999999999993
Jaleel White_S14,Jaleel White,14,6,36.9998,12.333266666666667,3,11.6666,12.6666,2,24.0,25.999966666666666,12.9998,10.999833333333335
Jaleel White_S14,Jaleel White,14,7,25.5,8.5,3,8.0,9.0,6,36.9998,25.928542857142855,-11.4998,-0.42854285714285467
James Hinchcliffe_S23,James Hinchcliffe,23,1,31.0,7.75,4,7.0,8.0,1,,31.0,,0.0
James Hinchcliffe_S23,James Hinchcliffe,23,2,29.0,7.25,4,7.0,8.0,4,31.0,30.0,-2.0,-1.0
James Hinchcliffe_S23,James Hinchcliffe,23,3,29.0,7.25,4,7.0,8.0,4,29.0,29.666666666666668,0.0,-0.6666666666666679
James Hinchcliffe_S23,James Hinchcliffe,23,4,28.0,9.333333333333334,3,9.0,10.0,2,29.0,29.25,-1.0,-1.25
James Hinchcliffe_S23,James Hinchcliffe,23,5,29.0,9.666666666666666,3,9.0,10.0,1,28.0,29.2,1.0,-0.1999999999999993
James Hinchcliffe_S23,James Hinchcliffe,23,6,38.0,9.5,4,9.0,10.0,2,29.0,30.666666666666668,9.0,7.333333333333332
James Hinchcliffe_S23,James Hinchcliffe,23,7,37.0,9.25,4,9.0,9.5,1,38.0,31.571428571428573,-1.0,5.428571428571427
James Hinchcliffe_S23,James Hinchcliffe,23,8,34.9998,11.6666,3,11.6666,11.6666,1,37.0,31.999975,-2.0001999999999995,2.9998250000000013
James Hinchcliffe_S23,James Hinchcliffe,23,9,36.0,9.0,4,9.0,9.0,5,34.9998,32.44442222222222,1.0001999999999995,3.5555777777777777
James Hinchcliffe_S23,James Hinchcliffe,23,10,29.5,9.833333333333334,3,9.5,10.0,3,36.0,32.14998,-6.5,-2.6499799999999993
James Hinchcliffe_S23,James Hinchcliffe,23,11,38.9998,9.74995,4,9.6666,10.0,2,29.5,32.772690909090905,9.4998,6.227109090909096
James Maslow_S18,James Maslow,18,1,21.0,7.0,3,7.0,7.0,9,,21.0,,0.0
James Maslow_S18,James Maslow,18,2,25.0,8.333333333333334,3,8.0,9.0,2,21.0,23.0,4.0,2.0
James Maslow_S18,James Maslow,18,3,36.0,9.0,4,9.0,9.0,2,25.0,27.333333333333332,11.0,8.666666666666668
James Maslow_S18,James Maslow,18,4,35.0,8.75,4,8.0,9.0,2,36.0,29.25,-1.0,5.75
James Maslow_S18,James Maslow,18,5,40.0,10.0,4,10.0,10.0,1,35.0,31.4,5.0,8.600000000000001
James Maslow_S18,James Maslow,18,6,35.0,8.75,4,8.0,9.0,5,40.0,32.0,-5.0,3.0
James Maslow_S18,James Maslow,18,7,35.0,8.75,4,8.0,9.5,6,35.0,32.42857142857143,0.0,2.5714285714285694
James Maslow_S18,James Maslow,18,8,36.0,9.0,4,8.0,10.0,6,35.0,32.875,1.0,3.125
James Maslow_S18,James Maslow,18,9,38.0,9.5,4,9.5,9.5,3,36.0,33.44444444444444,2.0,4.555555555555557
James Maslow_S18,James Maslow,18,10,29.0,9.666666666666666,3,9.5,10.0,3,38.0,33.0,-9.0,-4.0
James Van Der Beek_S28,James Van Der Beek,28,1,21.0,7.0,3,7.0,7.0,1,,21.0,,0.0
James Van Der Beek_S28,James Van Der Beek,28,2,20.0,6.666666666666667,3,6.0,7.0,5,21.0,20.5,-1.0,-0.5
James Van Der Beek_S28,James Van Der Beek,28,3,23.0,7.666666666666667,3,7.0,8.0,3,20.0,21.333333333333332,3.0,1.6666666666666679
James Van Der Beek_S28,James Van Der Beek,28,4,28.0,7.0,4,7.0,7.0,6,23.0,23.0,5.0,5.0
James Van Der Beek_S28,James Van Der Beek,28,5,26.0,8.666666666666666,3,8.0,9.0,2,28.0,23.6,-2.0,2.3999999999999986
James Van Der Beek_S28,James Van Der Beek,28,6,27.0,9.0,3,9.0,9.0,3,26.0,24.166666666666668,1.0,2.833333333333332
James Van Der Beek_S28,James Van Der Beek,28,7,27.0,9.0,3,9.0,9.0,2,27.0,24.571428571428573,0.0,2.428571428571427
James Van Der Beek_S28,James Van Der Beek,28,8,31.9998,10.6666,3,10.6666,10.6666,1,27.0,25.499975,4.9998000000000005,6.499825000000001
James Van Der Beek_S28,James Van Der Beek,28,9,36.0,9.0,4,8.5,9.5,3,31.9998,26.666644444444444,4.0001999999999995,9.333355555555556
James Van Der Beek_S28,James Van Der Beek,28,10,25.5,8.5,3,8.5,8.5,5,36.0,26.549979999999998,-10.5,-1.049979999999998
Jamie Anderson_S26,Jamie Anderson,26,1,19.0,6.333333333333333,3,6.0,7.0,8,,19.0,,0.0
Jamie Lynn Spears_S32,Jamie Lynn Spears,32,1,15.0,5.0,3,5.0,5.0,10,,15.0,,0.0
Jamie Lynn Spears_S32,Jamie Lynn Spears,32,2,16.0,5.333333333333333,3,5.0,6.0,9,15.0,15.5,1.0,0.5
Jana Kramer_S23,Jana Kramer,23,1,27.0,6.75,4,6.0,8.0,3,,27.0,,0.0
Jana Kramer_S23,Jana Kramer,23,2,29.0,7.25,4,7.0,8.0,5,27.0,28.0,2.0,1.0
Jana Kramer_S23,Jana Kramer,23,3,26.0,6.5,4,6.0,7.0,7,29.0,27.333333333333332,-3.0,-1.3333333333333321
Jana Kramer_S23,Jana Kramer,23,4,23.0,7.666666666666667,3,7.0,8.0,7,26.0,26.25,-3.0,-3.25
Jana Kramer_S23,Jana Kramer,23,5,26.0,8.666666666666666,3,8.0,9.0,4,23.0,26.2,3.0,-0.1999999999999993
Jana Kramer_S23,Jana Kramer,23,6,40.0,10.0,4,10.0,10.0,1,26.0,28.5,14.0,11.5
Jana Kramer_S23,Jana Kramer,23,7,34.5,8.625,4,8.0,9.0,3,40.0,29.357142857142858,-5.5,5.142857142857142
Jana Kramer_S23,Jana Kramer,23,8,30.0,10.0,3,10.0,10.0,3,34.5,29.4375,-4.5,0.5625
Jana Kramer_S23,Jana Kramer,23,9,40.0,10.0,4,10.0,10.0,2,30.0,30.61111111111111,10.0,9.38888888888889
Jana Kramer_S23,Jana Kramer,23,10,29.0,9.666666666666666,3,9.5,10.0,4,40.0,30.45,-11.0,-1.4499999999999993
Jana Kramer_S23,Jana Kramer,23,11,35.5,8.875,4,8.5,9.0,4,29.0,30.90909090909091,6.5,4.59090909090909
Jane Seymour_S5,Jane Seymour,5,1,24.0,8.0,3,8.0,8.0,3,,24.0,,0.0
Jane Seymour_S5,Jane Seymour,5,2,21.0,7.0,3,7.0,7.0,7,24.0,22.5,-3.0,-1.5
Jane Seymour_S5,Jane Seymour,5,3,27.0,9.0,3,9.0,9.0,2,21.0,24.0,6.0,3.0
Jane Seymour_S5,Jane Seymour,5,4,26.0,8.666666666666666,3,8.0,9.0,6,27.0,24.5,-1.0,1.5
Jane Seymour_S5,Jane Seymour,5,5,26.0,8.666666666666666,3,8.0,9.0,3,26.0,24.8,0.0,1.1999999999999993
Jane Seymour_S5,Jane Seymour,5,6,22.0,7.333333333333333,3,7.0,8.0,7,26.0,24.333333333333332,-4.0,-2.333333333333332
Jane Seymour_S5,Jane Seymour,5,7,25.0,8.333333333333334,3,8.0,8.5,6,22.0,24.428571428571427,3.0,0.571428571428573
Janel Parrish_S19,Janel Parrish,19,1,29.0,7.25,4,7.0,8.0,8,,29.0,,0.0
Janel Parrish_S19,Janel Parrish,19,2,34.0,8.5,4,8.0,9.0,2,29.0,31.5,5.0,2.5
Janel Parrish_S19,Janel Parrish,19,3,40.0,10.0,4,10.0,10.0,2,34.0,34.333333333333336,6.0,5.666666666666664
Janel Parrish_S19,Janel Parrish,19,4,36.0,9.0,4,9.0,9.0,4,40.0,34.75,-4.0,1.25
Janel Parrish_S19,Janel Parrish,19,5,33.0,8.25,4,8.0,9.0,4,36.0,34.4,-3.0,-1.3999999999999986
Janel Parrish_S19,Janel Parrish,19,6,33.0,8.25,4,7.0,9.0,4,33.0,34.166666666666664,0.0,-1.1666666666666643
Janel Parrish_S19,Janel Parrish,19,7,33.5,8.375,4,8.0,8.5,4,33.0,34.07142857142857,0.5,-0.5714285714285694
Janel Parrish_S19,Janel Parrish,19,8,43.0,10.75,4,10.75,10.75,1,33.5,35.1875,9.5,7.8125
Janel Parrish_S19,Janel Parrish,19,9,38.5,9.625,4,9.5,10.0,2,43.0,35.55555555555556,-4.5,2.944444444444443
Janel Parrish_S19,Janel Parrish,19,10,39.0,9.75,4,9.5,10.0,1,38.5,35.9,0.5,3.1000000000000014
Janel Parrish_S19,Janel Parrish,19,11,38.9998,9.74995,4,9.6666,10.0,3,39.0,36.1818,-0.00019999999999953388,2.817999999999998
Jason Lewis_S31,Jason Lewis,31,1,18.0,4.5,4,4.0,5.0,15,,18.0,,0.0
Jason Mraz_S32,Jason Mraz,32,1,21.0,7.0,3,7.0,7.0,3,,21.0,,0.0
Jason Mraz_S32,Jason Mraz,32,2,24.0,8.0,3,8.0,8.0,1,21.0,22.5,3.0,1.5
Jason Mraz_S32,Jason Mraz,32,3,34.0,8.5,4,8.0,9.0,2,24.0,26.333333333333332,10.0,7.666666666666668
Jason Mraz_S32,Jason Mraz,32,4,24.0,8.0,3,8.0,8.0,4,34.0,25.75,-10.0,-1.75
Jason Mraz_S32,Jason Mraz,32,5,27.0,9.0,3,9.0,9.0,3,24.0,26.0,3.0,1.0
Jason Mraz_S32,Jason Mraz,32,6,39.0,9.75,4,9.75,9.75,3,27.0,28.166666666666668,12.0,10.833333333333332
Jason Mraz_S32,Jason Mraz,32,7,36.0,9.0,4,8.5,10.0,5,39.0,29.285714285714285,-3.0,6.714285714285715
Jason Mraz_S32,Jason Mraz,32,8,33.0,8.25,4,8.0,9.0,6,36.0,29.75,-3.0,3.25
Jason Mraz_S32,Jason Mraz,32,9,43.0,10.75,4,10.75,10.75,1,33.0,31.22222222222222,10.0,11.777777777777779
Jason Mraz_S32,Jason Mraz,32,10,28.5,9.5,3,9.5,9.5,4,43.0,30.95,-14.5,-2.4499999999999993
Jason Mraz_S32,Jason Mraz,32,11,30.0,10.0,3,10.0,10.0,2,28.5,30.863636363636363,1.5,-0.8636363636363633
Jason Taylor_S6,Jason Taylor,6,1,22.0,7.333333333333333,3,7.0,8.0,4,,22.0,,0.0
Jason Taylor_S6,Jason Taylor,6,2,27.0,9.0,3,9.0,9.0,1,22.0,24.5,5.0,2.5
Jason Taylor_S6,Jason Taylor,6,3,23.0,7.666666666666667,3,7.0,8.0,5,27.0,24.0,-4.0,-1.0
Jason Taylor_S6,Jason Taylor,6,4,29.0,9.666666666666666,3,9.0,10.0,2,23.0,25.25,6.0,3.75
Jason Taylor_S6,Jason Taylor,6,5,27.0,9.0,3,9.0,9.0,2,29.0,25.6,-2.0,1.3999999999999986
Jason Taylor_S6,Jason Taylor,6,6,24.0,8.0,3,8.0,8.0,6,27.0,25.333333333333332,-3.0,-1.3333333333333321
Jason Taylor_S6,Jason Taylor,6,7,27.5,9.166666666666666,3,8.5,9.5,1,24.0,25.642857142857142,3.5,1.8571428571428577
Jason Taylor_S6,Jason Taylor,6,8,26.0,8.666666666666666,3,8.0,9.0,4,27.5,25.6875,-1.5,0.3125
Jason Taylor_S6,Jason Taylor,6,9,27.5,9.166666666666666,3,9.0,9.5,3,26.0,25.88888888888889,1.5,1.6111111111111107
Jason Taylor_S6,Jason Taylor,6,10,28.5,9.5,3,9.5,9.5,2,27.5,26.15,1.0,2.3500000000000014
Jeannie Mai_S29,Jeannie Mai,29,1,18.0,6.0,3,6.0,6.0,7,,18.0,,0.0
Jeannie Mai_S29,Jeannie Mai,29,2,18.0,6.0,3,6.0,6.0,11,18.0,18.0,0.0,0.0
Jeannie Mai_S29,Jeannie Mai,29,3,22.0,7.333333333333333,3,7.0,8.0,4,18.0,19.333333333333332,4.0,2.666666666666668
Jeannie Mai_S29,Jeannie Mai,29,4,21.0,7.0,3,7.0,7.0,13,22.0,19.75,-1.0,1.25
Jeannie Mai_S29,Jeannie Mai,29,5,24.0,8.0,3,8.0,8.0,6,21.0,20.6,3.0,3.3999999999999986
Jeannie Mai_S29,Jeannie Mai,29,6,25.0,8.333333333333334,3,8.0,9.0,6,24.0,21.333333333333332,1.0,3.666666666666668
Jeannie Mai_S29,Jeannie Mai,29,7,25.0,8.333333333333334,3,8.0,9.0,8,25.0,21.857142857142858,0.0,3.1428571428571423
Jeffrey Ross_S7,Jeffrey Ross,7,1,12.0,4.0,3,4.0,4.0,13,,12.0,,0.0
Jen Affleck_S34,Jen Affleck,34,1,12.0,6.0,2,6.0,6.0,6,,12.0,,0.0
Jen Affleck_S34,Jen Affleck,34,2,22.0,7.333333333333333,3,7.0,8.0,1,12.0,17.0,10.0,5.0
Jen Affleck_S34,Jen Affleck,34,3,19.0,6.333333333333333,3,6.0,7.0,10,22.0,17.666666666666668,-3.0,1.3333333333333321
Jen Affleck_S34,Jen Affleck,34,4,23.0,7.666666666666667,3,7.0,8.0,7,19.0,19.0,4.0,4.0
Jen Affleck_S34,Jen Affleck,34,5,29.0,7.25,4,7.0,8.0,9,23.0,21.0,6.0,8.0
Jen Affleck_S34,Jen Affleck,34,6,32.0,8.0,4,8.0,8.0,7,29.0,22.833333333333332,3.0,9.166666666666668
Jen Affleck_S34,Jen Affleck,34,7,34.0,8.5,4,8.5,8.5,7,32.0,24.428571428571427,2.0,9.571428571428573
Jenn Tran_S33,Jenn Tran,33,1,19.0,6.333333333333333,3,6.0,7.0,7,,19.0,,0.0
Jenn Tran_S33,Jenn Tran,33,2,19.0,6.333333333333333,3,6.0,7.0,9,19.0,19.0,0.0,0.0
Jenn Tran_S33,Jenn Tran,33,3,31.0,7.75,4,7.0,8.0,3,19.0,23.0,12.0,8.0
Jenn Tran_S33,Jenn Tran,33,4,32.0,8.0,4,8.0,8.0,8,31.0,25.25,1.0,6.75
Jenn Tran_S33,Jenn Tran,33,5,25.5,8.5,3,8.5,8.5,5,32.0,25.3,-6.5,0.1999999999999993
Jenn Tran_S33,Jenn Tran,33,6,31.0,10.333333333333334,3,10.0,11.0,4,25.5,26.25,5.5,4.75
Jennie Finch Daigle_S26,Jennie Finch Daigle,26,1,21.0,7.0,3,7.0,7.0,6,,21.0,,0.0
Jennie Finch Daigle_S26,Jennie Finch Daigle,26,2,31.5,7.875,4,7.5,8.5,7,21.0,26.25,10.5,5.25
Jennie Finch Daigle_S26,Jennie Finch Daigle,26,3,29.0,7.25,4,7.0,8.0,6,31.5,27.166666666666668,-2.5,1.8333333333333321
Jennie Garth_S5,Jennie Garth,5,1,21.0,7.0,3,7.0,7.0,6,,21.0,,0.0
Jennie Garth_S5,Jennie Garth,5,2,21.0,7.0,3,7.0,7.0,8,21.0,21.0,0.0,0.0
Jennie Garth_S5,Jennie Garth,5,3,26.0,8.666666666666666,3,8.0,9.0,5,21.0,22.666666666666668,5.0,3.333333333333332
Jennie Garth_S5,Jennie Garth,5,4,27.0,9.0,3,8.0,10.0,4,26.0,23.75,1.0,3.25
Jennie Garth_S5,Jennie Garth,5,5,25.0,8.333333333333334,3,8.0,9.0,5,27.0,24.0,-2.0,1.0
Jennie Garth_S5,Jennie Garth,5,6,27.0,9.0,3,9.0,9.0,3,25.0,24.5,2.0,2.5
Jennie Garth_S5,Jennie Garth,5,7,26.5,8.833333333333334,3,8.5,9.5,2,27.0,24.785714285714285,-0.5,1.7142857142857153
Jennie Garth_S5,Jennie Garth,5,8,25.0,8.333333333333334,3,8.0,8.5,4,26.5,24.8125,-1.5,0.1875
Jennie Garth_S5,Jennie Garth,5,9,29.0,9.666666666666666,3,9.5,10.0,3,25.0,25.27777777777778,4.0,3.7222222222222214
Jennifer Grey_S11,Jennifer Grey,11,1,24.0,8.0,3,8.0,8.0,1,,24.0,,0.0
Jennifer Grey_S11,Jennifer Grey,11,2,24.0,8.0,3,8.0,8.0,1,24.0,24.0,0.0,0.0
Jennifer Grey_S11,Jennifer Grey,11,3,24.0,8.0,3,8.0,8.0,3,24.0,24.0,0.0,0.0
Jennifer Grey_S11,Jennifer Grey,11,4,28.0,9.333333333333334,3,9.0,9.5,1,24.0,25.0,4.0,3.0
Jennifer Grey_S11,Jennifer Grey,11,5,25.0,8.333333333333334,3,8.0,9.0,2,28.0,25.0,-3.0,0.0
Jennifer Grey_S11,Jennifer Grey,11,6,29.0,9.666666666666666,3,9.0,10.0,5,25.0,25.666666666666668,4.0,3.333333333333332
Jennifer Grey_S11,Jennifer Grey,11,7,36.5,9.125,4,9.0,9.5,2,29.0,27.214285714285715,7.5,9.285714285714285
Jennifer Grey_S11,Jennifer Grey,11,8,28.5,9.5,3,9.5,9.5,2,36.5,27.375,-8.0,1.125
Jennifer Grey_S11,Jennifer Grey,11,9,30.0,10.0,3,10.0,10.0,1,28.5,27.666666666666668,1.5,2.333333333333332
Jennifer Grey_S11,Jennifer Grey,11,10,30.0,10.0,3,10.0,10.0,1,30.0,27.9,0.0,2.1000000000000014
Jerry Rice_S2,Jerry Rice,2,1,21.0,7.0,3,7.0,7.0,5,,21.0,,0.0
Jerry Rice_S2,Jerry Rice,2,2,23.0,7.666666666666667,3,7.0,8.0,4,21.0,22.0,2.0,1.0
Jerry Rice_S2,Jerry Rice,2,3,19.0,6.333333333333333,3,6.0,7.0,7,23.0,21.0,-4.0,-2.0
Jerry Rice_S2,Jerry Rice,2,4,24.0,8.0,3,8.0,8.0,5,19.0,21.75,5.0,2.25
Jerry Rice_S2,Jerry Rice,2,5,23.0,7.666666666666667,3,7.0,8.0,5,24.0,22.0,-1.0,1.0
Jerry Rice_S2,Jerry Rice,2,6,23.0,7.666666666666667,3,7.0,8.0,4,23.0,22.166666666666668,0.0,0.8333333333333321
Jerry Rice_S2,Jerry Rice,2,7,20.5,6.833333333333333,3,6.5,7.0,4,23.0,21.928571428571427,-2.5,-1.428571428571427
Jerry Rice_S2,Jerry Rice,2,8,26.666600000000003,8.888866666666667,3,8.6666,9.0,3,20.5,22.520825000000002,6.1666000000000025,4.145775
Jerry Springer_S3,Jerry Springer,3,1,16.0,5.333333333333333,3,5.0,6.0,9,,16.0,,0.0
Jerry Springer_S3,Jerry Springer,3,2,19.0,6.333333333333333,3,6.0,7.0,10,16.0,17.5,3.0,1.5
Jerry Springer_S3,Jerry Springer,3,3,21.0,7.0,3,7.0,7.0,8,19.0,18.666666666666668,2.0,2.333333333333332
Jerry Springer_S3,Jerry Springer,3,4,22.0,7.333333333333333,3,7.0,8.0,7,21.0,19.5,1.0,2.5
Jerry Springer_S3,Jerry Springer,3,5,24.0,8.0,3,8.0,8.0,7,22.0,20.4,2.0,3.6000000000000014
Jerry Springer_S3,Jerry Springer,3,6,18.0,6.0,3,5.0,7.0,5,24.0,20.0,-6.0,-2.0
Jerry Springer_S3,Jerry Springer,3,7,23.0,7.666666666666667,3,7.5,8.0,5,18.0,20.428571428571427,5.0,2.571428571428573
Jesse Metcalfe_S29,Jesse Metcalfe,29,1,18.0,6.0,3,6.0,6.0,10,,18.0,,0.0
Jesse Metcalfe_S29,Jesse Metcalfe,29,2,20.0,6.666666666666667,3,6.0,7.0,4,18.0,19.0,2.0,1.0
Jesse Metcalfe_S29,Jesse Metcalfe,29,3,20.0,6.666666666666667,3,6.0,7.0,9,20.0,19.333333333333332,0.0,0.6666666666666679
Jesse Metcalfe_S29,Jesse Metcalfe,29,4,21.0,7.0,3,7.0,7.0,10,20.0,19.75,1.0,1.25
Jesse Metcalfe_S29,Jesse Metcalfe,29,5,19.0,6.333333333333333,3,6.0,7.0,12,21.0,19.6,-2.0,-0.6000000000000014
Jessie James Decker_S31,Jessie James Decker,31,1,20.0,5.0,4,5.0,5.0,13,,20.0,,0.0
Jessie James Decker_S31,Jessie James Decker,31,2,25.0,6.25,4,6.0,7.0,12,20.0,22.5,5.0,2.5
Jessie James Decker_S31,Jessie James Decker,31,3,26.0,6.5,4,6.0,7.0,11,25.0,23.666666666666668,1.0,2.333333333333332
Jessie James Decker_S31,Jessie James Decker,31,4,31.0,7.75,4,7.0,8.0,8,26.0,25.5,5.0,5.5
Jessie James Decker_S31,Jessie James Decker,31,5,36.0,9.0,4,8.875,9.375,7,31.0,27.6,5.0,8.399999999999999
Jessie James Decker_S31,Jessie James Decker,31,6,32.0,8.0,4,8.0,8.0,9,36.0,28.333333333333332,-4.0,3.666666666666668
Jimmie Allen_S30,Jimmie Allen,30,1,22.0,5.5,4,5.0,6.0,13,,22.0,,0.0
Jimmie Allen_S30,Jimmie Allen,30,2,27.0,6.75,4,6.0,7.0,6,22.0,24.5,5.0,2.5
Jimmie Allen_S30,Jimmie Allen,30,3,20.0,6.666666666666667,3,6.0,8.0,10,27.0,23.0,-7.0,-3.0
Jimmie Allen_S30,Jimmie Allen,30,4,32.5,8.125,4,7.5,8.5,8,20.0,25.375,12.5,7.125
Jimmie Allen_S30,Jimmie Allen,30,5,34.0,8.5,4,8.0,9.0,8,32.5,27.1,1.5,6.899999999999999
Jimmie Allen_S30,Jimmie Allen,30,6,38.0,9.5,4,9.0,10.0,4,34.0,28.916666666666668,4.0,9.083333333333332
Jimmie Allen_S30,Jimmie Allen,30,7,38.0,9.5,4,9.0,10.0,3,38.0,30.214285714285715,0.0,7.785714285714285
Jimmie Allen_S30,Jimmie Allen,30,8,32.0,8.0,4,8.0,8.0,8,38.0,30.4375,-6.0,1.5625
JoJo Siwa_S30,JoJo Siwa,30,1,29.0,7.25,4,7.0,8.0,1,,29.0,,0.0
JoJo Siwa_S30,JoJo Siwa,30,2,31.0,7.75,4,7.0,8.0,2,29.0,30.0,2.0,1.0
JoJo Siwa_S30,JoJo Siwa,30,3,24.0,8.0,3,8.0,8.0,2,31.0,28.0,-7.0,-4.0
JoJo Siwa_S30,JoJo Siwa,30,4,35.0,8.75,4,8.5,9.0,3,24.0,29.75,11.0,5.25
JoJo Siwa_S30,JoJo Siwa,30,5,40.0,10.0,4,10.0,10.0,1,35.0,31.8,5.0,8.2
JoJo Siwa_S30,JoJo Siwa,30,6,40.0,10.0,4,10.0,10.0,1,40.0,33.166666666666664,0.0,6.833333333333336
JoJo Siwa_S30,JoJo Siwa,30,7,39.0,9.75,4,9.0,10.0,2,40.0,34.0,-1.0,5.0
JoJo Siwa_S30,JoJo Siwa,30,8,41.0,10.25,4,9.5,10.5,4,39.0,34.875,2.0,6.125
JoJo Siwa_S30,JoJo Siwa,30,9,40.0,10.0,4,10.0,10.0,1,41.0,35.44444444444444,-1.0,4.555555555555557
JoJo Siwa_S30,JoJo Siwa,30,10,40.0,10.0,4,10.0,10.0,2,40.0,35.9,0.0,4.100000000000001
Joanna Krupa_S9,Joanna Krupa,9,1,33.9999,11.3333,3,11.3333,11.3333,1,,33.9999,,0.0
Joanna Krupa_S9,Joanna Krupa,9,2,20.0,6.666666666666667,3,6.0,7.0,7,33.9999,26.99995,-13.999899999999997,-6.999949999999998
Joanna Krupa_S9,Joanna Krupa,9,3,23.0,7.666666666666667,3,7.0,8.0,3,20.0,25.666633333333333,3.0,-2.6666333333333334
Joanna Krupa_S9,Joanna Krupa,9,4,26.0,8.666666666666666,3,8.0,9.0,3,23.0,25.749975,3.0,0.25002500000000083
Joanna Krupa_S9,Joanna Krupa,9,5,24.0,8.0,3,8.0,8.0,4,26.0,25.39998,-2.0,-1.3999799999999993
Joanna Krupa_S9,Joanna Krupa,9,6,35.9999,11.999966666666666,3,11.3333,12.3333,1,24.0,27.166633333333333,11.999899999999997,8.833266666666663
Joanna Krupa_S9,Joanna Krupa,9,7,27.5,9.166666666666666,3,9.0,9.5,1,35.9999,27.214257142857143,-8.499899999999997,0.2857428571428571
Joanna Krupa_S9,Joanna Krupa,9,8,26.0,8.666666666666666,3,8.5,9.0,2,27.5,27.062475,-1.5,-1.0624749999999992
Joanna Krupa_S9,Joanna Krupa,9,9,27.0,9.0,3,9.0,9.0,2,26.0,27.055533333333333,1.0,-0.05553333333333299
Jodie Sweetin_S22,Jodie Sweetin,22,1,20.0,6.666666666666667,3,6.0,7.0,9,,20.0,,0.0
Jodie Sweetin_S22,Jodie Sweetin,22,2,21.0,7.0,3,7.0,7.0,4,20.0,20.5,1.0,0.5
Jodie Sweetin_S22,Jodie Sweetin,22,3,23.0,7.666666666666667,3,7.0,8.0,4,21.0,21.333333333333332,2.0,1.6666666666666679
Jodie Sweetin_S22,Jodie Sweetin,22,4,27.0,6.75,4,6.0,7.0,9,23.0,22.75,4.0,4.25
Jodie Sweetin_S22,Jodie Sweetin,22,5,35.0,8.75,4,8.0,9.0,2,27.0,25.2,8.0,9.8
Jodie Sweetin_S22,Jodie Sweetin,22,6,25.0,8.333333333333334,3,8.0,9.0,5,35.0,25.166666666666668,-10.0,-0.16666666666666785
Jodie Sweetin_S22,Jodie Sweetin,22,7,25.5,8.5,3,8.0,9.0,8,25.0,25.214285714285715,0.5,0.2857142857142847
Jodie Sweetin_S22,Jodie Sweetin,22,8,30.0,10.0,3,10.0,10.0,2,25.5,25.8125,4.5,4.1875
Joe Amabile_S27,Joe Amabile,27,1,14.0,4.666666666666667,3,4.0,5.0,13,,14.0,,0.0
Joe Amabile_S27,Joe Amabile,27,2,17.5,5.833333333333333,3,5.5,6.0,12,14.0,15.75,3.5,1.75
Joe Amabile_S27,Joe Amabile,27,3,18.0,6.0,3,6.0,6.0,11,17.5,16.5,0.5,1.5
Joe Amabile_S27,Joe Amabile,27,4,15.0,5.0,3,5.0,5.0,10,18.0,16.125,-3.0,-1.125
Joe Amabile_S27,Joe Amabile,27,5,17.0,5.666666666666667,3,5.0,6.0,9,15.0,16.3,2.0,0.6999999999999993
Joe Amabile_S27,Joe Amabile,27,6,22.0,7.333333333333333,3,7.0,8.0,8,17.0,17.25,5.0,4.75
Joe Amabile_S27,Joe Amabile,27,7,23.5,7.833333333333333,3,7.5,8.0,8,22.0,18.142857142857142,1.5,5.357142857142858
Joe Amabile_S27,Joe Amabile,27,8,23.0,7.666666666666667,3,7.5,8.0,5,23.5,18.75,-0.5,4.25
Joey Fatone_S15,Joey Fatone,15,1,20.5,6.833333333333333,3,6.5,7.0,10,,20.5,,0.0
Joey Fatone_S15,Joey Fatone,15,2,22.5,7.5,3,7.5,7.5,9,20.5,21.5,2.0,1.0
Joey Fatone_S4,Joey Fatone,4,1,24.0,8.0,3,8.0,8.0,1,,24.0,,0.0
Joey Fatone_S4,Joey Fatone,4,2,24.0,8.0,3,8.0,8.0,3,24.0,24.0,0.0,0.0
Joey Fatone_S4,Joey Fatone,4,3,24.0,8.0,3,8.0,8.0,4,24.0,24.0,0.0,0.0
Joey Fatone_S4,Joey Fatone,4,4,28.0,9.333333333333334,3,9.0,10.0,1,24.0,25.0,4.0,3.0
Joey Fatone_S4,Joey Fatone,4,5,25.0,8.333333333333334,3,8.0,9.0,3,28.0,25.0,-3.0,0.0
Joey Fatone_S4,Joey Fatone,4,6,27.0,9.0,3,9.0,9.0,3,25.0,25.333333333333332,2.0,1.6666666666666679
Joey Fatone_S4,Joey Fatone,4,7,29.5,9.833333333333334,3,9.5,10.0,2,27.0,25.928571428571427,2.5,3.571428571428573
Joey Fatone_S4,Joey Fatone,4,8,27.5,9.166666666666666,3,9.0,9.5,2,29.5,26.125,-2.0,1.375
Joey Fatone_S4,Joey Fatone,4,9,30.0,10.0,3,10.0,10.0,2,27.5,26.555555555555557,2.5,3.444444444444443
Joey Fatone_S4,Joey Fatone,4,10,28.6665,9.5555,3,9.3333,9.6666,2,30.0,26.76665,-1.3335000000000008,1.8998500000000007
Joey Graziadei_S33,Joey Graziadei,33,1,21.0,7.0,3,7.0,7.0,3,,21.0,,0.0
Joey Graziadei_S33,Joey Graziadei,33,2,22.0,7.333333333333333,3,7.0,8.0,4,21.0,21.5,1.0,0.5
Joey Graziadei_S33,Joey Graziadei,33,3,35.0,8.75,4,8.5,9.0,1,22.0,26.0,13.0,9.0
Joey Graziadei_S33,Joey Graziadei,33,4,36.0,9.0,4,9.0,9.0,1,35.0,28.5,1.0,7.5
Joey Graziadei_S33,Joey Graziadei,33,5,26.0,8.666666666666666,3,8.5,9.0,3,36.0,28.0,-10.0,-2.0
Joey Graziadei_S33,Joey Graziadei,33,6,32.0,10.666666666666666,3,10.0,11.0,2,26.0,28.666666666666668,6.0,3.333333333333332
Joey Graziadei_S33,Joey Graziadei,33,7,27.5,9.166666666666666,3,9.0,9.5,2,32.0,28.5,-4.5,-1.0
Joey Graziadei_S33,Joey Graziadei,33,8,29.0,9.666666666666666,3,9.5,10.0,2,27.5,28.5625,1.5,0.4375
Joey Graziadei_S33,Joey Graziadei,33,9,29.5,9.833333333333334,3,9.5,10.0,3,29.0,28.666666666666668,0.5,0.8333333333333321
Joey Lawrence_S3,Joey Lawrence,3,1,21.0,7.0,3,7.0,7.0,5,,21.0,,0.0
Joey Lawrence_S3,Joey Lawrence,3,2,29.0,9.666666666666666,3,9.0,10.0,1,21.0,25.0,8.0,4.0
Joey Lawrence_S3,Joey Lawrence,3,3,22.0,7.333333333333333,3,6.0,8.0,7,29.0,24.0,-7.0,-2.0
Joey Lawrence_S3,Joey Lawrence,3,4,27.0,9.0,3,9.0,9.0,3,22.0,24.75,5.0,2.25
Joey Lawrence_S3,Joey Lawrence,3,5,25.0,8.333333333333334,3,8.0,9.0,5,27.0,24.8,-2.0,0.1999999999999993
Joey Lawrence_S3,Joey Lawrence,3,6,24.0,8.0,3,8.0,8.0,3,25.0,24.666666666666668,-1.0,-0.6666666666666679
Joey Lawrence_S3,Joey Lawrence,3,7,28.5,9.5,3,9.0,10.0,2,24.0,25.214285714285715,4.5,3.2857142857142847
Joey Lawrence_S3,Joey Lawrence,3,8,27.0,9.0,3,8.5,9.5,3,28.5,25.4375,-1.5,1.5625
Joey Lawrence_S3,Joey Lawrence,3,9,29.5,9.833333333333334,3,9.5,10.0,1,27.0,25.88888888888889,2.5,3.6111111111111107
Joey McIntyre_S1,Joey McIntyre,1,1,20.0,6.666666666666667,3,6.0,7.0,3,,20.0,,0.0
Joey McIntyre_S1,Joey McIntyre,1,2,21.0,7.0,3,6.0,8.0,3,20.0,20.5,1.0,0.5
Joey McIntyre_S1,Joey McIntyre,1,3,22.0,7.333333333333333,3,7.0,8.0,3,21.0,21.0,1.0,1.0
Joey McIntyre_S1,Joey McIntyre,1,4,20.0,6.666666666666667,3,6.0,7.0,4,22.0,20.75,-2.0,-0.75
Joey McIntyre_S1,Joey McIntyre,1,5,22.5,7.5,3,7.0,8.5,3,20.0,21.1,2.5,1.3999999999999986
John O'Hurley_S1,John O'Hurley,1,1,20.0,6.666666666666667,3,6.0,7.0,2,,20.0,,0.0
John O'Hurley_S1,John O'Hurley,1,2,26.0,8.666666666666666,3,8.0,9.0,1,20.0,23.0,6.0,3.0
John O'Hurley_S1,John O'Hurley,1,3,24.0,8.0,3,7.0,9.0,2,26.0,23.333333333333332,-2.0,0.6666666666666679
John O'Hurley_S1,John O'Hurley,1,4,21.0,7.0,3,6.0,8.0,3,24.0,22.75,-3.0,-1.75
John O'Hurley_S1,John O'Hurley,1,5,27.0,9.0,3,9.0,9.0,1,21.0,23.6,6.0,3.3999999999999986
John O'Hurley_S1,John O'Hurley,1,6,27.0,9.0,3,9.0,9.0,2,27.0,24.166666666666668,0.0,2.833333333333332
John Ratzenberger_S4,John Ratzenberger,4,1,17.0,5.666666666666667,3,5.0,6.0,8,,17.0,,0.0
John Ratzenberger_S4,John Ratzenberger,4,2,21.0,7.0,3,7.0,7.0,7,17.0,19.0,4.0,2.0
John Ratzenberger_S4,John Ratzenberger,4,3,20.0,6.666666666666667,3,6.0,7.0,9,21.0,19.333333333333332,-1.0,0.6666666666666679
John Ratzenberger_S4,John Ratzenberger,4,4,16.0,5.333333333333333,3,5.0,6.0,8,20.0,18.5,-4.0,-2.5
John Ratzenberger_S4,John Ratzenberger,4,5,18.0,6.0,3,6.0,6.0,6,16.0,18.4,2.0,-0.3999999999999986
John Ratzenberger_S4,John Ratzenberger,4,6,19.0,6.333333333333333,3,6.0,7.0,7,18.0,18.5,1.0,0.5
John Ratzenberger_S4,John Ratzenberger,4,7,22.5,7.5,3,7.5,7.5,5,19.0,19.071428571428573,3.5,3.428571428571427
John Schneider_S27,John Schneider,27,1,18.0,6.0,3,5.0,7.0,11,,18.0,,0.0
John Schneider_S27,John Schneider,27,2,21.5,7.166666666666667,3,6.5,7.5,8,18.0,19.75,3.5,1.75
John Schneider_S27,John Schneider,27,3,21.0,7.0,3,7.0,7.0,10,21.5,20.166666666666668,-0.5,0.8333333333333321
John Schneider_S27,John Schneider,27,4,21.0,7.0,3,7.0,7.0,8,21.0,20.375,0.0,0.625
John Schneider_S27,John Schneider,27,5,24.0,8.0,3,8.0,8.0,6,21.0,21.1,3.0,2.8999999999999986
John Schneider_S27,John Schneider,27,6,19.0,6.333333333333333,3,6.0,7.0,9,24.0,20.75,-5.0,-1.75
John Schneider_S27,John Schneider,27,7,27.0,9.0,3,9.0,9.0,5,19.0,21.642857142857142,8.0,5.357142857142858
Johnny Damon_S26,Johnny Damon,26,1,18.0,6.0,3,6.0,6.0,9,,18.0,,0.0
Johnny Weir_S29,Johnny Weir,29,1,18.0,6.0,3,6.0,6.0,8,,18.0,,0.0
Johnny Weir_S29,Johnny Weir,29,2,18.0,6.0,3,6.0,6.0,7,18.0,18.0,0.0,0.0
Johnny Weir_S29,Johnny Weir,29,3,24.0,8.0,3,8.0,8.0,2,18.0,20.0,6.0,4.0
Johnny Weir_S29,Johnny Weir,29,4,24.0,8.0,3,8.0,8.0,4,24.0,21.0,0.0,3.0
Johnny Weir_S29,Johnny Weir,29,5,29.0,9.666666666666666,3,9.0,10.0,1,24.0,22.6,5.0,6.399999999999999
Johnny Weir_S29,Johnny Weir,29,6,22.0,7.333333333333333,3,7.0,8.0,9,29.0,22.5,-7.0,-0.5
Johnny Weir_S29,Johnny Weir,29,7,27.0,9.0,3,9.0,9.0,2,22.0,23.142857142857142,5.0,3.8571428571428577
Johnny Weir_S29,Johnny Weir,29,8,30.0,10.0,3,10.0,10.0,2,27.0,24.0,3.0,6.0
Johnny Weir_S29,Johnny Weir,29,9,30.0,10.0,3,10.0,10.0,2,30.0,24.666666666666668,0.0,5.333333333333332
Johnny Weir_S29,Johnny Weir,29,10,28.5,9.5,3,9.5,9.5,4,30.0,25.05,-1.5,3.4499999999999993
Jonathan Bennett_S19,Jonathan Bennett,19,1,30.0,7.5,4,7.0,8.0,6,,30.0,,0.0
Jonathan Bennett_S19,Jonathan Bennett,19,2,30.0,7.5,4,7.0,8.0,7,30.0,30.0,0.0,0.0
Jonathan Bennett_S19,Jonathan Bennett,19,3,32.0,8.0,4,8.0,8.0,5,30.0,30.666666666666668,2.0,1.3333333333333321
Jonathan Bennett_S19,Jonathan Bennett,19,4,24.0,6.0,4,6.0,6.0,10,32.0,29.0,-8.0,-5.0
Jonathan Bennett_S19,Jonathan Bennett,19,5,24.0,6.0,4,6.0,6.0,7,24.0,28.0,0.0,-4.0
Jonathan Bennett_S19,Jonathan Bennett,19,6,32.0,8.0,4,8.0,8.0,5,24.0,28.666666666666668,8.0,3.333333333333332
Jordan Chiles_S34,Jordan Chiles,34,1,10.0,5.0,2,5.0,5.0,12,,10.0,,0.0
Jordan Chiles_S34,Jordan Chiles,34,2,22.0,7.333333333333333,3,7.0,8.0,3,10.0,16.0,12.0,6.0
Jordan Chiles_S34,Jordan Chiles,34,3,24.0,8.0,3,8.0,8.0,2,22.0,18.666666666666668,2.0,5.333333333333332
Jordan Chiles_S34,Jordan Chiles,34,4,24.0,8.0,3,8.0,8.0,2,24.0,20.0,0.0,4.0
Jordan Chiles_S34,Jordan Chiles,34,5,32.0,8.0,4,8.0,8.0,5,24.0,22.4,8.0,9.600000000000001
Jordan Chiles_S34,Jordan Chiles,34,6,39.0,9.75,4,9.0,10.0,1,32.0,25.166666666666668,7.0,13.833333333333332
Jordan Chiles_S34,Jordan Chiles,34,7,38.0,9.5,4,9.0,10.0,4,39.0,27.0,-1.0,11.0
Jordan Chiles_S34,Jordan Chiles,34,8,39.0,9.75,4,9.5,10.0,2,38.0,28.5,1.0,10.5
Jordan Chiles_S34,Jordan Chiles,34,9,39.0,9.75,4,9.5,10.5,5,39.0,29.666666666666668,0.0,9.333333333333332
Jordan Chiles_S34,Jordan Chiles,34,10,28.5,9.5,3,9.5,9.5,5,39.0,29.55,-10.5,-1.0500000000000007
Jordan Chiles_S34,Jordan Chiles,34,11,29.666600000000003,9.888866666666667,3,9.6666,10.0,2,28.5,29.5606,1.1666000000000025,0.10600000000000165
Jordan Fisher_S25,Jordan Fisher,25,1,22.0,7.333333333333333,3,7.0,8.0,1,,22.0,,0.0
Jordan Fisher_S25,Jordan Fisher,25,2,24.0,8.0,3,8.0,8.0,1,22.0,23.0,2.0,1.0
Jordan Fisher_S25,Jordan Fisher,25,3,25.0,8.333333333333334,3,7.0,9.0,2,24.0,23.666666666666668,1.0,1.3333333333333321
Jordan Fisher_S25,Jordan Fisher,25,4,29.0,9.666666666666666,3,9.0,10.0,1,25.0,25.0,4.0,4.0
Jordan Fisher_S25,Jordan Fisher,25,5,30.0,10.0,3,10.0,10.0,1,29.0,26.0,1.0,4.0
Jordan Fisher_S25,Jordan Fisher,25,6,39.0,9.75,4,9.0,10.0,2,30.0,28.166666666666668,9.0,10.833333333333332
Jordan Fisher_S25,Jordan Fisher,25,7,27.0,9.0,3,9.0,9.0,4,39.0,28.0,-12.0,-1.0
Jordan Fisher_S25,Jordan Fisher,25,8,30.0,10.0,3,10.0,10.0,1,27.0,28.25,3.0,1.75
Jordan Fisher_S25,Jordan Fisher,25,9,29.0,9.666666666666666,3,9.5,10.0,1,30.0,28.333333333333332,-1.0,0.6666666666666679
Jordan Fisher_S25,Jordan Fisher,25,10,40.0,10.0,4,10.0,10.0,2,29.0,29.5,11.0,10.5
Jordin Sparks_S31,Jordin Sparks,31,1,26.0,6.5,4,6.0,7.0,7,,26.0,,0.0
Jordin Sparks_S31,Jordin Sparks,31,2,27.0,6.75,4,6.0,7.0,10,26.0,26.5,1.0,0.5
Jordin Sparks_S31,Jordin Sparks,31,3,29.0,7.25,4,7.0,8.0,8,27.0,27.333333333333332,2.0,1.6666666666666679
Jordin Sparks_S31,Jordin Sparks,31,4,34.0,8.5,4,8.0,9.0,4,29.0,29.0,5.0,5.0
Jordin Sparks_S31,Jordin Sparks,31,5,35.5,8.875,4,8.375,9.375,9,34.0,30.3,1.5,5.199999999999999
Jordin Sparks_S31,Jordin Sparks,31,6,34.0,8.5,4,8.0,9.0,8,35.5,30.916666666666668,-1.5,3.083333333333332
Jordin Sparks_S31,Jordin Sparks,31,7,34.5,8.625,4,8.5,9.0,8,34.0,31.428571428571427,0.5,3.071428571428573
Joseph Baena_S31,Joseph Baena,31,1,23.0,5.75,4,5.0,6.0,9,,23.0,,0.0
Joseph Baena_S31,Joseph Baena,31,2,24.0,6.0,4,6.0,6.0,13,23.0,23.5,1.0,0.5
Joseph Baena_S31,Joseph Baena,31,3,29.0,7.25,4,7.0,8.0,7,24.0,25.333333333333332,5.0,3.666666666666668
Joseph Baena_S31,Joseph Baena,31,4,28.0,7.0,4,7.0,7.0,11,29.0,26.0,-1.0,2.0
Joseph Baena_S31,Joseph Baena,31,5,35.0,8.75,4,8.5,9.0,10,28.0,27.8,7.0,7.199999999999999
Josh Norman_S26,Josh Norman,26,1,24.0,8.0,3,8.0,8.0,1,,24.0,,0.0
Josh Norman_S26,Josh Norman,26,2,31.5,7.875,4,7.5,8.0,6,24.0,27.75,7.5,3.75
Josh Norman_S26,Josh Norman,26,3,38.0,9.5,4,9.5,9.5,2,31.5,31.166666666666668,6.5,6.833333333333332
Josh Norman_S26,Josh Norman,26,4,28.5,9.5,3,9.5,9.5,2,38.0,30.5,-9.5,-2.0
Josie Maran_S5,Josie Maran,5,1,16.0,5.333333333333333,3,5.0,6.0,12,,16.0,,0.0
Juan Pablo Di Pace_S27,Juan Pablo Di Pace,27,1,22.0,7.333333333333333,3,7.0,8.0,4,,22.0,,0.0
Juan Pablo Di Pace_S27,Juan Pablo Di Pace,27,2,26.0,8.666666666666666,3,8.0,9.0,2,22.0,24.0,4.0,2.0
Juan Pablo Di Pace_S27,Juan Pablo Di Pace,27,3,30.0,10.0,3,10.0,10.0,1,26.0,26.0,4.0,4.0
Juan Pablo Di Pace_S27,Juan Pablo Di Pace,27,4,24.0,8.0,3,8.0,8.0,5,30.0,25.5,-6.0,-1.5
Juan Pablo Di Pace_S27,Juan Pablo Di Pace,27,5,29.0,9.666666666666666,3,9.0,10.0,1,24.0,26.2,5.0,2.8000000000000007
Juan Pablo Di Pace_S27,Juan Pablo Di Pace,27,6,30.0,10.0,3,10.0,10.0,2,29.0,26.833333333333332,1.0,3.166666666666668
Juan Pablo Di Pace_S27,Juan Pablo Di Pace,27,7,28.0,9.333333333333334,3,9.0,9.5,3,30.0,27.0,-2.0,1.0
Juan Pablo Di Pace_S27,Juan Pablo Di Pace,27,8,30.0,10.0,3,10.0,10.0,1,28.0,27.375,2.0,2.625
Justina Machado_S29,Justina Machado,29,1,21.0,7.0,3,7.0,7.0,2,,21.0,,0.0
Justina Machado_S29,Justina Machado,29,2,21.0,7.0,3,7.0,7.0,3,21.0,21.0,0.0,0.0
Justina Machado_S29,Justina Machado,29,3,19.0,6.333333333333333,3,6.0,7.0,10,21.0,20.333333333333332,-2.0,-1.3333333333333321
Justina Machado_S29,Justina Machado,29,4,24.0,8.0,3,8.0,8.0,6,19.0,21.25,5.0,2.75
Justina Machado_S29,Justina Machado,29,5,24.0,8.0,3,8.0,8.0,8,24.0,21.8,0.0,2.1999999999999993
Justina Machado_S29,Justina Machado,29,6,27.0,9.0,3,9.0,9.0,1,24.0,22.666666666666668,3.0,4.333333333333332
Justina Machado_S29,Justina Machado,29,7,26.0,8.666666666666666,3,8.0,9.0,6,27.0,23.142857142857142,-1.0,2.8571428571428577
Justina Machado_S29,Justina Machado,29,8,28.9998,9.6666,3,9.6666,9.6666,3,26.0,23.874975,2.9998000000000005,5.124825000000001
Justina Machado_S29,Justina Machado,29,9,25.9998,8.6666,3,8.6666,8.6666,5,28.9998,24.111066666666666,-3.0,1.8887333333333345
Justina Machado_S29,Justina Machado,29,10,29.0,9.666666666666666,3,9.5,10.0,3,25.9998,24.59996,3.0001999999999995,4.400040000000001
Justina Machado_S29,Justina Machado,29,11,30.0,10.0,3,10.0,10.0,2,29.0,25.090872727272725,1.0,4.909127272727275
Kaitlyn Bristowe_S29,Kaitlyn Bristowe,29,1,20.0,6.666666666666667,3,6.0,7.0,3,,20.0,,0.0
Kaitlyn Bristowe_S29,Kaitlyn Bristowe,29,2,22.0,7.333333333333333,3,7.0,8.0,1,20.0,21.0,2.0,1.0
Kaitlyn Bristowe_S29,Kaitlyn Bristowe,29,3,23.0,7.666666666666667,3,7.0,8.0,3,22.0,21.666666666666668,1.0,1.3333333333333321
Kaitlyn Bristowe_S29,Kaitlyn Bristowe,29,4,25.0,8.333333333333334,3,8.0,9.0,2,23.0,22.5,2.0,2.5
Kaitlyn Bristowe_S29,Kaitlyn Bristowe,29,5,27.0,9.0,3,9.0,9.0,2,25.0,23.4,2.0,3.6000000000000014
Kaitlyn Bristowe_S29,Kaitlyn Bristowe,29,6,27.0,9.0,3,9.0,9.0,2,27.0,24.0,0.0,3.0
Kaitlyn Bristowe_S29,Kaitlyn Bristowe,29,7,24.0,8.0,3,7.0,9.0,9,27.0,24.0,-3.0,0.0
Kaitlyn Bristowe_S29,Kaitlyn Bristowe,29,8,28.0,9.333333333333334,3,9.0,10.0,4,24.0,24.5,4.0,3.5
Kaitlyn Bristowe_S29,Kaitlyn Bristowe,29,9,30.0,10.0,3,10.0,10.0,1,28.0,25.11111111111111,2.0,4.888888888888889
Kaitlyn Bristowe_S29,Kaitlyn Bristowe,29,10,30.0,10.0,3,10.0,10.0,2,30.0,25.6,0.0,4.399999999999999
Kaitlyn Bristowe_S29,Kaitlyn Bristowe,29,11,30.0,10.0,3,10.0,10.0,3,30.0,26.0,0.0,4.0
Karamo Brown_S28,Karamo Brown,28,1,17.0,5.666666666666667,3,5.0,6.0,5,,17.0,,0.0
Karamo Brown_S28,Karamo Brown,28,2,19.0,6.333333333333333,3,5.0,7.0,6,17.0,18.0,2.0,1.0
Karamo Brown_S28,Karamo Brown,28,3,16.0,5.333333333333333,3,5.0,6.0,8,19.0,17.333333333333332,-3.0,-1.3333333333333321
Karamo Brown_S28,Karamo Brown,28,4,28.0,7.0,4,7.0,7.0,7,16.0,20.0,12.0,8.0
Karamo Brown_S28,Karamo Brown,28,5,21.0,7.0,3,7.0,7.0,8,28.0,20.2,-7.0,0.8000000000000007
Karamo Brown_S28,Karamo Brown,28,6,25.0,8.333333333333334,3,8.0,9.0,6,21.0,21.0,4.0,4.0
Karamo Brown_S28,Karamo Brown,28,7,24.5,8.166666666666666,3,8.0,8.5,6,25.0,21.5,-0.5,3.0
Kareem Abdul-Jabbar_S26,Kareem Abdul-Jabbar,26,1,17.0,5.666666666666667,3,5.0,6.0,10,,17.0,,0.0
Kareem Abdul-Jabbar_S26,Kareem Abdul-Jabbar,26,2,29.5,7.375,4,7.0,8.0,8,17.0,23.25,12.5,6.25
Kate Flannery_S28,Kate Flannery,28,1,15.0,5.0,3,5.0,5.0,10,,15.0,,0.0
Kate Flannery_S28,Kate Flannery,28,2,21.0,7.0,3,7.0,7.0,2,15.0,18.0,6.0,3.0
Kate Flannery_S28,Kate Flannery,28,3,24.0,8.0,3,8.0,8.0,1,21.0,20.0,3.0,4.0
Kate Flannery_S28,Kate Flannery,28,4,26.0,6.5,4,6.0,7.0,8,24.0,21.5,2.0,4.5
Kate Flannery_S28,Kate Flannery,28,5,24.0,8.0,3,8.0,8.0,6,26.0,22.0,-2.0,2.0
Kate Flannery_S28,Kate Flannery,28,6,27.0,9.0,3,9.0,9.0,1,24.0,22.833333333333332,3.0,4.166666666666668
Kate Flannery_S28,Kate Flannery,28,7,24.0,8.0,3,8.0,8.0,7,27.0,23.0,-3.0,1.0
Kate Flannery_S28,Kate Flannery,28,8,25.9998,8.6666,3,8.6666,8.6666,5,24.0,23.374975,1.9998000000000005,2.6248250000000013
Kate Gosselin_S10,Kate Gosselin,10,1,16.0,5.333333333333333,3,5.0,6.0,9,,16.0,,0.0
Kate Gosselin_S10,Kate Gosselin,10,2,15.0,5.0,3,5.0,5.0,10,16.0,15.5,-1.0,-0.5
Kate Gosselin_S10,Kate Gosselin,10,3,15.0,5.0,3,5.0,5.0,9,15.0,15.333333333333334,0.0,-0.3333333333333339
Kate Gosselin_S10,Kate Gosselin,10,4,16.0,5.333333333333333,3,5.0,5.5,9,15.0,15.5,1.0,0.5
Kate Gosselin_S10,Kate Gosselin,10,5,15.0,5.0,3,5.0,5.0,8,16.0,15.4,-1.0,-0.40000000000000036
Katherine Jenkins_S14,Katherine Jenkins,14,1,26.0,8.666666666666666,3,8.0,9.0,2,,26.0,,0.0
Katherine Jenkins_S14,Katherine Jenkins,14,2,26.0,8.666666666666666,3,8.0,9.0,2,26.0,26.0,0.0,0.0
Katherine Jenkins_S14,Katherine Jenkins,14,3,29.0,9.666666666666666,3,9.0,10.0,1,26.0,27.0,3.0,2.0
Katherine Jenkins_S14,Katherine Jenkins,14,4,24.0,8.0,3,8.0,8.0,4,29.0,26.25,-5.0,-2.25
Katherine Jenkins_S14,Katherine Jenkins,14,5,29.0,9.666666666666666,3,9.0,10.0,2,24.0,26.8,5.0,2.1999999999999993
Katherine Jenkins_S14,Katherine Jenkins,14,6,38.9999,12.999966666666666,3,12.3333,13.3333,1,29.0,28.833316666666665,9.999899999999997,10.166583333333332
Katherine Jenkins_S14,Katherine Jenkins,14,7,27.0,9.0,3,8.5,9.5,2,38.9999,28.571414285714287,-11.999899999999997,-1.5714142857142868
Katherine Jenkins_S14,Katherine Jenkins,14,8,27.5,9.166666666666666,3,9.0,9.5,3,27.0,28.4374875,0.5,-0.9374874999999996
Katherine Jenkins_S14,Katherine Jenkins,14,9,28.0,9.333333333333334,3,9.0,9.5,4,27.5,28.38887777777778,0.5,-0.388877777777779
Katherine Jenkins_S14,Katherine Jenkins,14,10,30.0,10.0,3,10.0,10.0,1,28.0,28.54999,2.0,1.450009999999999
Kathy Ireland_S9,Kathy Ireland,9,1,19.9999,6.666633333333333,3,6.3333,7.3333,13,,19.9999,,0.0
Kathy Ireland_S9,Kathy Ireland,9,2,18.0,6.0,3,6.0,6.0,13,19.9999,18.99995,-1.9999000000000002,-0.9999499999999983
Kel Mitchell_S28,Kel Mitchell,28,1,16.0,5.333333333333333,3,5.0,6.0,7,,16.0,,0.0
Kel Mitchell_S28,Kel Mitchell,28,2,20.0,6.666666666666667,3,6.0,7.0,3,16.0,18.0,4.0,2.0
Kel Mitchell_S28,Kel Mitchell,28,3,20.0,6.666666666666667,3,6.0,7.0,7,20.0,18.666666666666668,0.0,1.3333333333333321
Kel Mitchell_S28,Kel Mitchell,28,4,32.0,8.0,4,8.0,8.0,3,20.0,22.0,12.0,10.0
Kel Mitchell_S28,Kel Mitchell,28,5,26.0,8.666666666666666,3,8.0,9.0,3,32.0,22.8,-6.0,3.1999999999999993
Kel Mitchell_S28,Kel Mitchell,28,6,26.0,8.666666666666666,3,8.0,9.0,4,26.0,23.333333333333332,0.0,2.666666666666668
Kel Mitchell_S28,Kel Mitchell,28,7,25.5,8.5,3,8.5,8.5,5,26.0,23.642857142857142,-0.5,1.8571428571428577
Kel Mitchell_S28,Kel Mitchell,28,8,29.9998,9.999933333333333,3,9.6666,10.6666,4,25.5,24.437475,4.4998000000000005,5.562325000000001
Kel Mitchell_S28,Kel Mitchell,28,9,37.0,9.25,4,9.0,9.5,2,29.9998,25.83331111111111,7.0001999999999995,11.166688888888888
Kel Mitchell_S28,Kel Mitchell,28,10,28.5,9.5,3,9.5,9.5,2,37.0,26.09998,-8.5,2.4000200000000014
Kel Mitchell_S28,Kel Mitchell,28,11,29.5,9.833333333333334,3,9.5,10.0,2,28.5,26.409072727272726,1.0,3.0909272727272743
Kellie Pickler_S16,Kellie Pickler,16,1,21.0,7.0,3,7.0,7.0,4,,21.0,,0.0
Kellie Pickler_S16,Kellie Pickler,16,2,26.0,8.666666666666666,3,8.0,9.0,1,21.0,23.5,5.0,2.5
Kellie Pickler_S16,Kellie Pickler,16,3,25.0,8.333333333333334,3,8.0,9.0,3,26.0,24.0,-1.0,1.0
Kellie Pickler_S16,Kellie Pickler,16,4,26.0,8.666666666666666,3,8.0,9.0,2,25.0,24.5,1.0,1.5
Kellie Pickler_S16,Kellie Pickler,16,5,27.0,9.0,3,9.0,9.0,2,26.0,25.0,1.0,2.0
Kellie Pickler_S16,Kellie Pickler,16,6,27.0,9.0,3,8.5,9.5,1,27.0,25.333333333333332,0.0,1.6666666666666679
Kellie Pickler_S16,Kellie Pickler,16,7,29.0,9.666666666666666,3,9.0,10.0,3,27.0,25.857142857142858,2.0,3.1428571428571423
Kellie Pickler_S16,Kellie Pickler,16,8,27.5,9.166666666666666,3,8.0,10.0,3,29.0,26.0625,-1.5,1.4375
Kellie Pickler_S16,Kellie Pickler,16,9,29.0,9.666666666666666,3,9.5,10.0,3,27.5,26.38888888888889,1.5,2.6111111111111107
Kellie Pickler_S16,Kellie Pickler,16,10,30.0,10.0,3,10.0,10.0,1,29.0,26.75,1.0,3.25
Kelly Monaco_S1,Kelly Monaco,1,1,13.0,4.333333333333333,3,4.0,5.0,6,,13.0,,0.0
Kelly Monaco_S1,Kelly Monaco,1,2,17.0,5.666666666666667,3,5.0,6.0,5,13.0,15.0,4.0,2.0
Kelly Monaco_S1,Kelly Monaco,1,3,21.0,7.0,3,6.0,8.0,4,17.0,17.0,4.0,4.0
Kelly Monaco_S1,Kelly Monaco,1,4,26.0,8.666666666666666,3,8.0,9.0,1,21.0,19.25,5.0,6.75
Kelly Monaco_S1,Kelly Monaco,1,5,23.5,7.833333333333333,3,7.5,8.5,2,26.0,20.1,-2.5,3.3999999999999986
Kelly Monaco_S1,Kelly Monaco,1,6,27.5,9.166666666666666,3,8.5,9.5,1,23.5,21.333333333333332,4.0,6.166666666666668
Kelly Monaco_S15,Kelly Monaco,15,1,21.5,7.166666666666667,3,7.0,7.5,6,,21.5,,0.0
Kelly Monaco_S15,Kelly Monaco,15,2,22.0,7.333333333333333,3,7.0,7.5,10,21.5,21.75,0.5,0.25
Kelly Monaco_S15,Kelly Monaco,15,3,27.0,9.0,3,9.0,9.0,1,22.0,23.5,5.0,3.5
Kelly Monaco_S15,Kelly Monaco,15,4,37.5,9.375,4,9.0,9.5,3,27.0,27.0,10.5,10.5
Kelly Monaco_S15,Kelly Monaco,15,5,25.75,8.583333333333334,3,8.5,8.75,8,37.5,26.75,-11.75,-1.0
Kelly Monaco_S15,Kelly Monaco,15,6,27.0,9.0,3,9.0,9.0,7,25.75,26.791666666666668,1.25,0.20833333333333215
Kelly Monaco_S15,Kelly Monaco,15,7,36.0,12.0,3,12.0,12.0,3,27.0,28.107142857142858,9.0,7.892857142857142
Kelly Monaco_S15,Kelly Monaco,15,8,28.3333,9.444433333333334,3,9.3333,9.5,5,36.0,28.1354125,-7.666699999999999,0.19788750000000022
Kelly Monaco_S15,Kelly Monaco,15,9,27.110999999999997,9.036999999999999,3,8.7777,9.3333,4,28.3333,28.02158888888889,-1.2223000000000042,-0.910588888888892
Kelly Monaco_S15,Kelly Monaco,15,10,29.1109,9.703633333333334,3,9.6666,9.7777,2,27.110999999999997,28.13052,1.9999000000000038,0.9803800000000003
Kelly Osbourne_S9,Kelly Osbourne,9,1,30.9998,10.333266666666667,3,9.6666,10.6666,4,,30.9998,,0.0
Kelly Osbourne_S9,Kelly Osbourne,9,2,19.0,6.333333333333333,3,6.0,7.0,12,30.9998,24.9999,-11.9998,-5.9999
Kelly Osbourne_S9,Kelly Osbourne,9,3,20.0,6.666666666666667,3,6.0,7.0,6,19.0,23.333266666666663,1.0,-3.3332666666666633
Kelly Osbourne_S9,Kelly Osbourne,9,4,23.0,7.666666666666667,3,7.0,8.0,6,20.0,23.24995,3.0,-0.24994999999999834
Kelly Osbourne_S9,Kelly Osbourne,9,5,24.0,8.0,3,8.0,8.0,5,23.0,23.39996,1.0,0.6000399999999999
Kelly Osbourne_S9,Kelly Osbourne,9,6,24.9998,8.333266666666667,3,7.6666,8.6666,6,24.0,23.6666,0.9998000000000005,1.3332000000000015
Kelly Osbourne_S9,Kelly Osbourne,9,7,26.0,8.666666666666666,3,8.5,9.0,4,24.9998,23.999942857142855,1.0001999999999995,2.0000571428571448
Kelly Osbourne_S9,Kelly Osbourne,9,8,25.5,8.5,3,8.0,9.0,3,26.0,24.18745,-0.5,1.3125500000000017
Kelly Osbourne_S9,Kelly Osbourne,9,9,25.9998,8.6666,3,8.6666,8.6666,3,25.5,24.38882222222222,0.49980000000000047,1.61097777777778
Kelly Osbourne_S9,Kelly Osbourne,9,10,25.2222,8.4074,3,8.2222,8.5,3,25.9998,24.472159999999995,-0.7775999999999996,0.7500400000000056
Kendra Wilkinson_S12,Kendra Wilkinson,12,1,18.0,6.0,3,6.0,6.0,8,,18.0,,0.0
Kendra Wilkinson_S12,Kendra Wilkinson,12,2,19.0,6.333333333333333,3,6.0,7.0,6,18.0,18.5,1.0,0.5
Kendra Wilkinson_S12,Kendra Wilkinson,12,3,23.0,7.666666666666667,3,7.0,8.0,3,19.0,20.0,4.0,3.0
Kendra Wilkinson_S12,Kendra Wilkinson,12,4,18.0,6.0,3,6.0,6.0,9,23.0,19.5,-5.0,-1.5
Kendra Wilkinson_S12,Kendra Wilkinson,12,5,22.0,7.333333333333333,3,7.0,8.0,6,18.0,20.0,4.0,2.0
Kendra Wilkinson_S12,Kendra Wilkinson,12,6,25.0,8.333333333333334,3,8.0,9.0,5,22.0,20.833333333333332,3.0,4.166666666666668
Kendra Wilkinson_S12,Kendra Wilkinson,12,7,30.5,7.625,4,7.5,8.0,4,25.0,22.214285714285715,5.5,8.285714285714285
Kenny Mayne_S2,Kenny Mayne,2,1,13.0,4.333333333333333,3,4.0,5.0,9,,13.0,,0.0
Kenya Moore_S30,Kenya Moore,30,1,26.0,6.5,4,6.0,7.0,6,,26.0,,0.0
Kenya Moore_S30,Kenya Moore,30,2,24.0,6.0,4,6.0,6.0,11,26.0,25.0,-2.0,-1.0
Kenya Moore_S30,Kenya Moore,30,3,21.0,7.0,3,7.0,7.0,9,24.0,23.666666666666668,-3.0,-2.666666666666668
Kenya Moore_S30,Kenya Moore,30,4,29.5,7.375,4,7.0,8.0,10,21.0,25.125,8.5,4.375
Kenya Moore_S30,Kenya Moore,30,5,36.0,9.0,4,9.0,9.0,6,29.5,27.3,6.5,8.7
Kenya Moore_S30,Kenya Moore,30,6,32.0,8.0,4,8.0,8.0,10,36.0,28.083333333333332,-4.0,3.916666666666668
Keyshawn Johnson_S17,Keyshawn Johnson,17,1,17.0,5.666666666666667,3,5.0,6.0,11,,17.0,,0.0
Keyshawn Johnson_S17,Keyshawn Johnson,17,2,18.0,6.0,3,6.0,6.0,11,17.0,17.5,1.0,0.5
Kim Fields_S22,Kim Fields,22,1,20.0,6.666666666666667,3,6.0,7.0,8,,20.0,,0.0
Kim Fields_S22,Kim Fields,22,2,19.0,6.333333333333333,3,6.0,7.0,9,20.0,19.5,-1.0,-0.5
Kim Fields_S22,Kim Fields,22,3,22.0,7.333333333333333,3,7.0,8.0,5,19.0,20.333333333333332,3.0,1.6666666666666679
Kim Fields_S22,Kim Fields,22,4,32.0,8.0,4,8.0,8.0,7,22.0,23.25,10.0,8.75
Kim Fields_S22,Kim Fields,22,5,28.0,7.0,4,6.0,8.0,8,32.0,24.2,-4.0,3.8000000000000007
Kim Fields_S22,Kim Fields,22,6,24.0,8.0,3,8.0,8.0,7,28.0,24.166666666666668,-4.0,-0.16666666666666785
Kim Fields_S22,Kim Fields,22,7,26.0,8.666666666666666,3,8.5,9.0,6,24.0,24.428571428571427,2.0,1.571428571428573
Kim Kardashian_S7,Kim Kardashian,7,1,18.5,6.166666666666667,3,6.0,6.5,10,,18.5,,0.0
Kim Kardashian_S7,Kim Kardashian,7,2,17.0,5.666666666666667,3,5.0,6.0,9,18.5,17.75,-1.5,-0.75
Kim Zolciak-Biermann_S21,Kim Zolciak-Biermann,21,1,12.0,4.0,3,4.0,4.0,13,,12.0,,0.0
Kim Zolciak-Biermann_S21,Kim Zolciak-Biermann,21,2,18.5,6.166666666666667,3,6.0,6.5,10,12.0,15.25,6.5,3.25
Kirstie Alley_S12,Kirstie Alley,12,1,23.0,7.666666666666667,3,7.0,8.0,2,,23.0,,0.0
Kirstie Alley_S12,Kirstie Alley,12,2,20.0,6.666666666666667,3,6.0,7.0,5,23.0,21.5,-3.0,-1.5
Kirstie Alley_S12,Kirstie Alley,12,3,21.0,7.0,3,7.0,7.0,7,20.0,21.333333333333332,1.0,-0.33333333333333215
Kirstie Alley_S12,Kirstie Alley,12,4,22.0,7.333333333333333,3,7.0,8.0,7,21.0,21.5,1.0,0.5
Kirstie Alley_S12,Kirstie Alley,12,5,23.0,7.666666666666667,3,7.0,8.0,5,22.0,21.8,1.0,1.1999999999999993
Kirstie Alley_S12,Kirstie Alley,12,6,26.0,8.666666666666666,3,8.0,9.0,4,23.0,22.5,3.0,3.5
Kirstie Alley_S12,Kirstie Alley,12,7,30.0,7.5,4,7.0,8.0,6,26.0,23.571428571428573,4.0,6.428571428571427
Kirstie Alley_S12,Kirstie Alley,12,8,26.5,8.833333333333334,3,8.5,9.0,3,30.0,23.9375,-3.5,2.5625
Kirstie Alley_S12,Kirstie Alley,12,9,27.0,9.0,3,9.0,9.0,3,26.5,24.27777777777778,0.5,2.7222222222222214
Kirstie Alley_S12,Kirstie Alley,12,10,27.999899999999997,9.3333,3,9.3333,9.3333,3,27.0,24.64999,0.9998999999999967,3.3499099999999977
Kirstie Alley_S15,Kirstie Alley,15,1,19.0,6.333333333333333,3,6.0,6.5,12,,19.0,,0.0
Kirstie Alley_S15,Kirstie Alley,15,2,21.0,7.0,3,7.0,7.0,11,19.0,20.0,2.0,1.0
Kirstie Alley_S15,Kirstie Alley,15,3,24.0,8.0,3,8.0,8.0,10,21.0,21.333333333333332,3.0,2.666666666666668
Kirstie Alley_S15,Kirstie Alley,15,4,30.0,7.5,4,7.5,7.5,9,24.0,23.5,6.0,6.5
Kirstie Alley_S15,Kirstie Alley,15,5,26.25,8.75,3,8.75,8.75,7,30.0,24.05,-3.75,2.1999999999999993
Kirstie Alley_S15,Kirstie Alley,15,6,27.5,9.166666666666666,3,8.5,9.5,6,26.25,24.625,1.25,2.875
Kirstie Alley_S15,Kirstie Alley,15,7,27.999899999999997,9.3333,3,9.3333,9.3333,7,27.5,25.10712857142857,0.4998999999999967,2.892771428571425
Kirstie Alley_S15,Kirstie Alley,15,8,25.5,8.5,3,8.5,8.5,7,27.999899999999997,25.1562375,-2.4998999999999967,0.3437625000000004
Kristi Yamaguchi_S6,Kristi Yamaguchi,6,1,27.0,9.0,3,9.0,9.0,1,,27.0,,0.0
Kristi Yamaguchi_S6,Kristi Yamaguchi,6,2,27.0,9.0,3,9.0,9.0,2,27.0,27.0,0.0,0.0
Kristi Yamaguchi_S6,Kristi Yamaguchi,6,3,27.0,9.0,3,9.0,9.0,1,27.0,27.0,0.0,0.0
Kristi Yamaguchi_S6,Kristi Yamaguchi,6,4,29.0,9.666666666666666,3,9.0,10.0,1,27.0,27.5,2.0,1.5
Kristi Yamaguchi_S6,Kristi Yamaguchi,6,5,29.0,9.666666666666666,3,9.0,10.0,1,29.0,27.8,0.0,1.1999999999999993
Kristi Yamaguchi_S6,Kristi Yamaguchi,6,6,30.0,10.0,3,10.0,10.0,1,29.0,28.166666666666668,1.0,1.8333333333333321
Kristi Yamaguchi_S6,Kristi Yamaguchi,6,7,27.0,9.0,3,8.0,9.5,2,30.0,28.0,-3.0,-1.0
Kristi Yamaguchi_S6,Kristi Yamaguchi,6,8,27.5,9.166666666666666,3,8.5,9.5,2,27.0,27.9375,0.5,-0.4375
Kristi Yamaguchi_S6,Kristi Yamaguchi,6,9,28.5,9.5,3,9.0,10.0,1,27.5,28.0,1.0,0.5
Kristi Yamaguchi_S6,Kristi Yamaguchi,6,10,30.0,10.0,3,10.0,10.0,1,28.5,28.2,1.5,1.8000000000000007
Kristin Cavallari_S13,Kristin Cavallari,13,1,19.0,6.333333333333333,3,6.0,7.0,5,,19.0,,0.0
Kristin Cavallari_S13,Kristin Cavallari,13,2,22.0,7.333333333333333,3,7.0,8.0,2,19.0,20.5,3.0,1.5
Kristin Cavallari_S13,Kristin Cavallari,13,3,24.0,8.0,3,8.0,8.0,5,22.0,21.666666666666668,2.0,2.333333333333332
Kurt Warner_S11,Kurt Warner,11,1,19.0,6.333333333333333,3,5.0,7.0,5,,19.0,,0.0
Kurt Warner_S11,Kurt Warner,11,2,21.0,7.0,3,7.0,7.0,7,19.0,20.0,2.0,1.0
Kurt Warner_S11,Kurt Warner,11,3,23.0,7.666666666666667,3,7.0,8.0,5,21.0,21.0,2.0,2.0
Kurt Warner_S11,Kurt Warner,11,4,17.0,5.666666666666667,3,5.5,6.0,7,23.0,20.0,-6.0,-3.0
Kurt Warner_S11,Kurt Warner,11,5,24.0,8.0,3,8.0,8.0,3,17.0,20.8,7.0,3.1999999999999993
Kurt Warner_S11,Kurt Warner,11,6,21.9999,7.3333,3,7.3333,7.3333,7,24.0,20.999983333333333,-2.0000999999999998,0.9999166666666675
Kurt Warner_S11,Kurt Warner,11,7,35.0,8.75,4,8.5,9.5,3,21.9999,22.999985714285714,13.0001,12.000014285714286
Kurt Warner_S11,Kurt Warner,11,8,24.0,8.0,3,8.0,8.0,4,35.0,23.1249875,-11.0,0.8750125000000004
Kyle Massey_S11,Kyle Massey,11,1,23.0,7.666666666666667,3,7.0,8.0,2,,23.0,,0.0
Kyle Massey_S11,Kyle Massey,11,2,22.0,7.333333333333333,3,7.0,8.0,4,23.0,22.5,-1.0,-0.5
Kyle Massey_S11,Kyle Massey,11,3,23.0,7.666666666666667,3,7.0,8.0,6,22.0,22.666666666666668,1.0,0.33333333333333215
Kyle Massey_S11,Kyle Massey,11,4,20.0,6.666666666666667,3,6.5,7.0,4,23.0,22.0,-3.0,-2.0
Kyle Massey_S11,Kyle Massey,11,5,20.0,6.666666666666667,3,5.0,8.0,7,20.0,21.6,0.0,-1.6000000000000014
Kyle Massey_S11,Kyle Massey,11,6,29.999899999999997,9.999966666666666,3,9.3333,10.3333,4,20.0,22.999983333333333,9.999899999999997,6.999916666666664
Kyle Massey_S11,Kyle Massey,11,7,33.5,8.375,4,8.0,9.0,5,29.999899999999997,24.499985714285714,3.5001000000000033,9.000014285714286
Kyle Massey_S11,Kyle Massey,11,8,28.0,9.333333333333334,3,9.0,9.5,3,33.5,24.9374875,-5.5,3.0625125000000004
Kyle Massey_S11,Kyle Massey,11,9,29.0,9.666666666666666,3,9.0,10.0,2,28.0,25.38887777777778,1.0,3.611122222222221
Kyle Massey_S11,Kyle Massey,11,10,27.333199999999998,9.111066666666666,3,8.6666,9.3333,2,29.0,25.58331,-1.666800000000002,1.749889999999997
Laila Ali_S4,Laila Ali,4,1,23.0,7.666666666666667,3,7.0,8.0,2,,23.0,,0.0
Laila Ali_S4,Laila Ali,4,2,27.0,9.0,3,9.0,9.0,1,23.0,25.0,4.0,2.0
Laila Ali_S4,Laila Ali,4,3,21.0,7.0,3,7.0,7.0,8,27.0,23.666666666666668,-6.0,-2.666666666666668
Laila Ali_S4,Laila Ali,4,4,21.0,7.0,3,7.0,7.0,5,21.0,23.0,0.0,-2.0
Laila Ali_S4,Laila Ali,4,5,28.0,9.333333333333334,3,9.0,10.0,2,21.0,24.0,7.0,4.0
Laila Ali_S4,Laila Ali,4,6,28.0,9.333333333333334,3,9.0,10.0,1,28.0,24.666666666666668,0.0,3.333333333333332
Laila Ali_S4,Laila Ali,4,7,29.5,9.833333333333334,3,9.5,10.0,1,28.0,25.357142857142858,1.5,4.142857142857142
Laila Ali_S4,Laila Ali,4,8,26.5,8.833333333333334,3,8.5,9.0,3,29.5,25.5,-3.0,1.0
Laila Ali_S4,Laila Ali,4,9,30.0,10.0,3,10.0,10.0,1,26.5,26.0,3.5,4.0
Laila Ali_S4,Laila Ali,4,10,28.3332,9.4444,3,9.0,9.6666,3,30.0,26.23332,-1.6667999999999985,2.0998800000000024
Lamar Odom_S28,Lamar Odom,28,1,11.0,3.6666666666666665,3,3.0,5.0,12,,11.0,,0.0
Lamar Odom_S28,Lamar Odom,28,2,12.0,4.0,3,4.0,4.0,12,11.0,11.5,1.0,0.5
Lamar Odom_S28,Lamar Odom,28,3,12.0,4.0,3,4.0,4.0,10,12.0,11.666666666666666,0.0,0.3333333333333339
Lamar Odom_S28,Lamar Odom,28,4,20.0,5.0,4,4.0,7.0,10,12.0,13.75,8.0,6.25
Lance Bass_S7,Lance Bass,7,1,21.5,7.166666666666667,3,6.0,8.0,4,,21.5,,0.0
Lance Bass_S7,Lance Bass,7,2,20.0,6.666666666666667,3,6.0,7.0,7,21.5,20.75,-1.5,-0.75
Lance Bass_S7,Lance Bass,7,3,22.0,7.333333333333333,3,7.0,8.0,4,20.0,21.166666666666668,2.0,0.8333333333333321
Lance Bass_S7,Lance Bass,7,4,26.0,8.666666666666666,3,8.0,9.0,1,22.0,22.375,4.0,3.625
Lance Bass_S7,Lance Bass,7,5,21.0,7.0,3,7.0,7.0,8,26.0,22.1,-5.0,-1.1000000000000014
Lance Bass_S7,Lance Bass,7,6,27.0,9.0,3,9.0,9.0,1,21.0,22.916666666666668,6.0,4.083333333333332
Lance Bass_S7,Lance Bass,7,7,25.0,8.333333333333334,3,7.0,9.0,3,27.0,23.214285714285715,-2.0,1.7857142857142847
Lance Bass_S7,Lance Bass,7,8,25.0,8.333333333333334,3,7.5,9.0,3,25.0,23.4375,0.0,1.5625
Lance Bass_S7,Lance Bass,7,9,28.5,9.5,3,9.0,10.0,1,25.0,24.0,3.5,4.5
Lance Bass_S7,Lance Bass,7,10,27.5,9.166666666666666,3,9.0,9.5,3,28.5,24.35,-1.0,3.1499999999999986
Lauren Alaina_S28,Lauren Alaina,28,1,19.0,6.333333333333333,3,6.0,7.0,3,,19.0,,0.0
Lauren Alaina_S28,Lauren Alaina,28,2,19.0,6.333333333333333,3,6.0,7.0,7,19.0,19.0,0.0,0.0
Lauren Alaina_S28,Lauren Alaina,28,3,20.0,6.666666666666667,3,6.0,7.0,6,19.0,19.333333333333332,1.0,0.6666666666666679
Lauren Alaina_S28,Lauren Alaina,28,4,32.0,8.0,4,8.0,8.0,4,20.0,22.5,12.0,9.5
Lauren Alaina_S28,Lauren Alaina,28,5,23.0,7.666666666666667,3,7.0,8.0,7,32.0,22.6,-9.0,0.3999999999999986
Lauren Alaina_S28,Lauren Alaina,28,6,26.0,8.666666666666666,3,8.0,9.0,5,23.0,23.166666666666668,3.0,2.833333333333332
Lauren Alaina_S28,Lauren Alaina,28,7,27.0,9.0,3,9.0,9.0,3,26.0,23.714285714285715,1.0,3.2857142857142847
Lauren Alaina_S28,Lauren Alaina,28,8,24.0,8.0,3,8.0,8.0,6,27.0,23.75,-3.0,0.25
Lauren Alaina_S28,Lauren Alaina,28,9,35.0,8.75,4,8.5,9.0,5,24.0,25.0,11.0,10.0
Lauren Alaina_S28,Lauren Alaina,28,10,27.0,9.0,3,9.0,9.0,4,35.0,25.2,-8.0,1.8000000000000007
Lauren Alaina_S28,Lauren Alaina,28,11,28.5,9.5,3,9.5,9.5,4,27.0,25.5,1.5,3.0
Lauren Jauregui_S34,Lauren Jauregui,34,1,13.0,6.5,2,6.0,7.0,4,,13.0,,0.0
Lauren Jauregui_S34,Lauren Jauregui,34,2,21.0,7.0,3,7.0,7.0,6,13.0,17.0,8.0,4.0
Lauren Jauregui_S34,Lauren Jauregui,34,3,18.0,6.0,3,6.0,6.0,11,21.0,17.333333333333332,-3.0,0.6666666666666679
Laurie Hernandez_S23,Laurie Hernandez,23,1,31.0,7.75,4,7.0,8.0,2,,31.0,,0.0
Laurie Hernandez_S23,Laurie Hernandez,23,2,32.0,8.0,4,8.0,8.0,1,31.0,31.5,1.0,0.5
Laurie Hernandez_S23,Laurie Hernandez,23,3,31.0,7.75,4,7.0,8.0,2,32.0,31.333333333333332,-1.0,-0.33333333333333215
Laurie Hernandez_S23,Laurie Hernandez,23,4,30.0,10.0,3,10.0,10.0,1,31.0,31.0,-1.0,-1.0
Laurie Hernandez_S23,Laurie Hernandez,23,5,25.0,8.333333333333334,3,8.0,9.0,5,30.0,29.8,-5.0,-4.800000000000001
Laurie Hernandez_S23,Laurie Hernandez,23,6,37.0,9.25,4,9.0,10.0,4,25.0,31.0,12.0,6.0
Laurie Hernandez_S23,Laurie Hernandez,23,7,34.5,8.625,4,8.0,9.0,5,37.0,31.5,-2.5,3.0
Laurie Hernandez_S23,Laurie Hernandez,23,8,33.0,11.0,3,11.0,11.0,2,34.5,31.6875,-1.5,1.3125
Laurie Hernandez_S23,Laurie Hernandez,23,9,40.0,10.0,4,10.0,10.0,1,33.0,32.611111111111114,7.0,7.388888888888886
Laurie Hernandez_S23,Laurie Hernandez,23,10,30.0,10.0,3,10.0,10.0,2,40.0,32.35,-10.0,-2.3500000000000014
Laurie Hernandez_S23,Laurie Hernandez,23,11,39.333200000000005,9.833300000000001,4,9.6666,10.0,1,30.0,32.98483636363637,9.333200000000005,6.348363636363636
Lawrence Taylor_S8,Lawrence Taylor,8,1,16.0,5.333333333333333,3,5.0,6.0,11,,16.0,,0.0
Lawrence Taylor_S8,Lawrence Taylor,8,2,20.0,6.666666666666667,3,6.0,7.0,7,16.0,18.0,4.0,2.0
Lawrence Taylor_S8,Lawrence Taylor,8,3,20.0,6.666666666666667,3,6.0,7.0,8,20.0,18.666666666666668,0.0,1.3333333333333321
Lawrence Taylor_S8,Lawrence Taylor,8,4,19.0,6.333333333333333,3,5.0,7.0,8,20.0,18.75,-1.0,0.25
Lawrence Taylor_S8,Lawrence Taylor,8,5,20.0,6.666666666666667,3,6.0,7.0,8,19.0,19.0,1.0,1.0
Lawrence Taylor_S8,Lawrence Taylor,8,6,22.0,7.333333333333333,3,7.0,8.0,6,20.0,19.5,2.0,2.5
Lawrence Taylor_S8,Lawrence Taylor,8,7,21.0,7.0,3,7.0,7.0,7,22.0,19.714285714285715,-1.0,1.2857142857142847
Lea Thompson_S19,Lea Thompson,19,1,32.0,8.0,4,8.0,8.0,4,,32.0,,0.0
Lea Thompson_S19,Lea Thompson,19,2,35.0,8.75,4,8.0,9.0,1,32.0,33.5,3.0,1.5
Lea Thompson_S19,Lea Thompson,19,3,31.0,7.75,4,7.0,8.0,7,35.0,32.666666666666664,-4.0,-1.6666666666666643
Lea Thompson_S19,Lea Thompson,19,4,39.0,9.75,4,9.0,10.0,2,31.0,34.25,8.0,4.75
Lea Thompson_S19,Lea Thompson,19,5,34.0,8.5,4,8.0,9.0,2,39.0,34.2,-5.0,-0.20000000000000284
Lea Thompson_S19,Lea Thompson,19,6,32.0,8.0,4,8.0,8.0,6,34.0,33.833333333333336,-2.0,-1.8333333333333357
Lea Thompson_S19,Lea Thompson,19,7,35.0,8.75,4,8.5,9.0,2,32.0,34.0,3.0,1.0
Lea Thompson_S19,Lea Thompson,19,8,32.0,8.0,4,8.0,8.0,5,35.0,33.75,-3.0,-1.75
Lea Thompson_S19,Lea Thompson,19,9,35.0,8.75,4,8.5,9.0,5,32.0,33.888888888888886,3.0,1.1111111111111143
Leah Remini_S17,Leah Remini,17,1,21.0,7.0,3,7.0,7.0,8,,21.0,,0.0
Leah Remini_S17,Leah Remini,17,2,24.0,8.0,3,8.0,8.0,5,21.0,22.5,3.0,1.5
Leah Remini_S17,Leah Remini,17,3,24.0,8.0,3,8.0,8.0,8,24.0,23.0,0.0,1.0
Leah Remini_S17,Leah Remini,17,4,24.0,8.0,3,8.0,8.0,7,24.0,23.25,0.0,0.75
Leah Remini_S17,Leah Remini,17,5,22.0,7.333333333333333,3,7.0,8.0,9,24.0,23.0,-2.0,-1.0
Leah Remini_S17,Leah Remini,17,6,27.999899999999997,9.3333,3,9.3333,9.3333,5,22.0,23.833316666666665,5.999899999999997,4.166583333333332
Leah Remini_S17,Leah Remini,17,7,26.5,8.833333333333334,3,8.5,9.0,7,27.999899999999997,24.21427142857143,-1.4998999999999967,2.285728571428571
Leah Remini_S17,Leah Remini,17,8,28.0,9.333333333333334,3,9.0,10.0,4,26.5,24.6874875,1.5,3.3125125000000004
Leah Remini_S17,Leah Remini,17,9,27.0,9.0,3,9.0,9.0,3,28.0,24.944433333333333,-1.0,2.0555666666666674
Leah Remini_S17,Leah Remini,17,10,32.5,8.125,4,8.0,8.5,4,27.0,25.699990000000003,5.5,6.800009999999997
Leeza Gibbons_S4,Leeza Gibbons,4,1,15.0,5.0,3,5.0,5.0,10,,15.0,,0.0
Leeza Gibbons_S4,Leeza Gibbons,4,2,21.0,7.0,3,7.0,7.0,6,15.0,18.0,6.0,3.0
Leeza Gibbons_S4,Leeza Gibbons,4,3,24.0,8.0,3,8.0,8.0,1,21.0,20.0,3.0,4.0
Leeza Gibbons_S4,Leeza Gibbons,4,4,16.0,5.333333333333333,3,5.0,6.0,7,24.0,19.0,-8.0,-3.0
Lele Pons_S32,Lele Pons,32,1,19.0,6.333333333333333,3,6.0,7.0,4,,19.0,,0.0
Lele Pons_S32,Lele Pons,32,2,21.0,7.0,3,7.0,7.0,3,19.0,20.0,2.0,1.0
Lele Pons_S32,Lele Pons,32,3,27.0,6.75,4,6.0,7.0,5,21.0,22.333333333333332,6.0,4.666666666666668
Lele Pons_S32,Lele Pons,32,4,22.0,7.333333333333333,3,7.0,8.0,5,27.0,22.25,-5.0,-0.25
Lele Pons_S32,Lele Pons,32,5,24.0,8.0,3,8.0,8.0,4,22.0,22.6,2.0,1.3999999999999986
Lele Pons_S32,Lele Pons,32,6,37.0,9.25,4,9.0,10.0,5,24.0,25.0,13.0,12.0
Lele Pons_S32,Lele Pons,32,7,36.5,9.125,4,9.0,9.5,3,37.0,26.642857142857142,-0.5,9.857142857142858
Lil' Kim_S8,Lil' Kim,8,1,21.0,7.0,3,7.0,7.0,4,,21.0,,0.0
Lil' Kim_S8,Lil' Kim,8,2,23.0,7.666666666666667,3,7.0,8.0,4,21.0,22.0,2.0,1.0
Lil' Kim_S8,Lil' Kim,8,3,25.0,8.333333333333334,3,8.0,9.0,4,23.0,23.0,2.0,2.0
Lil' Kim_S8,Lil' Kim,8,4,27.0,9.0,3,8.0,10.0,3,25.0,24.0,2.0,3.0
Lil' Kim_S8,Lil' Kim,8,5,26.0,8.666666666666666,3,8.0,9.0,3,27.0,24.4,-1.0,1.6000000000000014
Lil' Kim_S8,Lil' Kim,8,6,28.0,9.333333333333334,3,8.0,10.0,1,26.0,25.0,2.0,3.0
Lil' Kim_S8,Lil' Kim,8,7,26.0,8.666666666666666,3,8.0,9.0,5,28.0,25.142857142857142,-2.0,0.8571428571428577
Lil' Kim_S8,Lil' Kim,8,8,28.0,9.333333333333334,3,9.0,10.0,1,26.0,25.5,2.0,2.5
Lil' Kim_S8,Lil' Kim,8,9,26.0,8.666666666666666,3,8.5,9.0,4,28.0,25.555555555555557,-2.0,0.44444444444444287
Lindsey Stirling_S25,Lindsey Stirling,25,1,22.0,7.333333333333333,3,7.0,8.0,2,,22.0,,0.0
Lindsey Stirling_S25,Lindsey Stirling,25,2,22.5,7.5,3,7.5,7.5,4,22.0,22.25,0.5,0.25
Lindsey Stirling_S25,Lindsey Stirling,25,3,27.0,9.0,3,9.0,9.0,1,22.5,23.833333333333332,4.5,3.166666666666668
Lindsey Stirling_S25,Lindsey Stirling,25,4,26.0,8.666666666666666,3,8.0,9.0,3,27.0,24.375,-1.0,1.625
Lindsey Stirling_S25,Lindsey Stirling,25,5,28.0,9.333333333333334,3,9.0,10.0,3,26.0,25.1,2.0,2.8999999999999986
Lindsey Stirling_S25,Lindsey Stirling,25,6,40.0,10.0,4,10.0,10.0,1,28.0,27.583333333333332,12.0,12.416666666666668
Lindsey Stirling_S25,Lindsey Stirling,25,7,25.5,8.5,3,8.5,8.5,6,40.0,27.285714285714285,-14.5,-1.7857142857142847
Lindsey Stirling_S25,Lindsey Stirling,25,8,27.0,9.0,3,8.5,9.5,2,25.5,27.25,1.5,-0.25
Lindsey Stirling_S25,Lindsey Stirling,25,9,28.5,9.5,3,9.0,10.0,2,27.0,27.38888888888889,1.5,1.1111111111111107
Lindsey Stirling_S25,Lindsey Stirling,25,10,40.0,10.0,4,10.0,10.0,1,28.5,28.65,11.5,11.350000000000001
Lisa Rinna_S2,Lisa Rinna,2,1,19.0,6.333333333333333,3,5.0,7.0,7,,19.0,,0.0
Lisa Rinna_S2,Lisa Rinna,2,2,20.0,6.666666666666667,3,6.0,7.0,7,19.0,19.5,1.0,0.5
Lisa Rinna_S2,Lisa Rinna,2,3,25.0,8.333333333333334,3,8.0,9.0,4,20.0,21.333333333333332,5.0,3.666666666666668
Lisa Rinna_S2,Lisa Rinna,2,4,26.0,8.666666666666666,3,8.0,9.0,3,25.0,22.5,1.0,3.5
Lisa Rinna_S2,Lisa Rinna,2,5,25.0,8.333333333333334,3,7.0,9.0,3,26.0,23.0,-1.0,2.0
Lisa Rinna_S2,Lisa Rinna,2,6,27.0,9.0,3,9.0,9.0,3,25.0,23.666666666666668,2.0,3.333333333333332
Lisa Rinna_S2,Lisa Rinna,2,7,26.5,8.833333333333334,3,8.5,9.0,3,27.0,24.071428571428573,-0.5,2.428571428571427
Lisa Vanderpump_S16,Lisa Vanderpump,16,1,18.0,6.0,3,6.0,6.0,10,,18.0,,0.0
Lisa Vanderpump_S16,Lisa Vanderpump,16,2,18.0,6.0,3,6.0,6.0,9,18.0,18.0,0.0,0.0
Lisa Vanderpump_S16,Lisa Vanderpump,16,3,21.0,7.0,3,7.0,7.0,8,18.0,19.0,3.0,2.0
Lisa Vanderpump_S16,Lisa Vanderpump,16,4,18.0,6.0,3,6.0,6.0,10,21.0,18.75,-3.0,-0.75
Lolo Jones_S19,Lolo Jones,19,1,22.0,5.5,4,5.0,6.0,12,,22.0,,0.0
Louie Vito_S9,Louie Vito,9,1,26.9998,8.999933333333333,3,8.6666,9.6666,8,,26.9998,,0.0
Louie Vito_S9,Louie Vito,9,2,19.0,6.333333333333333,3,6.0,7.0,11,26.9998,22.9999,-7.9998000000000005,-3.9999000000000002
Louie Vito_S9,Louie Vito,9,3,20.0,6.666666666666667,3,5.0,8.0,7,19.0,21.99993333333333,1.0,-1.9999333333333311
Louie Vito_S9,Louie Vito,9,4,16.0,5.333333333333333,3,5.0,6.0,11,20.0,20.49995,-4.0,-4.499949999999998
Louie Vito_S9,Louie Vito,9,5,22.0,7.333333333333333,3,7.0,8.0,8,16.0,20.79996,6.0,1.2000400000000013
Louie Vito_S9,Louie Vito,9,6,24.0,8.0,3,8.0,8.0,7,22.0,21.333299999999998,2.0,2.6667000000000023
Macy Gray_S9,Macy Gray,9,1,18.9999,6.3333,3,5.3333,7.3333,16,,18.9999,,0.0
Margaret Cho_S11,Margaret Cho,11,1,15.0,5.0,3,5.0,5.0,10,,15.0,,0.0
Margaret Cho_S11,Margaret Cho,11,2,18.0,6.0,3,6.0,6.0,10,15.0,16.5,3.0,1.5
Margaret Cho_S11,Margaret Cho,11,3,18.0,6.0,3,6.0,6.0,10,18.0,17.0,0.0,1.0
Maria Menounos_S14,Maria Menounos,14,1,21.0,7.0,3,7.0,7.0,9,,21.0,,0.0
Maria Menounos_S14,Maria Menounos,14,2,25.0,8.333333333333334,3,8.0,9.0,4,21.0,23.0,4.0,2.0
Maria Menounos_S14,Maria Menounos,14,3,27.0,9.0,3,9.0,9.0,3,25.0,24.333333333333332,2.0,2.666666666666668
Maria Menounos_S14,Maria Menounos,14,4,26.0,8.666666666666666,3,8.0,9.0,2,27.0,24.75,-1.0,1.25
Maria Menounos_S14,Maria Menounos,14,5,27.0,9.0,3,9.0,9.0,3,26.0,25.2,1.0,1.8000000000000007
Maria Menounos_S14,Maria Menounos,14,6,29.999899999999997,9.999966666666666,3,9.3333,10.3333,6,27.0,25.999983333333333,2.9998999999999967,3.999916666666664
Maria Menounos_S14,Maria Menounos,14,7,28.5,9.5,3,9.0,10.0,1,29.999899999999997,26.35712857142857,-1.4998999999999967,2.1428714285714285
Maria Menounos_S14,Maria Menounos,14,8,26.5,8.833333333333334,3,7.5,9.5,5,28.5,26.3749875,-2.0,0.12501250000000041
Maria Menounos_S14,Maria Menounos,14,9,29.5,9.833333333333334,3,9.5,10.0,1,26.5,26.72221111111111,3.0,2.777788888888889
Marie Osmond_S5,Marie Osmond,5,1,21.0,7.0,3,7.0,7.0,7,,21.0,,0.0
Marie Osmond_S5,Marie Osmond,5,2,24.0,8.0,3,8.0,8.0,3,21.0,22.5,3.0,1.5
Marie Osmond_S5,Marie Osmond,5,3,26.0,8.666666666666666,3,8.0,9.0,4,24.0,23.666666666666668,2.0,2.333333333333332
Marie Osmond_S5,Marie Osmond,5,4,26.0,8.666666666666666,3,8.0,9.0,7,26.0,24.25,0.0,1.75
Marie Osmond_S5,Marie Osmond,5,5,21.0,7.0,3,7.0,7.0,8,26.0,23.6,-5.0,-2.6000000000000014
Marie Osmond_S5,Marie Osmond,5,6,23.0,7.666666666666667,3,7.0,8.0,6,21.0,23.5,2.0,-0.5
Marie Osmond_S5,Marie Osmond,5,7,26.0,8.666666666666666,3,8.5,9.0,4,23.0,23.857142857142858,3.0,2.1428571428571423
Marie Osmond_S5,Marie Osmond,5,8,24.5,8.166666666666666,3,8.0,8.5,5,26.0,23.9375,-1.5,0.5625
Marie Osmond_S5,Marie Osmond,5,9,28.0,9.333333333333334,3,9.0,9.5,4,24.5,24.38888888888889,3.5,3.6111111111111107
Marie Osmond_S5,Marie Osmond,5,10,23.0,7.666666666666667,3,7.5,8.0,3,28.0,24.25,-5.0,-1.25
Marilu Henner_S23,Marilu Henner,23,1,27.0,6.75,4,6.0,7.0,4,,27.0,,0.0
Marilu Henner_S23,Marilu Henner,23,2,27.0,6.75,4,6.0,7.0,7,27.0,27.0,0.0,0.0
Marilu Henner_S23,Marilu Henner,23,3,28.0,7.0,4,7.0,7.0,6,27.0,27.333333333333332,1.0,0.6666666666666679
Marilu Henner_S23,Marilu Henner,23,4,21.0,7.0,3,7.0,7.0,10,28.0,25.75,-7.0,-4.75
Marilu Henner_S23,Marilu Henner,23,5,27.0,9.0,3,9.0,9.0,2,21.0,26.0,6.0,1.0
Marilu Henner_S23,Marilu Henner,23,6,34.0,8.5,4,8.0,9.0,5,27.0,27.333333333333332,7.0,6.666666666666668
Marilu Henner_S23,Marilu Henner,23,7,32.0,8.0,4,7.5,8.5,8,34.0,28.0,-2.0,4.0
Marilu Henner_S23,Marilu Henner,23,8,23.0,7.666666666666667,3,7.0,8.0,7,32.0,27.375,-9.0,-4.375
Marilu Henner_S23,Marilu Henner,23,9,36.0,9.0,4,9.0,9.0,6,23.0,28.333333333333332,13.0,7.666666666666668
Mario Lopez_S3,Mario Lopez,3,1,26.0,8.666666666666666,3,8.0,9.0,1,,26.0,,0.0
Mario Lopez_S3,Mario Lopez,3,2,21.0,7.0,3,6.0,8.0,7,26.0,23.5,-5.0,-2.5
Mario Lopez_S3,Mario Lopez,3,3,22.0,7.333333333333333,3,6.0,8.0,6,21.0,23.0,1.0,-1.0
Mario Lopez_S3,Mario Lopez,3,4,29.0,9.666666666666666,3,9.0,10.0,1,22.0,24.5,7.0,4.5
Mario Lopez_S3,Mario Lopez,3,5,27.0,9.0,3,9.0,9.0,3,29.0,25.0,-2.0,2.0
Mario Lopez_S3,Mario Lopez,3,6,28.0,9.333333333333334,3,9.0,10.0,1,27.0,25.5,1.0,2.5
Mario Lopez_S3,Mario Lopez,3,7,28.0,9.333333333333334,3,9.0,9.5,3,28.0,25.857142857142858,0.0,2.1428571428571423
Mario Lopez_S3,Mario Lopez,3,8,28.5,9.5,3,9.0,10.0,1,28.0,26.1875,0.5,2.3125
Mario Lopez_S3,Mario Lopez,3,9,29.5,9.833333333333334,3,9.5,10.0,3,28.5,26.555555555555557,1.0,2.944444444444443
Mario Lopez_S3,Mario Lopez,3,10,29.666600000000003,9.888866666666667,3,9.6666,10.0,2,29.5,26.866660000000003,0.16660000000000252,2.7999399999999994
Mario_S6,Mario,6,1,24.0,8.0,3,8.0,8.0,2,,24.0,,0.0
Mario_S6,Mario,6,2,26.0,8.666666666666666,3,8.0,9.0,3,24.0,25.0,2.0,1.0
Mario_S6,Mario,6,3,21.0,7.0,3,6.0,8.0,7,26.0,23.666666666666668,-5.0,-2.666666666666668
Mario_S6,Mario,6,4,24.0,8.0,3,7.0,9.0,5,21.0,23.75,3.0,0.25
Mario_S6,Mario,6,5,27.0,9.0,3,9.0,9.0,3,24.0,24.4,3.0,2.6000000000000014
Mario_S6,Mario,6,6,28.0,9.333333333333334,3,9.0,10.0,2,27.0,25.0,1.0,3.0
Mario_S6,Mario,6,7,25.5,8.5,3,8.5,8.5,4,28.0,25.071428571428573,-2.5,0.42857142857142705
Mario_S6,Mario,6,8,26.5,8.833333333333334,3,8.5,9.0,3,25.5,25.25,1.0,1.25
Marissa Jaret Winokur_S6,Marissa Jaret Winokur,6,1,18.0,6.0,3,6.0,6.0,8,,18.0,,0.0
Marissa Jaret Winokur_S6,Marissa Jaret Winokur,6,2,21.0,7.0,3,7.0,7.0,6,18.0,19.5,3.0,1.5
Marissa Jaret Winokur_S6,Marissa Jaret Winokur,6,3,19.0,6.333333333333333,3,6.0,7.0,10,21.0,19.333333333333332,-2.0,-0.33333333333333215
Marissa Jaret Winokur_S6,Marissa Jaret Winokur,6,4,24.0,8.0,3,8.0,8.0,6,19.0,20.5,5.0,3.5
Marissa Jaret Winokur_S6,Marissa Jaret Winokur,6,5,24.0,8.0,3,8.0,8.0,4,24.0,21.2,0.0,2.8000000000000007
Marissa Jaret Winokur_S6,Marissa Jaret Winokur,6,6,26.0,8.666666666666666,3,8.0,9.0,4,24.0,22.0,2.0,4.0
Marissa Jaret Winokur_S6,Marissa Jaret Winokur,6,7,26.0,8.666666666666666,3,8.5,9.0,3,26.0,22.571428571428573,0.0,3.428571428571427
Marissa Jaret Winokur_S6,Marissa Jaret Winokur,6,8,25.0,8.333333333333334,3,8.0,8.5,5,26.0,22.875,-1.0,2.125
Marissa Jaret Winokur_S6,Marissa Jaret Winokur,6,9,26.0,8.666666666666666,3,8.5,9.0,4,25.0,23.22222222222222,1.0,2.7777777777777786
Mark Cuban_S5,Mark Cuban,5,1,21.0,7.0,3,7.0,7.0,5,,21.0,,0.0
Mark Cuban_S5,Mark Cuban,5,2,18.0,6.0,3,6.0,6.0,10,21.0,19.5,-3.0,-1.5
Mark Cuban_S5,Mark Cuban,5,3,20.0,6.666666666666667,3,6.0,7.0,9,18.0,19.666666666666668,2.0,0.33333333333333215
Mark Cuban_S5,Mark Cuban,5,4,22.0,7.333333333333333,3,7.0,8.0,9,20.0,20.25,2.0,1.75
Mark Cuban_S5,Mark Cuban,5,5,21.0,7.0,3,7.0,7.0,7,22.0,20.4,-1.0,0.6000000000000014
Mark Dacascos_S9,Mark Dacascos,9,1,28.9998,9.6666,3,9.6666,9.6666,6,,28.9998,,0.0
Mark Dacascos_S9,Mark Dacascos,9,2,21.0,7.0,3,7.0,7.0,5,28.9998,24.9999,-7.9998000000000005,-3.9999000000000002
Mark Dacascos_S9,Mark Dacascos,9,3,18.0,6.0,3,6.0,6.0,9,21.0,22.6666,-3.0,-4.666599999999999
Mark Dacascos_S9,Mark Dacascos,9,4,22.0,7.333333333333333,3,7.0,8.0,7,18.0,22.49995,4.0,-0.49994999999999834
Mark Dacascos_S9,Mark Dacascos,9,5,26.0,8.666666666666666,3,8.0,9.0,3,22.0,23.199959999999997,4.0,2.8000400000000027
Mark Dacascos_S9,Mark Dacascos,9,6,32.0,10.666666666666666,3,10.0,11.0,4,26.0,24.666633333333333,6.0,7.333366666666667
Mark Dacascos_S9,Mark Dacascos,9,7,21.5,7.166666666666667,3,7.0,7.5,7,32.0,24.214257142857143,-10.5,-2.714257142857143
Marla Maples_S22,Marla Maples,22,1,21.0,7.0,3,7.0,7.0,6,,21.0,,0.0
Marla Maples_S22,Marla Maples,22,2,20.0,6.666666666666667,3,6.0,7.0,8,21.0,20.5,-1.0,-0.5
Marla Maples_S22,Marla Maples,22,3,21.0,7.0,3,7.0,7.0,7,20.0,20.666666666666668,1.0,0.33333333333333215
Marla Maples_S22,Marla Maples,22,4,28.0,7.0,4,7.0,7.0,8,21.0,22.5,7.0,5.5
Marlee Matlin_S6,Marlee Matlin,6,1,22.0,7.333333333333333,3,7.0,8.0,5,,22.0,,0.0
Marlee Matlin_S6,Marlee Matlin,6,2,24.0,8.0,3,8.0,8.0,5,22.0,23.0,2.0,1.0
Marlee Matlin_S6,Marlee Matlin,6,3,21.0,7.0,3,7.0,7.0,8,24.0,22.333333333333332,-3.0,-1.3333333333333321
Marlee Matlin_S6,Marlee Matlin,6,4,24.0,8.0,3,8.0,8.0,7,21.0,22.75,3.0,1.25
Marlee Matlin_S6,Marlee Matlin,6,5,22.0,7.333333333333333,3,7.0,8.0,7,24.0,22.6,-2.0,-0.6000000000000014
Marlee Matlin_S6,Marlee Matlin,6,6,21.0,7.0,3,7.0,7.0,7,22.0,22.333333333333332,-1.0,-1.3333333333333321
Martin Kove_S30,Martin Kove,30,1,13.0,3.25,4,3.0,4.0,15,,13.0,,0.0
Martin Kove_S30,Martin Kove,30,2,15.0,3.75,4,3.0,4.0,15,13.0,14.0,2.0,1.0
Martina Navratilova_S14,Martina Navratilova,14,1,20.0,6.666666666666667,3,6.0,7.0,10,,20.0,,0.0
Martina Navratilova_S14,Martina Navratilova,14,2,17.0,5.666666666666667,3,5.0,6.0,12,20.0,18.5,-3.0,-1.5
Mary Lou Retton_S27,Mary Lou Retton,27,1,20.0,6.666666666666667,3,6.5,7.0,5,,20.0,,0.0
Mary Lou Retton_S27,Mary Lou Retton,27,2,23.0,7.666666666666667,3,7.5,8.0,7,20.0,21.5,3.0,1.5
Mary Lou Retton_S27,Mary Lou Retton,27,3,24.0,8.0,3,8.0,8.0,7,23.0,22.333333333333332,1.0,1.6666666666666679
Mary Lou Retton_S27,Mary Lou Retton,27,4,26.0,8.666666666666666,3,8.0,9.0,3,24.0,23.25,2.0,2.75
Mary Lou Retton_S27,Mary Lou Retton,27,5,25.0,8.333333333333334,3,8.0,9.0,5,26.0,23.6,-1.0,1.3999999999999986
Mary Lou Retton_S27,Mary Lou Retton,27,6,24.0,8.0,3,8.0,8.0,6,25.0,23.666666666666668,-1.0,0.33333333333333215
Mary Wilson_S28,Mary Wilson,28,1,17.0,5.666666666666667,3,5.0,6.0,6,,17.0,,0.0
Mary Wilson_S28,Mary Wilson,28,2,15.0,5.0,3,5.0,5.0,11,17.0,16.0,-2.0,-1.0
Master P_S2,Master P,2,1,12.0,4.0,3,4.0,4.0,10,,12.0,,0.0
Master P_S2,Master P,2,2,16.0,5.333333333333333,3,5.0,6.0,9,12.0,14.0,4.0,2.0
Master P_S2,Master P,2,3,14.0,4.666666666666667,3,4.0,6.0,8,16.0,14.0,-2.0,0.0
Master P_S2,Master P,2,4,8.0,2.6666666666666665,3,2.0,4.0,7,14.0,12.5,-6.0,-4.5
Matt James_S30,Matt James,30,1,24.0,6.0,4,6.0,6.0,10,,24.0,,0.0
Matt James_S30,Matt James,30,2,22.0,5.5,4,5.0,6.0,14,24.0,23.0,-2.0,-1.0
Matt James_S30,Matt James,30,3,20.0,6.666666666666667,3,6.0,7.0,11,22.0,22.0,-2.0,-2.0
Matt James_S30,Matt James,30,4,28.5,7.125,4,6.5,7.5,12,20.0,23.625,8.5,4.875
Matt Walsh_S32,Matt Walsh,32,1,12.0,4.0,3,4.0,4.0,13,,12.0,,0.0
Maureen McCormick_S23,Maureen McCormick,23,1,22.0,5.5,4,5.0,6.0,12,,22.0,,0.0
Maureen McCormick_S23,Maureen McCormick,23,2,26.0,6.5,4,6.0,7.0,9,22.0,24.0,4.0,2.0
Maureen McCormick_S23,Maureen McCormick,23,3,28.0,7.0,4,7.0,7.0,5,26.0,25.333333333333332,2.0,2.666666666666668
Maureen McCormick_S23,Maureen McCormick,23,4,24.0,8.0,3,8.0,8.0,5,28.0,25.0,-4.0,-1.0
Maureen McCormick_S23,Maureen McCormick,23,5,24.0,8.0,3,8.0,8.0,9,24.0,24.8,0.0,-0.8000000000000007
Maureen McCormick_S23,Maureen McCormick,23,6,31.0,7.75,4,7.0,8.0,6,24.0,25.833333333333332,7.0,5.166666666666668
Maureen McCormick_S23,Maureen McCormick,23,7,33.0,8.25,4,8.0,8.5,6,31.0,26.857142857142858,2.0,6.142857142857142
Maurice Greene_S7,Maurice Greene,7,1,19.5,6.5,3,6.5,6.5,7,,19.5,,0.0
Maurice Greene_S7,Maurice Greene,7,2,19.0,6.333333333333333,3,6.0,7.0,8,19.5,19.25,-0.5,-0.25
Maurice Greene_S7,Maurice Greene,7,3,24.0,8.0,3,8.0,8.0,3,19.0,20.833333333333332,5.0,3.166666666666668
Maurice Greene_S7,Maurice Greene,7,4,20.0,6.666666666666667,3,6.0,7.0,8,24.0,20.625,-4.0,-0.625
Maurice Greene_S7,Maurice Greene,7,5,27.0,9.0,3,9.0,9.0,3,20.0,21.9,7.0,5.100000000000001
Maurice Greene_S7,Maurice Greene,7,6,21.0,7.0,3,7.0,7.0,6,27.0,21.75,-6.0,-0.75
Maurice Greene_S7,Maurice Greene,7,7,25.0,8.333333333333334,3,8.0,9.0,2,21.0,22.214285714285715,4.0,2.7857142857142847
Maurice Greene_S7,Maurice Greene,7,8,24.0,8.0,3,8.0,8.0,4,25.0,22.4375,-1.0,1.5625
Mauricio Umansky_S32,Mauricio Umansky,32,1,15.0,5.0,3,5.0,5.0,9,,15.0,,0.0
Mauricio Umansky_S32,Mauricio Umansky,32,2,12.0,4.0,3,4.0,4.0,13,15.0,13.5,-3.0,-1.5
Mauricio Umansky_S32,Mauricio Umansky,32,3,23.0,5.75,4,5.0,7.0,10,12.0,16.666666666666668,11.0,6.333333333333332
Mauricio Umansky_S32,Mauricio Umansky,32,4,19.0,6.333333333333333,3,6.0,7.0,9,23.0,17.25,-4.0,1.75
Mauricio Umansky_S32,Mauricio Umansky,32,5,24.0,8.0,3,8.0,8.0,6,19.0,18.6,5.0,5.399999999999999
Mauricio Umansky_S32,Mauricio Umansky,32,6,33.0,8.25,4,7.5,8.5,6,24.0,21.0,9.0,12.0
Mel B_S5,Mel B,5,1,24.0,8.0,3,8.0,8.0,4,,24.0,,0.0
Mel B_S5,Mel B,5,2,23.0,7.666666666666667,3,7.0,8.0,4,24.0,23.5,-1.0,-0.5
Mel B_S5,Mel B,5,3,27.0,9.0,3,9.0,9.0,3,23.0,24.666666666666668,4.0,2.333333333333332
Mel B_S5,Mel B,5,4,26.0,8.666666666666666,3,8.0,9.0,5,27.0,25.0,-1.0,1.0
Mel B_S5,Mel B,5,5,29.0,9.666666666666666,3,9.0,10.0,1,26.0,25.8,3.0,3.1999999999999993
Mel B_S5,Mel B,5,6,30.0,10.0,3,10.0,10.0,1,29.0,26.5,1.0,3.5
Mel B_S5,Mel B,5,7,27.0,9.0,3,9.0,9.0,1,30.0,26.571428571428573,-3.0,0.42857142857142705
Mel B_S5,Mel B,5,8,28.0,9.333333333333334,3,9.0,9.5,2,27.0,26.75,1.0,1.25
Mel B_S5,Mel B,5,9,30.0,10.0,3,10.0,10.0,2,28.0,27.11111111111111,2.0,2.8888888888888893
Mel B_S5,Mel B,5,10,28.333199999999998,9.4444,3,9.3333,9.6666,1,30.0,27.23332,-1.666800000000002,1.0998799999999989
Melanie C_S30,Melanie C,30,1,27.0,6.75,4,6.0,7.0,4,,27.0,,0.0
Melanie C_S30,Melanie C,30,2,30.0,7.5,4,7.0,8.0,3,27.0,28.5,3.0,1.5
Melanie C_S30,Melanie C,30,3,22.0,7.333333333333333,3,7.0,8.0,6,30.0,26.333333333333332,-8.0,-4.333333333333332
Melanie C_S30,Melanie C,30,4,33.0,8.25,4,8.0,8.5,6,22.0,28.0,11.0,5.0
Melanie C_S30,Melanie C,30,5,36.0,9.0,4,9.0,9.0,3,33.0,29.6,3.0,6.399999999999999
Melissa Gilbert_S14,Melissa Gilbert,14,1,20.0,6.666666666666667,3,6.0,7.0,11,,20.0,,0.0
Melissa Gilbert_S14,Melissa Gilbert,14,2,20.0,6.666666666666667,3,6.0,7.0,10,20.0,20.0,0.0,0.0
Melissa Gilbert_S14,Melissa Gilbert,14,3,24.0,8.0,3,8.0,8.0,8,20.0,21.333333333333332,4.0,2.666666666666668
Melissa Gilbert_S14,Melissa Gilbert,14,4,22.0,7.333333333333333,3,7.0,8.0,8,24.0,21.5,-2.0,0.5
Melissa Gilbert_S14,Melissa Gilbert,14,5,21.0,7.0,3,7.0,7.0,8,22.0,21.4,-1.0,-0.3999999999999986
Melissa Gilbert_S14,Melissa Gilbert,14,6,30.0,10.0,3,10.0,10.0,5,21.0,22.833333333333332,9.0,7.166666666666668
Melissa Gilbert_S14,Melissa Gilbert,14,7,23.5,7.833333333333333,3,7.5,8.0,7,30.0,22.928571428571427,-6.5,0.571428571428573
Melissa Gilbert_S14,Melissa Gilbert,14,8,25.5,8.5,3,8.5,8.5,6,23.5,23.25,2.0,2.25
Melissa Joan Hart_S9,Melissa Joan Hart,9,1,24.0,8.0,3,8.0,8.0,9,,24.0,,0.0
Melissa Joan Hart_S9,Melissa Joan Hart,9,2,19.0,6.333333333333333,3,6.0,7.0,10,24.0,21.5,-5.0,-2.5
Melissa Joan Hart_S9,Melissa Joan Hart,9,3,19.0,6.333333333333333,3,6.0,7.0,8,19.0,20.666666666666668,0.0,-1.6666666666666679
Melissa Joan Hart_S9,Melissa Joan Hart,9,4,28.0,9.333333333333334,3,9.0,10.0,2,19.0,22.5,9.0,5.5
Melissa Joan Hart_S9,Melissa Joan Hart,9,5,23.0,7.666666666666667,3,7.0,8.0,7,28.0,22.6,-5.0,0.3999999999999986
Melissa Joan Hart_S9,Melissa Joan Hart,9,6,23.9999,7.9999666666666664,3,7.3333,8.3333,8,23.0,22.833316666666665,0.9999000000000002,1.1665833333333353
Melissa Rycroft_S15,Melissa Rycroft,15,1,21.0,7.0,3,7.0,7.0,9,,21.0,,0.0
Melissa Rycroft_S15,Melissa Rycroft,15,2,23.5,7.833333333333333,3,7.5,8.0,5,21.0,22.25,2.5,1.25
Melissa Rycroft_S15,Melissa Rycroft,15,3,27.0,9.0,3,9.0,9.0,2,23.5,23.833333333333332,3.5,3.166666666666668
Melissa Rycroft_S15,Melissa Rycroft,15,4,37.0,9.25,4,9.0,9.5,4,27.0,27.125,10.0,9.875
Melissa Rycroft_S15,Melissa Rycroft,15,5,28.25,9.416666666666666,3,9.25,9.5,4,37.0,27.35,-8.75,0.8999999999999986
Melissa Rycroft_S15,Melissa Rycroft,15,6,29.5,9.833333333333334,3,9.5,10.0,3,28.25,27.708333333333332,1.25,1.7916666666666679
Melissa Rycroft_S15,Melissa Rycroft,15,7,38.9999,12.999966666666666,3,12.8333,13.3333,1,29.5,29.321414285714287,9.499899999999997,9.67848571428571
Melissa Rycroft_S15,Melissa Rycroft,15,8,30.0,10.0,3,10.0,10.0,1,38.9999,29.4062375,-8.999899999999997,0.5937625000000004
Melissa Rycroft_S15,Melissa Rycroft,15,9,28.7777,9.592566666666666,3,9.5,9.7777,2,30.0,29.3364,-1.2223000000000006,-0.5587000000000018
Melissa Rycroft_S15,Melissa Rycroft,15,10,29.333099999999998,9.7777,3,9.7777,9.7777,1,28.7777,29.33607,0.5553999999999988,-0.0029700000000012494
Melissa Rycroft_S8,Melissa Rycroft,8,1,23.0,7.666666666666667,3,7.0,8.0,2,,23.0,,0.0
Melissa Rycroft_S8,Melissa Rycroft,8,2,26.0,8.666666666666666,3,8.0,9.0,2,23.0,24.5,3.0,1.5
Melissa Rycroft_S8,Melissa Rycroft,8,3,27.0,9.0,3,9.0,9.0,2,26.0,25.333333333333332,1.0,1.6666666666666679
Melissa Rycroft_S8,Melissa Rycroft,8,4,29.0,9.666666666666666,3,9.0,10.0,2,27.0,26.25,2.0,2.75
Melissa Rycroft_S8,Melissa Rycroft,8,5,25.0,8.333333333333334,3,8.0,9.0,4,29.0,26.0,-4.0,-1.0
Melissa Rycroft_S8,Melissa Rycroft,8,6,27.0,9.0,3,9.0,9.0,2,25.0,26.166666666666668,2.0,0.8333333333333321
Melissa Rycroft_S8,Melissa Rycroft,8,7,29.0,9.666666666666666,3,9.0,10.0,1,27.0,26.571428571428573,2.0,2.428571428571427
Melissa Rycroft_S8,Melissa Rycroft,8,8,23.0,7.666666666666667,3,7.5,8.0,6,29.0,26.125,-6.0,-3.125
Melissa Rycroft_S8,Melissa Rycroft,8,9,28.5,9.5,3,9.5,9.5,1,23.0,26.38888888888889,5.5,2.1111111111111107
Melissa Rycroft_S8,Melissa Rycroft,8,10,27.5,9.166666666666666,3,9.0,9.5,3,28.5,26.5,-1.0,1.0
Melissa Rycroft_S8,Melissa Rycroft,8,11,28.5,9.5,3,9.5,9.5,3,27.5,26.681818181818183,1.0,1.8181818181818166
Melora Hardin_S30,Melora Hardin,30,1,26.0,6.5,4,6.0,7.0,5,,26.0,,0.0
Melora Hardin_S30,Melora Hardin,30,2,27.0,6.75,4,6.0,7.0,7,26.0,26.5,1.0,0.5
Melora Hardin_S30,Melora Hardin,30,3,23.0,7.666666666666667,3,7.0,8.0,4,27.0,25.333333333333332,-4.0,-2.333333333333332
Melora Hardin_S30,Melora Hardin,30,4,36.5,9.125,4,9.0,9.5,1,23.0,28.125,13.5,8.375
Melora Hardin_S30,Melora Hardin,30,5,36.0,9.0,4,9.0,9.0,5,36.5,29.7,-0.5,6.300000000000001
Melora Hardin_S30,Melora Hardin,30,6,34.0,8.5,4,8.0,9.0,9,36.0,30.416666666666668,-2.0,3.583333333333332
Melora Hardin_S30,Melora Hardin,30,7,38.0,9.5,4,9.5,9.5,4,34.0,31.5,4.0,6.5
Melora Hardin_S30,Melora Hardin,30,8,42.0,10.5,4,10.5,10.5,3,38.0,32.8125,4.0,9.1875
Melora Hardin_S30,Melora Hardin,30,9,36.0,9.0,4,8.5,9.5,5,42.0,33.166666666666664,-6.0,2.8333333333333357
Meryl Davis_S18,Meryl Davis,18,1,24.0,8.0,3,8.0,8.0,5,,24.0,,0.0
Meryl Davis_S18,Meryl Davis,18,2,25.0,8.333333333333334,3,8.0,9.0,1,24.0,24.5,1.0,0.5
Meryl Davis_S18,Meryl Davis,18,3,39.0,9.75,4,9.0,10.0,1,25.0,29.333333333333332,14.0,9.666666666666668
Meryl Davis_S18,Meryl Davis,18,4,39.0,9.75,4,9.0,10.0,1,39.0,31.75,0.0,7.25
Meryl Davis_S18,Meryl Davis,18,5,36.0,9.0,4,9.0,9.0,6,39.0,32.6,-3.0,3.3999999999999986
Meryl Davis_S18,Meryl Davis,18,6,40.0,10.0,4,10.0,10.0,1,36.0,33.833333333333336,4.0,6.166666666666664
Meryl Davis_S18,Meryl Davis,18,7,39.0,9.75,4,9.0,10.0,1,40.0,34.57142857142857,-1.0,4.428571428571431
Meryl Davis_S18,Meryl Davis,18,8,36.0,9.0,4,8.0,10.0,5,39.0,34.75,-3.0,1.25
Meryl Davis_S18,Meryl Davis,18,9,40.0,10.0,4,10.0,10.0,1,36.0,35.333333333333336,4.0,4.666666666666664
Meryl Davis_S18,Meryl Davis,18,10,30.0,10.0,3,10.0,10.0,1,40.0,34.8,-10.0,-4.799999999999997
Metta World Peace (Ron)_S13,Metta World Peace (Ron),13,1,14.0,4.666666666666667,3,4.0,5.0,12,,14.0,,0.0
Michael Bolton_S11,Michael Bolton,11,1,16.0,5.333333333333333,3,5.0,6.0,9,,16.0,,0.0
Michael Bolton_S11,Michael Bolton,11,2,12.0,4.0,3,3.0,5.0,11,16.0,14.0,-4.0,-2.0
Michael Irvin_S9,Michael Irvin,9,1,19.0,6.333333333333333,3,6.0,7.0,14,,19.0,,0.0
Michael Irvin_S9,Michael Irvin,9,2,20.0,6.666666666666667,3,6.0,7.0,8,19.0,19.5,1.0,0.5
Michael Irvin_S9,Michael Irvin,9,3,14.0,4.666666666666667,3,4.0,5.0,13,20.0,17.666666666666668,-6.0,-3.666666666666668
Michael Irvin_S9,Michael Irvin,9,4,16.0,5.333333333333333,3,5.0,6.0,10,14.0,17.25,2.0,-1.25
Michael Irvin_S9,Michael Irvin,9,5,21.0,7.0,3,7.0,7.0,10,16.0,18.0,5.0,3.0
Michael Irvin_S9,Michael Irvin,9,6,21.9998,7.333266666666667,3,6.6666,8.6666,9,21.0,18.666633333333333,0.9998000000000005,3.333166666666667
Michael Irvin_S9,Michael Irvin,9,7,23.5,7.833333333333333,3,7.5,8.0,6,21.9998,19.357114285714285,1.5001999999999995,4.142885714285715
Michael Sam_S20,Michael Sam,20,1,26.0,6.5,4,6.0,7.0,6,,26.0,,0.0
Michael Sam_S20,Michael Sam,20,2,28.0,7.0,4,7.0,7.0,8,26.0,27.0,2.0,1.0
Michael Sam_S20,Michael Sam,20,3,24.0,6.0,4,6.0,6.0,9,28.0,26.0,-4.0,-2.0
Michael Sam_S20,Michael Sam,20,4,30.0,7.5,4,7.0,8.0,7,24.0,27.0,6.0,3.0
Michael Waltrip_S19,Michael Waltrip,19,1,25.0,6.25,4,6.0,7.0,10,,25.0,,0.0
Michael Waltrip_S19,Michael Waltrip,19,2,24.0,6.0,4,6.0,6.0,12,25.0,24.5,-1.0,-0.5
Michael Waltrip_S19,Michael Waltrip,19,3,28.0,7.0,4,7.0,7.0,10,24.0,25.666666666666668,4.0,2.333333333333332
Michael Waltrip_S19,Michael Waltrip,19,4,25.0,6.25,4,6.0,7.0,9,28.0,25.5,-3.0,-0.5
Michael Waltrip_S19,Michael Waltrip,19,5,20.0,5.0,4,5.0,5.0,9,25.0,24.4,-5.0,-4.399999999999999
Michael Waltrip_S19,Michael Waltrip,19,6,30.0,7.5,4,7.0,8.0,7,20.0,25.333333333333332,10.0,4.666666666666668
Michael Waltrip_S19,Michael Waltrip,19,7,28.0,7.0,4,7.0,7.0,8,30.0,25.714285714285715,-2.0,2.2857142857142847
Michael Waltrip_S19,Michael Waltrip,19,8,25.0,6.25,4,6.0,7.0,7,28.0,25.625,-3.0,-0.625
"Mike ""The Miz"" Mizanin_S30","Mike ""The Miz"" Mizanin",30,1,24.0,6.0,4,6.0,6.0,12,,24.0,,0.0
"Mike ""The Miz"" Mizanin_S30","Mike ""The Miz"" Mizanin",30,2,26.0,6.5,4,5.0,7.0,8,24.0,25.0,2.0,1.0
"Mike ""The Miz"" Mizanin_S30","Mike ""The Miz"" Mizanin",30,3,22.0,7.333333333333333,3,7.0,8.0,5,26.0,24.0,-4.0,-2.0
"Mike ""The Miz"" Mizanin_S30","Mike ""The Miz"" Mizanin",30,4,32.5,8.125,4,7.5,8.5,7,22.0,26.125,10.5,6.375
"Mike ""The Miz"" Mizanin_S30","Mike ""The Miz"" Mizanin",30,5,32.0,8.0,4,8.0,8.0,9,32.5,27.3,-0.5,4.699999999999999
"Mike ""The Miz"" Mizanin_S30","Mike ""The Miz"" Mizanin",30,6,34.0,8.5,4,8.0,9.0,8,32.0,28.416666666666668,2.0,5.583333333333332
"Mike ""The Miz"" Mizanin_S30","Mike ""The Miz"" Mizanin",30,7,32.0,8.0,4,8.0,8.0,9,34.0,28.928571428571427,-2.0,3.071428571428573
Mike Catherwood_S12,Mike Catherwood,12,1,13.0,4.333333333333333,3,4.0,5.0,11,,13.0,,0.0
Mike Catherwood_S12,Mike Catherwood,12,2,17.0,5.666666666666667,3,5.0,6.0,9,13.0,15.0,4.0,2.0
Milo Manheim_S27,Milo Manheim,27,1,20.0,6.666666666666667,3,6.0,7.0,6,,20.0,,0.0
Milo Manheim_S27,Milo Manheim,27,2,26.0,8.666666666666666,3,8.0,9.0,1,20.0,23.0,6.0,3.0
Milo Manheim_S27,Milo Manheim,27,3,27.0,9.0,3,9.0,9.0,3,26.0,24.333333333333332,1.0,2.666666666666668
Milo Manheim_S27,Milo Manheim,27,4,29.0,9.666666666666666,3,9.0,10.0,1,27.0,25.5,2.0,3.5
Milo Manheim_S27,Milo Manheim,27,5,27.0,9.0,3,8.0,10.0,3,29.0,25.8,-2.0,1.1999999999999993
Milo Manheim_S27,Milo Manheim,27,6,30.0,10.0,3,10.0,10.0,1,27.0,26.5,3.0,3.5
Milo Manheim_S27,Milo Manheim,27,7,29.0,9.666666666666666,3,9.0,10.0,2,30.0,26.857142857142858,-1.0,2.1428571428571423
Milo Manheim_S27,Milo Manheim,27,8,27.5,9.166666666666666,3,9.0,9.5,4,29.0,26.9375,-1.5,0.5625
Milo Manheim_S27,Milo Manheim,27,9,30.0,10.0,3,10.0,10.0,1,27.5,27.27777777777778,2.5,2.7222222222222214
Mira Sorvino_S32,Mira Sorvino,32,1,17.0,5.666666666666667,3,5.0,6.0,7,,17.0,,0.0
Mira Sorvino_S32,Mira Sorvino,32,2,18.0,6.0,3,6.0,6.0,7,17.0,17.5,1.0,0.5
Mira Sorvino_S32,Mira Sorvino,32,3,26.0,6.5,4,6.0,7.0,6,18.0,20.333333333333332,8.0,5.666666666666668
Mira Sorvino_S32,Mira Sorvino,32,4,21.0,7.0,3,7.0,7.0,8,26.0,20.5,-5.0,0.5
Mira Sorvino_S32,Mira Sorvino,32,5,22.0,7.333333333333333,3,7.0,8.0,8,21.0,20.8,1.0,1.1999999999999993
Mirai Nagasu_S26,Mirai Nagasu,26,1,23.0,7.666666666666667,3,7.0,8.0,3,,23.0,,0.0
Mirai Nagasu_S26,Mirai Nagasu,26,2,37.0,9.25,4,9.0,10.0,1,23.0,30.0,14.0,7.0
Mirai Nagasu_S26,Mirai Nagasu,26,3,35.0,8.75,4,8.0,9.0,3,37.0,31.666666666666668,-2.0,3.333333333333332
Mischa Barton_S22,Mischa Barton,22,1,16.0,5.333333333333333,3,5.0,6.0,10,,16.0,,0.0
Mischa Barton_S22,Mischa Barton,22,2,15.0,5.0,3,5.0,5.0,11,16.0,15.5,-1.0,-0.5
Mischa Barton_S22,Mischa Barton,22,3,18.0,6.0,3,6.0,6.0,11,15.0,16.333333333333332,3.0,1.6666666666666679
Misty May-Treanor_S7,Misty May-Treanor,7,1,21.0,7.0,3,6.5,7.5,5,,21.0,,0.0
Misty May-Treanor_S7,Misty May-Treanor,7,2,21.0,7.0,3,7.0,7.0,5,21.0,21.0,0.0,0.0
Monica Aldama_S29,Monica Aldama,29,1,19.0,6.333333333333333,3,6.0,7.0,5,,19.0,,0.0
Monica Aldama_S29,Monica Aldama,29,2,16.0,5.333333333333333,3,5.0,6.0,13,19.0,17.5,-3.0,-1.5
Monica Aldama_S29,Monica Aldama,29,3,21.0,7.0,3,7.0,7.0,8,16.0,18.666666666666668,5.0,2.333333333333332
Monica Aldama_S29,Monica Aldama,29,4,24.0,8.0,3,8.0,8.0,3,21.0,20.0,3.0,4.0
Monica Aldama_S29,Monica Aldama,29,5,26.0,8.666666666666666,3,8.0,9.0,3,24.0,21.2,2.0,4.800000000000001
Monica Aldama_S29,Monica Aldama,29,6,27.0,9.0,3,9.0,9.0,4,26.0,22.166666666666668,1.0,4.833333333333332
Monica Aldama_S29,Monica Aldama,29,7,22.0,7.333333333333333,3,7.0,8.0,10,27.0,22.142857142857142,-5.0,-0.14285714285714235
Monica Seles_S6,Monica Seles,6,1,15.0,5.0,3,5.0,5.0,11,,15.0,,0.0
Monica Seles_S6,Monica Seles,6,2,15.0,5.0,3,5.0,5.0,12,15.0,15.0,0.0,0.0
Monique Coleman_S3,Monique Coleman,3,1,19.0,6.333333333333333,3,6.0,7.0,6,,19.0,,0.0
Monique Coleman_S3,Monique Coleman,3,2,26.0,8.666666666666666,3,8.0,9.0,2,19.0,22.5,7.0,3.5
Monique Coleman_S3,Monique Coleman,3,3,27.0,9.0,3,9.0,9.0,1,26.0,24.0,1.0,3.0
Monique Coleman_S3,Monique Coleman,3,4,24.0,8.0,3,8.0,8.0,5,27.0,24.0,-3.0,0.0
Monique Coleman_S3,Monique Coleman,3,5,27.0,9.0,3,9.0,9.0,1,24.0,24.6,3.0,2.3999999999999986
Monique Coleman_S3,Monique Coleman,3,6,23.0,7.666666666666667,3,7.0,9.0,4,27.0,24.333333333333332,-4.0,-1.3333333333333321
Monique Coleman_S3,Monique Coleman,3,7,27.0,9.0,3,9.0,9.0,4,23.0,24.714285714285715,4.0,2.2857142857142847
Monique Coleman_S3,Monique Coleman,3,8,26.5,8.833333333333334,3,8.5,9.0,4,27.0,24.9375,-0.5,1.5625
Mr. T_S24,Mr. T,24,1,20.0,5.0,4,5.0,5.0,11,,20.0,,0.0
Mr. T_S24,Mr. T,24,2,22.0,5.5,4,5.0,6.0,11,20.0,21.0,2.0,1.0
Mr. T_S24,Mr. T,24,3,24.0,6.0,4,6.0,6.0,11,22.0,22.0,2.0,2.0
Mr. T_S24,Mr. T,24,4,28.0,7.0,4,7.0,7.0,10,24.0,23.5,4.0,4.5
Mya_S9,Mya,9,1,30.999899999999997,10.3333,3,8.3333,11.3333,3,,30.999899999999997,,0.0
Mya_S9,Mya,9,2,27.0,9.0,3,9.0,9.0,1,30.999899999999997,28.99995,-3.9998999999999967,-1.9999499999999983
Mya_S9,Mya,9,3,27.0,9.0,3,7.0,10.0,1,27.0,28.333299999999998,0.0,-1.3332999999999977
Mya_S9,Mya,9,4,28.0,9.333333333333334,3,8.0,10.0,1,27.0,28.249975,1.0,-0.24997499999999917
Mya_S9,Mya,9,5,27.0,9.0,3,9.0,9.0,2,28.0,27.99998,-1.0,-0.9999800000000008
Mya_S9,Mya,9,6,33.0,11.0,3,10.0,12.0,2,27.0,28.833316666666665,6.0,4.166683333333335
Mya_S9,Mya,9,7,24.5,8.166666666666666,3,7.5,8.5,5,33.0,28.21427142857143,-8.5,-3.714271428571429
Mya_S9,Mya,9,8,29.5,9.833333333333334,3,9.5,10.0,1,24.5,28.3749875,5.0,1.1250125000000004
Mya_S9,Mya,9,9,28.9999,9.666633333333333,3,9.3333,10.0,1,29.5,28.444422222222222,-0.5000999999999998,0.555477777777778
Mya_S9,Mya,9,10,28.333199999999998,9.4444,3,9.4444,9.4444,2,28.9999,28.433299999999996,-0.6667000000000023,-0.10009999999999764
Nancy Grace_S13,Nancy Grace,13,1,16.0,5.333333333333333,3,5.0,6.0,10,,16.0,,0.0
Nancy Grace_S13,Nancy Grace,13,2,21.0,7.0,3,6.0,8.0,4,16.0,18.5,5.0,2.5
Nancy Grace_S13,Nancy Grace,13,3,21.0,7.0,3,7.0,7.0,9,21.0,19.333333333333332,0.0,1.6666666666666679
Nancy Grace_S13,Nancy Grace,13,4,21.0,7.0,3,7.0,7.0,6,21.0,19.75,0.0,1.25
Nancy Grace_S13,Nancy Grace,13,5,22.0,7.333333333333333,3,7.0,8.0,6,21.0,20.2,1.0,1.8000000000000007
Nancy Grace_S13,Nancy Grace,13,6,24.0,8.0,3,7.0,9.0,3,22.0,20.833333333333332,2.0,3.166666666666668
Nancy Grace_S13,Nancy Grace,13,7,22.0,7.333333333333333,3,7.0,7.5,6,24.0,21.0,-2.0,1.0
Nancy Grace_S13,Nancy Grace,13,8,22.0,7.333333333333333,3,7.0,7.5,5,22.0,21.125,0.0,0.875
Nancy Kerrigan_S24,Nancy Kerrigan,24,1,28.0,7.0,4,7.0,7.0,4,,28.0,,0.0
Nancy Kerrigan_S24,Nancy Kerrigan,24,2,28.0,7.0,4,7.0,7.0,6,28.0,28.0,0.0,0.0
Nancy Kerrigan_S24,Nancy Kerrigan,24,3,33.0,8.25,4,8.0,9.0,2,28.0,29.666666666666668,5.0,3.333333333333332
Nancy Kerrigan_S24,Nancy Kerrigan,24,4,33.0,8.25,4,8.0,9.0,4,33.0,30.5,0.0,2.5
Nancy Kerrigan_S24,Nancy Kerrigan,24,5,36.0,9.0,4,9.0,9.0,3,33.0,31.6,3.0,4.399999999999999
Nancy Kerrigan_S24,Nancy Kerrigan,24,6,33.5,8.375,4,8.0,8.5,5,36.0,31.916666666666668,-2.5,1.5833333333333321
Nancy Kerrigan_S24,Nancy Kerrigan,24,7,36.0,9.0,4,9.0,9.0,4,33.5,32.5,2.5,3.5
Nancy McKeon_S27,Nancy McKeon,27,1,19.5,6.5,3,6.5,6.5,8,,19.5,,0.0
Nancy McKeon_S27,Nancy McKeon,27,2,20.5,6.833333333333333,3,6.5,7.0,9,19.5,20.0,1.0,0.5
Nancy McKeon_S27,Nancy McKeon,27,3,22.0,7.333333333333333,3,7.0,8.0,9,20.5,20.666666666666668,1.5,1.3333333333333321
Nastia Liukin_S20,Nastia Liukin,20,1,30.0,7.5,4,7.0,8.0,3,,30.0,,0.0
Nastia Liukin_S20,Nastia Liukin,20,2,34.0,8.5,4,8.0,9.0,1,30.0,32.0,4.0,2.0
Nastia Liukin_S20,Nastia Liukin,20,3,34.0,8.5,4,8.0,9.0,2,34.0,32.666666666666664,0.0,1.3333333333333357
Nastia Liukin_S20,Nastia Liukin,20,4,36.0,9.0,4,8.0,10.0,2,34.0,33.5,2.0,2.5
Nastia Liukin_S20,Nastia Liukin,20,5,38.0,9.5,4,9.0,10.0,3,36.0,34.4,2.0,3.6000000000000014
Nastia Liukin_S20,Nastia Liukin,20,6,36.5,9.125,4,8.5,9.5,3,38.0,34.75,-1.5,1.75
Nastia Liukin_S20,Nastia Liukin,20,7,41.0,10.25,4,9.75,10.75,1,36.5,35.642857142857146,4.5,5.357142857142854
Nastia Liukin_S20,Nastia Liukin,20,8,38.0,9.5,4,9.5,9.5,3,41.0,35.9375,-3.0,2.0625
Nastia Liukin_S20,Nastia Liukin,20,9,40.0,10.0,4,10.0,10.0,1,38.0,36.388888888888886,2.0,3.6111111111111143
Natalie Coughlin_S9,Natalie Coughlin,9,1,26.9998,8.999933333333333,3,8.6666,9.6666,7,,26.9998,,0.0
Natalie Coughlin_S9,Natalie Coughlin,9,2,21.0,7.0,3,7.0,7.0,6,26.9998,23.9999,-5.9998000000000005,-2.9999000000000002
Natalie Coughlin_S9,Natalie Coughlin,9,3,26.0,8.666666666666666,3,8.0,9.0,2,21.0,24.6666,5.0,1.333400000000001
Natalie Coughlin_S9,Natalie Coughlin,9,4,24.0,8.0,3,8.0,8.0,5,26.0,24.49995,-2.0,-0.49994999999999834
Natalie Coughlin_S9,Natalie Coughlin,9,5,22.0,7.333333333333333,3,7.0,8.0,9,24.0,23.999959999999998,-2.0,-1.999959999999998
NeNe Leakes_S18,NeNe Leakes,18,1,21.0,7.0,3,7.0,7.0,7,,21.0,,0.0
NeNe Leakes_S18,NeNe Leakes,18,2,21.0,7.0,3,7.0,7.0,10,21.0,21.0,0.0,0.0
NeNe Leakes_S18,NeNe Leakes,18,3,31.0,7.75,4,7.0,8.0,8,21.0,24.333333333333332,10.0,6.666666666666668
NeNe Leakes_S18,NeNe Leakes,18,4,32.0,8.0,4,8.0,8.0,6,31.0,26.25,1.0,5.75
NeNe Leakes_S18,NeNe Leakes,18,5,36.0,9.0,4,9.0,9.0,5,32.0,28.2,4.0,7.800000000000001
NeNe Leakes_S18,NeNe Leakes,18,6,33.0,8.25,4,8.0,9.0,6,36.0,29.0,-3.0,4.0
NeNe Leakes_S18,NeNe Leakes,18,7,33.0,8.25,4,7.5,9.0,7,33.0,29.571428571428573,0.0,3.428571428571427
Nelly_S29,Nelly,29,1,16.0,5.333333333333333,3,5.0,6.0,12,,16.0,,0.0
Nelly_S29,Nelly,29,2,18.0,6.0,3,6.0,6.0,9,16.0,17.0,2.0,1.0
Nelly_S29,Nelly,29,3,18.0,6.0,3,6.0,6.0,12,18.0,17.333333333333332,0.0,0.6666666666666679
Nelly_S29,Nelly,29,4,21.0,7.0,3,7.0,7.0,12,18.0,18.25,3.0,2.75
Nelly_S29,Nelly,29,5,24.0,8.0,3,8.0,8.0,5,21.0,19.4,3.0,4.600000000000001
Nelly_S29,Nelly,29,6,24.0,8.0,3,8.0,8.0,8,24.0,20.166666666666668,0.0,3.833333333333332
Nelly_S29,Nelly,29,7,27.0,9.0,3,9.0,9.0,3,24.0,21.142857142857142,3.0,5.857142857142858
Nelly_S29,Nelly,29,8,24.0,8.0,3,8.0,8.0,8,27.0,21.5,-3.0,2.5
Nelly_S29,Nelly,29,9,24.0,8.0,3,8.0,8.0,7,24.0,21.77777777777778,0.0,2.2222222222222214
Nelly_S29,Nelly,29,10,28.0,9.333333333333334,3,9.0,9.5,6,24.0,22.4,4.0,5.600000000000001
Nelly_S29,Nelly,29,11,28.5,9.5,3,9.5,9.5,4,28.0,22.954545454545453,0.5,5.545454545454547
Nev Schulman_S29,Nev Schulman,29,1,20.0,6.666666666666667,3,6.0,7.0,4,,20.0,,0.0
Nev Schulman_S29,Nev Schulman,29,2,21.0,7.0,3,7.0,7.0,2,20.0,20.5,1.0,0.5
Nev Schulman_S29,Nev Schulman,29,3,24.0,8.0,3,8.0,8.0,1,21.0,21.666666666666668,3.0,2.333333333333332
Nev Schulman_S29,Nev Schulman,29,4,24.0,8.0,3,8.0,8.0,5,24.0,22.25,0.0,1.75
Nev Schulman_S29,Nev Schulman,29,5,26.0,8.666666666666666,3,8.0,9.0,4,24.0,23.0,2.0,3.0
Nev Schulman_S29,Nev Schulman,29,6,26.0,8.666666666666666,3,8.0,9.0,5,26.0,23.5,0.0,2.5
Nev Schulman_S29,Nev Schulman,29,7,30.0,10.0,3,10.0,10.0,1,26.0,24.428571428571427,4.0,5.571428571428573
Nev Schulman_S29,Nev Schulman,29,8,30.0,10.0,3,10.0,10.0,1,30.0,25.125,0.0,4.875
Nev Schulman_S29,Nev Schulman,29,9,28.9998,9.6666,3,9.6666,9.6666,3,30.0,25.555533333333333,-1.0001999999999995,3.4442666666666675
Nev Schulman_S29,Nev Schulman,29,10,30.0,10.0,3,10.0,10.0,1,28.9998,25.99998,1.0001999999999995,4.000019999999999
Nev Schulman_S29,Nev Schulman,29,11,30.0,10.0,3,10.0,10.0,1,30.0,26.363618181818183,0.0,3.6363818181818175
Nick Carter_S21,Nick Carter,21,1,24.0,8.0,3,8.0,8.0,1,,24.0,,0.0
Nick Carter_S21,Nick Carter,21,2,22.5,7.5,3,7.5,7.5,5,24.0,23.25,-1.5,-0.75
Nick Carter_S21,Nick Carter,21,3,36.0,9.0,4,9.0,9.0,1,22.5,27.5,13.5,8.5
Nick Carter_S21,Nick Carter,21,4,27.0,9.0,3,9.0,9.0,3,36.0,27.375,-9.0,-0.375
Nick Carter_S21,Nick Carter,21,5,35.0,8.75,4,8.0,9.0,5,27.0,28.9,8.0,6.100000000000001
Nick Carter_S21,Nick Carter,21,6,39.0,9.75,4,9.0,10.0,4,35.0,30.583333333333332,4.0,8.416666666666668
Nick Carter_S21,Nick Carter,21,7,27.0,9.0,3,9.0,9.0,6,39.0,30.071428571428573,-12.0,-3.071428571428573
Nick Carter_S21,Nick Carter,21,8,33.0,11.0,3,11.0,11.0,1,27.0,30.4375,6.0,2.5625
Nick Carter_S21,Nick Carter,21,9,27.5,9.166666666666666,3,9.0,9.5,3,33.0,30.11111111111111,-5.5,-2.6111111111111107
Nick Carter_S21,Nick Carter,21,10,27.0,9.0,3,9.0,9.0,4,27.5,29.8,-0.5,-2.8000000000000007
Nick Carter_S21,Nick Carter,21,11,30.0,10.0,3,10.0,10.0,2,27.0,29.818181818181817,3.0,0.18181818181818343
Nick Lachey_S25,Nick Lachey,25,1,18.0,6.0,3,6.0,6.0,8,,18.0,,0.0
Nick Lachey_S25,Nick Lachey,25,2,19.0,6.333333333333333,3,6.0,7.0,11,18.0,18.5,1.0,0.5
Nick Lachey_S25,Nick Lachey,25,3,21.0,7.0,3,7.0,7.0,9,19.0,19.333333333333332,2.0,1.6666666666666679
Nick Lachey_S25,Nick Lachey,25,4,22.0,7.333333333333333,3,7.0,8.0,11,21.0,20.0,1.0,2.0
Nick Lachey_S25,Nick Lachey,25,5,22.0,7.333333333333333,3,7.0,8.0,10,22.0,20.4,0.0,1.6000000000000014
Nick Lachey_S25,Nick Lachey,25,6,26.0,6.5,4,6.0,7.0,9,22.0,21.333333333333332,4.0,4.666666666666668
Nick Viall_S24,Nick Viall,24,1,24.0,6.0,4,6.0,6.0,7,,24.0,,0.0
Nick Viall_S24,Nick Viall,24,2,25.0,6.25,4,5.0,7.0,10,24.0,24.5,1.0,0.5
Nick Viall_S24,Nick Viall,24,3,26.0,6.5,4,6.0,7.0,8,25.0,25.0,1.0,1.0
Nick Viall_S24,Nick Viall,24,4,30.0,7.5,4,7.0,8.0,9,26.0,26.25,4.0,3.75
Nick Viall_S24,Nick Viall,24,5,34.0,8.5,4,8.0,9.0,4,30.0,27.8,4.0,6.199999999999999
Nick Viall_S24,Nick Viall,24,6,30.5,7.625,4,7.5,8.0,8,34.0,28.25,-3.5,2.25
Nick Viall_S24,Nick Viall,24,7,34.0,8.5,4,8.0,9.0,5,30.5,29.071428571428573,3.5,4.928571428571427
"Nicole ""Snooki"" Polizzi_S17","Nicole ""Snooki"" Polizzi",17,1,23.0,7.666666666666667,3,7.0,8.0,5,,23.0,,0.0
"Nicole ""Snooki"" Polizzi_S17","Nicole ""Snooki"" Polizzi",17,2,20.0,6.666666666666667,3,6.0,7.0,9,23.0,21.5,-3.0,-1.5
"Nicole ""Snooki"" Polizzi_S17","Nicole ""Snooki"" Polizzi",17,3,25.0,8.333333333333334,3,8.0,9.0,4,20.0,22.666666666666668,5.0,2.333333333333332
"Nicole ""Snooki"" Polizzi_S17","Nicole ""Snooki"" Polizzi",17,4,24.0,8.0,3,8.0,8.0,6,25.0,23.0,-1.0,1.0
"Nicole ""Snooki"" Polizzi_S17","Nicole ""Snooki"" Polizzi",17,5,27.0,9.0,3,9.0,9.0,3,24.0,23.8,3.0,3.1999999999999993
"Nicole ""Snooki"" Polizzi_S17","Nicole ""Snooki"" Polizzi",17,6,30.0,10.0,3,10.0,10.0,4,27.0,24.833333333333332,3.0,5.166666666666668
"Nicole ""Snooki"" Polizzi_S17","Nicole ""Snooki"" Polizzi",17,7,27.0,9.0,3,9.0,9.0,5,30.0,25.142857142857142,-3.0,1.8571428571428577
Nicole Scherzinger_S10,Nicole Scherzinger,10,1,25.0,8.333333333333334,3,7.0,9.0,1,,25.0,,0.0
Nicole Scherzinger_S10,Nicole Scherzinger,10,2,28.0,9.333333333333334,3,8.0,10.0,1,25.0,26.5,3.0,1.5
Nicole Scherzinger_S10,Nicole Scherzinger,10,3,23.0,7.666666666666667,3,6.0,9.0,3,28.0,25.333333333333332,-5.0,-2.333333333333332
Nicole Scherzinger_S10,Nicole Scherzinger,10,4,25.0,8.333333333333334,3,8.0,8.5,2,23.0,25.25,2.0,-0.25
Nicole Scherzinger_S10,Nicole Scherzinger,10,5,29.0,9.666666666666666,3,9.0,10.0,1,25.0,26.0,4.0,3.0
Nicole Scherzinger_S10,Nicole Scherzinger,10,6,35.9999,11.999966666666666,3,10.3333,13.3333,1,29.0,27.66665,6.999899999999997,8.333249999999996
Nicole Scherzinger_S10,Nicole Scherzinger,10,7,27.0,9.0,3,9.0,9.0,1,35.9999,27.571414285714287,-8.999899999999997,-0.5714142857142868
Nicole Scherzinger_S10,Nicole Scherzinger,10,8,29.5,9.833333333333334,3,9.5,10.0,1,27.0,27.8124875,2.5,1.6875125000000004
Nicole Scherzinger_S10,Nicole Scherzinger,10,9,29.5,9.833333333333334,3,9.5,10.0,2,29.5,27.99998888888889,0.0,1.5000111111111103
Nicole Scherzinger_S10,Nicole Scherzinger,10,10,28.7777,9.592566666666666,3,9.5,9.7777,1,29.5,28.07776,-0.7223000000000006,0.699939999999998
Niecy Nash_S10,Niecy Nash,10,1,18.0,6.0,3,5.0,7.0,7,,18.0,,0.0
Niecy Nash_S10,Niecy Nash,10,2,21.0,7.0,3,7.0,7.0,5,18.0,19.5,3.0,1.5
Niecy Nash_S10,Niecy Nash,10,3,21.0,7.0,3,7.0,7.0,5,21.0,20.0,0.0,1.0
Niecy Nash_S10,Niecy Nash,10,4,18.0,6.0,3,6.0,6.0,7,21.0,19.5,-3.0,-1.5
Niecy Nash_S10,Niecy Nash,10,5,18.0,6.0,3,6.0,6.0,7,18.0,19.2,0.0,-1.1999999999999993
Niecy Nash_S10,Niecy Nash,10,6,25.9998,8.6666,3,8.6666,8.6666,6,18.0,20.333299999999998,7.9998000000000005,5.666500000000003
Niecy Nash_S10,Niecy Nash,10,7,24.5,8.166666666666666,3,8.0,8.5,6,25.9998,20.928542857142855,-1.4998000000000005,3.5714571428571453
Niecy Nash_S10,Niecy Nash,10,8,21.5,7.166666666666667,3,7.0,7.5,5,24.5,20.999975,-3.0,0.5000250000000008
Nikki Bella_S25,Nikki Bella,25,1,20.0,6.666666666666667,3,6.0,7.0,4,,20.0,,0.0
Nikki Bella_S25,Nikki Bella,25,2,19.5,6.5,3,6.5,6.5,9,20.0,19.75,-0.5,-0.25
Nikki Bella_S25,Nikki Bella,25,3,21.0,7.0,3,7.0,7.0,6,19.5,20.166666666666668,1.5,0.8333333333333321
Nikki Bella_S25,Nikki Bella,25,4,24.0,8.0,3,8.0,8.0,6,21.0,21.125,3.0,2.875
Nikki Bella_S25,Nikki Bella,25,5,27.0,9.0,3,9.0,9.0,4,24.0,22.3,3.0,4.699999999999999
Nikki Bella_S25,Nikki Bella,25,6,36.0,9.0,4,9.0,9.0,4,27.0,24.583333333333332,9.0,11.416666666666668
Nikki Bella_S25,Nikki Bella,25,7,24.0,8.0,3,8.0,8.0,8,36.0,24.5,-12.0,-0.5
Nikki Glaser_S27,Nikki Glaser,27,1,17.5,5.833333333333333,3,5.5,6.0,12,,17.5,,0.0
Noah Galloway_S20,Noah Galloway,20,1,26.0,6.5,4,6.0,7.0,5,,26.0,,0.0
Noah Galloway_S20,Noah Galloway,20,2,27.0,6.75,4,6.0,7.0,10,26.0,26.5,1.0,0.5
Noah Galloway_S20,Noah Galloway,20,3,30.0,7.5,4,7.0,8.0,5,27.0,27.666666666666668,3.0,2.333333333333332
Noah Galloway_S20,Noah Galloway,20,4,32.0,8.0,4,8.0,8.0,6,30.0,28.75,2.0,3.25
Noah Galloway_S20,Noah Galloway,20,5,28.0,7.0,4,7.0,7.0,6,32.0,28.6,-4.0,-0.6000000000000014
Noah Galloway_S20,Noah Galloway,20,6,34.0,8.5,4,8.0,9.0,6,28.0,29.5,6.0,4.5
Noah Galloway_S20,Noah Galloway,20,7,38.0,9.5,4,8.5,10.5,3,34.0,30.714285714285715,4.0,7.285714285714285
Noah Galloway_S20,Noah Galloway,20,8,31.5,7.875,4,7.5,8.0,5,38.0,30.8125,-6.5,0.6875
Noah Galloway_S20,Noah Galloway,20,9,38.0,9.5,4,9.5,9.5,4,31.5,31.61111111111111,6.5,6.388888888888889
Noah Galloway_S20,Noah Galloway,20,10,36.0,9.0,4,9.0,9.0,3,38.0,32.05,-2.0,3.950000000000003
Normani_S24,Normani,24,1,27.0,6.75,4,6.0,7.0,6,,27.0,,0.0
Normani_S24,Normani,24,2,32.0,8.0,4,8.0,8.0,1,27.0,29.5,5.0,2.5
Normani_S24,Normani,24,3,34.0,8.5,4,8.0,9.0,1,32.0,31.0,2.0,3.0
Normani_S24,Normani,24,4,32.0,8.0,4,7.0,9.0,6,34.0,31.25,-2.0,0.75
Normani_S24,Normani,24,5,39.0,9.75,4,9.0,10.0,1,32.0,32.8,7.0,6.200000000000003
Normani_S24,Normani,24,6,36.0,9.0,4,8.0,9.5,2,39.0,33.333333333333336,-3.0,2.6666666666666643
Normani_S24,Normani,24,7,42.0,10.5,4,10.5,10.5,1,36.0,34.57142857142857,6.0,7.428571428571431
Normani_S24,Normani,24,8,39.5,9.875,4,9.5,10.0,1,42.0,35.1875,-2.5,4.3125
Normani_S24,Normani,24,9,38.0,9.5,4,9.5,9.5,3,39.5,35.5,-1.5,2.5
Normani_S24,Normani,24,10,39.333200000000005,9.833300000000001,4,9.6666,10.0,2,38.0,35.883320000000005,1.333200000000005,3.4498800000000003
Nyle DiMarco_S22,Nyle DiMarco,22,1,23.0,7.666666666666667,3,7.0,8.0,1,,23.0,,0.0
Nyle DiMarco_S22,Nyle DiMarco,22,2,20.0,6.666666666666667,3,6.0,7.0,7,23.0,21.5,-3.0,-1.5
Nyle DiMarco_S22,Nyle DiMarco,22,3,25.0,8.333333333333334,3,8.0,9.0,1,20.0,22.666666666666668,5.0,2.333333333333332
Nyle DiMarco_S22,Nyle DiMarco,22,4,34.0,8.5,4,8.0,9.0,5,25.0,25.5,9.0,8.5
Nyle DiMarco_S22,Nyle DiMarco,22,5,37.0,9.25,4,9.0,10.0,1,34.0,27.8,3.0,9.2
Nyle DiMarco_S22,Nyle DiMarco,22,6,25.0,8.333333333333334,3,8.0,9.0,4,37.0,27.333333333333332,-12.0,-2.333333333333332
Nyle DiMarco_S22,Nyle DiMarco,22,7,28.0,9.333333333333334,3,9.0,9.5,1,25.0,27.428571428571427,3.0,0.571428571428573
Nyle DiMarco_S22,Nyle DiMarco,22,8,29.0,9.666666666666666,3,9.0,10.0,3,28.0,27.625,1.0,1.375
Nyle DiMarco_S22,Nyle DiMarco,22,9,28.5,9.5,3,9.5,9.5,3,29.0,27.72222222222222,-0.5,0.7777777777777786
Nyle DiMarco_S22,Nyle DiMarco,22,10,28.9998,9.6666,3,9.6666,9.6666,2,28.5,27.84998,0.49980000000000047,1.1498200000000018
Olivia Jade_S30,Olivia Jade,30,1,25.0,6.25,4,6.0,7.0,7,,25.0,,0.0
Olivia Jade_S30,Olivia Jade,30,2,27.0,6.75,4,6.0,7.0,5,25.0,26.0,2.0,1.0
Olivia Jade_S30,Olivia Jade,30,3,24.0,8.0,3,8.0,8.0,1,27.0,25.333333333333332,-3.0,-1.3333333333333321
Olivia Jade_S30,Olivia Jade,30,4,35.0,8.75,4,8.0,9.0,2,24.0,27.75,11.0,7.25
Olivia Jade_S30,Olivia Jade,30,5,36.0,9.0,4,9.0,9.0,7,35.0,29.4,1.0,6.600000000000001
Olivia Jade_S30,Olivia Jade,30,6,36.0,9.0,4,9.0,9.0,5,36.0,30.5,0.0,5.5
Olivia Jade_S30,Olivia Jade,30,7,42.0,10.5,4,9.0,11.0,1,36.0,32.142857142857146,6.0,9.857142857142854
Olivia Jade_S30,Olivia Jade,30,8,36.0,9.0,4,9.0,9.0,6,42.0,32.625,-6.0,3.375
Paige VanZant_S22,Paige VanZant,22,1,21.0,7.0,3,7.0,7.0,4,,21.0,,0.0
Paige VanZant_S22,Paige VanZant,22,2,24.0,8.0,3,8.0,8.0,1,21.0,22.5,3.0,1.5
Paige VanZant_S22,Paige VanZant,22,3,23.0,7.666666666666667,3,7.0,8.0,3,24.0,22.666666666666668,-1.0,0.33333333333333215
Paige VanZant_S22,Paige VanZant,22,4,36.0,9.0,4,9.0,9.0,1,23.0,26.0,13.0,10.0
Paige VanZant_S22,Paige VanZant,22,5,31.0,7.75,4,7.0,8.0,4,36.0,27.0,-5.0,4.0
Paige VanZant_S22,Paige VanZant,22,6,28.0,9.333333333333334,3,9.0,10.0,2,31.0,27.166666666666668,-3.0,0.8333333333333321
Paige VanZant_S22,Paige VanZant,22,7,27.5,9.166666666666666,3,9.0,9.5,2,28.0,27.214285714285715,-0.5,0.2857142857142847
Paige VanZant_S22,Paige VanZant,22,8,28.0,9.333333333333334,3,9.0,10.0,4,27.5,27.3125,0.5,0.6875
Paige VanZant_S22,Paige VanZant,22,9,29.5,9.833333333333334,3,9.5,10.0,2,28.0,27.555555555555557,1.5,1.9444444444444429
Paige VanZant_S22,Paige VanZant,22,10,29.666600000000003,9.888866666666667,3,9.6666,10.0,1,29.5,27.76666,0.16660000000000252,1.8999400000000009
Pamela Anderson_S10,Pamela Anderson,10,1,21.0,7.0,3,6.0,8.0,3,,21.0,,0.0
Pamela Anderson_S10,Pamela Anderson,10,2,22.0,7.333333333333333,3,7.0,8.0,4,21.0,21.5,1.0,0.5
Pamela Anderson_S10,Pamela Anderson,10,3,21.0,7.0,3,7.0,7.0,4,22.0,21.333333333333332,-1.0,-0.33333333333333215
Pamela Anderson_S10,Pamela Anderson,10,4,23.5,7.833333333333333,3,7.5,8.5,3,21.0,21.875,2.5,1.625
Pamela Anderson_S10,Pamela Anderson,10,5,21.0,7.0,3,6.0,8.0,5,23.5,21.7,-2.5,-0.6999999999999993
Pamela Anderson_S10,Pamela Anderson,10,6,29.9998,9.999933333333333,3,9.6666,10.6666,4,21.0,23.083299999999998,8.9998,6.916500000000003
Pamela Anderson_S10,Pamela Anderson,10,7,25.5,8.5,3,8.5,8.5,5,29.9998,23.428542857142855,-4.4998000000000005,2.0714571428571453
Pamela Anderson_S15,Pamela Anderson,15,1,17.0,5.666666666666667,3,5.5,6.0,13,,17.0,,0.0
Patti LaBelle_S20,Patti LaBelle,20,1,25.0,6.25,4,6.0,7.0,10,,25.0,,0.0
Patti LaBelle_S20,Patti LaBelle,20,2,28.0,7.0,4,7.0,7.0,6,25.0,26.5,3.0,1.5
Patti LaBelle_S20,Patti LaBelle,20,3,22.0,5.5,4,5.0,6.0,10,28.0,25.0,-6.0,-3.0
Patti LaBelle_S20,Patti LaBelle,20,4,30.0,7.5,4,7.0,8.0,8,22.0,26.25,8.0,3.75
Patti LaBelle_S20,Patti LaBelle,20,5,27.0,6.75,4,6.0,7.0,8,30.0,26.4,-3.0,0.6000000000000014
Patti LaBelle_S20,Patti LaBelle,20,6,34.0,8.5,4,8.0,9.0,7,27.0,27.666666666666668,7.0,6.333333333333332
Paula Deen_S21,Paula Deen,21,1,15.0,5.0,3,5.0,5.0,10,,15.0,,0.0
Paula Deen_S21,Paula Deen,21,2,18.5,6.166666666666667,3,6.0,6.5,11,15.0,16.75,3.5,1.75
Paula Deen_S21,Paula Deen,21,3,20.0,5.0,4,5.0,5.0,10,18.5,17.833333333333332,1.5,2.166666666666668
Paula Deen_S21,Paula Deen,21,4,18.0,6.0,3,6.0,6.0,9,20.0,17.875,-2.0,0.125
Paula Deen_S21,Paula Deen,21,5,26.0,6.5,4,6.0,7.0,9,18.0,19.5,8.0,6.5
Paula Deen_S21,Paula Deen,21,6,24.0,6.0,4,6.0,6.0,9,26.0,20.25,-2.0,3.75
Paulina Porizkova_S4,Paulina Porizkova,4,1,19.0,6.333333333333333,3,6.0,7.0,6,,19.0,,0.0
Paulina Porizkova_S4,Paulina Porizkova,4,2,21.0,7.0,3,7.0,7.0,9,19.0,20.0,2.0,1.0
Penn Jillette_S6,Penn Jillette,6,1,16.0,5.333333333333333,3,5.0,6.0,10,,16.0,,0.0
Penn Jillette_S6,Penn Jillette,6,2,17.0,5.666666666666667,3,5.0,6.0,10,16.0,16.5,1.0,0.5
Petra Nemcova_S12,Petra Nemcova,12,1,18.0,6.0,3,6.0,6.0,7,,18.0,,0.0
Petra Nemcova_S12,Petra Nemcova,12,2,18.0,6.0,3,6.0,6.0,8,18.0,18.0,0.0,0.0
Petra Nemcova_S12,Petra Nemcova,12,3,25.0,8.333333333333334,3,8.0,9.0,1,18.0,20.333333333333332,7.0,4.666666666666668
Petra Nemcova_S12,Petra Nemcova,12,4,23.0,7.666666666666667,3,7.0,8.0,6,25.0,21.0,-2.0,2.0
Petra Nemcova_S12,Petra Nemcova,12,5,22.0,7.333333333333333,3,7.0,8.0,7,23.0,21.2,-1.0,0.8000000000000007
Phaedra Parks_S33,Phaedra Parks,33,1,19.0,6.333333333333333,3,6.0,7.0,6,,19.0,,0.0
Phaedra Parks_S33,Phaedra Parks,33,2,21.0,7.0,3,7.0,7.0,5,19.0,20.0,2.0,1.0
Phaedra Parks_S33,Phaedra Parks,33,3,28.0,7.0,4,6.0,7.5,8,21.0,22.666666666666668,7.0,5.333333333333332
Phaedra Parks_S33,Phaedra Parks,33,4,32.0,8.0,4,8.0,8.0,5,28.0,25.0,4.0,7.0
Phaedra Parks_S33,Phaedra Parks,33,5,24.0,8.0,3,8.0,8.0,6,32.0,24.8,-8.0,-0.8000000000000007
Priscilla Presley_S6,Priscilla Presley,6,1,24.0,8.0,3,8.0,8.0,3,,24.0,,0.0
Priscilla Presley_S6,Priscilla Presley,6,2,21.0,7.0,3,7.0,7.0,7,24.0,22.5,-3.0,-1.5
Priscilla Presley_S6,Priscilla Presley,6,3,26.0,8.666666666666666,3,8.0,9.0,2,21.0,23.666666666666668,5.0,2.333333333333332
Priscilla Presley_S6,Priscilla Presley,6,4,22.0,7.333333333333333,3,7.0,8.0,8,26.0,23.25,-4.0,-1.25
Priscilla Presley_S6,Priscilla Presley,6,5,21.0,7.0,3,7.0,7.0,8,22.0,22.8,-1.0,-1.8000000000000007
Rachel Hunter_S1,Rachel Hunter,1,1,20.0,6.666666666666667,3,6.0,7.0,1,,20.0,,0.0
Rachel Hunter_S1,Rachel Hunter,1,2,24.0,8.0,3,8.0,8.0,2,20.0,22.0,4.0,2.0
Rachel Hunter_S1,Rachel Hunter,1,3,26.0,8.666666666666666,3,8.0,9.0,1,24.0,23.333333333333332,2.0,2.666666666666668
Rachel Hunter_S1,Rachel Hunter,1,4,25.0,8.333333333333334,3,7.0,9.0,2,26.0,23.75,-1.0,1.25
Ralph Macchio_S12,Ralph Macchio,12,1,24.0,8.0,3,8.0,8.0,1,,24.0,,0.0
Ralph Macchio_S12,Ralph Macchio,12,2,21.0,7.0,3,7.0,7.0,4,24.0,22.5,-3.0,-1.5
Ralph Macchio_S12,Ralph Macchio,12,3,21.0,7.0,3,7.0,7.0,5,21.0,22.0,0.0,-1.0
Ralph Macchio_S12,Ralph Macchio,12,4,25.0,8.333333333333334,3,8.0,9.0,2,21.0,22.75,4.0,2.25
Ralph Macchio_S12,Ralph Macchio,12,5,22.0,7.333333333333333,3,7.0,8.0,8,25.0,22.6,-3.0,-0.6000000000000014
Ralph Macchio_S12,Ralph Macchio,12,6,24.0,8.0,3,8.0,8.0,6,22.0,22.833333333333332,2.0,1.1666666666666679
Ralph Macchio_S12,Ralph Macchio,12,7,33.0,8.25,4,7.5,9.0,2,24.0,24.285714285714285,9.0,8.714285714285715
Ralph Macchio_S12,Ralph Macchio,12,8,23.0,7.666666666666667,3,7.5,8.0,5,33.0,24.125,-10.0,-1.125
Ralph Macchio_S12,Ralph Macchio,12,9,24.0,8.0,3,8.0,8.0,4,23.0,24.11111111111111,1.0,-0.11111111111111072
Randy Couture_S19,Randy Couture,19,1,31.0,7.75,4,7.0,8.0,5,,31.0,,0.0
Randy Couture_S19,Randy Couture,19,2,28.0,7.0,4,7.0,7.0,11,31.0,29.5,-3.0,-1.5
Randy Couture_S19,Randy Couture,19,3,26.0,6.5,4,6.0,7.0,11,28.0,28.333333333333332,-2.0,-2.333333333333332
Rashad Jennings_S24,Rashad Jennings,24,1,31.0,7.75,4,7.0,8.0,2,,31.0,,0.0
Rashad Jennings_S24,Rashad Jennings,24,2,32.0,8.0,4,8.0,8.0,2,31.0,31.5,1.0,0.5
Rashad Jennings_S24,Rashad Jennings,24,3,28.0,7.0,4,7.0,7.0,6,32.0,30.333333333333332,-4.0,-2.333333333333332
Rashad Jennings_S24,Rashad Jennings,24,4,39.0,9.75,4,9.0,10.0,1,28.0,32.5,11.0,6.5
Rashad Jennings_S24,Rashad Jennings,24,5,32.0,8.0,4,7.0,9.0,7,39.0,32.4,-7.0,-0.3999999999999986
Rashad Jennings_S24,Rashad Jennings,24,6,35.0,8.75,4,8.5,9.5,3,32.0,32.833333333333336,3.0,2.1666666666666643
Rashad Jennings_S24,Rashad Jennings,24,7,39.0,9.75,4,9.5,10.5,2,35.0,33.714285714285715,4.0,5.285714285714285
Rashad Jennings_S24,Rashad Jennings,24,8,37.5,9.375,4,9.0,9.5,2,39.0,34.1875,-1.5,3.3125
Rashad Jennings_S24,Rashad Jennings,24,9,38.5,9.625,4,9.0,10.0,2,37.5,34.666666666666664,1.0,3.8333333333333357
Rashad Jennings_S24,Rashad Jennings,24,10,39.6666,9.91665,4,9.6666,10.0,1,38.5,35.16666,1.1666000000000025,4.499940000000002
Ray Lewis_S28,Ray Lewis,28,1,15.0,5.0,3,5.0,5.0,9,,15.0,,0.0
Ray Lewis_S28,Ray Lewis,28,2,15.0,5.0,3,5.0,5.0,10,15.0,15.0,0.0,0.0
Redfoo_S20,Redfoo,20,1,22.0,5.5,4,5.0,6.0,12,,22.0,,0.0
Redfoo_S20,Redfoo,20,2,31.0,7.75,4,7.0,8.0,5,22.0,26.5,9.0,4.5
Reginald VelJohnson_S33,Reginald VelJohnson,33,1,16.0,5.333333333333333,3,5.0,6.0,12,,16.0,,0.0
Reginald VelJohnson_S33,Reginald VelJohnson,33,2,15.0,5.0,3,4.0,6.0,12,16.0,15.5,-1.0,-0.5
Reginald VelJohnson_S33,Reginald VelJohnson,33,3,21.0,5.25,4,5.0,6.0,11,15.0,17.333333333333332,6.0,3.666666666666668
Rick Fox_S11,Rick Fox,11,1,22.0,7.333333333333333,3,7.0,8.0,4,,22.0,,0.0
Rick Fox_S11,Rick Fox,11,2,21.0,7.0,3,7.0,7.0,6,22.0,21.5,-1.0,-0.5
Rick Fox_S11,Rick Fox,11,3,24.0,8.0,3,8.0,8.0,2,21.0,22.333333333333332,3.0,1.6666666666666679
Rick Fox_S11,Rick Fox,11,4,19.5,6.5,3,6.0,7.0,5,24.0,21.625,-4.5,-2.125
Rick Fox_S11,Rick Fox,11,5,24.0,8.0,3,8.0,8.0,4,19.5,22.1,4.5,1.8999999999999986
Rick Fox_S11,Rick Fox,11,6,30.0,10.0,3,10.0,10.0,3,24.0,23.416666666666668,6.0,6.583333333333332
Rick Fox_S11,Rick Fox,11,7,34.5,8.625,4,8.5,9.0,4,30.0,25.0,4.5,9.5
Rick Perry_S23,Rick Perry,23,1,20.0,5.0,4,5.0,5.0,13,,20.0,,0.0
Rick Perry_S23,Rick Perry,23,2,22.0,5.5,4,5.0,6.0,13,20.0,21.0,2.0,1.0
Rick Perry_S23,Rick Perry,23,3,23.0,5.75,4,5.0,6.0,12,22.0,21.666666666666668,1.0,1.3333333333333321
Ricki Lake_S13,Ricki Lake,13,1,20.0,6.666666666666667,3,6.0,7.0,4,,20.0,,0.0
Ricki Lake_S13,Ricki Lake,13,2,23.0,7.666666666666667,3,7.0,8.0,1,20.0,21.5,3.0,1.5
Ricki Lake_S13,Ricki Lake,13,3,27.0,9.0,3,9.0,9.0,1,23.0,23.333333333333332,4.0,3.666666666666668
Ricki Lake_S13,Ricki Lake,13,4,29.0,9.666666666666666,3,9.0,10.0,1,27.0,24.75,2.0,4.25
Ricki Lake_S13,Ricki Lake,13,5,24.0,8.0,3,8.0,8.0,5,29.0,24.6,-5.0,-0.6000000000000014
Ricki Lake_S13,Ricki Lake,13,6,29.0,9.666666666666666,3,9.0,10.0,2,24.0,25.333333333333332,5.0,3.666666666666668
Ricki Lake_S13,Ricki Lake,13,7,26.5,8.833333333333334,3,8.5,9.0,1,29.0,25.5,-2.5,1.0
Ricki Lake_S13,Ricki Lake,13,8,26.0,8.666666666666666,3,8.5,9.0,3,26.5,25.5625,-0.5,0.4375
Ricki Lake_S13,Ricki Lake,13,9,33.4999,11.166633333333332,3,10.8333,11.3333,1,26.0,26.444433333333333,7.499899999999997,7.055466666666664
Ricki Lake_S13,Ricki Lake,13,10,27.999899999999997,9.3333,3,9.3333,9.3333,3,33.4999,26.59998,-5.5,1.399919999999998
Riker Lynch_S20,Riker Lynch,20,1,31.0,7.75,4,7.0,8.0,2,,31.0,,0.0
Riker Lynch_S20,Riker Lynch,20,2,32.0,8.0,4,8.0,8.0,2,31.0,31.5,1.0,0.5
Riker Lynch_S20,Riker Lynch,20,3,34.0,8.5,4,7.0,9.0,1,32.0,32.333333333333336,2.0,1.6666666666666643
Riker Lynch_S20,Riker Lynch,20,4,34.0,8.5,4,8.0,9.0,5,34.0,32.75,0.0,1.25
Riker Lynch_S20,Riker Lynch,20,5,38.0,9.5,4,9.0,10.0,2,34.0,33.8,4.0,4.200000000000003
Riker Lynch_S20,Riker Lynch,20,6,38.0,9.5,4,8.5,10.0,1,38.0,34.5,0.0,3.5
Riker Lynch_S20,Riker Lynch,20,7,37.0,9.25,4,9.0,10.0,5,38.0,34.857142857142854,-1.0,2.142857142857146
Riker Lynch_S20,Riker Lynch,20,8,39.0,9.75,4,9.0,10.0,2,37.0,35.375,2.0,3.625
Riker Lynch_S20,Riker Lynch,20,9,40.0,10.0,4,10.0,10.0,2,39.0,35.888888888888886,1.0,4.111111111111114
Riker Lynch_S20,Riker Lynch,20,10,40.0,10.0,4,10.0,10.0,1,40.0,36.3,0.0,3.700000000000003
Rob Kardashian_S13,Rob Kardashian,13,1,16.0,5.333333333333333,3,5.0,6.0,9,,16.0,,0.0
Rob Kardashian_S13,Rob Kardashian,13,2,21.0,7.0,3,7.0,7.0,7,16.0,18.5,5.0,2.5
Rob Kardashian_S13,Rob Kardashian,13,3,24.0,8.0,3,8.0,8.0,6,21.0,20.333333333333332,3.0,3.666666666666668
Rob Kardashian_S13,Rob Kardashian,13,4,24.0,8.0,3,8.0,8.0,4,24.0,21.25,0.0,2.75
Rob Kardashian_S13,Rob Kardashian,13,5,25.0,8.333333333333334,3,8.0,9.0,2,24.0,22.0,1.0,3.0
Rob Kardashian_S13,Rob Kardashian,13,6,22.0,7.333333333333333,3,7.0,8.0,5,25.0,22.0,-3.0,0.0
Rob Kardashian_S13,Rob Kardashian,13,7,25.5,8.5,3,8.0,9.0,2,22.0,22.5,3.5,3.0
Rob Kardashian_S13,Rob Kardashian,13,8,25.5,8.5,3,8.5,8.5,4,25.5,22.875,0.0,2.625
Rob Kardashian_S13,Rob Kardashian,13,9,32.4998,10.833266666666667,3,10.6666,11.1666,2,25.5,23.944422222222222,6.9998000000000005,8.555377777777778
Rob Kardashian_S13,Rob Kardashian,13,10,28.333199999999998,9.4444,3,9.4444,9.4444,1,32.4998,24.3833,-4.1666000000000025,3.9498999999999995
Robert Herjavec_S20,Robert Herjavec,20,1,28.0,7.0,4,7.0,7.0,4,,28.0,,0.0
Robert Herjavec_S20,Robert Herjavec,20,2,28.0,7.0,4,7.0,7.0,9,28.0,28.0,0.0,0.0
Robert Herjavec_S20,Robert Herjavec,20,3,29.0,7.25,4,7.0,8.0,6,28.0,28.333333333333332,1.0,0.6666666666666679
Robert Herjavec_S20,Robert Herjavec,20,4,34.0,8.5,4,8.0,9.0,4,29.0,29.75,5.0,4.25
Robert Herjavec_S20,Robert Herjavec,20,5,24.0,6.0,4,6.0,6.0,9,34.0,28.6,-10.0,-4.600000000000001
Robert Herjavec_S20,Robert Herjavec,20,6,33.5,8.375,4,8.0,8.5,8,24.0,29.416666666666668,9.5,4.083333333333332
Robert Herjavec_S20,Robert Herjavec,20,7,31.0,7.75,4,7.0,8.0,6,33.5,29.642857142857142,-2.5,1.3571428571428577
Robert Herjavec_S20,Robert Herjavec,20,8,31.0,7.75,4,7.5,8.5,6,31.0,29.8125,0.0,1.1875
Robert Irwin_S34,Robert Irwin,34,1,15.0,7.5,2,7.0,8.0,2,,15.0,,0.0
Robert Irwin_S34,Robert Irwin,34,2,22.0,7.333333333333333,3,7.0,8.0,2,15.0,18.5,7.0,3.5
Robert Irwin_S34,Robert Irwin,34,3,22.0,7.333333333333333,3,7.0,8.0,5,22.0,19.666666666666668,0.0,2.333333333333332
Robert Irwin_S34,Robert Irwin,34,4,22.0,7.333333333333333,3,7.0,8.0,8,22.0,20.25,0.0,1.75
Robert Irwin_S34,Robert Irwin,34,5,35.0,8.75,4,8.0,9.0,2,22.0,23.2,13.0,11.8
Robert Irwin_S34,Robert Irwin,34,6,36.0,9.0,4,9.0,9.0,4,35.0,25.333333333333332,1.0,10.666666666666668
Robert Irwin_S34,Robert Irwin,34,7,41.0,10.25,4,9.75,10.75,3,36.0,27.571428571428573,5.0,13.428571428571427
Robert Irwin_S34,Robert Irwin,34,8,38.0,9.5,4,9.0,10.0,4,41.0,28.875,-3.0,9.125
Robert Irwin_S34,Robert Irwin,34,9,42.0,10.5,4,10.5,10.5,2,38.0,30.333333333333332,4.0,11.666666666666668
Robert Irwin_S34,Robert Irwin,34,10,29.5,9.833333333333334,3,9.5,10.0,1,42.0,30.25,-12.5,-0.75
Robert Irwin_S34,Robert Irwin,34,11,29.666600000000003,9.888866666666667,3,9.6666,10.0,3,29.5,30.196963636363638,0.16660000000000252,-0.530363636363635
Rocco DiSpirito_S7,Rocco DiSpirito,7,1,17.5,5.833333333333333,3,5.5,6.0,11,,17.5,,0.0
Rocco DiSpirito_S7,Rocco DiSpirito,7,2,16.0,5.333333333333333,3,5.0,6.0,10,17.5,16.75,-1.5,-0.75
Rocco DiSpirito_S7,Rocco DiSpirito,7,3,20.0,6.666666666666667,3,6.0,7.0,8,16.0,17.833333333333332,4.0,2.166666666666668
Rocco DiSpirito_S7,Rocco DiSpirito,7,4,18.0,6.0,3,6.0,6.0,9,20.0,17.875,-2.0,0.125
Romeo_S12,Romeo,12,1,19.0,6.333333333333333,3,6.0,7.0,5,,19.0,,0.0
Romeo_S12,Romeo,12,2,23.0,7.666666666666667,3,7.0,8.0,1,19.0,21.0,4.0,2.0
Romeo_S12,Romeo,12,3,20.0,6.666666666666667,3,6.0,7.0,8,23.0,20.666666666666668,-3.0,-0.6666666666666679
Romeo_S12,Romeo,12,4,23.0,7.666666666666667,3,7.0,8.0,5,20.0,21.25,3.0,1.75
Romeo_S12,Romeo,12,5,26.0,8.666666666666666,3,8.0,9.0,3,23.0,22.2,3.0,3.8000000000000007
Romeo_S12,Romeo,12,6,28.0,9.333333333333334,3,9.0,10.0,2,26.0,23.166666666666668,2.0,4.833333333333332
Romeo_S12,Romeo,12,7,30.0,7.5,4,7.0,8.0,5,28.0,24.142857142857142,2.0,5.857142857142858
Romeo_S12,Romeo,12,8,26.0,8.666666666666666,3,8.5,9.0,4,30.0,24.375,-4.0,1.625
Roshon Fegan_S14,Roshon Fegan,14,1,23.0,7.666666666666667,3,7.0,8.0,6,,23.0,,0.0
Roshon Fegan_S14,Roshon Fegan,14,2,26.0,8.666666666666666,3,8.0,9.0,1,23.0,24.5,3.0,1.5
Roshon Fegan_S14,Roshon Fegan,14,3,25.0,8.333333333333334,3,8.0,9.0,5,26.0,24.666666666666668,-1.0,0.33333333333333215
Roshon Fegan_S14,Roshon Fegan,14,4,26.0,8.666666666666666,3,8.0,9.0,3,25.0,25.0,1.0,1.0
Roshon Fegan_S14,Roshon Fegan,14,5,26.0,8.666666666666666,3,8.0,9.0,5,26.0,25.2,0.0,0.8000000000000007
Roshon Fegan_S14,Roshon Fegan,14,6,27.9998,9.333266666666667,3,8.6666,9.6666,7,26.0,25.666633333333333,1.9998000000000005,2.333166666666667
Roshon Fegan_S14,Roshon Fegan,14,7,26.0,8.666666666666666,3,8.0,9.5,5,27.9998,25.714257142857143,-1.9998000000000005,0.2857428571428571
Roshon Fegan_S14,Roshon Fegan,14,8,28.0,9.333333333333334,3,9.0,9.5,2,26.0,25.999975,2.0,2.000025000000001
Rumer Willis_S20,Rumer Willis,20,1,32.0,8.0,4,8.0,8.0,1,,32.0,,0.0
Rumer Willis_S20,Rumer Willis,20,2,32.0,8.0,4,8.0,8.0,3,32.0,32.0,0.0,0.0
Rumer Willis_S20,Rumer Willis,20,3,33.0,8.25,4,8.0,9.0,3,32.0,32.333333333333336,1.0,0.6666666666666643
Rumer Willis_S20,Rumer Willis,20,4,35.0,8.75,4,8.0,9.0,3,33.0,33.0,2.0,2.0
Rumer Willis_S20,Rumer Willis,20,5,39.0,9.75,4,9.0,10.0,1,35.0,34.2,4.0,4.799999999999997
Rumer Willis_S20,Rumer Willis,20,6,35.5,8.875,4,8.5,9.5,4,39.0,34.416666666666664,-3.5,1.0833333333333357
Rumer Willis_S20,Rumer Willis,20,7,37.0,9.25,4,8.5,9.5,4,35.5,34.785714285714285,1.5,2.2142857142857153
Rumer Willis_S20,Rumer Willis,20,8,40.0,10.0,4,10.0,10.0,1,37.0,35.4375,3.0,4.5625
Rumer Willis_S20,Rumer Willis,20,9,39.0,9.75,4,9.5,10.0,3,40.0,35.833333333333336,-1.0,3.1666666666666643
Rumer Willis_S20,Rumer Willis,20,10,40.0,10.0,4,10.0,10.0,2,39.0,36.25,1.0,3.75
Ryan Lochte_S23,Ryan Lochte,23,1,24.0,6.0,4,6.0,6.0,10,,24.0,,0.0
Ryan Lochte_S23,Ryan Lochte,23,2,24.0,6.0,4,6.0,6.0,11,24.0,24.0,0.0,0.0
Ryan Lochte_S23,Ryan Lochte,23,3,25.0,6.25,4,6.0,7.0,9,24.0,24.333333333333332,1.0,0.6666666666666679
Ryan Lochte_S23,Ryan Lochte,23,4,22.0,7.333333333333333,3,7.0,8.0,9,25.0,23.75,-3.0,-1.75
Ryan Lochte_S23,Ryan Lochte,23,5,24.0,8.0,3,8.0,8.0,6,22.0,23.8,2.0,0.1999999999999993
Ryan Lochte_S23,Ryan Lochte,23,6,30.0,7.5,4,7.0,8.0,8,24.0,24.833333333333332,6.0,5.166666666666668
Ryan Lochte_S23,Ryan Lochte,23,7,33.0,8.25,4,8.0,8.5,7,30.0,26.0,3.0,7.0
Ryan Lochte_S23,Ryan Lochte,23,8,26.0,8.666666666666666,3,8.0,9.0,5,33.0,26.0,-7.0,0.0
Sabrina Bryan_S15,Sabrina Bryan,15,1,22.5,7.5,3,7.5,7.5,3,,22.5,,0.0
Sabrina Bryan_S15,Sabrina Bryan,15,2,26.0,8.666666666666666,3,8.5,9.0,1,22.5,24.25,3.5,1.75
Sabrina Bryan_S15,Sabrina Bryan,15,3,25.5,8.5,3,8.5,8.5,5,26.0,24.666666666666668,-0.5,0.8333333333333321
Sabrina Bryan_S15,Sabrina Bryan,15,4,35.5,8.875,4,8.5,9.0,6,25.5,27.375,10.0,8.125
Sabrina Bryan_S15,Sabrina Bryan,15,5,29.25,9.75,3,9.75,9.75,1,35.5,27.75,-6.25,1.5
Sabrina Bryan_S15,Sabrina Bryan,15,6,30.0,10.0,3,10.0,10.0,1,29.25,28.125,0.75,1.875
Sabrina Bryan_S5,Sabrina Bryan,5,1,26.0,8.666666666666666,3,8.0,9.0,1,,26.0,,0.0
Sabrina Bryan_S5,Sabrina Bryan,5,2,26.0,8.666666666666666,3,8.0,9.0,2,26.0,26.0,0.0,0.0
Sabrina Bryan_S5,Sabrina Bryan,5,3,27.0,9.0,3,9.0,9.0,1,26.0,26.333333333333332,1.0,0.6666666666666679
Sabrina Bryan_S5,Sabrina Bryan,5,4,30.0,10.0,3,10.0,10.0,1,27.0,27.25,3.0,2.75
Sabrina Bryan_S5,Sabrina Bryan,5,5,28.0,9.333333333333334,3,9.0,10.0,2,30.0,27.4,-2.0,0.6000000000000014
Sabrina Bryan_S5,Sabrina Bryan,5,6,25.0,8.333333333333334,3,8.0,9.0,5,28.0,27.0,-3.0,-2.0
Sadie Robertson_S19,Sadie Robertson,19,1,34.0,8.5,4,8.0,9.0,2,,34.0,,0.0
Sadie Robertson_S19,Sadie Robertson,19,2,31.0,7.75,4,7.0,8.0,6,34.0,32.5,-3.0,-1.5
Sadie Robertson_S19,Sadie Robertson,19,3,32.0,8.0,4,8.0,8.0,6,31.0,32.333333333333336,1.0,-0.3333333333333357
Sadie Robertson_S19,Sadie Robertson,19,4,37.0,9.25,4,9.0,10.0,3,32.0,33.5,5.0,3.5
Sadie Robertson_S19,Sadie Robertson,19,5,36.0,9.0,4,9.0,9.0,1,37.0,34.0,-1.0,2.0
Sadie Robertson_S19,Sadie Robertson,19,6,35.0,8.75,4,8.0,10.0,3,36.0,34.166666666666664,-1.0,0.8333333333333357
Sadie Robertson_S19,Sadie Robertson,19,7,31.0,7.75,4,7.5,8.0,5,35.0,33.714285714285715,-4.0,-2.7142857142857153
Sadie Robertson_S19,Sadie Robertson,19,8,38.0,9.5,4,9.0,10.0,4,31.0,34.25,7.0,3.75
Sadie Robertson_S19,Sadie Robertson,19,9,36.5,9.125,4,9.0,9.5,4,38.0,34.5,-1.5,2.0
Sadie Robertson_S19,Sadie Robertson,19,10,37.0,9.25,4,9.0,9.5,4,36.5,34.75,0.5,2.25
Sadie Robertson_S19,Sadie Robertson,19,11,39.333200000000005,9.833300000000001,4,9.6666,10.0,2,37.0,35.16665454545455,2.333200000000005,4.1665454545454566
Sailor Brinkley-Cook_S28,Sailor Brinkley-Cook,28,1,18.0,6.0,3,6.0,6.0,4,,18.0,,0.0
Sailor Brinkley-Cook_S28,Sailor Brinkley-Cook,28,2,18.0,6.0,3,6.0,6.0,8,18.0,18.0,0.0,0.0
Sailor Brinkley-Cook_S28,Sailor Brinkley-Cook,28,3,23.0,7.666666666666667,3,7.0,8.0,4,18.0,19.666666666666668,5.0,3.333333333333332
Sailor Brinkley-Cook_S28,Sailor Brinkley-Cook,28,4,31.0,7.75,4,7.0,8.0,5,23.0,22.5,8.0,8.5
Sailor Brinkley-Cook_S28,Sailor Brinkley-Cook,28,5,24.0,8.0,3,8.0,8.0,5,31.0,22.8,-7.0,1.1999999999999993
Sailor Brinkley-Cook_S28,Sailor Brinkley-Cook,28,6,27.0,9.0,3,9.0,9.0,2,24.0,23.5,3.0,3.5
Sam Champion_S31,Sam Champion,31,1,20.0,5.0,4,5.0,5.0,12,,20.0,,0.0
Sam Champion_S31,Sam Champion,31,2,26.0,6.5,4,6.0,7.0,11,20.0,23.0,6.0,3.0
Sam Champion_S31,Sam Champion,31,3,25.0,6.25,4,6.0,7.0,12,26.0,23.666666666666668,-1.0,1.3333333333333321
Sam Champion_S31,Sam Champion,31,4,25.0,6.25,4,6.0,7.0,13,25.0,24.0,0.0,1.0
Sara Evans_S3,Sara Evans,3,1,15.0,5.0,3,5.0,5.0,10,,15.0,,0.0
Sara Evans_S3,Sara Evans,3,2,21.0,7.0,3,7.0,7.0,9,15.0,18.0,6.0,3.0
Sara Evans_S3,Sara Evans,3,3,25.0,8.333333333333334,3,8.0,9.0,3,21.0,20.333333333333332,4.0,4.666666666666668
Sara Evans_S3,Sara Evans,3,4,20.0,6.666666666666667,3,6.0,7.0,8,25.0,20.25,-5.0,-0.25
Sara Evans_S3,Sara Evans,3,5,24.0,8.0,3,8.0,8.0,6,20.0,21.0,4.0,3.0
Sasha Pieterse_S25,Sasha Pieterse,25,1,18.0,6.0,3,6.0,6.0,9,,18.0,,0.0
Sasha Pieterse_S25,Sasha Pieterse,25,2,22.5,7.5,3,7.0,8.0,5,18.0,20.25,4.5,2.25
Sasha Pieterse_S25,Sasha Pieterse,25,3,19.0,6.333333333333333,3,6.0,7.0,11,22.5,19.833333333333332,-3.5,-0.8333333333333321
Sasha Pieterse_S25,Sasha Pieterse,25,4,24.0,8.0,3,8.0,8.0,5,19.0,20.875,5.0,3.125
Sasha Pieterse_S25,Sasha Pieterse,25,5,24.0,8.0,3,8.0,8.0,9,24.0,21.5,0.0,2.5
Scott Hoying_S34,Scott Hoying,34,1,10.0,5.0,2,5.0,5.0,11,,10.0,,0.0
Scott Hoying_S34,Scott Hoying,34,2,18.0,6.0,3,6.0,6.0,12,10.0,14.0,8.0,4.0
Scott Hoying_S34,Scott Hoying,34,3,22.0,7.333333333333333,3,7.0,8.0,7,18.0,16.666666666666668,4.0,5.333333333333332
Scott Hoying_S34,Scott Hoying,34,4,21.0,7.0,3,7.0,7.0,10,22.0,17.75,-1.0,3.25
Scott Hoying_S34,Scott Hoying,34,5,30.0,7.5,4,7.0,8.0,7,21.0,20.2,9.0,9.8
Scott Hoying_S34,Scott Hoying,34,6,28.0,7.0,4,7.0,7.0,9,30.0,21.5,-2.0,6.5
Sean Avery_S18,Sean Avery,18,1,20.0,6.666666666666667,3,6.0,7.0,10,,20.0,,0.0
Sean Avery_S18,Sean Avery,18,2,21.0,7.0,3,7.0,7.0,9,20.0,20.5,1.0,0.5
Sean Lowe_S16,Sean Lowe,16,1,19.0,6.333333333333333,3,6.0,7.0,7,,19.0,,0.0
Sean Lowe_S16,Sean Lowe,16,2,20.0,6.666666666666667,3,6.0,7.0,6,19.0,19.5,1.0,0.5
Sean Lowe_S16,Sean Lowe,16,3,21.0,7.0,3,7.0,7.0,6,20.0,20.0,1.0,1.0
Sean Lowe_S16,Sean Lowe,16,4,20.0,6.666666666666667,3,6.0,7.0,8,21.0,20.0,-1.0,0.0
Sean Lowe_S16,Sean Lowe,16,5,24.0,8.0,3,8.0,8.0,5,20.0,20.8,4.0,3.1999999999999993
Sean Lowe_S16,Sean Lowe,16,6,23.0,7.666666666666667,3,7.5,8.0,4,24.0,21.166666666666668,-1.0,1.8333333333333321
Sean Lowe_S16,Sean Lowe,16,7,24.0,8.0,3,8.0,8.0,6,23.0,21.571428571428573,1.0,2.428571428571427
Sean Lowe_S16,Sean Lowe,16,8,21.0,7.0,3,7.0,7.0,6,24.0,21.5,-3.0,-0.5
Sean Spicer_S28,Sean Spicer,28,1,12.0,4.0,3,4.0,4.0,11,,12.0,,0.0
Sean Spicer_S28,Sean Spicer,28,2,16.0,5.333333333333333,3,5.0,6.0,9,12.0,14.0,4.0,2.0
Sean Spicer_S28,Sean Spicer,28,3,15.0,5.0,3,5.0,5.0,9,16.0,14.333333333333334,-1.0,0.6666666666666661
Sean Spicer_S28,Sean Spicer,28,4,21.0,5.25,4,5.0,6.0,9,15.0,16.0,6.0,5.0
Sean Spicer_S28,Sean Spicer,28,5,19.0,6.333333333333333,3,6.0,7.0,9,21.0,16.6,-2.0,2.3999999999999986
Sean Spicer_S28,Sean Spicer,28,6,21.0,7.0,3,7.0,7.0,9,19.0,17.333333333333332,2.0,3.666666666666668
Sean Spicer_S28,Sean Spicer,28,7,21.0,7.0,3,7.0,7.0,8,21.0,17.857142857142858,0.0,3.1428571428571423
Sean Spicer_S28,Sean Spicer,28,8,20.0,6.666666666666667,3,6.0,7.0,7,21.0,18.125,-1.0,1.875
Sean Spicer_S28,Sean Spicer,28,9,25.0,6.25,4,6.0,6.5,6,20.0,18.88888888888889,5.0,6.111111111111111
Selma Blair_S31,Selma Blair,31,1,28.0,7.0,4,7.0,7.0,5,,28.0,,0.0
Selma Blair_S31,Selma Blair,31,2,28.0,7.0,4,7.0,7.0,7,28.0,28.0,0.0,0.0
Selma Blair_S31,Selma Blair,31,3,28.0,7.0,4,7.0,7.0,9,28.0,28.0,0.0,0.0
Selma Blair_S31,Selma Blair,31,4,32.0,8.0,4,8.0,8.0,7,28.0,29.0,4.0,3.0
Selma Blair_S31,Selma Blair,31,5,40.0,10.0,4,10.0,10.0,4,32.0,31.2,8.0,8.8
Shandi Finnessey_S4,Shandi Finnessey,4,1,19.0,6.333333333333333,3,6.0,7.0,5,,19.0,,0.0
Shandi Finnessey_S4,Shandi Finnessey,4,2,20.0,6.666666666666667,3,6.0,7.0,10,19.0,19.5,1.0,0.5
Shandi Finnessey_S4,Shandi Finnessey,4,3,21.0,7.0,3,7.0,7.0,6,20.0,20.0,1.0,1.0
Shangela_S31,Shangela,31,1,28.0,7.0,4,7.0,7.0,4,,28.0,,0.0
Shangela_S31,Shangela,31,2,28.0,7.0,4,7.0,7.0,8,28.0,28.0,0.0,0.0
Shangela_S31,Shangela,31,3,30.0,7.5,4,7.0,8.0,6,28.0,28.666666666666668,2.0,1.3333333333333321
Shangela_S31,Shangela,31,4,32.0,8.0,4,8.0,8.0,6,30.0,29.5,2.0,2.5
Shangela_S31,Shangela,31,5,38.5,9.625,4,9.25,9.75,6,32.0,31.3,6.5,7.199999999999999
Shangela_S31,Shangela,31,6,36.0,9.0,4,9.0,9.0,4,38.5,32.083333333333336,-2.5,3.9166666666666643
Shangela_S31,Shangela,31,7,36.5,9.125,4,9.0,9.5,4,36.0,32.714285714285715,0.5,3.7857142857142847
Shangela_S31,Shangela,31,8,42.0,10.5,4,10.25,11.25,3,36.5,33.875,5.5,8.125
Shangela_S31,Shangela,31,9,36.5,9.125,4,9.0,9.5,4,42.0,34.166666666666664,-5.5,2.3333333333333357
Shangela_S31,Shangela,31,10,38.0,9.5,4,9.5,9.5,3,36.5,34.55,1.5,3.450000000000003
Shanna Moakler_S3,Shanna Moakler,3,1,18.0,6.0,3,5.0,7.0,7,,18.0,,0.0
Shanna Moakler_S3,Shanna Moakler,3,2,22.0,7.333333333333333,3,7.0,8.0,6,18.0,20.0,4.0,2.0
Shannen Doherty_S10,Shannen Doherty,10,1,18.0,6.0,3,6.0,6.0,8,,18.0,,0.0
Shannen Doherty_S10,Shannen Doherty,10,2,20.0,6.666666666666667,3,6.0,7.0,6,18.0,19.0,2.0,1.0
Shannon Elizabeth_S6,Shannon Elizabeth,6,1,21.0,7.0,3,7.0,7.0,7,,21.0,,0.0
Shannon Elizabeth_S6,Shannon Elizabeth,6,2,24.0,8.0,3,8.0,8.0,4,21.0,22.5,3.0,1.5
Shannon Elizabeth_S6,Shannon Elizabeth,6,3,24.0,8.0,3,8.0,8.0,4,24.0,23.0,0.0,1.0
Shannon Elizabeth_S6,Shannon Elizabeth,6,4,28.0,9.333333333333334,3,9.0,10.0,3,24.0,24.25,4.0,3.75
Shannon Elizabeth_S6,Shannon Elizabeth,6,5,23.0,7.666666666666667,3,7.0,8.0,5,28.0,24.0,-5.0,-1.0
Shannon Elizabeth_S6,Shannon Elizabeth,6,6,24.0,8.0,3,8.0,8.0,5,23.0,24.0,1.0,0.0
Shannon Elizabeth_S6,Shannon Elizabeth,6,7,25.5,8.5,3,8.5,8.5,5,24.0,24.214285714285715,1.5,1.2857142857142847
Shawn Johnson_S15,Shawn Johnson,15,1,22.0,7.333333333333333,3,6.5,8.0,4,,22.0,,0.0
Shawn Johnson_S15,Shawn Johnson,15,2,25.0,8.333333333333334,3,8.0,8.5,3,22.0,23.5,3.0,1.5
Shawn Johnson_S15,Shawn Johnson,15,3,26.5,8.833333333333334,3,8.0,9.5,3,25.0,24.5,1.5,2.0
Shawn Johnson_S15,Shawn Johnson,15,4,39.5,9.875,4,9.5,10.0,1,26.5,28.25,13.0,11.25
Shawn Johnson_S15,Shawn Johnson,15,5,28.25,9.416666666666666,3,9.0,10.0,2,39.5,28.25,-11.25,0.0
Shawn Johnson_S15,Shawn Johnson,15,6,28.0,9.333333333333334,3,8.5,10.0,4,28.25,28.208333333333332,-0.25,-0.20833333333333215
Shawn Johnson_S15,Shawn Johnson,15,7,37.9998,12.6666,3,12.6666,12.6666,2,28.0,29.607114285714285,9.9998,8.392685714285715
Shawn Johnson_S15,Shawn Johnson,15,8,27.8333,9.277766666666666,3,8.3333,10.0,6,37.9998,29.3853875,-10.1665,-1.552087499999999
Shawn Johnson_S15,Shawn Johnson,15,9,29.5,9.833333333333334,3,9.5,10.0,1,27.8333,29.398122222222224,1.6666999999999987,0.1018777777777764
Shawn Johnson_S15,Shawn Johnson,15,10,28.9443,9.6481,3,9.5,9.7777,3,29.5,29.35274,-0.5557000000000016,-0.40844000000000236
Shawn Johnson_S8,Shawn Johnson,8,1,23.0,7.666666666666667,3,7.0,8.0,3,,23.0,,0.0
Shawn Johnson_S8,Shawn Johnson,8,2,24.0,8.0,3,8.0,8.0,3,23.0,23.5,1.0,0.5
Shawn Johnson_S8,Shawn Johnson,8,3,27.0,9.0,3,9.0,9.0,3,24.0,24.666666666666668,3.0,2.333333333333332
Shawn Johnson_S8,Shawn Johnson,8,4,25.0,8.333333333333334,3,8.0,9.0,4,27.0,24.75,-2.0,0.25
Shawn Johnson_S8,Shawn Johnson,8,5,26.0,8.666666666666666,3,8.0,9.0,2,25.0,25.0,1.0,1.0
Shawn Johnson_S8,Shawn Johnson,8,6,26.0,8.666666666666666,3,8.0,9.0,3,26.0,25.166666666666668,0.0,0.8333333333333321
Shawn Johnson_S8,Shawn Johnson,8,7,28.0,9.333333333333334,3,9.0,10.0,2,26.0,25.571428571428573,2.0,2.428571428571427
Shawn Johnson_S8,Shawn Johnson,8,8,26.0,8.666666666666666,3,8.0,9.0,3,28.0,25.625,-2.0,0.375
Shawn Johnson_S8,Shawn Johnson,8,9,28.0,9.333333333333334,3,9.0,9.5,3,26.0,25.88888888888889,2.0,2.1111111111111107
Shawn Johnson_S8,Shawn Johnson,8,10,28.0,9.333333333333334,3,9.0,9.5,2,28.0,26.1,0.0,1.8999999999999986
Shawn Johnson_S8,Shawn Johnson,8,11,30.0,10.0,3,10.0,10.0,1,28.0,26.454545454545453,2.0,3.5454545454545467
Sherri Sheperd_S14,Sherri Sheperd,14,1,23.0,7.666666666666667,3,7.0,8.0,4,,23.0,,0.0
Sherri Sheperd_S14,Sherri Sheperd,14,2,23.0,7.666666666666667,3,7.0,8.0,6,23.0,23.0,0.0,0.0
Sherri Sheperd_S14,Sherri Sheperd,14,3,24.0,8.0,3,8.0,8.0,7,23.0,23.333333333333332,1.0,0.6666666666666679
Sherri Sheperd_S14,Sherri Sheperd,14,4,21.0,7.0,3,7.0,7.0,9,24.0,22.75,-3.0,-1.75
Simone Biles_S24,Simone Biles,24,1,32.0,8.0,4,8.0,8.0,1,,32.0,,0.0
Simone Biles_S24,Simone Biles,24,2,29.0,7.25,4,7.0,8.0,4,32.0,30.5,-3.0,-1.5
Simone Biles_S24,Simone Biles,24,3,32.0,8.0,4,7.0,9.0,4,29.0,31.0,3.0,1.0
Simone Biles_S24,Simone Biles,24,4,36.0,9.0,4,9.0,9.0,2,32.0,32.25,4.0,3.75
Simone Biles_S24,Simone Biles,24,5,38.0,9.5,4,9.0,10.0,2,36.0,33.4,2.0,4.600000000000001
Simone Biles_S24,Simone Biles,24,6,34.5,8.625,4,8.5,9.0,4,38.0,33.583333333333336,-3.5,0.9166666666666643
Simone Biles_S24,Simone Biles,24,7,39.0,9.75,4,9.5,10.5,3,34.5,34.357142857142854,4.5,4.642857142857146
Simone Biles_S24,Simone Biles,24,8,36.0,9.0,4,9.0,9.0,3,39.0,34.5625,-3.0,1.4375
Simone Biles_S24,Simone Biles,24,9,40.0,10.0,4,10.0,10.0,1,36.0,35.166666666666664,4.0,4.833333333333336
Skai Jackson_S29,Skai Jackson,29,1,21.0,7.0,3,7.0,7.0,1,,21.0,,0.0
Skai Jackson_S29,Skai Jackson,29,2,15.0,5.0,3,5.0,5.0,14,21.0,18.0,-6.0,-3.0
Skai Jackson_S29,Skai Jackson,29,3,18.0,6.0,3,6.0,6.0,11,15.0,18.0,3.0,0.0
Skai Jackson_S29,Skai Jackson,29,4,28.0,9.333333333333334,3,9.0,10.0,1,18.0,20.5,10.0,7.5
Skai Jackson_S29,Skai Jackson,29,5,24.0,8.0,3,8.0,8.0,7,28.0,21.2,-4.0,2.8000000000000007
Skai Jackson_S29,Skai Jackson,29,6,18.0,6.0,3,6.0,6.0,11,24.0,20.666666666666668,-6.0,-2.666666666666668
Skai Jackson_S29,Skai Jackson,29,7,27.0,9.0,3,9.0,9.0,4,18.0,21.571428571428573,9.0,5.428571428571427
Skai Jackson_S29,Skai Jackson,29,8,26.9998,8.999933333333333,3,8.6666,9.6666,7,27.0,22.249975,-0.00019999999999953388,4.749825000000001
Skai Jackson_S29,Skai Jackson,29,9,28.9998,9.6666,3,9.6666,9.6666,4,26.9998,22.999955555555555,2.0,5.999844444444445
Skai Jackson_S29,Skai Jackson,29,10,28.5,9.5,3,9.5,9.5,5,28.9998,23.54996,-0.49980000000000047,4.950040000000001
Stacy Keibler_S2,Stacy Keibler,2,1,22.0,7.333333333333333,3,6.0,8.0,4,,22.0,,0.0
Stacy Keibler_S2,Stacy Keibler,2,2,29.0,9.666666666666666,3,9.0,10.0,1,22.0,25.5,7.0,3.5
Stacy Keibler_S2,Stacy Keibler,2,3,27.0,9.0,3,9.0,9.0,2,29.0,26.0,-2.0,1.0
Stacy Keibler_S2,Stacy Keibler,2,4,26.0,8.666666666666666,3,8.0,9.0,2,27.0,26.0,-1.0,0.0
Stacy Keibler_S2,Stacy Keibler,2,5,30.0,10.0,3,10.0,10.0,1,26.0,26.8,4.0,3.1999999999999993
Stacy Keibler_S2,Stacy Keibler,2,6,30.0,10.0,3,10.0,10.0,2,30.0,27.333333333333332,0.0,2.666666666666668
Stacy Keibler_S2,Stacy Keibler,2,7,27.5,9.166666666666666,3,9.0,9.5,1,30.0,27.357142857142858,-2.5,0.14285714285714235
Stacy Keibler_S2,Stacy Keibler,2,8,28.6665,9.5555,3,9.3333,9.6666,2,27.5,27.520812499999998,1.1664999999999992,1.145687500000001
Stephen Nedoroscik_S33,Stephen Nedoroscik,33,1,21.0,7.0,3,7.0,7.0,4,,21.0,,0.0
Stephen Nedoroscik_S33,Stephen Nedoroscik,33,2,22.0,7.333333333333333,3,7.0,8.0,2,21.0,21.5,1.0,0.5
Stephen Nedoroscik_S33,Stephen Nedoroscik,33,3,31.0,7.75,4,7.5,8.0,4,22.0,24.666666666666668,9.0,6.333333333333332
Stephen Nedoroscik_S33,Stephen Nedoroscik,33,4,33.0,8.25,4,8.0,9.0,3,31.0,26.75,2.0,6.25
Stephen Nedoroscik_S33,Stephen Nedoroscik,33,5,24.0,8.0,3,8.0,8.0,8,33.0,26.2,-9.0,-2.1999999999999993
Stephen Nedoroscik_S33,Stephen Nedoroscik,33,6,28.0,9.333333333333334,3,9.0,10.0,5,24.0,26.5,4.0,1.5
Stephen Nedoroscik_S33,Stephen Nedoroscik,33,7,27.0,9.0,3,8.5,9.5,3,28.0,26.571428571428573,-1.0,0.42857142857142705
Stephen Nedoroscik_S33,Stephen Nedoroscik,33,8,26.5,8.833333333333334,3,8.5,9.0,5,27.0,26.5625,-0.5,-0.0625
Stephen Nedoroscik_S33,Stephen Nedoroscik,33,9,29.5,9.833333333333334,3,9.5,10.0,2,26.5,26.88888888888889,3.0,2.6111111111111107
Steve Guttenberg_S6,Steve Guttenberg,6,1,18.0,6.0,3,6.0,6.0,9,,18.0,,0.0
Steve Guttenberg_S6,Steve Guttenberg,6,2,16.0,5.333333333333333,3,5.0,6.0,11,18.0,17.0,-2.0,-1.0
Steve Guttenberg_S6,Steve Guttenberg,6,3,21.0,7.0,3,7.0,7.0,9,16.0,18.333333333333332,5.0,2.666666666666668
Steve Wozniak_S8,Steve Wozniak,8,1,13.0,4.333333333333333,3,4.0,5.0,13,,13.0,,0.0
Steve Wozniak_S8,Steve Wozniak,8,2,17.0,5.666666666666667,3,5.0,6.0,12,13.0,15.0,4.0,2.0
Steve Wozniak_S8,Steve Wozniak,8,3,10.0,3.3333333333333335,3,3.0,4.0,12,17.0,13.333333333333334,-7.0,-3.333333333333334
Steve Wozniak_S8,Steve Wozniak,8,4,12.0,4.0,3,4.0,4.0,11,10.0,13.0,2.0,-1.0
Steve-O_S8,Steve-O,8,1,17.0,5.666666666666667,3,5.0,6.0,9,,17.0,,0.0
Steve-O_S8,Steve-O,8,2,14.0,4.666666666666667,3,4.0,5.0,13,17.0,15.5,-3.0,-1.5
Steve-O_S8,Steve-O,8,3,15.0,5.0,3,5.0,5.0,11,14.0,15.333333333333334,1.0,-0.3333333333333339
Steve-O_S8,Steve-O,8,4,15.0,5.0,3,5.0,5.0,10,15.0,15.25,0.0,-0.25
Steve-O_S8,Steve-O,8,5,18.0,6.0,3,6.0,6.0,9,15.0,15.8,3.0,2.1999999999999993
Steve-O_S8,Steve-O,8,6,16.0,5.333333333333333,3,4.0,7.0,8,18.0,15.833333333333334,-2.0,0.16666666666666607
Sugar Ray Leonard_S12,Sugar Ray Leonard,12,1,17.0,5.666666666666667,3,5.0,6.0,9,,17.0,,0.0
Sugar Ray Leonard_S12,Sugar Ray Leonard,12,2,17.0,5.666666666666667,3,5.0,6.0,10,17.0,17.0,0.0,0.0
Sugar Ray Leonard_S12,Sugar Ray Leonard,12,3,20.0,6.666666666666667,3,6.0,7.0,9,17.0,18.0,3.0,2.0
Sugar Ray Leonard_S12,Sugar Ray Leonard,12,4,21.0,7.0,3,7.0,7.0,8,20.0,18.75,1.0,2.25
Suni Lee_S30,Suni Lee,30,1,28.0,7.0,4,7.0,7.0,3,,28.0,,0.0
Suni Lee_S30,Suni Lee,30,2,28.0,7.0,4,7.0,7.0,4,28.0,28.0,0.0,0.0
Suni Lee_S30,Suni Lee,30,3,21.0,7.0,3,7.0,7.0,7,28.0,25.666666666666668,-7.0,-4.666666666666668
Suni Lee_S30,Suni Lee,30,4,34.0,8.5,4,8.0,9.0,4,21.0,27.75,13.0,6.25
Suni Lee_S30,Suni Lee,30,5,36.0,9.0,4,9.0,9.0,4,34.0,29.4,2.0,6.600000000000001
Suni Lee_S30,Suni Lee,30,6,36.0,9.0,4,9.0,9.0,6,36.0,30.5,0.0,5.5
Suni Lee_S30,Suni Lee,30,7,34.0,8.5,4,8.25,9.25,7,36.0,31.0,-2.0,3.0
Suni Lee_S30,Suni Lee,30,8,42.0,10.5,4,10.5,10.5,1,34.0,32.375,8.0,9.625
Suni Lee_S30,Suni Lee,30,9,37.5,9.375,4,9.0,10.0,3,42.0,32.94444444444444,-4.5,4.555555555555557
Susan Lucci_S7,Susan Lucci,7,1,18.5,6.166666666666667,3,6.0,6.5,9,,18.5,,0.0
Susan Lucci_S7,Susan Lucci,7,2,21.0,7.0,3,7.0,7.0,4,18.5,19.75,2.5,1.25
Susan Lucci_S7,Susan Lucci,7,3,21.0,7.0,3,7.0,7.0,7,21.0,20.166666666666668,0.0,0.8333333333333321
Susan Lucci_S7,Susan Lucci,7,4,24.0,8.0,3,8.0,8.0,3,21.0,21.125,3.0,2.875
Susan Lucci_S7,Susan Lucci,7,5,22.0,7.333333333333333,3,7.0,8.0,5,24.0,21.3,-2.0,0.6999999999999993
Susan Lucci_S7,Susan Lucci,7,6,23.0,7.666666666666667,3,7.0,8.0,5,22.0,21.583333333333332,1.0,1.4166666666666679
Susan Lucci_S7,Susan Lucci,7,7,24.0,8.0,3,8.0,8.0,4,23.0,21.928571428571427,1.0,2.071428571428573
Suzanne Somers_S20,Suzanne Somers,20,1,25.0,6.25,4,6.0,7.0,9,,25.0,,0.0
Suzanne Somers_S20,Suzanne Somers,20,2,28.0,7.0,4,7.0,7.0,7,25.0,26.5,3.0,1.5
Suzanne Somers_S20,Suzanne Somers,20,3,25.0,6.25,4,6.0,7.0,8,28.0,26.0,-3.0,-1.0
Suzanne Somers_S20,Suzanne Somers,20,4,28.0,7.0,4,7.0,7.0,9,25.0,26.5,3.0,1.5
Suzanne Somers_S20,Suzanne Somers,20,5,28.0,7.0,4,7.0,7.0,5,28.0,26.8,0.0,1.1999999999999993
Tamar Braxton_S21,Tamar Braxton,21,1,23.0,7.666666666666667,3,7.0,8.0,3,,23.0,,0.0
Tamar Braxton_S21,Tamar Braxton,21,2,24.5,8.166666666666666,3,8.0,8.5,1,23.0,23.75,1.5,0.75
Tamar Braxton_S21,Tamar Braxton,21,3,33.0,8.25,4,8.0,9.0,4,24.5,26.833333333333332,8.5,6.166666666666668
Tamar Braxton_S21,Tamar Braxton,21,4,27.0,9.0,3,9.0,9.0,4,33.0,26.875,-6.0,0.125
Tamar Braxton_S21,Tamar Braxton,21,5,29.0,7.25,4,7.0,8.0,8,27.0,27.3,2.0,1.6999999999999993
Tamar Braxton_S21,Tamar Braxton,21,6,40.0,10.0,4,10.0,10.0,1,29.0,29.416666666666668,11.0,10.583333333333332
Tamar Braxton_S21,Tamar Braxton,21,7,27.0,9.0,3,9.0,9.0,7,40.0,29.071428571428573,-13.0,-2.071428571428573
Tamar Braxton_S21,Tamar Braxton,21,8,28.0,9.333333333333334,3,9.0,10.0,3,27.0,28.9375,1.0,-0.9375
Tamar Braxton_S21,Tamar Braxton,21,9,24.5,8.166666666666666,3,8.0,8.5,6,28.0,28.444444444444443,-3.5,-3.944444444444443
Tatum O'Neal_S2,Tatum O'Neal,2,1,23.0,7.666666666666667,3,7.0,8.0,3,,23.0,,0.0
Tatum O'Neal_S2,Tatum O'Neal,2,2,17.0,5.666666666666667,3,5.0,6.0,8,23.0,20.0,-6.0,-3.0
Tavis Smiley_S19,Tavis Smiley,19,1,29.0,7.25,4,7.0,8.0,7,,29.0,,0.0
Tavis Smiley_S19,Tavis Smiley,19,2,28.0,7.0,4,7.0,7.0,10,29.0,28.5,-1.0,-0.5
Ted McGinley_S7,Ted McGinley,7,1,18.5,6.166666666666667,3,6.0,6.5,8,,18.5,,0.0
Teresa Giudice_S31,Teresa Giudice,31,1,20.0,5.0,4,5.0,5.0,14,,20.0,,0.0
Teresa Giudice_S31,Teresa Giudice,31,2,23.0,5.75,4,5.0,6.0,14,20.0,21.5,3.0,1.5
Terra Jole_S23,Terra Jole,23,1,25.0,6.25,4,6.0,7.0,8,,25.0,,0.0
Terra Jole_S23,Terra Jole,23,2,31.0,7.75,4,7.0,8.0,2,25.0,28.0,6.0,3.0
Terra Jole_S23,Terra Jole,23,3,30.0,7.5,4,7.0,8.0,3,31.0,28.666666666666668,-1.0,1.3333333333333321
Terra Jole_S23,Terra Jole,23,4,25.0,8.333333333333334,3,8.0,9.0,3,30.0,27.75,-5.0,-2.75
Terra Jole_S23,Terra Jole,23,5,27.0,9.0,3,9.0,9.0,3,25.0,27.6,2.0,-0.6000000000000014
Terra Jole_S23,Terra Jole,23,6,30.0,7.5,4,7.0,8.0,7,27.0,28.0,3.0,2.0
Terra Jole_S23,Terra Jole,23,7,34.5,8.625,4,8.5,9.0,4,30.0,28.928571428571427,4.5,5.571428571428573
Terra Jole_S23,Terra Jole,23,8,24.0,8.0,3,8.0,8.0,6,34.5,28.3125,-10.5,-4.3125
Terra Jole_S23,Terra Jole,23,9,38.0,9.5,4,9.0,10.0,3,24.0,29.38888888888889,14.0,8.61111111111111
Terra Jole_S23,Terra Jole,23,10,30.0,10.0,3,10.0,10.0,1,38.0,29.45,-8.0,0.5500000000000007
Terrell Owens_S25,Terrell Owens,25,1,15.0,5.0,3,5.0,5.0,12,,15.0,,0.0
Terrell Owens_S25,Terrell Owens,25,2,19.5,6.5,3,6.0,7.0,10,15.0,17.25,4.5,2.25
Terrell Owens_S25,Terrell Owens,25,3,21.0,7.0,3,7.0,7.0,10,19.5,18.5,1.5,2.5
Terrell Owens_S25,Terrell Owens,25,4,24.0,8.0,3,8.0,8.0,8,21.0,19.875,3.0,4.125
Terrell Owens_S25,Terrell Owens,25,5,25.0,8.333333333333334,3,8.0,9.0,6,24.0,20.9,1.0,4.100000000000001
Terrell Owens_S25,Terrell Owens,25,6,37.0,9.25,4,9.0,10.0,3,25.0,23.583333333333332,12.0,13.416666666666668
Terrell Owens_S25,Terrell Owens,25,7,24.5,8.166666666666666,3,8.0,8.5,7,37.0,23.714285714285715,-12.5,0.7857142857142847
Terrell Owens_S25,Terrell Owens,25,8,25.5,8.5,3,8.5,8.5,4,24.5,23.9375,1.0,1.5625
The Situation_S11,The Situation,11,1,15.0,5.0,3,5.0,5.0,11,,15.0,,0.0
The Situation_S11,The Situation,11,2,18.0,6.0,3,6.0,6.0,9,15.0,16.5,3.0,1.5
The Situation_S11,The Situation,11,3,20.0,6.666666666666667,3,6.0,7.0,7,18.0,17.666666666666668,2.0,2.333333333333332
The Situation_S11,The Situation,11,4,14.0,4.666666666666667,3,4.5,5.0,9,20.0,16.75,-6.0,-2.75
Tia Carrere_S2,Tia Carrere,2,1,20.0,6.666666666666667,3,6.0,7.0,6,,20.0,,0.0
Tia Carrere_S2,Tia Carrere,2,2,22.0,7.333333333333333,3,7.0,8.0,6,20.0,21.0,2.0,1.0
Tia Carrere_S2,Tia Carrere,2,3,26.0,8.666666666666666,3,8.0,9.0,3,22.0,22.666666666666668,4.0,3.333333333333332
Tia Carrere_S2,Tia Carrere,2,4,25.0,8.333333333333334,3,8.0,9.0,4,26.0,23.25,-1.0,1.75
Tia Carrere_S2,Tia Carrere,2,5,22.0,7.333333333333333,3,7.0,8.0,6,25.0,23.0,-3.0,-1.0
Tinashe_S27,Tinashe,27,1,23.0,7.666666666666667,3,7.0,8.0,2,,23.0,,0.0
Tinashe_S27,Tinashe,27,2,26.0,8.666666666666666,3,8.0,9.0,3,23.0,24.5,3.0,1.5
Tinashe_S27,Tinashe,27,3,27.0,9.0,3,9.0,9.0,4,26.0,25.333333333333332,1.0,1.6666666666666679
Tinashe_S27,Tinashe,27,4,26.0,8.666666666666666,3,8.0,9.0,2,27.0,25.5,-1.0,0.5
Tom DeLay_S9,Tom DeLay,9,1,19.9999,6.666633333333333,3,6.3333,7.3333,12,,19.9999,,0.0
Tom DeLay_S9,Tom DeLay,9,2,18.0,6.0,3,6.0,6.0,14,19.9999,18.99995,-1.9999000000000002,-0.9999499999999983
Tom DeLay_S9,Tom DeLay,9,3,15.0,5.0,3,4.0,6.0,12,18.0,17.666633333333333,-3.0,-2.6666333333333334
Tommy Chong_S19,Tommy Chong,19,1,27.0,6.75,4,6.0,7.0,9,,27.0,,0.0
Tommy Chong_S19,Tommy Chong,19,2,28.0,7.0,4,7.0,7.0,9,27.0,27.5,1.0,0.5
Tommy Chong_S19,Tommy Chong,19,3,34.0,8.5,4,8.0,10.0,3,28.0,29.666666666666668,6.0,4.333333333333332
Tommy Chong_S19,Tommy Chong,19,4,28.0,7.0,4,7.0,7.0,8,34.0,29.25,-6.0,-1.25
Tommy Chong_S19,Tommy Chong,19,5,23.0,5.75,4,5.0,6.0,8,28.0,28.0,-5.0,-5.0
Tommy Chong_S19,Tommy Chong,19,6,28.0,7.0,4,7.0,7.0,9,23.0,28.0,5.0,0.0
Tommy Chong_S19,Tommy Chong,19,7,30.0,7.5,4,7.5,7.5,6,28.0,28.285714285714285,2.0,1.7142857142857153
Tommy Chong_S19,Tommy Chong,19,8,29.0,7.25,4,6.75,7.75,6,30.0,28.375,-1.0,0.625
Tommy Chong_S19,Tommy Chong,19,9,28.5,7.125,4,7.0,7.5,6,29.0,28.38888888888889,-0.5,0.11111111111111072
Tommy Chong_S19,Tommy Chong,19,10,31.0,7.75,4,7.5,8.0,5,28.5,28.65,2.5,2.3500000000000014
Toni Braxton_S7,Toni Braxton,7,1,22.5,7.5,3,7.0,8.0,2,,22.5,,0.0
Toni Braxton_S7,Toni Braxton,7,2,23.0,7.666666666666667,3,7.0,8.0,3,22.5,22.75,0.5,0.25
Toni Braxton_S7,Toni Braxton,7,3,22.0,7.333333333333333,3,7.0,8.0,5,23.0,22.5,-1.0,-0.5
Toni Braxton_S7,Toni Braxton,7,4,22.0,7.333333333333333,3,7.0,8.0,5,22.0,22.375,0.0,-0.375
Toni Braxton_S7,Toni Braxton,7,5,22.0,7.333333333333333,3,7.0,8.0,6,22.0,22.3,0.0,-0.3000000000000007
Tonya Harding_S26,Tonya Harding,26,1,23.0,7.666666666666667,3,7.0,8.0,4,,23.0,,0.0
Tonya Harding_S26,Tonya Harding,26,2,33.0,8.25,4,8.0,9.0,4,23.0,28.0,10.0,5.0
Tonya Harding_S26,Tonya Harding,26,3,35.0,8.75,4,8.5,9.5,4,33.0,30.333333333333332,2.0,4.666666666666668
Tonya Harding_S26,Tonya Harding,26,4,28.0,9.333333333333334,3,9.0,9.5,3,35.0,29.75,-7.0,-1.75
Tori Spelling_S33,Tori Spelling,33,1,17.0,5.666666666666667,3,5.0,6.0,11,,17.0,,0.0
Tori Spelling_S33,Tori Spelling,33,2,19.0,6.333333333333333,3,6.0,7.0,10,17.0,18.0,2.0,1.0
Trevor Donovan_S31,Trevor Donovan,31,1,21.0,5.25,4,5.0,6.0,11,,21.0,,0.0
Trevor Donovan_S31,Trevor Donovan,31,2,30.0,7.5,4,7.0,8.0,4,21.0,25.5,9.0,4.5
Trevor Donovan_S31,Trevor Donovan,31,3,27.0,6.75,4,6.0,7.0,10,30.0,26.0,-3.0,1.0
Trevor Donovan_S31,Trevor Donovan,31,4,28.0,7.0,4,7.0,7.0,12,27.0,26.5,1.0,1.5
Trevor Donovan_S31,Trevor Donovan,31,5,36.0,9.0,4,9.0,9.0,8,28.0,28.4,8.0,7.600000000000001
Trevor Donovan_S31,Trevor Donovan,31,6,34.0,8.5,4,8.0,9.0,5,36.0,29.333333333333332,-2.0,4.666666666666668
Trevor Donovan_S31,Trevor Donovan,31,7,39.0,9.75,4,9.0,10.0,2,34.0,30.714285714285715,5.0,8.285714285714285
Trevor Donovan_S31,Trevor Donovan,31,8,39.0,9.75,4,9.25,10.25,5,39.0,31.75,0.0,7.25
Trevor Donovan_S31,Trevor Donovan,31,9,32.5,8.125,4,8.0,8.5,6,39.0,31.833333333333332,-6.5,0.6666666666666679
Trista Sutter_S1,Trista Sutter,1,1,18.0,6.0,3,6.0,6.0,5,,18.0,,0.0
Trista Sutter_S1,Trista Sutter,1,2,19.0,6.333333333333333,3,6.0,7.0,4,18.0,18.5,1.0,0.5
Tucker Carlson_S3,Tucker Carlson,3,1,12.0,4.0,3,3.0,5.0,11,,12.0,,0.0
Ty Murray_S8,Ty Murray,8,1,14.0,4.666666666666667,3,4.0,5.0,12,,14.0,,0.0
Ty Murray_S8,Ty Murray,8,2,20.0,6.666666666666667,3,6.0,7.0,8,14.0,17.0,6.0,3.0
Ty Murray_S8,Ty Murray,8,3,23.0,7.666666666666667,3,7.0,8.0,6,20.0,19.0,3.0,4.0
Ty Murray_S8,Ty Murray,8,4,25.0,8.333333333333334,3,8.0,9.0,5,23.0,20.5,2.0,4.5
Ty Murray_S8,Ty Murray,8,5,21.0,7.0,3,7.0,7.0,7,25.0,20.6,-4.0,0.3999999999999986
Ty Murray_S8,Ty Murray,8,6,18.0,6.0,3,6.0,6.0,7,21.0,20.166666666666668,-3.0,-2.166666666666668
Ty Murray_S8,Ty Murray,8,7,24.0,8.0,3,8.0,8.0,6,18.0,20.714285714285715,6.0,3.2857142857142847
Ty Murray_S8,Ty Murray,8,8,26.0,8.666666666666666,3,8.0,9.0,4,24.0,21.375,2.0,4.625
Ty Murray_S8,Ty Murray,8,9,23.0,7.666666666666667,3,7.5,8.0,5,26.0,21.555555555555557,-3.0,1.4444444444444429
Ty Murray_S8,Ty Murray,8,10,24.0,8.0,3,8.0,8.0,4,23.0,21.8,1.0,2.1999999999999993
Tyson Beckford_S32,Tyson Beckford,32,1,12.0,4.0,3,4.0,4.0,14,,12.0,,0.0
Tyson Beckford_S32,Tyson Beckford,32,2,18.0,6.0,3,6.0,6.0,8,12.0,15.0,6.0,3.0
Tyson Beckford_S32,Tyson Beckford,32,3,20.0,5.0,4,5.0,5.0,12,18.0,16.666666666666668,2.0,3.333333333333332
Valerie Harper_S17,Valerie Harper,17,1,21.0,7.0,3,7.0,7.0,9,,21.0,,0.0
Valerie Harper_S17,Valerie Harper,17,2,19.0,6.333333333333333,3,6.0,7.0,10,21.0,20.0,-2.0,-1.0
Valerie Harper_S17,Valerie Harper,17,3,16.0,5.333333333333333,3,5.0,6.0,10,19.0,18.666666666666668,-3.0,-2.666666666666668
Valerie Harper_S17,Valerie Harper,17,4,18.0,6.0,3,6.0,6.0,10,16.0,18.5,2.0,-0.5
Vanessa Lachey_S25,Vanessa Lachey,25,1,21.0,7.0,3,7.0,7.0,3,,21.0,,0.0
Vanessa Lachey_S25,Vanessa Lachey,25,2,23.5,7.833333333333333,3,7.5,8.0,3,21.0,22.25,2.5,1.25
Vanessa Lachey_S25,Vanessa Lachey,25,3,23.0,7.666666666666667,3,7.0,8.0,3,23.5,22.5,-0.5,0.5
Vanessa Lachey_S25,Vanessa Lachey,25,4,24.0,8.0,3,8.0,8.0,9,23.0,22.875,1.0,1.125
Vanessa Lachey_S25,Vanessa Lachey,25,5,24.0,8.0,3,8.0,8.0,8,24.0,23.1,0.0,0.8999999999999986
Vanessa Lachey_S25,Vanessa Lachey,25,6,36.0,9.0,4,9.0,9.0,5,24.0,25.25,12.0,10.75
Vanessa Lachey_S25,Vanessa Lachey,25,7,27.0,9.0,3,9.0,9.0,5,36.0,25.5,-9.0,1.5
Vanilla Ice_S23,Vanilla Ice,23,1,25.0,6.25,4,5.0,7.0,7,,25.0,,0.0
Vanilla Ice_S23,Vanilla Ice,23,2,26.0,6.5,4,6.0,7.0,8,25.0,25.5,1.0,0.5
Vanilla Ice_S23,Vanilla Ice,23,3,23.0,5.75,4,5.0,6.0,11,26.0,24.666666666666668,-3.0,-1.6666666666666679
Vanilla Ice_S23,Vanilla Ice,23,4,23.0,7.666666666666667,3,7.0,8.0,6,23.0,24.25,0.0,-1.25
Veron Davis_S29,Veron Davis,29,1,17.0,5.666666666666667,3,5.0,6.0,11,,17.0,,0.0
Veron Davis_S29,Veron Davis,29,2,18.0,6.0,3,6.0,6.0,8,17.0,17.5,1.0,0.5
Veron Davis_S29,Veron Davis,29,3,22.0,7.333333333333333,3,7.0,8.0,6,18.0,19.0,4.0,3.0
Veron Davis_S29,Veron Davis,29,4,22.0,7.333333333333333,3,7.0,8.0,9,22.0,19.75,0.0,2.25
Veron Davis_S29,Veron Davis,29,5,21.0,7.0,3,7.0,7.0,10,22.0,20.0,-1.0,1.0
Veron Davis_S29,Veron Davis,29,6,21.0,7.0,3,7.0,7.0,10,21.0,20.166666666666668,0.0,0.8333333333333321
Victor Espinoza_S21,Victor Espinoza,21,1,15.0,5.0,3,5.0,5.0,9,,15.0,,0.0
Victor Espinoza_S21,Victor Espinoza,21,2,18.5,6.166666666666667,3,5.5,6.5,9,15.0,16.75,3.5,1.75
Victor Ortiz_S16,Victor Ortiz,16,1,18.0,6.0,3,6.0,6.0,8,,18.0,,0.0
Victor Ortiz_S16,Victor Ortiz,16,2,18.0,6.0,3,6.0,6.0,10,18.0,18.0,0.0,0.0
Victor Ortiz_S16,Victor Ortiz,16,3,23.0,7.666666666666667,3,7.0,8.0,4,18.0,19.666666666666668,5.0,3.333333333333332
Victor Ortiz_S16,Victor Ortiz,16,4,18.0,6.0,3,6.0,6.0,9,23.0,19.25,-5.0,-1.25
Victor Ortiz_S16,Victor Ortiz,16,5,21.0,7.0,3,7.0,7.0,7,18.0,19.6,3.0,1.3999999999999986
Victor Ortiz_S16,Victor Ortiz,16,6,20.0,6.666666666666667,3,6.5,7.0,8,21.0,19.666666666666668,-1.0,0.33333333333333215
Victoria Arlen_S25,Victoria Arlen,25,1,19.0,6.333333333333333,3,6.0,7.0,6,,19.0,,0.0
Victoria Arlen_S25,Victoria Arlen,25,2,22.0,7.333333333333333,3,7.0,7.5,6,19.0,20.5,3.0,1.5
Victoria Arlen_S25,Victoria Arlen,25,3,22.0,7.333333333333333,3,7.0,8.0,5,22.0,21.0,0.0,1.0
Victoria Arlen_S25,Victoria Arlen,25,4,27.0,9.0,3,9.0,9.0,2,22.0,22.5,5.0,4.5
Victoria Arlen_S25,Victoria Arlen,25,5,27.0,9.0,3,9.0,9.0,5,27.0,23.4,0.0,3.6000000000000014
Victoria Arlen_S25,Victoria Arlen,25,6,31.0,7.75,4,7.0,8.0,7,27.0,24.666666666666668,4.0,6.333333333333332
Victoria Arlen_S25,Victoria Arlen,25,7,28.5,9.5,3,9.5,9.5,2,31.0,25.214285714285715,-2.5,3.2857142857142847
Victoria Arlen_S25,Victoria Arlen,25,8,24.0,8.0,3,8.0,8.0,5,28.5,25.0625,-4.5,-1.0625
Victoria Arlen_S25,Victoria Arlen,25,9,28.0,9.333333333333334,3,9.0,9.5,3,24.0,25.38888888888889,4.0,2.6111111111111107
Vinny Guadagnino_S31,Vinny Guadagnino,31,1,17.0,4.25,4,4.0,5.0,16,,17.0,,0.0
Vinny Guadagnino_S31,Vinny Guadagnino,31,2,27.0,6.75,4,6.0,7.0,9,17.0,22.0,10.0,5.0
Vinny Guadagnino_S31,Vinny Guadagnino,31,3,23.0,5.75,4,5.0,6.0,14,27.0,22.333333333333332,-4.0,0.6666666666666679
Vinny Guadagnino_S31,Vinny Guadagnino,31,4,29.0,7.25,4,7.0,8.0,9,23.0,24.0,6.0,5.0
Vinny Guadagnino_S31,Vinny Guadagnino,31,5,31.0,7.75,4,7.75,7.75,12,29.0,25.4,2.0,5.600000000000001
Vinny Guadagnino_S31,Vinny Guadagnino,31,6,28.0,7.0,4,7.0,7.0,10,31.0,25.833333333333332,-3.0,2.166666666666668
Vinny Guadagnino_S31,Vinny Guadagnino,31,7,31.5,7.875,4,7.5,8.0,9,28.0,26.642857142857142,3.5,4.857142857142858
Vinny Guadagnino_S31,Vinny Guadagnino,31,8,29.0,7.25,4,7.0,8.0,8,31.5,26.9375,-2.5,2.0625
Vivica A. Fox_S3,Vivica A. Fox,3,1,22.0,7.333333333333333,3,6.0,8.0,4,,22.0,,0.0
Vivica A. Fox_S3,Vivica A. Fox,3,2,24.0,8.0,3,8.0,8.0,3,22.0,23.0,2.0,1.0
Vivica A. Fox_S3,Vivica A. Fox,3,3,27.0,9.0,3,9.0,9.0,2,24.0,24.333333333333332,3.0,2.666666666666668
Vivica A. Fox_S3,Vivica A. Fox,3,4,24.0,8.0,3,8.0,8.0,4,27.0,24.25,-3.0,-0.25
Von Miller_S22,Von Miller,22,1,21.0,7.0,3,6.0,8.0,7,,21.0,,0.0
Von Miller_S22,Von Miller,22,2,20.0,6.666666666666667,3,6.0,7.0,5,21.0,20.5,-1.0,-0.5
Von Miller_S22,Von Miller,22,3,20.0,6.666666666666667,3,6.0,7.0,9,20.0,20.333333333333332,0.0,-0.33333333333333215
Von Miller_S22,Von Miller,22,4,32.0,8.0,4,8.0,8.0,6,20.0,23.25,12.0,8.75
Von Miller_S22,Von Miller,22,5,29.0,7.25,4,7.0,8.0,6,32.0,24.4,-3.0,4.600000000000001
Von Miller_S22,Von Miller,22,6,24.0,8.0,3,8.0,8.0,8,29.0,24.333333333333332,-5.0,-0.33333333333333215
Von Miller_S22,Von Miller,22,7,26.0,8.666666666666666,3,8.5,9.0,5,24.0,24.571428571428573,2.0,1.428571428571427
Wanya Morris_S22,Wanya Morris,22,1,23.0,7.666666666666667,3,7.0,8.0,2,,23.0,,0.0
Wanya Morris_S22,Wanya Morris,22,2,24.0,8.0,3,8.0,8.0,2,23.0,23.5,1.0,0.5
Wanya Morris_S22,Wanya Morris,22,3,24.0,8.0,3,8.0,8.0,2,24.0,23.666666666666668,0.0,0.33333333333333215
Wanya Morris_S22,Wanya Morris,22,4,35.0,8.75,4,8.0,9.0,3,24.0,26.5,11.0,8.5
Wanya Morris_S22,Wanya Morris,22,5,30.0,7.5,4,7.0,8.0,5,35.0,27.2,-5.0,2.8000000000000007
Wanya Morris_S22,Wanya Morris,22,6,29.0,9.666666666666666,3,9.0,10.0,1,30.0,27.5,-1.0,1.5
Wanya Morris_S22,Wanya Morris,22,7,27.5,9.166666666666666,3,9.0,9.5,4,29.0,27.5,-1.5,0.0
Wanya Morris_S22,Wanya Morris,22,8,25.0,8.333333333333334,3,8.0,9.0,6,27.5,27.1875,-2.5,-2.1875
Wanya Morris_S22,Wanya Morris,22,9,30.0,10.0,3,10.0,10.0,1,25.0,27.5,5.0,2.5
Warren Sapp_S7,Warren Sapp,7,1,21.5,7.166666666666667,3,7.0,7.5,3,,21.5,,0.0
Warren Sapp_S7,Warren Sapp,7,2,24.0,8.0,3,8.0,8.0,2,21.5,22.75,2.5,1.25
Warren Sapp_S7,Warren Sapp,7,3,25.0,8.333333333333334,3,8.0,9.0,2,24.0,23.5,1.0,1.5
Warren Sapp_S7,Warren Sapp,7,4,22.0,7.333333333333333,3,7.0,8.0,6,25.0,23.125,-3.0,-1.125
Warren Sapp_S7,Warren Sapp,7,5,25.0,8.333333333333334,3,8.0,9.0,4,22.0,23.5,3.0,1.5
Warren Sapp_S7,Warren Sapp,7,6,25.0,8.333333333333334,3,8.0,9.0,3,25.0,23.75,0.0,1.25
Warren Sapp_S7,Warren Sapp,7,7,21.0,7.0,3,7.0,7.0,6,25.0,23.357142857142858,-4.0,-2.3571428571428577
Warren Sapp_S7,Warren Sapp,7,8,27.0,9.0,3,8.5,9.5,2,21.0,23.8125,6.0,3.1875
Warren Sapp_S7,Warren Sapp,7,9,24.5,8.166666666666666,3,8.0,8.5,2,27.0,23.88888888888889,-2.5,0.6111111111111107
Warren Sapp_S7,Warren Sapp,7,10,27.5,9.166666666666666,3,9.0,9.5,2,24.5,24.25,3.0,3.25
Wayne Brady_S31,Wayne Brady,31,1,29.0,7.25,4,7.0,8.0,2,,29.0,,0.0
Wayne Brady_S31,Wayne Brady,31,2,32.0,8.0,4,8.0,8.0,2,29.0,30.5,3.0,1.5
Wayne Brady_S31,Wayne Brady,31,3,33.0,8.25,4,8.0,9.0,2,32.0,31.333333333333332,1.0,1.6666666666666679
Wayne Brady_S31,Wayne Brady,31,4,36.0,9.0,4,9.0,9.0,3,33.0,32.5,3.0,3.5
Wayne Brady_S31,Wayne Brady,31,5,41.0,10.25,4,10.125,10.625,3,36.0,34.2,5.0,6.799999999999997
Wayne Brady_S31,Wayne Brady,31,6,34.0,8.5,4,8.0,9.0,6,41.0,34.166666666666664,-7.0,-0.1666666666666643
Wayne Brady_S31,Wayne Brady,31,7,38.0,9.5,4,9.0,10.0,3,34.0,34.714285714285715,4.0,3.2857142857142847
Wayne Brady_S31,Wayne Brady,31,8,45.0,11.25,4,11.25,11.25,2,38.0,36.0,7.0,9.0
Wayne Brady_S31,Wayne Brady,31,9,36.5,9.125,4,9.0,9.5,3,45.0,36.05555555555556,-8.5,0.44444444444444287
Wayne Brady_S31,Wayne Brady,31,10,38.0,9.5,4,9.5,9.5,4,36.5,36.25,1.5,1.75
Wayne Newton_S5,Wayne Newton,5,1,19.0,6.333333333333333,3,6.0,7.0,10,,19.0,,0.0
Wayne Newton_S5,Wayne Newton,5,2,15.0,5.0,3,5.0,5.0,11,19.0,17.0,-4.0,-2.0
Wayne Newton_S5,Wayne Newton,5,3,18.0,6.0,3,6.0,6.0,10,15.0,17.333333333333332,3.0,0.6666666666666679
Wendy Williams_S12,Wendy Williams,12,1,14.0,4.666666666666667,3,4.0,5.0,10,,14.0,,0.0
Wendy Williams_S12,Wendy Williams,12,2,17.0,5.666666666666667,3,5.0,6.0,11,14.0,15.5,3.0,1.5
Wendy Williams_S12,Wendy Williams,12,3,15.0,5.0,3,5.0,5.0,10,17.0,15.333333333333334,-2.0,-0.3333333333333339
Whitney Leavitt_S34,Whitney Leavitt,34,1,15.0,7.5,2,7.0,8.0,1,,15.0,,0.0
Whitney Leavitt_S34,Whitney Leavitt,34,2,22.0,7.333333333333333,3,7.0,8.0,4,15.0,18.5,7.0,3.5
Whitney Leavitt_S34,Whitney Leavitt,34,3,24.0,8.0,3,8.0,8.0,1,22.0,20.333333333333332,2.0,3.666666666666668
Whitney Leavitt_S34,Whitney Leavitt,34,4,25.0,8.333333333333334,3,8.0,9.0,1,24.0,21.5,1.0,3.5
Whitney Leavitt_S34,Whitney Leavitt,34,5,33.0,8.25,4,8.0,9.0,4,25.0,23.8,8.0,9.2
Whitney Leavitt_S34,Whitney Leavitt,34,6,39.0,9.75,4,9.0,10.0,2,33.0,26.333333333333332,6.0,12.666666666666668
Whitney Leavitt_S34,Whitney Leavitt,34,7,42.0,10.5,4,10.25,11.25,2,39.0,28.571428571428573,3.0,13.428571428571427
Whitney Leavitt_S34,Whitney Leavitt,34,8,39.5,9.875,4,9.5,10.0,1,42.0,29.9375,-2.5,9.5625
Whitney Leavitt_S34,Whitney Leavitt,34,9,42.0,10.5,4,10.5,10.5,3,39.5,31.27777777777778,2.5,10.722222222222221
Whitney Leavitt_S34,Whitney Leavitt,34,10,29.0,9.666666666666666,3,9.0,10.0,3,42.0,31.05,-13.0,-2.0500000000000007
Willa Ford_S3,Willa Ford,3,1,22.0,7.333333333333333,3,7.0,8.0,3,,22.0,,0.0
Willa Ford_S3,Willa Ford,3,2,23.0,7.666666666666667,3,7.0,8.0,5,22.0,22.5,1.0,0.5
Willa Ford_S3,Willa Ford,3,3,22.0,7.333333333333333,3,7.0,8.0,5,23.0,22.333333333333332,-1.0,-0.33333333333333215
Willa Ford_S3,Willa Ford,3,4,28.0,9.333333333333334,3,9.0,10.0,2,22.0,23.75,6.0,4.25
Willa Ford_S3,Willa Ford,3,5,27.0,9.0,3,9.0,9.0,4,28.0,24.4,-1.0,2.6000000000000014
William Levy_S14,William Levy,14,1,24.0,8.0,3,8.0,8.0,3,,24.0,,0.0
William Levy_S14,William Levy,14,2,25.0,8.333333333333334,3,7.0,9.0,3,24.0,24.5,1.0,0.5
William Levy_S14,William Levy,14,3,28.0,9.333333333333334,3,9.0,10.0,2,25.0,25.666666666666668,3.0,2.333333333333332
William Levy_S14,William Levy,14,4,22.0,7.333333333333333,3,7.0,8.0,7,28.0,24.75,-6.0,-2.75
William Levy_S14,William Levy,14,5,29.0,9.666666666666666,3,9.0,10.0,1,22.0,25.6,7.0,3.3999999999999986
William Levy_S14,William Levy,14,6,36.0,12.0,3,11.0,13.0,3,29.0,27.333333333333332,7.0,8.666666666666668
William Levy_S14,William Levy,14,7,26.5,8.833333333333334,3,8.5,9.0,4,36.0,27.214285714285715,-9.5,-0.7142857142857153
William Levy_S14,William Levy,14,8,28.5,9.5,3,9.5,9.5,1,26.5,27.375,2.0,1.125
William Levy_S14,William Levy,14,9,29.0,9.666666666666666,3,9.5,10.0,2,28.5,27.555555555555557,0.5,1.4444444444444429
William Levy_S14,William Levy,14,10,29.666600000000003,9.888866666666667,3,9.6666,10.0,3,29.0,27.76666,0.6666000000000025,1.8999400000000009
Willow Shields_S20,Willow Shields,20,1,25.0,6.25,4,6.0,7.0,8,,25.0,,0.0
Willow Shields_S20,Willow Shields,20,2,32.0,8.0,4,8.0,8.0,4,25.0,28.5,7.0,3.5
Willow Shields_S20,Willow Shields,20,3,32.0,8.0,4,8.0,8.0,4,32.0,29.666666666666668,0.0,2.333333333333332
Willow Shields_S20,Willow Shields,20,4,39.0,9.75,4,9.0,10.0,1,32.0,32.0,7.0,7.0
Willow Shields_S20,Willow Shields,20,5,34.0,8.5,4,8.0,9.0,4,39.0,32.4,-5.0,1.6000000000000014
Willow Shields_S20,Willow Shields,20,6,36.5,9.125,4,8.5,9.5,2,34.0,33.083333333333336,2.5,3.4166666666666643
Willow Shields_S20,Willow Shields,20,7,39.0,9.75,4,9.5,10.5,2,36.5,33.92857142857143,2.5,5.071428571428569
Wynonna Judd_S16,Wynonna Judd,16,1,18.0,6.0,3,6.0,6.0,9,,18.0,,0.0
Wynonna Judd_S16,Wynonna Judd,16,2,18.0,6.0,3,6.0,6.0,8,18.0,18.0,0.0,0.0
Wynonna Judd_S16,Wynonna Judd,16,3,15.0,5.0,3,5.0,5.0,11,18.0,17.0,-3.0,-2.0
Xochitl Gomez_S32,Xochitl Gomez,32,1,18.0,6.0,3,6.0,6.0,5,,18.0,,0.0
Xochitl Gomez_S32,Xochitl Gomez,32,2,24.0,8.0,3,8.0,8.0,2,18.0,21.0,6.0,3.0
Xochitl Gomez_S32,Xochitl Gomez,32,3,32.0,8.0,4,8.0,8.0,4,24.0,24.666666666666668,8.0,7.333333333333332
Xochitl Gomez_S32,Xochitl Gomez,32,4,27.0,9.0,3,9.0,9.0,1,32.0,25.25,-5.0,1.75
Xochitl Gomez_S32,Xochitl Gomez,32,5,28.0,9.333333333333334,3,9.0,10.0,2,27.0,25.8,1.0,2.1999999999999993
Xochitl Gomez_S32,Xochitl Gomez,32,6,42.0,10.5,4,10.25,11.25,1,28.0,28.5,14.0,13.5
Xochitl Gomez_S32,Xochitl Gomez,32,7,37.0,9.25,4,9.0,9.5,1,42.0,29.714285714285715,-5.0,7.285714285714285
Xochitl Gomez_S32,Xochitl Gomez,32,8,40.0,10.0,4,10.0,10.0,2,37.0,31.0,3.0,9.0
Xochitl Gomez_S32,Xochitl Gomez,32,9,41.0,10.25,4,9.75,10.75,2,40.0,32.111111111111114,1.0,8.888888888888886
Xochitl Gomez_S32,Xochitl Gomez,32,10,30.0,10.0,3,10.0,10.0,1,41.0,31.9,-11.0,-1.8999999999999986
Xochitl Gomez_S32,Xochitl Gomez,32,11,30.0,10.0,3,10.0,10.0,1,30.0,31.727272727272727,0.0,-1.7272727272727266
Zendaya_S16,Zendaya,16,1,24.0,8.0,3,8.0,8.0,1,,24.0,,0.0
Zendaya_S16,Zendaya,16,2,26.0,8.666666666666666,3,8.0,9.0,2,24.0,25.0,2.0,1.0
Zendaya_S16,Zendaya,16,3,25.9998,8.6666,3,8.6666,8.6666,2,26.0,25.333266666666663,-0.00019999999999953388,0.6665333333333372
Zendaya_S16,Zendaya,16,4,26.0,8.666666666666666,3,8.0,9.0,3,25.9998,25.49995,0.00019999999999953388,0.5000500000000017
Zendaya_S16,Zendaya,16,5,29.0,9.666666666666666,3,9.0,10.0,1,26.0,26.199959999999997,3.0,2.8000400000000027
Zendaya_S16,Zendaya,16,6,25.5,8.5,3,8.5,8.5,3,29.0,26.083299999999998,-3.5,-0.5832999999999977
Zendaya_S16,Zendaya,16,7,30.0,10.0,3,10.0,10.0,2,25.5,26.64282857142857,4.5,3.35717142857143
Zendaya_S16,Zendaya,16,8,29.0,9.666666666666666,3,9.5,10.0,1,30.0,26.937475,-1.0,2.062525000000001
Zendaya_S16,Zendaya,16,9,27.5,9.166666666666666,3,9.0,9.5,4,29.0,26.999977777777776,-1.5,0.5000222222222241
Zendaya_S16,Zendaya,16,10,30.0,10.0,3,10.0,10.0,2,27.5,27.299979999999998,2.5,2.700020000000002
