season,week,contestant_id,estimated_fan_share,is_eliminated,judge_score_raw,n_judges,celebrity_name,ballroom_partner,celebrity_age_during_season,celebrity_industry,industry_std,placement,is_withdrew,age_centered,log_fan_share,judge_score,gender
1,1,Evander Holyfield_S1,0.17241961900574046,false,6.0,3,Evander Holyfield,Edyta Sliwinska,42,Athlete,Athlete,5,false,5.83199415631848,-1.7578183281027515,6.0,0
1,1,Joey McIntyre_S1,0.16770444464477868,false,6.666666666666667,3,Joey McIntyre,Ashly DelGrosso,32,Singer/Rapper,Singer,3,false,-4.16800584368152,-1.7855461441041003,6.666666666666667,0
1,1,John O'Hurley_S1,0.17262202718872263,false,6.666666666666667,3,John O'Hurley,Charlotte Jorgensen,50,Actor/Actress,Actor,2,false,13.83199415631848,-1.7566450956237187,6.666666666666667,0
1,1,Kelly Monaco_S1,0.17328374973011976,false,4.333333333333333,3,Kelly Monaco,Alec Mazo,29,Actor/Actress,Actor,1,false,-7.16800584368152,-1.7528190853819023,4.333333333333333,0
1,1,Rachel Hunter_S1,0.1451327927716432,false,6.666666666666667,3,Rachel Hunter,Jonathan Roberts,35,Model,Model,4,false,-1.1680058436815202,-1.9300992532256656,6.666666666666667,0
1,1,Trista Sutter_S1,0.16883736665899535,false,6.0,3,Trista Sutter,Louis van Amstel,32,TV Personality,TV,6,false,-4.16800584368152,-1.7788134320130244,6.0,0
1,2,Evander Holyfield_S1,0.20500052418654574,false,4.666666666666667,3,Evander Holyfield,Edyta Sliwinska,42,Athlete,Athlete,5,false,5.83199415631848,-1.584737864815048,4.666666666666667,0
1,2,Joey McIntyre_S1,0.17404392873611713,false,7.0,3,Joey McIntyre,Ashly DelGrosso,32,Singer/Rapper,Singer,3,false,-4.16800584368152,-1.7484418019712538,7.0,0
1,2,John O'Hurley_S1,0.1708739215342281,false,8.666666666666666,3,John O'Hurley,Charlotte Jorgensen,50,Actor/Actress,Actor,2,false,13.83199415631848,-1.7668234431379644,8.666666666666666,0
1,2,Kelly Monaco_S1,0.18826022841012105,false,5.666666666666667,3,Kelly Monaco,Alec Mazo,29,Actor/Actress,Actor,1,false,-7.16800584368152,-1.6699247678119988,5.666666666666667,0
1,2,Rachel Hunter_S1,0.14033548122822623,false,8.0,3,Rachel Hunter,Jonathan Roberts,35,Model,Model,4,false,-1.1680058436815202,-1.9637123026643926,8.0,0
1,2,Trista Sutter_S1,0.12148591590476082,true,6.333333333333333,3,Trista Sutter,Louis van Amstel,32,TV Personality,TV,6,false,-4.16800584368152,-2.1079487100269656,6.333333333333333,0
1,3,Evander Holyfield_S1,0.18351336075987115,true,4.333333333333333,3,Evander Holyfield,Edyta Sliwinska,42,Athlete,Athlete,5,false,5.83199415631848,-1.69546235427791,4.333333333333333,0
1,3,Joey McIntyre_S1,0.20966288994042356,false,7.333333333333333,3,Joey McIntyre,Ashly DelGrosso,32,Singer/Rapper,Singer,3,false,-4.16800584368152,-1.562249554564894,7.333333333333333,0
1,3,John O'Hurley_S1,0.20756516212744525,false,8.0,3,John O'Hurley,Charlotte Jorgensen,50,Actor/Actress,Actor,2,false,13.83199415631848,-1.5723051365081562,8.0,0
1,3,Kelly Monaco_S1,0.22219985985309054,false,7.0,3,Kelly Monaco,Alec Mazo,29,Actor/Actress,Actor,1,false,-7.16800584368152,-1.5041735320582148,7.0,0
1,3,Rachel Hunter_S1,0.17705872731916916,false,8.666666666666666,3,Rachel Hunter,Jonathan Roberts,35,Model,Model,4,false,-1.1680058436815202,-1.7312681608480356,8.666666666666666,0
1,4,Joey McIntyre_S1,0.31705836314900926,false,6.666666666666667,3,Joey McIntyre,Ashly DelGrosso,32,Singer/Rapper,Singer,3,false,-4.16800584368152,-1.148666257182555,6.666666666666667,0
1,4,John O'Hurley_S1,0.2722063403150867,false,7.0,3,John O'Hurley,Charlotte Jorgensen,50,Actor/Actress,Actor,2,false,13.83199415631848,-1.3011912225042397,7.0,0
1,4,Kelly Monaco_S1,0.23259433257357334,false,8.666666666666666,3,Kelly Monaco,Alec Mazo,29,Actor/Actress,Actor,1,false,-7.16800584368152,-1.458455105420601,8.666666666666666,0
1,4,Rachel Hunter_S1,0.17814096396233026,true,8.333333333333334,3,Rachel Hunter,Jonathan Roberts,35,Model,Model,4,false,-1.1680058436815202,-1.7251744962141597,8.333333333333334,0
1,5,Joey McIntyre_S1,0.31825280797712857,true,7.5,3,Joey McIntyre,Ashly DelGrosso,32,Singer/Rapper,Singer,3,false,-4.16800584368152,-1.144906076252094,7.5,0
1,5,John O'Hurley_S1,0.33262596419681756,false,9.0,3,John O'Hurley,Charlotte Jorgensen,50,Actor/Actress,Actor,2,false,13.83199415631848,-1.1007336445628464,9.0,0
1,5,Kelly Monaco_S1,0.3491212278260535,false,7.833333333333333,3,Kelly Monaco,Alec Mazo,29,Actor/Actress,Actor,1,false,-7.16800584368152,-1.0523331950961807,7.833333333333333,0
1,6,John O'Hurley_S1,0.4254459631813912,false,9.0,3,John O'Hurley,Charlotte Jorgensen,50,Actor/Actress,Actor,2,false,13.83199415631848,-0.8546149846098217,9.0,0
1,6,Kelly Monaco_S1,0.5745540368186088,false,9.166666666666666,3,Kelly Monaco,Alec Mazo,29,Actor/Actress,Actor,1,false,-7.16800584368152,-0.5541593867716085,9.166666666666666,0
2,1,Drew Lachey_S2,0.10140506600939253,false,8.0,3,Drew Lachey,Cheryl Burke,29,Singer/Rapper,Singer,1,false,-7.16800584368152,-2.288622367036518,8.0,0
2,1,George Hamilton_S2,0.10586074928519781,false,6.0,3,George Hamilton,Edyta Sliwinska,66,Actor/Actress,Actor,5,false,29.83199415631848,-2.2456212881734468,6.0,0
2,1,Giselle Fernandez_S2,0.09856035685304212,false,7.666666666666667,3,Giselle Fernandez,Jonathan Roberts,44,News Anchor,TV,8,false,7.83199415631848,-2.3170760125197516,7.666666666666667,0
2,1,Jerry Rice_S2,0.10509421807380434,false,7.0,3,Jerry Rice,Anna Trebunskaya,43,Athlete,Athlete,2,false,6.83199415631848,-2.2528885009563675,7.0,0
2,1,Kenny Mayne_S2,0.055312421935051016,true,4.333333333333333,3,Kenny Mayne,Andrea Hale,46,Sports Broadcaster,TV,10,false,9.83199415631848,-2.8947396886005596,4.333333333333333,0
2,1,Lisa Rinna_S2,0.10607180412801805,false,6.333333333333333,3,Lisa Rinna,Louis van Amstel,42,Actor/Actress,Actor,4,false,5.83199415631848,-2.243629589234411,6.333333333333333,0
2,1,Master P_S2,0.11332924400660836,false,4.0,3,Master P,Ashly DelGrosso,35,Singer/Rapper,Singer,7,false,-1.1680058436815202,-2.1774492091767867,4.0,0
2,1,Stacy Keibler_S2,0.10505895832482898,false,7.333333333333333,3,Stacy Keibler,Tony Dovolani,26,Athlete,Athlete,3,false,-10.16800584368152,-2.253224060136117,7.333333333333333,0
2,1,Tatum O'Neal_S2,0.10488406572215406,false,7.666666666666667,3,Tatum O'Neal,Nick Kosovich,42,Actor/Actress,Actor,9,false,5.83199415631848,-2.254890140520015,7.666666666666667,0
2,1,Tia Carrere_S2,0.10442311566190264,false,6.666666666666667,3,Tia Carrere,Maksim Chmerkoskiy,39,Actor/Actress,Actor,6,false,2.83199415631848,-2.259294637278256,6.666666666666667,0
2,2,Drew Lachey_S2,0.10869058417623469,false,9.0,3,Drew Lachey,Cheryl Burke,29,Singer/Rapper,Singer,1,false,-7.16800584368152,-2.21924091033399,9.0,0
2,2,George Hamilton_S2,0.11766449452224341,false,7.333333333333333,3,George Hamilton,Edyta Sliwinska,66,Actor/Actress,Actor,5,false,29.83199415631848,-2.1399094723339034,7.333333333333333,0
2,2,Giselle Fernandez_S2,0.10729744048153898,false,8.0,3,Giselle Fernandez,Jonathan Roberts,44,News Anchor,TV,8,false,7.83199415631848,-2.2321411636399326,8.0,0
2,2,Jerry Rice_S2,0.11401062400075442,false,7.666666666666667,3,Jerry Rice,Anna Trebunskaya,43,Athlete,Athlete,2,false,6.83199415631848,-2.171454870866812,7.666666666666667,0
2,2,Lisa Rinna_S2,0.12080169159445522,false,6.666666666666667,3,Lisa Rinna,Louis van Amstel,42,Actor/Actress,Actor,4,false,5.83199415631848,-2.1135967123185964,6.666666666666667,0
2,2,Master P_S2,0.12038225798349307,false,5.333333333333333,3,Master P,Ashly DelGrosso,35,Singer/Rapper,Singer,7,false,-1.1680058436815202,-2.117074809069469,5.333333333333333,0
2,2,Stacy Keibler_S2,0.11344785011195316,false,9.666666666666666,3,Stacy Keibler,Tony Dovolani,26,Athlete,Athlete,3,false,-10.16800584368152,-2.1764032034449095,9.666666666666666,0
2,2,Tatum O'Neal_S2,0.0822012826662165,true,5.666666666666667,3,Tatum O'Neal,Nick Kosovich,42,Actor/Actress,Actor,9,false,5.83199415631848,-2.4985722076435715,5.666666666666667,0
2,2,Tia Carrere_S2,0.11550377446311139,false,7.333333333333333,3,Tia Carrere,Maksim Chmerkoskiy,39,Actor/Actress,Actor,6,false,2.83199415631848,-2.1584434125316974,7.333333333333333,0
2,3,Drew Lachey_S2,0.12052134686683261,false,9.0,3,Drew Lachey,Cheryl Burke,29,Singer/Rapper,Singer,1,false,-7.16800584368152,-2.115920092068337,9.0,0
2,3,George Hamilton_S2,0.13027418294668033,false,7.333333333333333,3,George Hamilton,Edyta Sliwinska,66,Actor/Actress,Actor,5,false,29.83199415631848,-2.0381062738763474,7.333333333333333,0
2,3,Giselle Fernandez_S2,0.08907681169737341,true,7.333333333333333,3,Giselle Fernandez,Jonathan Roberts,44,News Anchor,TV,8,false,7.83199415631848,-2.4182450024832427,7.333333333333333,0
2,3,Jerry Rice_S2,0.14433356618284288,false,6.333333333333333,3,Jerry Rice,Anna Trebunskaya,43,Athlete,Athlete,2,false,6.83199415631848,-1.9356212980017227,6.333333333333333,0
2,3,Lisa Rinna_S2,0.1252108229129725,false,8.333333333333334,3,Lisa Rinna,Louis van Amstel,42,Actor/Actress,Actor,4,false,5.83199415631848,-2.0777483925623392,8.333333333333334,0
2,3,Master P_S2,0.14038507992658739,false,4.666666666666667,3,Master P,Ashly DelGrosso,35,Singer/Rapper,Singer,7,false,-1.1680058436815202,-1.9633589381277254,4.666666666666667,0
2,3,Stacy Keibler_S2,0.12356128411140686,false,9.0,3,Stacy Keibler,Tony Dovolani,26,Athlete,Athlete,3,false,-10.16800584368152,-2.091009925254391,9.0,0
2,3,Tia Carrere_S2,0.12663690535530406,false,8.666666666666666,3,Tia Carrere,Maksim Chmerkoskiy,39,Actor/Actress,Actor,6,false,2.83199415631848,-2.0664234036969593,8.666666666666666,0
2,4,Drew Lachey_S2,0.13870327831357268,false,9.333333333333334,3,Drew Lachey,Cheryl Burke,29,Singer/Rapper,Singer,1,false,-7.16800584368152,-1.9754111063290511,9.333333333333334,0
2,4,George Hamilton_S2,0.15724733412909758,false,7.0,3,George Hamilton,Edyta Sliwinska,66,Actor/Actress,Actor,5,false,29.83199415631848,-1.8499289772313259,7.0,0
2,4,Jerry Rice_S2,0.15727070773667604,false,8.0,3,Jerry Rice,Anna Trebunskaya,43,Athlete,Athlete,2,false,6.83199415631848,-1.8497803469088647,8.0,0
2,4,Lisa Rinna_S2,0.14290567659770234,false,8.666666666666666,3,Lisa Rinna,Louis van Amstel,42,Actor/Actress,Actor,4,false,5.83199415631848,-1.9455634729704956,8.666666666666666,0
2,4,Master P_S2,0.11199053500986804,true,2.6666666666666665,3,Master P,Ashly DelGrosso,35,Singer/Rapper,Singer,7,false,-1.1680058436815202,-2.1893319908124105,2.6666666666666665,0
2,4,Stacy Keibler_S2,0.14281257503878658,false,8.666666666666666,3,Stacy Keibler,Tony Dovolani,26,Athlete,Athlete,3,false,-10.16800584368152,-1.946215170298057,8.666666666666666,0
2,4,Tia Carrere_S2,0.14906989317429697,false,8.333333333333334,3,Tia Carrere,Maksim Chmerkoskiy,39,Actor/Actress,Actor,6,false,2.83199415631848,-1.903333293074245,8.333333333333334,0
2,5,Drew Lachey_S2,0.1678212587251448,false,9.0,3,Drew Lachey,Cheryl Burke,29,Singer/Rapper,Singer,1,false,-7.16800584368152,-1.784849843417674,9.0,0
2,5,George Hamilton_S2,0.17072461408692335,false,8.0,3,George Hamilton,Edyta Sliwinska,66,Actor/Actress,Actor,5,false,29.83199415631848,-1.767697607205308,8.0,0
2,5,Jerry Rice_S2,0.1890748932371673,false,7.666666666666667,3,Jerry Rice,Anna Trebunskaya,43,Athlete,Athlete,2,false,6.83199415631848,-1.6656067930033263,7.666666666666667,0
2,5,Lisa Rinna_S2,0.16781535507436798,false,8.333333333333334,3,Lisa Rinna,Louis van Amstel,42,Actor/Actress,Actor,4,false,5.83199415631848,-1.7848850220326171,8.333333333333334,0
2,5,Stacy Keibler_S2,0.16938275761020932,false,10.0,3,Stacy Keibler,Tony Dovolani,26,Athlete,Athlete,3,false,-10.16800584368152,-1.775588383237122,10.0,0
2,5,Tia Carrere_S2,0.1351811212661874,true,7.333333333333333,3,Tia Carrere,Maksim Chmerkoskiy,39,Actor/Actress,Actor,6,false,2.83199415631848,-2.00113236327306,7.333333333333333,0
2,6,Drew Lachey_S2,0.1971199512600817,false,10.0,3,Drew Lachey,Cheryl Burke,29,Singer/Rapper,Singer,1,false,-7.16800584368152,-1.6239377728568156,10.0,0
2,6,George Hamilton_S2,0.17197325512378828,true,7.666666666666667,3,George Hamilton,Edyta Sliwinska,66,Actor/Actress,Actor,5,false,29.83199415631848,-1.7604104928846391,7.666666666666667,0
2,6,Jerry Rice_S2,0.21854487931624272,false,7.666666666666667,3,Jerry Rice,Anna Trebunskaya,43,Athlete,Athlete,2,false,6.83199415631848,-1.5207593125005636,7.666666666666667,0
2,6,Lisa Rinna_S2,0.20869973569163638,false,9.0,3,Lisa Rinna,Louis van Amstel,42,Actor/Actress,Actor,4,false,5.83199415631848,-1.566853939789544,9.0,0
2,6,Stacy Keibler_S2,0.203662178608251,false,10.0,3,Stacy Keibler,Tony Dovolani,26,Athlete,Athlete,3,false,-10.16800584368152,-1.5912877349350416,10.0,0
2,7,Drew Lachey_S2,0.2590445196245489,false,9.166666666666666,3,Drew Lachey,Cheryl Burke,29,Singer/Rapper,Singer,1,false,-7.16800584368152,-1.3507514812789407,9.166666666666666,0
2,7,Jerry Rice_S2,0.2993373537221109,false,6.833333333333333,3,Jerry Rice,Anna Trebunskaya,43,Athlete,Athlete,2,false,6.83199415631848,-1.206180727588546,6.833333333333333,0
2,7,Lisa Rinna_S2,0.1889738308178579,true,8.833333333333334,3,Lisa Rinna,Louis van Amstel,42,Actor/Actress,Actor,4,false,5.83199415631848,-1.6661414430663273,8.833333333333334,0
2,7,Stacy Keibler_S2,0.25264429583548226,false,9.166666666666666,3,Stacy Keibler,Tony Dovolani,26,Athlete,Athlete,3,false,-10.16800584368152,-1.37576876671112,9.166666666666666,0
2,8,Drew Lachey_S2,0.3287219470422331,false,9.6666,3,Drew Lachey,Cheryl Burke,29,Singer/Rapper,Singer,1,false,-7.16800584368152,-1.1125399892420316,9.6666,0
2,8,Jerry Rice_S2,0.38592454883541827,false,8.888866666666667,3,Jerry Rice,Anna Trebunskaya,43,Athlete,Athlete,2,false,6.83199415631848,-0.9521108067855076,8.888866666666667,0
2,8,Stacy Keibler_S2,0.2853535041223483,false,9.5555,3,Stacy Keibler,Tony Dovolani,26,Athlete,Athlete,3,false,-10.16800584368152,-1.2540229975704702,9.5555,0
3,1,Emmitt Smith_S3,0.0953151263877001,false,8.0,3,Emmitt Smith,Cheryl Burke,37,Athlete,Athlete,1,false,0.8319941563184798,-2.3505562655578265,8.0,0
3,1,Harry Hamlin_S3,0.09630595893518284,false,5.666666666666667,3,Harry Hamlin,Ashly DelGrosso,54,Actor/Actress,Actor,9,false,17.83199415631848,-2.3402146997028974,5.666666666666667,0
3,1,Jerry Springer_S3,0.09094340068274617,false,5.333333333333333,3,Jerry Springer,Kym Johnson,62,TV Personality,TV,5,false,25.83199415631848,-2.3975069406988334,5.333333333333333,0
3,1,Joey Lawrence_S3,0.09255208579893567,false,7.0,3,Joey Lawrence,Edyta Sliwinska,30,Actor/Actress,Actor,3,false,-6.16800584368152,-2.379972898552652,7.0,0
3,1,Mario Lopez_S3,0.09380573326520132,false,8.666666666666666,3,Mario Lopez,Karina Smirnoff,32,Actor/Actress,Actor,2,false,-4.16800584368152,-2.366518642335148,8.666666666666666,0
3,1,Monique Coleman_S3,0.09265822239357592,false,6.333333333333333,3,Monique Coleman,Louis van Amstel,25,Actor/Actress,Actor,4,false,-11.16800584368152,-2.378826791068823,6.333333333333333,0
3,1,Shanna Moakler_S3,0.08257553998079958,false,6.0,3,Shanna Moakler,Jesse DeSoto,31,Model,Model,10,false,-5.16800584368152,-2.494029658399321,6.0,0
3,1,Tucker Carlson_S3,0.07320458261540978,true,4.0,3,Tucker Carlson,Elena Grinenko,37,TV Personality,TV,11,false,0.8319941563184798,-2.614483595685078,4.0,0
3,1,Vivica A. Fox_S3,0.0951854271492759,false,7.333333333333333,3,Vivica A. Fox,Nick Kosovich,42,Actor/Actress,Actor,8,false,5.83199415631848,-2.3519179193105533,7.333333333333333,0
3,1,Willa Ford_S3,0.09091619188384904,false,7.333333333333333,3,Willa Ford,Maksim Chmerkoskiy,25,Singer/Rapper,Singer,7,false,-11.16800584368152,-2.3978061660461556,7.333333333333333,0
3,2,Emmitt Smith_S3,0.10432417510822753,false,8.0,3,Emmitt Smith,Cheryl Burke,37,Athlete,Athlete,1,false,0.8319941563184798,-2.2602425740182466,8.0,0
3,2,Harry Hamlin_S3,0.10956562359077571,false,7.0,3,Harry Hamlin,Ashly DelGrosso,54,Actor/Actress,Actor,9,false,17.83199415631848,-2.211222480127923,7.0,0
3,2,Jerry Springer_S3,0.10513803468248767,false,6.333333333333333,3,Jerry Springer,Kym Johnson,62,TV Personality,TV,5,false,25.83199415631848,-2.2524716648914227,6.333333333333333,0
3,2,Joey Lawrence_S3,0.1025130397451233,false,9.666666666666666,3,Joey Lawrence,Edyta Sliwinska,30,Actor/Actress,Actor,3,false,-6.16800584368152,-2.277755516660482,9.666666666666666,0
3,2,Mario Lopez_S3,0.1051371831063582,false,7.0,3,Mario Lopez,Karina Smirnoff,32,Actor/Actress,Actor,2,false,-4.16800584368152,-2.2524797644481738,7.0,0
3,2,Monique Coleman_S3,0.10041765327667232,false,8.666666666666666,3,Monique Coleman,Louis van Amstel,25,Actor/Actress,Actor,4,false,-11.16800584368152,-2.29840729937297,8.666666666666666,0
3,2,Shanna Moakler_S3,0.05731050993555389,true,7.333333333333333,3,Shanna Moakler,Jesse DeSoto,31,Model,Model,10,false,-5.16800584368152,-2.8592538039577815,7.333333333333333,0
3,2,Vivica A. Fox_S3,0.104861167249898,false,8.0,3,Vivica A. Fox,Nick Kosovich,42,Actor/Actress,Actor,8,false,5.83199415631848,-2.255108484018735,8.0,0
3,2,Willa Ford_S3,0.10508653640859209,false,7.666666666666667,3,Willa Ford,Maksim Chmerkoskiy,25,Singer/Rapper,Singer,7,false,-11.16800584368152,-2.2529615960610023,7.666666666666667,0
3,3,Emmitt Smith_S3,0.12145111385131865,false,6.333333333333333,3,Emmitt Smith,Cheryl Burke,37,Athlete,Athlete,1,false,0.8319941563184798,-2.108235218569584,6.333333333333333,0
3,3,Harry Hamlin_S3,0.06954384093231536,true,7.333333333333333,3,Harry Hamlin,Ashly DelGrosso,54,Actor/Actress,Actor,9,false,17.83199415631848,-2.665783541188362,7.333333333333333,0
3,3,Jerry Springer_S3,0.11827016776015672,false,7.0,3,Jerry Springer,Kym Johnson,62,TV Personality,TV,5,false,25.83199415631848,-2.1347752590876605,7.0,0
3,3,Joey Lawrence_S3,0.11897580134369805,false,7.333333333333333,3,Joey Lawrence,Edyta Sliwinska,30,Actor/Actress,Actor,3,false,-6.16800584368152,-2.128826751566797,7.333333333333333,0
3,3,Mario Lopez_S3,0.1193004223705235,false,7.333333333333333,3,Mario Lopez,Karina Smirnoff,32,Actor/Actress,Actor,2,false,-4.16800584368152,-2.1261020273129323,7.333333333333333,0
3,3,Monique Coleman_S3,0.11205738702287099,false,9.0,3,Monique Coleman,Louis van Amstel,25,Actor/Actress,Actor,4,false,-11.16800584368152,-2.1887352308190984,9.0,0
3,3,Vivica A. Fox_S3,0.11318803139592726,false,9.0,3,Vivica A. Fox,Nick Kosovich,42,Actor/Actress,Actor,8,false,5.83199415631848,-2.178696013703451,9.0,0
3,3,Willa Ford_S3,0.11501013012887805,false,7.333333333333333,3,Willa Ford,Maksim Chmerkoskiy,25,Singer/Rapper,Singer,7,false,-11.16800584368152,-2.1627263715727554,7.333333333333333,0
3,4,Emmitt Smith_S3,0.13389673747347322,false,8.0,3,Emmitt Smith,Cheryl Burke,37,Athlete,Athlete,1,false,0.8319941563184798,-2.0106789235638907,8.0,0
3,4,Jerry Springer_S3,0.13098845125859046,false,7.333333333333333,3,Jerry Springer,Kym Johnson,62,TV Personality,TV,5,false,25.83199415631848,-2.032638483766861,7.333333333333333,0
3,4,Joey Lawrence_S3,0.1320021145548037,false,9.0,3,Joey Lawrence,Edyta Sliwinska,30,Actor/Actress,Actor,3,false,-6.16800584368152,-2.0249297615619772,9.0,0
3,4,Mario Lopez_S3,0.1290436885136501,false,9.666666666666666,3,Mario Lopez,Karina Smirnoff,32,Actor/Actress,Actor,2,false,-4.16800584368152,-2.0475965120244797,9.666666666666666,0
3,4,Monique Coleman_S3,0.13100240564936577,false,8.0,3,Monique Coleman,Louis van Amstel,25,Actor/Actress,Actor,4,false,-11.16800584368152,-2.032531958795507,8.0,0
3,4,Vivica A. Fox_S3,0.07898453085488408,true,8.0,3,Vivica A. Fox,Nick Kosovich,42,Actor/Actress,Actor,8,false,5.83199415631848,-2.538490597025454,8.0,0
3,4,Willa Ford_S3,0.1255581532073922,false,9.333333333333334,3,Willa Ford,Maksim Chmerkoskiy,25,Singer/Rapper,Singer,7,false,-11.16800584368152,-2.0749782911582986,9.333333333333334,0
3,5,Emmitt Smith_S3,0.1599142429896707,false,9.0,3,Emmitt Smith,Cheryl Burke,37,Athlete,Athlete,1,false,0.8319941563184798,-1.833111335420071,9.0,0
3,5,Jerry Springer_S3,0.16257605292612087,false,8.0,3,Jerry Springer,Kym Johnson,62,TV Personality,TV,5,false,25.83199415631848,-1.8166032177432416,8.0,0
3,5,Joey Lawrence_S3,0.1625426171509312,false,8.333333333333334,3,Joey Lawrence,Edyta Sliwinska,30,Actor/Actress,Actor,3,false,-6.16800584368152,-1.8168088999922332,8.333333333333334,0
3,5,Mario Lopez_S3,0.1580868240399274,false,9.0,3,Mario Lopez,Karina Smirnoff,32,Actor/Actress,Actor,2,false,-4.16800584368152,-1.844604552027673,9.0,0
3,5,Monique Coleman_S3,0.15342021633618314,false,9.0,3,Monique Coleman,Louis van Amstel,25,Actor/Actress,Actor,4,false,-11.16800584368152,-1.874568092336259,9.0,0
3,5,Willa Ford_S3,0.09646495573609429,true,9.0,3,Willa Ford,Maksim Chmerkoskiy,25,Singer/Rapper,Singer,7,false,-11.16800584368152,-2.338565123181876,9.0,0
3,6,Emmitt Smith_S3,0.205663020363458,false,8.333333333333334,3,Emmitt Smith,Cheryl Burke,37,Athlete,Athlete,1,false,0.8319941563184798,-1.5815114107800312,8.333333333333334,0
3,6,Jerry Springer_S3,0.19426335526560568,false,6.0,3,Jerry Springer,Kym Johnson,62,TV Personality,TV,5,false,25.83199415631848,-1.6385353914836842,6.0,0
3,6,Joey Lawrence_S3,0.19935675567796626,false,8.0,3,Joey Lawrence,Edyta Sliwinska,30,Actor/Actress,Actor,3,false,-6.16800584368152,-1.6126543010810157,8.0,0
3,6,Mario Lopez_S3,0.1975051124343388,false,9.333333333333334,3,Mario Lopez,Karina Smirnoff,32,Actor/Actress,Actor,2,false,-4.16800584368152,-1.6219857460852452,9.333333333333334,0
3,6,Monique Coleman_S3,0.20321175625863094,false,7.666666666666667,3,Monique Coleman,Louis van Amstel,25,Actor/Actress,Actor,4,false,-11.16800584368152,-1.5935017883848537,7.666666666666667,0
3,7,Emmitt Smith_S3,0.21207952924924037,false,9.5,3,Emmitt Smith,Cheryl Burke,37,Athlete,Athlete,1,false,0.8319941563184798,-1.5507892214875043,9.5,0
3,7,Jerry Springer_S3,0.155617395713129,true,7.666666666666667,3,Jerry Springer,Kym Johnson,62,TV Personality,TV,5,false,25.83199415631848,-1.8603484498483611,7.666666666666667,0
3,7,Joey Lawrence_S3,0.21092262018710137,false,9.5,3,Joey Lawrence,Edyta Sliwinska,30,Actor/Actress,Actor,3,false,-6.16800584368152,-1.5562592006747247,9.5,0
3,7,Mario Lopez_S3,0.210408142772301,false,9.333333333333334,3,Mario Lopez,Karina Smirnoff,32,Actor/Actress,Actor,2,false,-4.16800584368152,-1.5587013448217162,9.333333333333334,0
3,7,Monique Coleman_S3,0.21097231207822878,false,9.0,3,Monique Coleman,Louis van Amstel,25,Actor/Actress,Actor,4,false,-11.16800584368152,-1.5560236365472948,9.0,0
3,8,Emmitt Smith_S3,0.2711284092302367,false,9.0,3,Emmitt Smith,Cheryl Burke,37,Athlete,Athlete,1,false,0.8319941563184798,-1.3051590472463148,9.0,0
3,8,Joey Lawrence_S3,0.2691502399320144,false,9.0,3,Joey Lawrence,Edyta Sliwinska,30,Actor/Actress,Actor,3,false,-6.16800584368152,-1.3124818271419614,9.0,0
3,8,Mario Lopez_S3,0.2687920581716873,false,9.5,3,Mario Lopez,Karina Smirnoff,32,Actor/Actress,Actor,2,false,-4.16800584368152,-1.31381349592076,9.5,0
3,8,Monique Coleman_S3,0.19092929266606218,true,8.833333333333334,3,Monique Coleman,Louis van Amstel,25,Actor/Actress,Actor,4,false,-11.16800584368152,-1.6558468774131152,8.833333333333334,0
3,9,Emmitt Smith_S3,0.3691870158727638,false,9.833333333333334,3,Emmitt Smith,Cheryl Burke,37,Athlete,Athlete,1,false,0.8319941563184798,-0.9964492365965091,9.833333333333334,0
3,9,Joey Lawrence_S3,0.2630031707046918,true,9.833333333333334,3,Joey Lawrence,Edyta Sliwinska,30,Actor/Actress,Actor,3,false,-6.16800584368152,-1.3355853887373679,9.833333333333334,0
3,9,Mario Lopez_S3,0.3678098134225436,false,9.833333333333334,3,Mario Lopez,Karina Smirnoff,32,Actor/Actress,Actor,2,false,-4.16800584368152,-1.0001865669652936,9.833333333333334,0
3,10,Emmitt Smith_S3,0.5751298236115691,false,9.888866666666667,3,Emmitt Smith,Cheryl Burke,37,Athlete,Athlete,1,false,0.8319941563184798,-0.553157744738915,9.888866666666667,0
3,10,Mario Lopez_S3,0.4248701763884309,false,9.888866666666667,3,Mario Lopez,Karina Smirnoff,32,Actor/Actress,Actor,2,false,-4.16800584368152,-0.855969270386332,9.888866666666667,0
4,1,Apolo Anton Ohno_S4,0.09363892112533234,false,7.0,3,Apolo Anton Ohno,Julianne Hough,24,Athlete,Athlete,1,false,-12.16800584368152,-2.36829847867789,7.0,0
4,1,Billy Ray Cyrus_S4,0.09235864644419856,false,4.333333333333333,3,Billy Ray Cyrus,Karina Smirnoff,45,Singer/Rapper,Singer,5,false,8.83199415631848,-2.3820651225218077,4.333333333333333,0
4,1,Clyde Drexler_S4,0.09778565042794615,false,5.333333333333333,3,Clyde Drexler,Elena Grinenko,44,Athlete,Athlete,8,false,7.83199415631848,-2.3249672099499166,5.333333333333333,0
4,1,Heather Mills_S4,0.08229764666022252,false,6.0,3,Heather Mills,Jonathan Roberts,39,Model,Model,7,false,2.83199415631848,-2.4974006154170323,6.0,0
4,1,Ian Ziering_S4,0.09439809820834646,false,7.0,3,Ian Ziering,Cheryl Burke,42,Actor/Actress,Actor,4,false,5.83199415631848,-2.360223758753997,7.0,0
4,1,Joey Fatone_S4,0.0931485642180023,false,8.0,3,Joey Fatone,Kym Johnson,30,Singer/Rapper,Singer,2,false,-6.16800584368152,-2.3735488602277983,8.0,0
4,1,John Ratzenberger_S4,0.09491157296308744,false,5.666666666666667,3,John Ratzenberger,Edyta Sliwinska,59,Actor/Actress,Actor,6,false,22.83199415631848,-2.3547990957025307,5.666666666666667,0
4,1,Laila Ali_S4,0.0956739482791572,false,7.666666666666667,3,Laila Ali,Maksim Chmerkoskiy,29,Athlete,Athlete,3,false,-7.16800584368152,-2.346798788259415,7.666666666666667,0
4,1,Leeza Gibbons_S4,0.09422328537123596,false,5.0,3,Leeza Gibbons,Tony Dovolani,50,TV Personality,TV,9,false,13.83199415631848,-2.3620773241374975,5.0,0
4,1,Paulina Porizkova_S4,0.07882838182852683,false,6.333333333333333,3,Paulina Porizkova,Alec Mazo,41,Model,Model,11,false,4.83199415631848,-2.5404694857712484,6.333333333333333,0
4,1,Shandi Finnessey_S4,0.08273528447394374,false,6.333333333333333,3,Shandi Finnessey,Brian Fortuna,28,Beauty Pagent,Model,10,false,-8.16800584368152,-2.4920970250008847,6.333333333333333,0
4,2,Apolo Anton Ohno_S4,0.09444606381302344,false,8.666666666666666,3,Apolo Anton Ohno,Julianne Hough,24,Athlete,Athlete,1,false,-12.16800584368152,-2.3597157727277516,8.666666666666666,0
4,2,Billy Ray Cyrus_S4,0.0956675360164587,false,7.0,3,Billy Ray Cyrus,Karina Smirnoff,45,Singer/Rapper,Singer,5,false,8.83199415631848,-2.346865811839805,7.0,0
4,2,Clyde Drexler_S4,0.10042880241254017,false,6.0,3,Clyde Drexler,Elena Grinenko,44,Athlete,Athlete,8,false,7.83199415631848,-2.29829627899354,6.0,0
4,2,Heather Mills_S4,0.08398591574567436,false,8.0,3,Heather Mills,Jonathan Roberts,39,Model,Model,7,false,2.83199415631848,-2.4770942572038885,8.0,0
4,2,Ian Ziering_S4,0.09818871037423384,false,7.333333333333333,3,Ian Ziering,Cheryl Burke,42,Actor/Actress,Actor,4,false,5.83199415631848,-2.3208538514515475,7.333333333333333,0
4,2,Joey Fatone_S4,0.09594088449776483,false,8.0,3,Joey Fatone,Kym Johnson,30,Singer/Rapper,Singer,2,false,-6.16800584368152,-2.344012640639541,8.0,0
4,2,John Ratzenberger_S4,0.09544070031406955,false,7.0,3,John Ratzenberger,Edyta Sliwinska,59,Actor/Actress,Actor,6,false,22.83199415631848,-2.349239685822362,7.0,0
4,2,Laila Ali_S4,0.09607233232216168,false,9.0,3,Laila Ali,Maksim Chmerkoskiy,29,Athlete,Athlete,3,false,-7.16800584368152,-2.3426435007650293,9.0,0
4,2,Leeza Gibbons_S4,0.09837074643234092,false,7.0,3,Leeza Gibbons,Tony Dovolani,50,TV Personality,TV,9,false,13.83199415631848,-2.319001645906202,7.0,0
4,2,Paulina Porizkova_S4,0.05040833541523304,true,7.0,3,Paulina Porizkova,Alec Mazo,41,Model,Model,11,false,4.83199415631848,-2.987578894564404,7.0,0
4,2,Shandi Finnessey_S4,0.09104997265649888,false,6.666666666666667,3,Shandi Finnessey,Brian Fortuna,28,Beauty Pagent,Model,10,false,-8.16800584368152,-2.3963357902022198,6.666666666666667,0
4,3,Apolo Anton Ohno_S4,0.10619623615736429,false,7.666666666666667,3,Apolo Anton Ohno,Julianne Hough,24,Athlete,Athlete,1,false,-12.16800584368152,-2.2424571953965273,7.666666666666667,0
4,3,Billy Ray Cyrus_S4,0.10949927824810066,false,7.0,3,Billy Ray Cyrus,Karina Smirnoff,45,Singer/Rapper,Singer,5,false,8.83199415631848,-2.2118281886502653,7.0,0
4,3,Clyde Drexler_S4,0.11371168142187563,false,5.333333333333333,3,Clyde Drexler,Elena Grinenko,44,Athlete,Athlete,8,false,7.83199415631848,-2.1740803503916712,5.333333333333333,0
4,3,Heather Mills_S4,0.09312755925601147,false,8.0,3,Heather Mills,Jonathan Roberts,39,Model,Model,7,false,2.83199415631848,-2.373774382814006,8.0,0
4,3,Ian Ziering_S4,0.10591051037383638,false,8.0,3,Ian Ziering,Cheryl Burke,42,Actor/Actress,Actor,4,false,5.83199415631848,-2.2451513413101414,8.0,0
4,3,Joey Fatone_S4,0.10259859779768869,false,8.0,3,Joey Fatone,Kym Johnson,30,Singer/Rapper,Singer,2,false,-6.16800584368152,-2.2769212663536518,8.0,0
4,3,John Ratzenberger_S4,0.10797672799778116,false,6.666666666666667,3,John Ratzenberger,Edyta Sliwinska,59,Actor/Actress,Actor,6,false,22.83199415631848,-2.2258302953674147,6.666666666666667,0
4,3,Laila Ali_S4,0.11038938717066853,false,7.0,3,Laila Ali,Maksim Chmerkoskiy,29,Athlete,Athlete,3,false,-7.16800584368152,-2.203732221659644,7.0,0
4,3,Leeza Gibbons_S4,0.10499948877599101,false,8.0,3,Leeza Gibbons,Tony Dovolani,50,TV Personality,TV,9,false,13.83199415631848,-2.25379027382601,8.0,0
4,3,Shandi Finnessey_S4,0.045590532800682954,true,7.0,3,Shandi Finnessey,Brian Fortuna,28,Beauty Pagent,Model,10,false,-8.16800584368152,-3.0880332638987906,7.0,0
4,4,Apolo Anton Ohno_S4,0.11474087116493491,false,8.666666666666666,3,Apolo Anton Ohno,Julianne Hough,24,Athlete,Athlete,1,false,-12.16800584368152,-2.165070272071984,8.666666666666666,0
4,4,Billy Ray Cyrus_S4,0.11293053470616787,false,7.0,3,Billy Ray Cyrus,Karina Smirnoff,45,Singer/Rapper,Singer,5,false,8.83199415631848,-2.1809735314498724,7.0,0
4,4,Clyde Drexler_S4,0.12694552822034502,false,5.0,3,Clyde Drexler,Elena Grinenko,44,Athlete,Athlete,8,false,7.83199415631848,-2.0639893188198566,5.0,0
4,4,Heather Mills_S4,0.09808082869854358,false,7.666666666666667,3,Heather Mills,Jonathan Roberts,39,Model,Model,7,false,2.83199415631848,-2.3219531619992138,7.666666666666667,0
4,4,Ian Ziering_S4,0.11435455426580016,false,8.0,3,Ian Ziering,Cheryl Burke,42,Actor/Actress,Actor,4,false,5.83199415631848,-2.168442787189235,8.0,0
4,4,Joey Fatone_S4,0.110510512755972,false,9.333333333333334,3,Joey Fatone,Kym Johnson,30,Singer/Rapper,Singer,2,false,-6.16800584368152,-2.2026355756146545,9.333333333333334,0
4,4,John Ratzenberger_S4,0.1222262432017365,false,5.333333333333333,3,John Ratzenberger,Edyta Sliwinska,59,Actor/Actress,Actor,6,false,22.83199415631848,-2.1018733176342046,5.333333333333333,0
4,4,Laila Ali_S4,0.11617591285290246,false,7.0,3,Laila Ali,Maksim Chmerkoskiy,29,Athlete,Athlete,3,false,-7.16800584368152,-2.152641138875267,7.0,0
4,4,Leeza Gibbons_S4,0.08403501413359693,true,5.333333333333333,3,Leeza Gibbons,Tony Dovolani,50,TV Personality,TV,9,false,13.83199415631848,-2.476509832335743,5.333333333333333,0
4,5,Apolo Anton Ohno_S4,0.1292592567973666,false,10.0,3,Apolo Anton Ohno,Julianne Hough,24,Athlete,Athlete,1,false,-12.16800584368152,-2.045927412476248,10.0,0
4,5,Billy Ray Cyrus_S4,0.13309658883483547,false,5.666666666666667,3,Billy Ray Cyrus,Karina Smirnoff,45,Singer/Rapper,Singer,5,false,8.83199415631848,-2.016672669185913,5.666666666666667,0
4,5,Clyde Drexler_S4,0.1042718866463929,true,4.333333333333333,3,Clyde Drexler,Elena Grinenko,44,Athlete,Athlete,8,false,7.83199415631848,-2.2607439062213355,4.333333333333333,0
4,5,Heather Mills_S4,0.11185698130805076,false,7.0,3,Heather Mills,Jonathan Roberts,39,Model,Model,7,false,2.83199415631848,-2.1905252363450396,7.0,0
4,5,Ian Ziering_S4,0.13227383003054213,false,8.0,3,Ian Ziering,Cheryl Burke,42,Actor/Actress,Actor,4,false,5.83199415631848,-2.022873475163154,8.0,0
4,5,Joey Fatone_S4,0.12638150945057652,false,8.333333333333334,3,Joey Fatone,Kym Johnson,30,Singer/Rapper,Singer,2,false,-6.16800584368152,-2.0684421814438974,8.333333333333334,0
4,5,John Ratzenberger_S4,0.1325232149635949,false,6.0,3,John Ratzenberger,Edyta Sliwinska,59,Actor/Actress,Actor,6,false,22.83199415631848,-2.0209898958111934,6.0,0
4,5,Laila Ali_S4,0.130336731968641,false,9.333333333333334,3,Laila Ali,Maksim Chmerkoskiy,29,Athlete,Athlete,3,false,-7.16800584368152,-2.037626259114362,9.333333333333334,0
4,6,Apolo Anton Ohno_S4,0.15169300229607136,false,9.333333333333334,3,Apolo Anton Ohno,Julianne Hough,24,Athlete,Athlete,1,false,-12.16800584368152,-1.8858899300205063,9.333333333333334,0
4,6,Billy Ray Cyrus_S4,0.15430864482683002,false,7.0,3,Billy Ray Cyrus,Karina Smirnoff,45,Singer/Rapper,Singer,5,false,8.83199415631848,-1.868794014587694,7.0,0
4,6,Heather Mills_S4,0.0862780009975845,true,7.666666666666667,3,Heather Mills,Jonathan Roberts,39,Model,Model,7,false,2.83199415631848,-2.450169036137573,7.666666666666667,0
4,6,Ian Ziering_S4,0.1519836438277719,false,8.0,3,Ian Ziering,Cheryl Burke,42,Actor/Actress,Actor,4,false,5.83199415631848,-1.883975790688346,8.0,0
4,6,Joey Fatone_S4,0.1463828196364598,false,9.0,3,Joey Fatone,Kym Johnson,30,Singer/Rapper,Singer,2,false,-6.16800584368152,-1.92152320517177,9.0,0
4,6,John Ratzenberger_S4,0.15899439186228814,false,6.333333333333333,3,John Ratzenberger,Edyta Sliwinska,59,Actor/Actress,Actor,6,false,22.83199415631848,-1.8388800591800796,6.333333333333333,0
4,6,Laila Ali_S4,0.15035949655299433,false,9.333333333333334,3,Laila Ali,Maksim Chmerkoskiy,29,Athlete,Athlete,3,false,-7.16800584368152,-1.8947195578641431,9.333333333333334,0
4,7,Apolo Anton Ohno_S4,0.17110739045925366,false,9.0,3,Apolo Anton Ohno,Julianne Hough,24,Athlete,Athlete,1,false,-12.16800584368152,-1.7654580609505393,9.0,0
4,7,Billy Ray Cyrus_S4,0.19160736892571592,false,6.333333333333333,3,Billy Ray Cyrus,Karina Smirnoff,45,Singer/Rapper,Singer,5,false,8.83199415631848,-1.6523017352462774,6.333333333333333,0
4,7,Ian Ziering_S4,0.1753743238088241,false,9.0,3,Ian Ziering,Cheryl Burke,42,Actor/Actress,Actor,4,false,5.83199415631848,-1.7408268941816067,9.0,0
4,7,Joey Fatone_S4,0.1670386244650838,false,9.833333333333334,3,Joey Fatone,Kym Johnson,30,Singer/Rapper,Singer,2,false,-6.16800584368152,-1.7895242224639787,9.833333333333334,0
4,7,John Ratzenberger_S4,0.12341676692384733,true,7.5,3,John Ratzenberger,Edyta Sliwinska,59,Actor/Actress,Actor,6,false,22.83199415631848,-2.0921801995615446,7.5,0
4,7,Laila Ali_S4,0.1714555254172755,false,9.833333333333334,3,Laila Ali,Maksim Chmerkoskiy,29,Athlete,Athlete,3,false,-7.16800584368152,-1.763425540620893,9.833333333333334,0
4,8,Apolo Anton Ohno_S4,0.2031026461385601,false,9.666666666666666,3,Apolo Anton Ohno,Julianne Hough,24,Athlete,Athlete,1,false,-12.16800584368152,-1.5940388581268075,9.666666666666666,0
4,8,Billy Ray Cyrus_S4,0.16856175084833047,true,6.333333333333333,3,Billy Ray Cyrus,Karina Smirnoff,45,Singer/Rapper,Singer,5,false,8.83199415631848,-1.7804471899211571,6.333333333333333,0
4,8,Ian Ziering_S4,0.21360057660861897,false,7.833333333333333,3,Ian Ziering,Cheryl Burke,42,Actor/Actress,Actor,4,false,5.83199415631848,-1.5436427907968444,7.833333333333333,0
4,8,Joey Fatone_S4,0.2056598058518015,false,9.166666666666666,3,Joey Fatone,Kym Johnson,30,Singer/Rapper,Singer,2,false,-6.16800584368152,-1.5815270408196092,9.166666666666666,0
4,8,Laila Ali_S4,0.20907522055268907,false,8.833333333333334,3,Laila Ali,Maksim Chmerkoskiy,29,Athlete,Athlete,3,false,-7.16800584368152,-1.5650564018614979,8.833333333333334,0
4,9,Apolo Anton Ohno_S4,0.2751501439906053,false,9.833333333333334,3,Apolo Anton Ohno,Julianne Hough,24,Athlete,Athlete,1,false,-12.16800584368152,-1.2904347177870104,9.833333333333334,0
4,9,Ian Ziering_S4,0.18354473711184086,true,9.666666666666666,3,Ian Ziering,Cheryl Burke,42,Actor/Actress,Actor,4,false,5.83199415631848,-1.6952913939788852,9.666666666666666,0
4,9,Joey Fatone_S4,0.2667123873553933,false,10.0,3,Joey Fatone,Kym Johnson,30,Singer/Rapper,Singer,2,false,-6.16800584368152,-1.3215806527457747,10.0,0
4,9,Laila Ali_S4,0.2745927315421604,false,10.0,3,Laila Ali,Maksim Chmerkoskiy,29,Athlete,Athlete,3,false,-7.16800584368152,-1.29246261350474,10.0,0
4,10,Apolo Anton Ohno_S4,0.40235788867962496,false,9.777733333333334,3,Apolo Anton Ohno,Julianne Hough,24,Athlete,Athlete,1,false,-12.16800584368152,-0.9104108307249215,9.777733333333334,0
4,10,Joey Fatone_S4,0.3350908348624224,false,9.5555,3,Joey Fatone,Kym Johnson,30,Singer/Rapper,Singer,2,false,-6.16800584368152,-1.0933506508072286,9.5555,0
4,10,Laila Ali_S4,0.2625512764579535,false,9.4444,3,Laila Ali,Maksim Chmerkoskiy,29,Athlete,Athlete,3,false,-7.16800584368152,-1.3373050683666197,9.4444,0
5,1,Albert Reed_S5,0.07545245259833862,false,7.0,3,Albert Reed,Anna Trebunskaya,22,Model,Model,11,false,-14.16800584368152,-2.584239334731229,7.0,0
5,1,Cameron Mathison_S5,0.0878943674948639,false,7.0,3,Cameron Mathison,Edyta Sliwinska,38,Actor/Actress,Actor,5,false,1.8319941563184798,-2.431608177672252,7.0,0
5,1,Floyd Mayweather Jr. _S5,0.08970445586342109,false,6.0,3,Floyd Mayweather Jr. ,Karina Smirnoff,30,Athlete,Athlete,9,false,-6.16800584368152,-2.411223688317547,6.0,0
5,1,Helio Castroneves_S5,0.09176938805986974,false,8.333333333333334,3,Helio Castroneves,Julianne Hough,32,Racing Driver,Athlete,1,false,-4.16800584368152,-2.3884656035465595,8.333333333333334,0
5,1,Jane Seymour_S5,0.08339093466759387,false,8.0,3,Jane Seymour,Tony Dovolani,56,Actor/Actress,Actor,6,false,19.83199415631848,-2.4842036809173975,8.0,0
5,1,Jennie Garth_S5,0.08738610334711941,false,7.0,3,Jennie Garth,Derek Hough,35,Actor/Actress,Actor,4,false,-1.1680058436815202,-2.437407566165985,7.0,0
5,1,Josie Maran_S5,0.054373016762408154,true,5.333333333333333,3,Josie Maran,Alec Mazo,29,Model,Model,12,false,-7.16800584368152,-2.9118688722672044,5.333333333333333,0
5,1,Marie Osmond_S5,0.08690754907167089,false,7.0,3,Marie Osmond,Jonathan Roberts,47,Singer/Rapper,Singer,3,false,10.83199415631848,-2.4428988732795247,7.0,0
5,1,Mark Cuban_S5,0.08796278466599787,false,7.0,3,Mark Cuban,Kym Johnson,49,TV Personality,TV,8,false,12.83199415631848,-2.430830087095275,7.0,0
5,1,Mel B_S5,0.08576633834485105,false,8.0,3,Mel B,Maksim Chmerkoskiy,32,Singer/Rapper,Singer,2,false,-4.16800584368152,-2.4561170169336215,8.0,0
5,1,Sabrina Bryan_S5,0.08337386261072655,false,8.666666666666666,3,Sabrina Bryan,Mark Ballas,23,Actor/Actress,Actor,7,false,-13.16800584368152,-2.484408422595065,8.666666666666666,0
5,1,Wayne Newton_S5,0.08601874651313857,false,6.333333333333333,3,Wayne Newton,Cheryl Burke,65,Singer/Rapper,Singer,10,false,28.83199415631848,-2.4531783984672226,6.333333333333333,0
5,2,Albert Reed_S5,0.046501968614024794,true,7.0,3,Albert Reed,Anna Trebunskaya,22,Model,Model,11,false,-14.16800584368152,-3.0682391272647633,7.0,0
5,2,Cameron Mathison_S5,0.09500854291713369,false,7.0,3,Cameron Mathison,Edyta Sliwinska,38,Actor/Actress,Actor,5,false,1.8319941563184798,-2.3537779406672343,7.0,0
5,2,Floyd Mayweather Jr. _S5,0.0973978736943655,false,7.0,3,Floyd Mayweather Jr. ,Karina Smirnoff,30,Athlete,Athlete,9,false,-6.16800584368152,-2.3289406321133876,7.0,0
5,2,Helio Castroneves_S5,0.09742239154561481,false,9.0,3,Helio Castroneves,Julianne Hough,32,Racing Driver,Athlete,1,false,-4.16800584368152,-2.3286889375614477,9.0,0
5,2,Jane Seymour_S5,0.09382902663533298,false,7.0,3,Jane Seymour,Tony Dovolani,56,Actor/Actress,Actor,6,false,19.83199415631848,-2.366270360812235,7.0,0
5,2,Jennie Garth_S5,0.09554435336870314,false,7.0,3,Jennie Garth,Derek Hough,35,Actor/Actress,Actor,4,false,-1.1680058436815202,-2.3481542398425237,7.0,0
5,2,Marie Osmond_S5,0.09284328260297171,false,8.0,3,Marie Osmond,Jonathan Roberts,47,Singer/Rapper,Singer,3,false,10.83199415631848,-2.3768315697840117,8.0,0
5,2,Mark Cuban_S5,0.0948171283127982,false,6.0,3,Mark Cuban,Kym Johnson,49,TV Personality,TV,8,false,12.83199415631848,-2.3557946610744485,6.0,0
5,2,Mel B_S5,0.09180538536473244,false,7.666666666666667,3,Mel B,Maksim Chmerkoskiy,32,Singer/Rapper,Singer,2,false,-4.16800584368152,-2.388073426424666,7.666666666666667,0
5,2,Sabrina Bryan_S5,0.09402648079209237,false,8.666666666666666,3,Sabrina Bryan,Mark Ballas,23,Actor/Actress,Actor,7,false,-13.16800584368152,-2.3641681905856853,8.666666666666666,0
5,2,Wayne Newton_S5,0.10080356615223038,false,5.0,3,Wayne Newton,Cheryl Burke,65,Singer/Rapper,Singer,10,false,28.83199415631848,-2.2945716252415735,5.0,0
5,3,Cameron Mathison_S5,0.1078822943963207,false,7.666666666666667,3,Cameron Mathison,Edyta Sliwinska,38,Actor/Actress,Actor,5,false,1.8319941563184798,-2.2267052435765677,7.666666666666667,0
5,3,Floyd Mayweather Jr. _S5,0.10765811559378571,false,7.0,3,Floyd Mayweather Jr. ,Karina Smirnoff,30,Athlete,Athlete,9,false,-6.16800584368152,-2.2287853806909284,7.0,0
5,3,Helio Castroneves_S5,0.1067749132214028,false,8.0,3,Helio Castroneves,Julianne Hough,32,Racing Driver,Athlete,1,false,-4.16800584368152,-2.2370229095269316,8.0,0
5,3,Jane Seymour_S5,0.1006228633593124,false,9.0,3,Jane Seymour,Tony Dovolani,56,Actor/Actress,Actor,6,false,19.83199415631848,-2.2963658391152832,9.0,0
5,3,Jennie Garth_S5,0.10109010603645001,false,8.666666666666666,3,Jennie Garth,Derek Hough,35,Actor/Actress,Actor,4,false,-1.1680058436815202,-2.2917331287695846,8.666666666666666,0
5,3,Marie Osmond_S5,0.09666764723126174,false,8.666666666666666,3,Marie Osmond,Jonathan Roberts,47,Singer/Rapper,Singer,3,false,10.83199415631848,-2.336466156280356,8.666666666666666,0
5,3,Mark Cuban_S5,0.106178025545532,false,6.666666666666667,3,Mark Cuban,Kym Johnson,49,TV Personality,TV,8,false,12.83199415631848,-2.242628689251169,6.666666666666667,0
5,3,Mel B_S5,0.09736223047918763,false,9.0,3,Mel B,Maksim Chmerkoskiy,32,Singer/Rapper,Singer,2,false,-4.16800584368152,-2.3293066500892876,9.0,0
5,3,Sabrina Bryan_S5,0.10316892180410143,false,9.0,3,Sabrina Bryan,Mark Ballas,23,Actor/Actress,Actor,7,false,-13.16800584368152,-2.2713779238026643,9.0,0
5,3,Wayne Newton_S5,0.07259488233264579,true,6.0,3,Wayne Newton,Cheryl Burke,65,Singer/Rapper,Singer,10,false,28.83199415631848,-2.6228470759410545,6.0,0
5,4,Cameron Mathison_S5,0.11599005930707834,false,9.0,3,Cameron Mathison,Edyta Sliwinska,38,Actor/Actress,Actor,5,false,1.8319941563184798,-2.154242165785178,9.0,0
5,4,Floyd Mayweather Jr. _S5,0.0778465586505936,true,7.666666666666667,3,Floyd Mayweather Jr. ,Karina Smirnoff,30,Athlete,Athlete,9,false,-6.16800584368152,-2.5530027408522535,7.666666666666667,0
5,4,Helio Castroneves_S5,0.1171930897977306,false,9.0,3,Helio Castroneves,Julianne Hough,32,Racing Driver,Athlete,1,false,-4.16800584368152,-2.1439238314577853,9.0,0
5,4,Jane Seymour_S5,0.11562882150779616,false,8.666666666666666,3,Jane Seymour,Tony Dovolani,56,Actor/Actress,Actor,6,false,19.83199415631848,-2.1573613844920634,8.666666666666666,0
5,4,Jennie Garth_S5,0.11409474456765226,false,9.0,3,Jennie Garth,Derek Hough,35,Actor/Actress,Actor,4,false,-1.1680058436815202,-2.170717318448062,9.0,0
5,4,Marie Osmond_S5,0.111831251260142,false,8.666666666666666,3,Marie Osmond,Jonathan Roberts,47,Singer/Rapper,Singer,3,false,10.83199415631848,-2.1907552870515623,8.666666666666666,0
5,4,Mark Cuban_S5,0.12069920974866627,false,7.333333333333333,3,Mark Cuban,Kym Johnson,49,TV Personality,TV,8,false,12.83199415631848,-2.1144454131115924,7.333333333333333,0
5,4,Mel B_S5,0.1159123530620945,false,8.666666666666666,3,Mel B,Maksim Chmerkoskiy,32,Singer/Rapper,Singer,2,false,-4.16800584368152,-2.154912323347927,8.666666666666666,0
5,4,Sabrina Bryan_S5,0.1108039120982458,false,10.0,3,Sabrina Bryan,Mark Ballas,23,Actor/Actress,Actor,7,false,-13.16800584368152,-2.199984172634974,10.0,0
5,5,Cameron Mathison_S5,0.13002898573938476,false,8.666666666666666,3,Cameron Mathison,Edyta Sliwinska,38,Actor/Actress,Actor,5,false,1.8319941563184798,-2.039990195590646,8.666666666666666,0
5,5,Helio Castroneves_S5,0.1396213914511595,false,7.666666666666667,3,Helio Castroneves,Julianne Hough,32,Racing Driver,Athlete,1,false,-4.16800584368152,-1.968813704301513,7.666666666666667,0
5,5,Jane Seymour_S5,0.12816625789514816,false,8.666666666666666,3,Jane Seymour,Tony Dovolani,56,Actor/Actress,Actor,6,false,19.83199415631848,-2.054419165749142,8.666666666666666,0
5,5,Jennie Garth_S5,0.12925154219083368,false,8.333333333333334,3,Jennie Garth,Derek Hough,35,Actor/Actress,Actor,4,false,-1.1680058436815202,-2.045987096999145,8.333333333333334,0
5,5,Marie Osmond_S5,0.133157943485725,false,7.0,3,Marie Osmond,Jonathan Roberts,47,Singer/Rapper,Singer,3,false,10.83199415631848,-2.016211800478274,7.0,0
5,5,Mark Cuban_S5,0.09004257115909495,true,7.0,3,Mark Cuban,Kym Johnson,49,TV Personality,TV,8,false,12.83199415631848,-2.4074616018121384,7.0,0
5,5,Mel B_S5,0.12365607306220672,false,9.666666666666666,3,Mel B,Maksim Chmerkoskiy,32,Singer/Rapper,Singer,2,false,-4.16800584368152,-2.0902430843683972,9.666666666666666,0
5,5,Sabrina Bryan_S5,0.12607523501644718,false,9.333333333333334,3,Sabrina Bryan,Mark Ballas,23,Actor/Actress,Actor,7,false,-13.16800584368152,-2.070868515180378,9.333333333333334,0
5,6,Cameron Mathison_S5,0.15165618467074168,false,8.333333333333334,3,Cameron Mathison,Edyta Sliwinska,38,Actor/Actress,Actor,5,false,1.8319941563184798,-1.8861326693081193,8.333333333333334,0
5,6,Helio Castroneves_S5,0.1561327374913236,false,9.333333333333334,3,Helio Castroneves,Julianne Hough,32,Racing Driver,Athlete,1,false,-4.16800584368152,-1.8570423473861177,9.333333333333334,0
5,6,Jane Seymour_S5,0.15766445757249098,false,7.333333333333333,3,Jane Seymour,Tony Dovolani,56,Actor/Actress,Actor,6,false,19.83199415631848,-1.847279847861137,7.333333333333333,0
5,6,Jennie Garth_S5,0.15054341563909956,false,9.0,3,Jennie Garth,Derek Hough,35,Actor/Actress,Actor,4,false,-1.1680058436815202,-1.8934971178071245,9.0,0
5,6,Marie Osmond_S5,0.1503971946442157,false,7.666666666666667,3,Marie Osmond,Jonathan Roberts,47,Singer/Rapper,Singer,3,false,10.83199415631848,-1.894468871233817,7.666666666666667,0
5,6,Mel B_S5,0.14318414816355216,false,10.0,3,Mel B,Maksim Chmerkoskiy,32,Singer/Rapper,Singer,2,false,-4.16800584368152,-1.9436167437759295,10.0,0
5,6,Sabrina Bryan_S5,0.09042186181857574,true,8.333333333333334,3,Sabrina Bryan,Mark Ballas,23,Actor/Actress,Actor,7,false,-13.16800584368152,-2.4032581473336827,8.333333333333334,0
5,7,Cameron Mathison_S5,0.17913070755870356,false,8.5,3,Cameron Mathison,Edyta Sliwinska,38,Actor/Actress,Actor,5,false,1.8319941563184798,-1.719633947289515,8.5,0
5,7,Helio Castroneves_S5,0.18289567911781687,false,8.666666666666666,3,Helio Castroneves,Julianne Hough,32,Racing Driver,Athlete,1,false,-4.16800584368152,-1.6988338805690886,8.666666666666666,0
5,7,Jane Seymour_S5,0.11596448525887289,true,8.333333333333334,3,Jane Seymour,Tony Dovolani,56,Actor/Actress,Actor,6,false,19.83199415631848,-2.1544626730216256,8.333333333333334,0
5,7,Jennie Garth_S5,0.17412043167969424,false,8.833333333333334,3,Jennie Garth,Derek Hough,35,Actor/Actress,Actor,4,false,-1.1680058436815202,-1.7480023399582265,8.833333333333334,0
5,7,Marie Osmond_S5,0.1737940040516822,false,8.666666666666666,3,Marie Osmond,Jonathan Roberts,47,Singer/Rapper,Singer,3,false,10.83199415631848,-1.749878811951331,8.666666666666666,0
5,7,Mel B_S5,0.17409469233323055,false,9.0,3,Mel B,Maksim Chmerkoskiy,32,Singer/Rapper,Singer,2,false,-4.16800584368152,-1.7481501749998463,9.0,0
5,8,Cameron Mathison_S5,0.1397045121104487,true,8.5,3,Cameron Mathison,Edyta Sliwinska,38,Actor/Actress,Actor,5,false,1.8319941563184798,-1.9682185567299113,8.5,0
5,8,Helio Castroneves_S5,0.2170473699881871,false,9.5,3,Helio Castroneves,Julianne Hough,32,Racing Driver,Athlete,1,false,-4.16800584368152,-1.5276350471095292,9.5,0
5,8,Jennie Garth_S5,0.21704192573365771,false,8.333333333333334,3,Jennie Garth,Derek Hough,35,Actor/Actress,Actor,4,false,-1.1680058436815202,-1.5276601305635553,8.333333333333334,0
5,8,Marie Osmond_S5,0.2177685080909465,false,8.166666666666666,3,Marie Osmond,Jonathan Roberts,47,Singer/Rapper,Singer,3,false,10.83199415631848,-1.5243180778665644,8.166666666666666,0
5,8,Mel B_S5,0.20843768407675864,false,9.333333333333334,3,Mel B,Maksim Chmerkoskiy,32,Singer/Rapper,Singer,2,false,-4.16800584368152,-1.5681103621602521,9.333333333333334,0
5,9,Helio Castroneves_S5,0.27611627559168633,false,10.0,3,Helio Castroneves,Julianne Hough,32,Racing Driver,Athlete,1,false,-4.16800584368152,-1.2869295919502604,10.0,0
5,9,Jennie Garth_S5,0.18503897326868254,true,9.666666666666666,3,Jennie Garth,Derek Hough,35,Actor/Actress,Actor,4,false,-1.1680058436815202,-1.6871834055213366,9.666666666666666,0
5,9,Marie Osmond_S5,0.2705898480908687,false,9.333333333333334,3,Marie Osmond,Jonathan Roberts,47,Singer/Rapper,Singer,3,false,10.83199415631848,-1.3071473846197925,9.333333333333334,0
5,9,Mel B_S5,0.26825490304876054,false,10.0,3,Mel B,Maksim Chmerkoskiy,32,Singer/Rapper,Singer,2,false,-4.16800584368152,-1.3158138919398814,10.0,0
5,10,Helio Castroneves_S5,0.40218632878121646,false,9.3333,3,Helio Castroneves,Julianne Hough,32,Racing Driver,Athlete,1,false,-4.16800584368152,-0.9108373069105911,9.3333,0
5,10,Marie Osmond_S5,0.2841874351952097,false,7.666666666666667,3,Marie Osmond,Jonathan Roberts,47,Singer/Rapper,Singer,3,false,10.83199415631848,-1.2581177566340453,7.666666666666667,0
5,10,Mel B_S5,0.3136262360235737,false,9.4444,3,Mel B,Maksim Chmerkoskiy,32,Singer/Rapper,Singer,2,false,-4.16800584368152,-1.1595501447121224,9.4444,0
6,1,Adam Carolla_S6,0.07452963659784412,false,5.0,3,Adam Carolla,Julianne Hough,43,Radio Personality,TV,9,false,6.83199415631848,-2.5965450086270376,5.0,0
6,1,Cristian de la Fuente_S6,0.08216178046929135,false,7.0,3,Cristian de la Fuente,Cheryl Burke,34,Actor/Actress,Actor,3,false,-2.16800584368152,-2.4990528718057985,7.0,0
6,1,Jason Taylor_S6,0.08485479723829309,false,7.333333333333333,3,Jason Taylor,Edyta Sliwinska,33,Athlete,Athlete,2,false,-3.16800584368152,-2.4668019662617287,7.333333333333333,0
6,1,Kristi Yamaguchi_S6,0.08749269297938511,false,9.0,3,Kristi Yamaguchi,Mark Ballas,36,Athlete,Athlete,1,false,-0.16800584368152016,-2.436188568452072,9.0,0
6,1,Mario_S6,0.0827156697417119,false,8.0,3,Mario,Karina Smirnoff,21,Singer/Rapper,Singer,5,false,-15.16800584368152,-2.492334128441155,8.0,0
6,1,Marissa Jaret Winokur_S6,0.08609065220703571,false,6.0,3,Marissa Jaret Winokur,Tony Dovolani,35,Actor/Actress,Actor,4,false,-1.1680058436815202,-2.4523428268709724,6.0,0
6,1,Marlee Matlin_S6,0.08779238625374156,false,7.333333333333333,3,Marlee Matlin,Fabian Sanchez,42,Actor/Actress,Actor,7,false,5.83199415631848,-2.4327691085844503,7.333333333333333,0
6,1,Monica Seles_S6,0.0885138325709447,false,5.0,3,Monica Seles,Jonathan Roberts,34,Athlete,Athlete,11,false,-2.16800584368152,-2.4245851413398176,5.0,0
6,1,Penn Jillette_S6,0.07063209718213805,false,5.333333333333333,3,Penn Jillette,Kym Johnson,53,Magician,Entertainment,12,false,16.83199415631848,-2.6502564457208266,5.333333333333333,0
6,1,Priscilla Presley_S6,0.0850645360975269,false,8.0,3,Priscilla Presley,Louis van Amstel,62,Actor/Actress,Actor,8,false,25.83199415631848,-2.464333306657504,8.0,0
6,1,Shannon Elizabeth_S6,0.08641986257608167,false,7.0,3,Shannon Elizabeth,Derek Hough,34,Actor/Actress,Actor,6,false,-2.16800584368152,-2.448526167319163,7.0,0
6,1,Steve Guttenberg_S6,0.08373205608600592,false,6.0,3,Steve Guttenberg,Anna Trebunskaya,49,Actor/Actress,Actor,10,false,12.83199415631848,-2.4801214441364547,6.0,0
6,2,Adam Carolla_S6,0.08190160438908702,false,6.333333333333333,3,Adam Carolla,Julianne Hough,43,Radio Personality,TV,9,false,6.83199415631848,-2.5022244890061587,6.333333333333333,0
6,2,Cristian de la Fuente_S6,0.09052982712549588,false,6.666666666666667,3,Cristian de la Fuente,Cheryl Burke,34,Actor/Actress,Actor,3,false,-2.16800584368152,-2.4020648550569508,6.666666666666667,0
6,2,Jason Taylor_S6,0.09070207276888725,false,9.0,3,Jason Taylor,Edyta Sliwinska,33,Athlete,Athlete,2,false,-3.16800584368152,-2.400164044056876,9.0,0
6,2,Kristi Yamaguchi_S6,0.0839241281559167,false,9.0,3,Kristi Yamaguchi,Mark Ballas,36,Athlete,Athlete,1,false,-0.16800584368152016,-2.4778302090881104,9.0,0
6,2,Mario_S6,0.0830007162798973,false,8.666666666666666,3,Mario,Karina Smirnoff,21,Singer/Rapper,Singer,5,false,-15.16800584368152,-2.4888939933282757,8.666666666666666,0
6,2,Marissa Jaret Winokur_S6,0.09083912009869814,false,7.0,3,Marissa Jaret Winokur,Tony Dovolani,35,Actor/Actress,Actor,4,false,-1.1680058436815202,-2.398654239655185,7.0,0
6,2,Marlee Matlin_S6,0.08730542692430422,false,8.0,3,Marlee Matlin,Fabian Sanchez,42,Actor/Actress,Actor,7,false,5.83199415631848,-2.438331200011214,8.0,0
6,2,Monica Seles_S6,0.06604388232571046,true,5.0,3,Monica Seles,Jonathan Roberts,34,Athlete,Athlete,11,false,-2.16800584368152,-2.7174207328368634,5.0,0
6,2,Penn Jillette_S6,0.05690304272288592,true,5.666666666666667,3,Penn Jillette,Kym Johnson,53,Magician,Entertainment,12,false,16.83199415631848,-2.866388890762404,5.666666666666667,0
6,2,Priscilla Presley_S6,0.08939034527102305,false,7.0,3,Priscilla Presley,Louis van Amstel,62,Actor/Actress,Actor,8,false,25.83199415631848,-2.414731410537926,7.0,0
6,2,Shannon Elizabeth_S6,0.08582243479541038,false,8.0,3,Shannon Elizabeth,Derek Hough,34,Actor/Actress,Actor,6,false,-2.16800584368152,-2.4554631769685558,8.0,0
6,2,Steve Guttenberg_S6,0.0936373991426842,false,5.333333333333333,3,Steve Guttenberg,Anna Trebunskaya,49,Actor/Actress,Actor,10,false,12.83199415631848,-2.3683147323760863,5.333333333333333,0
6,3,Adam Carolla_S6,0.09478363077091381,false,7.0,3,Adam Carolla,Julianne Hough,43,Radio Personality,TV,9,false,6.83199415631848,-2.356148005534147,7.0,0
6,3,Cristian de la Fuente_S6,0.10763729342534488,false,8.333333333333334,3,Cristian de la Fuente,Cheryl Burke,34,Actor/Actress,Actor,3,false,-2.16800584368152,-2.2289788077145105,8.333333333333334,0
6,3,Jason Taylor_S6,0.10441979806576637,false,7.666666666666667,3,Jason Taylor,Edyta Sliwinska,33,Athlete,Athlete,2,false,-3.16800584368152,-2.2593264081849767,7.666666666666667,0
6,3,Kristi Yamaguchi_S6,0.10239355064855071,false,9.0,3,Kristi Yamaguchi,Mark Ballas,36,Athlete,Athlete,1,false,-0.16800584368152016,-2.278921784115515,9.0,0
6,3,Mario_S6,0.10529169030379802,false,7.0,3,Mario,Karina Smirnoff,21,Singer/Rapper,Singer,5,false,-15.16800584368152,-2.251011280069418,7.0,0
6,3,Marissa Jaret Winokur_S6,0.10864652129023726,false,6.333333333333333,3,Marissa Jaret Winokur,Tony Dovolani,35,Actor/Actress,Actor,4,false,-1.1680058436815202,-2.2196463862515112,6.333333333333333,0
6,3,Marlee Matlin_S6,0.10666806446595761,false,7.0,3,Marlee Matlin,Fabian Sanchez,42,Actor/Actress,Actor,7,false,5.83199415631848,-2.2380240927407793,7.0,0
6,3,Priscilla Presley_S6,0.10067061910639813,false,8.666666666666666,3,Priscilla Presley,Louis van Amstel,62,Actor/Actress,Actor,8,false,25.83199415631848,-2.295891355064308,8.666666666666666,0
6,3,Shannon Elizabeth_S6,0.10555991974683707,false,8.0,3,Shannon Elizabeth,Derek Hough,34,Actor/Actress,Actor,6,false,-2.16800584368152,-2.248467054360748,8.0,0
6,3,Steve Guttenberg_S6,0.06392891217619542,true,7.0,3,Steve Guttenberg,Anna Trebunskaya,49,Actor/Actress,Actor,10,false,12.83199415631848,-2.74996791795393,7.0,0
6,4,Adam Carolla_S6,0.07873595332374572,true,6.333333333333333,3,Adam Carolla,Julianne Hough,43,Radio Personality,TV,9,false,6.83199415631848,-2.541642687080949,6.333333333333333,0
6,4,Cristian de la Fuente_S6,0.11441074871622282,false,8.666666666666666,3,Cristian de la Fuente,Cheryl Burke,34,Actor/Actress,Actor,3,false,-2.16800584368152,-2.167951506741195,8.666666666666666,0
6,4,Jason Taylor_S6,0.11252453325717005,false,9.666666666666666,3,Jason Taylor,Edyta Sliwinska,33,Athlete,Athlete,2,false,-3.16800584368152,-2.1845751208037494,9.666666666666666,0
6,4,Kristi Yamaguchi_S6,0.11549653210572777,false,9.666666666666666,3,Kristi Yamaguchi,Mark Ballas,36,Athlete,Athlete,1,false,-0.16800584368152016,-2.1585061162985433,9.666666666666666,0
6,4,Mario_S6,0.112270684754654,false,8.0,3,Mario,Karina Smirnoff,21,Singer/Rapper,Singer,5,false,-15.16800584368152,-2.186833588347619,8.0,0
6,4,Marissa Jaret Winokur_S6,0.11833855929713111,false,8.0,3,Marissa Jaret Winokur,Tony Dovolani,35,Actor/Actress,Actor,4,false,-1.1680058436815202,-2.1341971657803147,8.0,0
6,4,Marlee Matlin_S6,0.1183262208921323,false,8.0,3,Marlee Matlin,Fabian Sanchez,42,Actor/Actress,Actor,7,false,5.83199415631848,-2.1343014339416517,8.0,0
6,4,Priscilla Presley_S6,0.11506229690392353,false,7.333333333333333,3,Priscilla Presley,Louis van Amstel,62,Actor/Actress,Actor,8,false,25.83199415631848,-2.16227289417753,7.333333333333333,0
6,4,Shannon Elizabeth_S6,0.11483447074929237,false,9.333333333333334,3,Shannon Elizabeth,Derek Hough,34,Actor/Actress,Actor,6,false,-2.16800584368152,-2.164254864168372,9.333333333333334,0
6,5,Cristian de la Fuente_S6,0.13245942654382906,false,7.666666666666667,3,Cristian de la Fuente,Cheryl Burke,34,Actor/Actress,Actor,3,false,-2.16800584368152,-2.0214713457596516,7.666666666666667,0
6,5,Jason Taylor_S6,0.12785047546838774,false,9.0,3,Jason Taylor,Edyta Sliwinska,33,Athlete,Athlete,2,false,-3.16800584368152,-2.0568860366905897,9.0,0
6,5,Kristi Yamaguchi_S6,0.12827953264526148,false,9.666666666666666,3,Kristi Yamaguchi,Mark Ballas,36,Athlete,Athlete,1,false,-0.16800584368152016,-2.053535751957653,9.666666666666666,0
6,5,Mario_S6,0.12377908303010757,false,9.0,3,Mario,Karina Smirnoff,21,Singer/Rapper,Singer,5,false,-15.16800584368152,-2.0892488118833974,9.0,0
6,5,Marissa Jaret Winokur_S6,0.13244295013408383,false,8.0,3,Marissa Jaret Winokur,Tony Dovolani,35,Actor/Actress,Actor,4,false,-1.1680058436815202,-2.0215957409091247,8.0,0
6,5,Marlee Matlin_S6,0.13490592042336608,false,7.333333333333333,3,Marlee Matlin,Fabian Sanchez,42,Actor/Actress,Actor,7,false,5.83199415631848,-2.00317021668865,7.333333333333333,0
6,5,Priscilla Presley_S6,0.08876807887338642,true,7.0,3,Priscilla Presley,Louis van Amstel,62,Actor/Actress,Actor,8,false,25.83199415631848,-2.4217169005087884,7.0,0
6,5,Shannon Elizabeth_S6,0.131514532881579,false,7.666666666666667,3,Shannon Elizabeth,Derek Hough,34,Actor/Actress,Actor,6,false,-2.16800584368152,-2.028630313567563,7.666666666666667,0
6,6,Cristian de la Fuente_S6,0.14482539166618627,false,9.0,3,Cristian de la Fuente,Cheryl Burke,34,Actor/Actress,Actor,3,false,-2.16800584368152,-1.9322195527503565,9.0,0
6,6,Jason Taylor_S6,0.15153357893004477,false,8.0,3,Jason Taylor,Edyta Sliwinska,33,Athlete,Athlete,2,false,-3.16800584368152,-1.8869414363136863,8.0,0
6,6,Kristi Yamaguchi_S6,0.1476073585545112,false,10.0,3,Kristi Yamaguchi,Mark Ballas,36,Athlete,Athlete,1,false,-0.16800584368152016,-1.9131927386460588,10.0,0
6,6,Mario_S6,0.14323668506213003,false,9.333333333333334,3,Mario,Karina Smirnoff,21,Singer/Rapper,Singer,5,false,-15.16800584368152,-1.9432498952354316,9.333333333333334,0
6,6,Marissa Jaret Winokur_S6,0.1509742159765689,false,8.666666666666666,3,Marissa Jaret Winokur,Tony Dovolani,35,Actor/Actress,Actor,4,false,-1.1680058436815202,-1.8906395882439468,8.666666666666666,0
6,6,Marlee Matlin_S6,0.11074400617427481,true,7.0,3,Marlee Matlin,Fabian Sanchez,42,Actor/Actress,Actor,7,false,5.83199415631848,-2.2005249620507232,7.0,0
6,6,Shannon Elizabeth_S6,0.15107876363628367,false,8.0,3,Shannon Elizabeth,Derek Hough,34,Actor/Actress,Actor,6,false,-2.16800584368152,-1.8899473456328586,8.0,0
6,7,Cristian de la Fuente_S6,0.18464021312591672,false,7.666666666666667,3,Cristian de la Fuente,Cheryl Burke,34,Actor/Actress,Actor,3,false,-2.16800584368152,-1.6893407254613002,7.666666666666667,0
6,7,Jason Taylor_S6,0.17607329682392586,false,9.166666666666666,3,Jason Taylor,Edyta Sliwinska,33,Athlete,Athlete,2,false,-3.16800584368152,-1.7368492319754152,9.166666666666666,0
6,7,Kristi Yamaguchi_S6,0.1771531275830512,false,9.0,3,Kristi Yamaguchi,Mark Ballas,36,Athlete,Athlete,1,false,-0.16800584368152016,-1.7307351480095454,9.0,0
6,7,Mario_S6,0.17484656107829769,false,8.5,3,Mario,Karina Smirnoff,21,Singer/Rapper,Singer,5,false,-15.16800584368152,-1.7438407642214642,8.5,0
6,7,Marissa Jaret Winokur_S6,0.17607531305006147,false,8.666666666666666,3,Marissa Jaret Winokur,Tony Dovolani,35,Actor/Actress,Actor,4,false,-1.1680058436815202,-1.736837781044597,8.666666666666666,0
6,7,Shannon Elizabeth_S6,0.11121148833874672,true,8.5,3,Shannon Elizabeth,Derek Hough,34,Actor/Actress,Actor,6,false,-2.16800584368152,-2.1963125982668554,8.5,0
6,8,Cristian de la Fuente_S6,0.21225303093606956,false,9.5,3,Cristian de la Fuente,Cheryl Burke,34,Actor/Actress,Actor,3,false,-2.16800584368152,-1.5499714625172134,9.5,0
6,8,Jason Taylor_S6,0.2174579284728828,false,8.666666666666666,3,Jason Taylor,Edyta Sliwinska,33,Athlete,Athlete,2,false,-3.16800584368152,-1.5257452808923329,8.666666666666666,0
6,8,Kristi Yamaguchi_S6,0.21336923771275051,false,9.166666666666666,3,Kristi Yamaguchi,Mark Ballas,36,Athlete,Athlete,1,false,-0.16800584368152016,-1.544726416978931,9.166666666666666,0
6,8,Mario_S6,0.13694055804240587,true,8.833333333333334,3,Mario,Karina Smirnoff,21,Singer/Rapper,Singer,5,false,-15.16800584368152,-1.9882010277987676,8.833333333333334,0
6,8,Marissa Jaret Winokur_S6,0.21997924483589124,false,8.333333333333334,3,Marissa Jaret Winokur,Tony Dovolani,35,Actor/Actress,Actor,4,false,-1.1680058436815202,-1.51421753286219,8.333333333333334,0
6,9,Cristian de la Fuente_S6,0.26559993574658414,false,9.333333333333334,3,Cristian de la Fuente,Cheryl Burke,34,Actor/Actress,Actor,3,false,-2.16800584368152,-1.325760338243805,9.333333333333334,0
6,9,Jason Taylor_S6,0.2714283358834657,false,9.166666666666666,3,Jason Taylor,Edyta Sliwinska,33,Athlete,Athlete,2,false,-3.16800584368152,-1.3040534464741163,9.166666666666666,0
6,9,Kristi Yamaguchi_S6,0.2681744004574194,false,9.5,3,Kristi Yamaguchi,Mark Ballas,36,Athlete,Athlete,1,false,-0.16800584368152016,-1.3161140332307393,9.5,0
6,9,Marissa Jaret Winokur_S6,0.194797327912531,true,8.666666666666666,3,Marissa Jaret Winokur,Tony Dovolani,35,Actor/Actress,Actor,4,false,-1.1680058436815202,-1.635790471421779,8.666666666666666,0
6,10,Cristian de la Fuente_S6,0.27643465996277344,false,8.666666666666666,3,Cristian de la Fuente,Cheryl Burke,34,Actor/Actress,Actor,3,false,-2.16800584368152,-1.2857771796261686,8.666666666666666,0
6,10,Jason Taylor_S6,0.32888220091806664,false,9.5,3,Jason Taylor,Edyta Sliwinska,33,Athlete,Athlete,2,false,-3.16800584368152,-1.1120526036556806,9.5,0
6,10,Kristi Yamaguchi_S6,0.3946831391191596,false,10.0,3,Kristi Yamaguchi,Mark Ballas,36,Athlete,Athlete,1,false,-0.16800584368152016,-0.9296694817694566,10.0,0
7,1,Brooke Burke_S7,0.07660496982721934,false,8.166666666666666,3,Brooke Burke,Derek Hough,37,TV Personality,TV,1,false,0.8319941563184798,-2.5690802701911797,8.166666666666666,0
7,1,Cloris Leachman_S7,0.08415507341907995,false,5.333333333333333,3,Cloris Leachman,Corky Ballas,82,Actor/Actress,Actor,7,false,45.83199415631848,-2.47508218722328,5.333333333333333,0
7,1,Cody Linley_S7,0.07963399553877352,false,6.833333333333333,3,Cody Linley,Julianne Hough,18,Actor/Actress,Actor,4,false,-18.16800584368152,-2.5303016402993204,6.833333333333333,0
7,1,Jeffrey Ross_S7,0.05891442385106041,true,4.0,3,Jeffrey Ross,Edyta Sliwinska,43,Comedian,Entertainment,13,false,6.83199415631848,-2.831652357561792,4.0,0
7,1,Kim Kardashian_S7,0.08261829096270511,false,6.166666666666667,3,Kim Kardashian,Mark Ballas,27,TV Personality,TV,11,false,-9.16800584368152,-2.49351207895902,6.166666666666667,0
7,1,Lance Bass_S7,0.07859322984064024,false,7.166666666666667,3,Lance Bass,Lacey Schwimmer,29,Singer/Rapper,Singer,3,false,-7.16800584368152,-2.543456993938436,7.166666666666667,0
7,1,Maurice Greene_S7,0.08274674986363624,false,6.5,3,Maurice Greene,Cheryl Burke,34,Athlete,Athlete,5,false,-2.16800584368152,-2.4919584570749,6.5,0
7,1,Rocco DiSpirito_S7,0.08286923735330658,false,5.833333333333333,3,Rocco DiSpirito,Karina Smirnoff,41,TV Personality,TV,9,false,4.83199415631848,-2.4904792999608545,5.833333333333333,0
7,1,Susan Lucci_S7,0.08222745421821569,false,6.166666666666667,3,Susan Lucci,Tony Dovolani,61,Actor/Actress,Actor,6,false,24.83199415631848,-2.498253878446536,6.166666666666667,0
7,1,Ted McGinley_S7,0.04831695968163972,true,6.166666666666667,3,Ted McGinley,Inna Brayer,50,Actor/Actress,Actor,12,false,13.83199415631848,-3.029951951378712,6.166666666666667,0
7,1,Toni Braxton_S7,0.07912540560790754,false,7.5,3,Toni Braxton,Alec Mazo,40,Singer/Rapper,Singer,8,false,3.83199415631848,-2.536708634278646,7.5,0
7,1,Warren Sapp_S7,0.08339006336196106,false,7.166666666666667,3,Warren Sapp,Kym Johnson,35,Athlete,Athlete,2,false,-1.1680058436815202,-2.4842141292921496,7.166666666666667,0
7,2,Brooke Burke_S7,0.0943624791850269,false,8.0,3,Brooke Burke,Derek Hough,37,TV Personality,TV,1,false,0.8319941563184798,-2.360601153725333,8.0,0
7,2,Cloris Leachman_S7,0.10588772239117399,false,5.0,3,Cloris Leachman,Corky Ballas,82,Actor/Actress,Actor,7,false,45.83199415631848,-2.2453665250467485,5.0,0
7,2,Cody Linley_S7,0.09628660604843749,false,7.0,3,Cody Linley,Julianne Hough,18,Actor/Actress,Actor,4,false,-18.16800584368152,-2.3404156699308176,7.0,0
7,2,Kim Kardashian_S7,0.06738326238409881,true,5.666666666666667,3,Kim Kardashian,Mark Ballas,27,TV Personality,TV,11,false,-9.16800584368152,-2.6973437841131447,5.666666666666667,0
7,2,Lance Bass_S7,0.09757895485839543,false,6.666666666666667,3,Lance Bass,Lacey Schwimmer,29,Singer/Rapper,Singer,3,false,-7.16800584368152,-2.3270831872057904,6.666666666666667,0
7,2,Maurice Greene_S7,0.09955800428220175,false,6.333333333333333,3,Maurice Greene,Cheryl Burke,34,Athlete,Athlete,5,false,-2.16800584368152,-2.3070048027159467,6.333333333333333,0
7,2,Rocco DiSpirito_S7,0.10529913198295052,false,5.333333333333333,3,Rocco DiSpirito,Karina Smirnoff,41,TV Personality,TV,9,false,4.83199415631848,-2.2509406064436526,5.333333333333333,0
7,2,Susan Lucci_S7,0.09386569689874583,false,7.0,3,Susan Lucci,Tony Dovolani,61,Actor/Actress,Actor,6,false,24.83199415631848,-2.3658796212917044,7.0,0
7,2,Toni Braxton_S7,0.09121704944718337,false,7.666666666666667,3,Toni Braxton,Alec Mazo,40,Singer/Rapper,Singer,8,false,3.83199415631848,-2.394502490878491,7.666666666666667,0
7,2,Warren Sapp_S7,0.09652332648598619,false,8.0,3,Warren Sapp,Kym Johnson,35,Athlete,Athlete,2,false,-1.1680058436815202,-2.337960214468341,8.0,0
7,3,Brooke Burke_S7,0.10864930468904942,false,9.333333333333334,3,Brooke Burke,Derek Hough,37,TV Personality,TV,1,false,0.8319941563184798,-2.2196207679665627,9.333333333333334,0
7,3,Cloris Leachman_S7,0.10898609515972595,false,5.333333333333333,3,Cloris Leachman,Corky Ballas,82,Actor/Actress,Actor,7,false,45.83199415631848,-2.2165257967920384,5.333333333333333,0
7,3,Cody Linley_S7,0.11108743398451101,false,7.0,3,Cody Linley,Julianne Hough,18,Actor/Actress,Actor,4,false,-18.16800584368152,-2.1974286923056634,7.0,0
7,3,Lance Bass_S7,0.10994935971690425,false,7.333333333333333,3,Lance Bass,Lacey Schwimmer,29,Singer/Rapper,Singer,3,false,-7.16800584368152,-2.207726290345934,7.333333333333333,0
7,3,Maurice Greene_S7,0.10952960783480857,false,8.0,3,Maurice Greene,Cheryl Burke,34,Athlete,Athlete,5,false,-2.16800584368152,-2.2115512451794683,8.0,0
7,3,Rocco DiSpirito_S7,0.11314811050025055,false,6.666666666666667,3,Rocco DiSpirito,Karina Smirnoff,41,TV Personality,TV,9,false,4.83199415631848,-2.1790487681774096,6.666666666666667,0
7,3,Susan Lucci_S7,0.11057352144250691,false,7.0,3,Susan Lucci,Tony Dovolani,61,Actor/Actress,Actor,6,false,24.83199415631848,-2.202065583136665,7.0,0
7,3,Toni Braxton_S7,0.11401575731874275,false,7.333333333333333,3,Toni Braxton,Alec Mazo,40,Singer/Rapper,Singer,8,false,3.83199415631848,-2.1714098473661454,7.333333333333333,0
7,3,Warren Sapp_S7,0.11406080935350112,false,8.333333333333334,3,Warren Sapp,Kym Johnson,35,Athlete,Athlete,2,false,-1.1680058436815202,-2.171014790206662,8.333333333333334,0
7,4,Brooke Burke_S7,0.112149417470246,false,8.666666666666666,3,Brooke Burke,Derek Hough,37,TV Personality,TV,1,false,0.8319941563184798,-2.1879142955953315,8.666666666666666,0
7,4,Cloris Leachman_S7,0.11388045766327756,false,7.333333333333333,3,Cloris Leachman,Corky Ballas,82,Actor/Actress,Actor,7,false,45.83199415631848,-2.1725972166605634,7.333333333333333,0
7,4,Cody Linley_S7,0.11569934512803004,false,7.666666666666667,3,Cody Linley,Julianne Hough,18,Actor/Actress,Actor,4,false,-18.16800584368152,-2.156751661830775,7.666666666666667,0
7,4,Lance Bass_S7,0.11125118198330557,false,8.666666666666666,3,Lance Bass,Lacey Schwimmer,29,Singer/Rapper,Singer,3,false,-7.16800584368152,-2.1959557447950426,8.666666666666666,0
7,4,Maurice Greene_S7,0.12026947894521335,false,6.666666666666667,3,Maurice Greene,Cheryl Burke,34,Athlete,Athlete,5,false,-2.16800584368152,-2.118012081417492,6.666666666666667,0
7,4,Rocco DiSpirito_S7,0.0806535856417544,true,6.0,3,Rocco DiSpirito,Karina Smirnoff,41,TV Personality,TV,9,false,4.83199415631848,-2.517579617481063,6.0,0
7,4,Susan Lucci_S7,0.11262944789132642,false,8.0,3,Susan Lucci,Tony Dovolani,61,Actor/Actress,Actor,6,false,24.83199415631848,-2.183643192269457,8.0,0
7,4,Toni Braxton_S7,0.11481617191126611,false,7.333333333333333,3,Toni Braxton,Alec Mazo,40,Singer/Rapper,Singer,8,false,3.83199415631848,-2.1644142251742196,7.333333333333333,0
7,4,Warren Sapp_S7,0.1186509133655799,false,7.333333333333333,3,Warren Sapp,Kym Johnson,35,Athlete,Athlete,2,false,-1.1680058436815202,-2.1315611700982364,7.333333333333333,0
7,5,Brooke Burke_S7,0.12736519117116074,false,9.666666666666666,3,Brooke Burke,Derek Hough,37,TV Personality,TV,1,false,0.8319941563184798,-2.0606889464849627,9.666666666666666,0
7,5,Cloris Leachman_S7,0.13276679059899513,false,7.0,3,Cloris Leachman,Corky Ballas,82,Actor/Actress,Actor,7,false,45.83199415631848,-2.019153612027766,7.0,0
7,5,Cody Linley_S7,0.12434961051180116,false,9.333333333333334,3,Cody Linley,Julianne Hough,18,Actor/Actress,Actor,4,false,-18.16800584368152,-2.0846501991203192,9.333333333333334,0
7,5,Lance Bass_S7,0.13596978798391493,false,7.0,3,Lance Bass,Lacey Schwimmer,29,Singer/Rapper,Singer,3,false,-7.16800584368152,-1.9953152105535903,7.0,0
7,5,Maurice Greene_S7,0.13091782213170217,false,9.0,3,Maurice Greene,Cheryl Burke,34,Athlete,Athlete,5,false,-2.16800584368152,-2.0331778262449443,9.0,0
7,5,Susan Lucci_S7,0.1330869509438848,false,7.333333333333333,3,Susan Lucci,Tony Dovolani,61,Actor/Actress,Actor,6,false,24.83199415631848,-2.01674508402079,7.333333333333333,0
7,5,Toni Braxton_S7,0.08344694812090486,true,7.333333333333333,3,Toni Braxton,Alec Mazo,40,Singer/Rapper,Singer,8,false,3.83199415631848,-2.4835322173023515,7.333333333333333,0
7,5,Warren Sapp_S7,0.13209689853763587,false,8.333333333333334,3,Warren Sapp,Kym Johnson,35,Athlete,Athlete,2,false,-1.1680058436815202,-2.0242119756982135,8.333333333333334,0
7,6,Brooke Burke_S7,0.14422766710216184,false,8.666666666666666,3,Brooke Burke,Derek Hough,37,TV Personality,TV,1,false,0.8319941563184798,-1.93635527290372,8.666666666666666,0
7,6,Cloris Leachman_S7,0.11984553636858744,true,5.0,3,Cloris Leachman,Corky Ballas,82,Actor/Actress,Actor,7,false,45.83199415631848,-2.121543218239103,5.0,0
7,6,Cody Linley_S7,0.14474496182677005,false,7.666666666666667,3,Cody Linley,Julianne Hough,18,Actor/Actress,Actor,4,false,-18.16800584368152,-1.9327750604879865,7.666666666666667,0
7,6,Lance Bass_S7,0.14197941126066596,false,9.0,3,Lance Bass,Lacey Schwimmer,29,Singer/Rapper,Singer,3,false,-7.16800584368152,-1.952066179765246,9.0,0
7,6,Maurice Greene_S7,0.1536884835047097,false,7.0,3,Maurice Greene,Cheryl Burke,34,Athlete,Athlete,5,false,-2.16800584368152,-1.8728210529989902,7.0,0
7,6,Susan Lucci_S7,0.1459612027190972,false,7.666666666666667,3,Susan Lucci,Tony Dovolani,61,Actor/Actress,Actor,6,false,24.83199415631848,-1.9244075762760682,7.666666666666667,0
7,6,Warren Sapp_S7,0.14955273721800758,false,8.333333333333334,3,Warren Sapp,Kym Johnson,35,Athlete,Athlete,2,false,-1.1680058436815202,-1.9000995044624336,8.333333333333334,0
7,7,Brooke Burke_S7,0.17436933453663028,false,10.0,3,Brooke Burke,Derek Hough,37,TV Personality,TV,1,false,0.8319941563184798,-1.746573882109927,10.0,0
7,7,Cody Linley_S7,0.17939724939276522,false,7.333333333333333,3,Cody Linley,Julianne Hough,18,Actor/Actress,Actor,4,false,-18.16800584368152,-1.718147087527877,7.333333333333333,0
7,7,Lance Bass_S7,0.17104949035570435,false,8.333333333333334,3,Lance Bass,Lacey Schwimmer,29,Singer/Rapper,Singer,3,false,-7.16800584368152,-1.7657965008236418,8.333333333333334,0
7,7,Maurice Greene_S7,0.17955042764328882,false,8.333333333333334,3,Maurice Greene,Cheryl Burke,34,Athlete,Athlete,5,false,-2.16800584368152,-1.7172936071119773,8.333333333333334,0
7,7,Susan Lucci_S7,0.11061879890757083,true,8.0,3,Susan Lucci,Tony Dovolani,61,Actor/Actress,Actor,6,false,24.83199415631848,-2.201656192284091,8.0,0
7,7,Warren Sapp_S7,0.185014699164041,false,7.0,3,Warren Sapp,Kym Johnson,35,Athlete,Athlete,2,false,-1.1680058436815202,-1.68731459715808,7.0,0
7,8,Brooke Burke_S7,0.20866524635653627,false,9.166666666666666,3,Brooke Burke,Derek Hough,37,TV Personality,TV,1,false,0.8319941563184798,-1.5670192108179775,9.166666666666666,0
7,8,Cody Linley_S7,0.2154121515938956,false,8.0,3,Cody Linley,Julianne Hough,18,Actor/Actress,Actor,4,false,-18.16800584368152,-1.5351974595132563,8.0,0
7,8,Lance Bass_S7,0.2153306363778391,false,8.333333333333334,3,Lance Bass,Lacey Schwimmer,29,Singer/Rapper,Singer,3,false,-7.16800584368152,-1.5355759444969674,8.333333333333334,0
7,8,Maurice Greene_S7,0.14534498487052275,true,8.0,3,Maurice Greene,Cheryl Burke,34,Athlete,Athlete,5,false,-2.16800584368152,-1.9286382762286107,8.0,0
7,8,Warren Sapp_S7,0.21524698080120722,false,9.0,3,Warren Sapp,Kym Johnson,35,Athlete,Athlete,2,false,-1.1680058436815202,-1.5359645164327804,9.0,0
7,9,Brooke Burke_S7,0.2763097526392636,false,8.166666666666666,3,Brooke Burke,Derek Hough,37,TV Personality,TV,1,false,0.8319941563184798,-1.2862291312726675,8.166666666666666,0
7,9,Cody Linley_S7,0.1971727560265692,true,7.666666666666667,3,Cody Linley,Julianne Hough,18,Actor/Actress,Actor,4,false,-18.16800584368152,-1.6236699286995022,7.666666666666667,0
7,9,Lance Bass_S7,0.2529588729684875,false,9.5,3,Lance Bass,Lacey Schwimmer,29,Singer/Rapper,Singer,3,false,-7.16800584368152,-1.3745244077013372,9.5,0
7,9,Warren Sapp_S7,0.2735586183656802,false,8.166666666666666,3,Warren Sapp,Kym Johnson,35,Athlete,Athlete,2,false,-1.1680058436815202,-1.296235697819452,8.166666666666666,0
7,10,Brooke Burke_S7,0.39331853811388373,false,10.0,3,Brooke Burke,Derek Hough,37,TV Personality,TV,1,false,0.8319941563184798,-0.9331329233974152,10.0,0
7,10,Lance Bass_S7,0.2636035252549345,false,9.166666666666666,3,Lance Bass,Lacey Schwimmer,29,Singer/Rapper,Singer,3,false,-7.16800584368152,-1.3333053093731622,9.166666666666666,0
7,10,Warren Sapp_S7,0.343077936631181,false,9.166666666666666,3,Warren Sapp,Kym Johnson,35,Athlete,Athlete,2,false,-1.1680058436815202,-1.069794722342448,9.166666666666666,0
8,1,Belinda Carlisle_S8,0.07275046094184032,false,5.666666666666667,3,Belinda Carlisle,Jonathan Roberts,50,Singer/Rapper,Singer,13,false,13.83199415631848,-2.620706291457388,5.666666666666667,0
8,1,Chuck Wicks_S8,0.07656260374590709,false,6.666666666666667,3,Chuck Wicks,Julianne Hough,29,Singer/Rapper,Singer,6,false,-7.16800584368152,-2.569633462073932,6.666666666666667,0
8,1,David Alan Grier_S8,0.0810054296084294,false,6.333333333333333,3,David Alan Grier,Kym Johnson,52,Actor/Actress,Actor,9,false,15.83199415631848,-2.513226749578111,6.333333333333333,0
8,1,Denise Richards_S8,0.08183947764067347,false,6.0,3,Denise Richards,Maksim Chmerkoskiy,38,Actor/Actress,Actor,12,false,1.8319941563184798,-2.5029833210816834,6.0,0
8,1,Gilles Marini_S8,0.07976608860104911,false,8.0,3,Gilles Marini,Cheryl Burke,33,Actor/Actress,Actor,2,false,-3.16800584368152,-2.5286442831421057,8.0,0
8,1,Holly Madison_S8,0.07855783763580092,false,6.0,3,Holly Madison,Dmitry Chaplin,30,TV Personality,TV,11,false,-6.16800584368152,-2.5439074109236848,6.0,0
8,1,Lawrence Taylor_S8,0.07890250382809345,false,5.333333333333333,3,Lawrence Taylor,Edyta Sliwinska,50,Athlete,Athlete,7,false,13.83199415631848,-2.539529643648738,5.333333333333333,0
8,1,Lil' Kim_S8,0.07432524882964026,false,7.0,3,Lil' Kim,Derek Hough,34,Singer/Rapper,Singer,5,false,-2.16800584368152,-2.5992911079567205,7.0,0
8,1,Melissa Rycroft_S8,0.07862048470115161,false,7.666666666666667,3,Melissa Rycroft,Tony Dovolani,26,TV Personality,TV,3,false,-10.16800584368152,-2.5431102746443264,7.666666666666667,0
8,1,Shawn Johnson_S8,0.07621611227492985,false,7.666666666666667,3,Shawn Johnson,Mark Ballas,17,Athlete,Athlete,1,false,-19.16800584368152,-2.574169270964588,7.666666666666667,0
8,1,Steve Wozniak_S8,0.06271783840545793,false,4.333333333333333,3,Steve Wozniak,Karina Smirnoff,58,Entrepreneur,Other,10,false,21.83199415631848,-2.7690934234326305,4.333333333333333,0
8,1,Steve-O_S8,0.07862752739559598,false,5.666666666666667,3,Steve-O,Lacey Schwimmer,34,TV Personality,TV,8,false,-2.16800584368152,-2.543020701430879,5.666666666666667,0
8,1,Ty Murray_S8,0.0801083863914311,false,4.666666666666667,3,Ty Murray,Chelsie Hightower,39,Athlete,Athlete,4,false,2.83199415631848,-2.5243622483596417,4.666666666666667,0
8,2,Belinda Carlisle_S8,0.04710710460704369,true,6.0,3,Belinda Carlisle,Jonathan Roberts,50,Singer/Rapper,Singer,13,false,13.83199415631848,-3.055310220426127,6.0,0
8,2,Chuck Wicks_S8,0.07813052787967661,false,6.666666666666667,3,Chuck Wicks,Julianne Hough,29,Singer/Rapper,Singer,6,false,-7.16800584368152,-2.5493616175563907,6.666666666666667,0
8,2,David Alan Grier_S8,0.08224459719256229,false,5.666666666666667,3,David Alan Grier,Kym Johnson,52,Actor/Actress,Actor,9,false,15.83199415631848,-2.4980454203431255,5.666666666666667,0
8,2,Denise Richards_S8,0.08193367640088724,false,7.0,3,Denise Richards,Maksim Chmerkoskiy,38,Actor/Actress,Actor,12,false,1.8319941563184798,-2.501832978453063,7.0,0
8,2,Gilles Marini_S8,0.07905278293654715,false,9.0,3,Gilles Marini,Cheryl Burke,33,Actor/Actress,Actor,2,false,-3.16800584368152,-2.5376268614868858,9.0,0
8,2,Holly Madison_S8,0.07952070345614141,false,6.0,3,Holly Madison,Dmitry Chaplin,30,TV Personality,TV,11,false,-6.16800584368152,-2.5317252951311,6.0,0
8,2,Lawrence Taylor_S8,0.07997299920412639,false,6.666666666666667,3,Lawrence Taylor,Edyta Sliwinska,50,Athlete,Athlete,7,false,13.83199415631848,-2.5260537070838556,6.666666666666667,0
8,2,Lil' Kim_S8,0.07563355825417926,false,7.666666666666667,3,Lil' Kim,Derek Hough,34,Singer/Rapper,Singer,5,false,-2.16800584368152,-2.5818419804797843,7.666666666666667,0
8,2,Melissa Rycroft_S8,0.07718990343061118,false,8.666666666666666,3,Melissa Rycroft,Tony Dovolani,26,TV Personality,TV,3,false,-10.16800584368152,-2.561473660103749,8.666666666666666,0
8,2,Shawn Johnson_S8,0.07673849699693967,false,8.0,3,Shawn Johnson,Mark Ballas,17,Athlete,Athlete,1,false,-19.16800584368152,-2.5673387488246395,8.0,0
8,2,Steve Wozniak_S8,0.07481200620333603,false,5.666666666666667,3,Steve Wozniak,Karina Smirnoff,58,Entrepreneur,Other,10,false,21.83199415631848,-2.592763529393289,5.666666666666667,0
8,2,Steve-O_S8,0.08641019034978556,false,4.666666666666667,3,Steve-O,Lacey Schwimmer,34,TV Personality,TV,8,false,-2.16800584368152,-2.448638093621518,4.666666666666667,0
8,2,Ty Murray_S8,0.08125345308816491,false,6.666666666666667,3,Ty Murray,Chelsie Hightower,39,Athlete,Athlete,4,false,2.83199415631848,-2.5101696520351995,6.666666666666667,0
8,3,Chuck Wicks_S8,0.08522092527689233,false,7.666666666666667,3,Chuck Wicks,Julianne Hough,29,Singer/Rapper,Singer,6,false,-7.16800584368152,-2.462496539322189,7.666666666666667,0
8,3,David Alan Grier_S8,0.08536449427683053,false,8.0,3,David Alan Grier,Kym Johnson,52,Actor/Actress,Actor,9,false,15.83199415631848,-2.4608133081177868,8.0,0
8,3,Denise Richards_S8,0.052073346034076415,true,5.333333333333333,3,Denise Richards,Maksim Chmerkoskiy,38,Actor/Actress,Actor,12,false,1.8319941563184798,-2.9550828500689934,5.333333333333333,0
8,3,Gilles Marini_S8,0.0861307033741157,false,9.0,3,Gilles Marini,Cheryl Burke,33,Actor/Actress,Actor,2,false,-3.16800584368152,-2.4518777195959824,9.0,0
8,3,Holly Madison_S8,0.0876112309735003,false,5.666666666666667,3,Holly Madison,Dmitry Chaplin,30,TV Personality,TV,11,false,-6.16800584368152,-2.4348346678010095,5.666666666666667,0
8,3,Lawrence Taylor_S8,0.08508302552613789,false,6.666666666666667,3,Lawrence Taylor,Edyta Sliwinska,50,Athlete,Athlete,7,false,13.83199415631848,-2.464115975169755,6.666666666666667,0
8,3,Lil' Kim_S8,0.0860876596616923,false,8.333333333333334,3,Lil' Kim,Derek Hough,34,Singer/Rapper,Singer,5,false,-2.16800584368152,-2.4523775874694547,8.333333333333334,0
8,3,Melissa Rycroft_S8,0.07997758851922361,false,9.0,3,Melissa Rycroft,Tony Dovolani,26,TV Personality,TV,3,false,-10.16800584368152,-2.5259963236408765,9.0,0
8,3,Shawn Johnson_S8,0.08478308517344806,false,9.0,3,Shawn Johnson,Mark Ballas,17,Athlete,Athlete,1,false,-19.16800584368152,-2.467647428638821,9.0,0
8,3,Steve Wozniak_S8,0.09163170955344765,false,3.3333333333333335,3,Steve Wozniak,Karina Smirnoff,58,Entrepreneur,Other,10,false,21.83199415631848,-2.389966979849096,3.3333333333333335,0
8,3,Steve-O_S8,0.08966565571431369,false,5.0,3,Steve-O,Lacey Schwimmer,34,TV Personality,TV,8,false,-2.16800584368152,-2.4116563101936155,5.0,0
8,3,Ty Murray_S8,0.08637057591632143,false,7.666666666666667,3,Ty Murray,Chelsie Hightower,39,Athlete,Athlete,4,false,2.83199415631848,-2.449096639748708,7.666666666666667,0
8,4,Chuck Wicks_S8,0.09338534443620965,false,7.333333333333333,3,Chuck Wicks,Julianne Hough,29,Singer/Rapper,Singer,6,false,-7.16800584368152,-2.3710101496161275,7.333333333333333,0
8,4,David Alan Grier_S8,0.09223366388183474,false,7.333333333333333,3,David Alan Grier,Kym Johnson,52,Actor/Actress,Actor,9,false,15.83199415631848,-2.383419255065126,7.333333333333333,0
8,4,Gilles Marini_S8,0.09308587856637787,false,10.0,3,Gilles Marini,Cheryl Burke,33,Actor/Actress,Actor,2,false,-3.16800584368152,-2.374222043768619,10.0,0
8,4,Holly Madison_S8,0.07014304934931564,true,5.333333333333333,3,Holly Madison,Dmitry Chaplin,30,TV Personality,TV,11,false,-6.16800584368152,-2.6572043035539537,5.333333333333333,0
8,4,Lawrence Taylor_S8,0.09962120366583821,false,6.333333333333333,3,Lawrence Taylor,Edyta Sliwinska,50,Athlete,Athlete,7,false,13.83199415631848,-2.306370210864552,6.333333333333333,0
8,4,Lil' Kim_S8,0.09461584873585677,false,9.0,3,Lil' Kim,Derek Hough,34,Singer/Rapper,Singer,5,false,-2.16800584368152,-2.3579197137529238,9.0,0
8,4,Melissa Rycroft_S8,0.08863974882192086,false,9.666666666666666,3,Melissa Rycroft,Tony Dovolani,26,TV Personality,TV,3,false,-10.16800584368152,-2.423163608118115,9.666666666666666,0
8,4,Shawn Johnson_S8,0.0953198546333317,false,8.333333333333334,3,Shawn Johnson,Mark Ballas,17,Athlete,Athlete,1,false,-19.16800584368152,-2.3505066608525143,8.333333333333334,0
8,4,Steve Wozniak_S8,0.07027258869035873,true,4.0,3,Steve Wozniak,Karina Smirnoff,58,Entrepreneur,Other,10,false,21.83199415631848,-2.655359245061301,4.0,0
8,4,Steve-O_S8,0.10599841675771537,false,5.0,3,Steve-O,Lacey Schwimmer,34,TV Personality,TV,8,false,-2.16800584368152,-2.2443216871709115,5.0,0
8,4,Ty Murray_S8,0.0966844024612406,false,8.333333333333334,3,Ty Murray,Chelsie Hightower,39,Athlete,Athlete,4,false,2.83199415631848,-2.3362928448855604,8.333333333333334,0
8,5,Chuck Wicks_S8,0.114636805807483,false,7.666666666666667,3,Chuck Wicks,Julianne Hough,29,Singer/Rapper,Singer,6,false,-7.16800584368152,-2.165977635496376,7.666666666666667,0
8,5,David Alan Grier_S8,0.06645860757569562,true,7.333333333333333,3,David Alan Grier,Kym Johnson,52,Actor/Actress,Actor,9,false,15.83199415631848,-2.711160920742161,7.333333333333333,0
8,5,Gilles Marini_S8,0.11194411451205744,false,9.666666666666666,3,Gilles Marini,Cheryl Burke,33,Actor/Actress,Actor,2,false,-3.16800584368152,-2.189746576799783,9.666666666666666,0
8,5,Lawrence Taylor_S8,0.12188987850047166,false,6.666666666666667,3,Lawrence Taylor,Edyta Sliwinska,50,Athlete,Athlete,7,false,13.83199415631848,-2.104629073018421,6.666666666666667,0
8,5,Lil' Kim_S8,0.11295667172672587,false,8.666666666666666,3,Lil' Kim,Derek Hough,34,Singer/Rapper,Singer,5,false,-2.16800584368152,-2.180742116933992,8.666666666666666,0
8,5,Melissa Rycroft_S8,0.11364597511152087,false,8.333333333333334,3,Melissa Rycroft,Tony Dovolani,26,TV Personality,TV,3,false,-10.16800584368152,-2.1746583448625096,8.333333333333334,0
8,5,Shawn Johnson_S8,0.11333187294074124,false,8.666666666666666,3,Shawn Johnson,Mark Ballas,17,Athlete,Athlete,1,false,-19.16800584368152,-2.177426012335868,8.666666666666666,0
8,5,Steve-O_S8,0.12335602682104274,false,6.0,3,Steve-O,Lacey Schwimmer,34,TV Personality,TV,8,false,-2.16800584368152,-2.092672471102811,6.0,0
8,5,Ty Murray_S8,0.12178004700426176,false,7.0,3,Ty Murray,Chelsie Hightower,39,Athlete,Athlete,4,false,2.83199415631848,-2.1055305433328226,7.0,0
8,6,Chuck Wicks_S8,0.12708009097841483,false,7.666666666666667,3,Chuck Wicks,Julianne Hough,29,Singer/Rapper,Singer,6,false,-7.16800584368152,-2.0629298846443103,7.666666666666667,0
8,6,Gilles Marini_S8,0.13008698079056036,false,8.666666666666666,3,Gilles Marini,Cheryl Burke,33,Actor/Actress,Actor,2,false,-3.16800584368152,-2.039544282123689,8.666666666666666,0
8,6,Lawrence Taylor_S8,0.13130074959454455,false,7.333333333333333,3,Lawrence Taylor,Edyta Sliwinska,50,Athlete,Athlete,7,false,13.83199415631848,-2.0302571725942715,7.333333333333333,0
8,6,Lil' Kim_S8,0.12463470962748144,false,9.333333333333334,3,Lil' Kim,Derek Hough,34,Singer/Rapper,Singer,5,false,-2.16800584368152,-2.0823601195679955,9.333333333333334,0
8,6,Melissa Rycroft_S8,0.12151816032822277,false,9.0,3,Melissa Rycroft,Tony Dovolani,26,TV Personality,TV,3,false,-10.16800584368152,-2.1076833304599107,9.0,0
8,6,Shawn Johnson_S8,0.12390741779177133,false,8.666666666666666,3,Shawn Johnson,Mark Ballas,17,Athlete,Athlete,1,false,-19.16800584368152,-2.0882125524468704,8.666666666666666,0
8,6,Steve-O_S8,0.10165162240929251,true,5.333333333333333,3,Steve-O,Lacey Schwimmer,34,TV Personality,TV,8,false,-2.16800584368152,-2.2861939408215433,5.333333333333333,0
8,6,Ty Murray_S8,0.13982026847971207,false,6.0,3,Ty Murray,Chelsie Hightower,39,Athlete,Athlete,4,false,2.83199415631848,-1.967390325705778,6.0,0
8,7,Chuck Wicks_S8,0.1468391566587155,false,9.0,3,Chuck Wicks,Julianne Hough,29,Singer/Rapper,Singer,6,false,-7.16800584368152,-1.9184106534873095,9.0,0
8,7,Gilles Marini_S8,0.15075600227700908,false,9.0,3,Gilles Marini,Cheryl Burke,33,Actor/Actress,Actor,2,false,-3.16800584368152,-1.8920859948548578,9.0,0
8,7,Lawrence Taylor_S8,0.11115430484756882,true,7.0,3,Lawrence Taylor,Edyta Sliwinska,50,Athlete,Athlete,7,false,13.83199415631848,-2.1968269127871287,7.0,0
8,7,Lil' Kim_S8,0.14776913895710028,false,8.666666666666666,3,Lil' Kim,Derek Hough,34,Singer/Rapper,Singer,5,false,-2.16800584368152,-1.9120973277063391,8.666666666666666,0
8,7,Melissa Rycroft_S8,0.14483042650160494,false,9.666666666666666,3,Melissa Rycroft,Tony Dovolani,26,TV Personality,TV,3,false,-10.16800584368152,-1.9321847887280974,9.666666666666666,0
8,7,Shawn Johnson_S8,0.14520273808532058,false,9.333333333333334,3,Shawn Johnson,Mark Ballas,17,Athlete,Athlete,1,false,-19.16800584368152,-1.9296174325335622,9.333333333333334,0
8,7,Ty Murray_S8,0.1534482326726807,false,8.0,3,Ty Murray,Chelsie Hightower,39,Athlete,Athlete,4,false,2.83199415631848,-1.8743854984327672,8.0,0
8,8,Chuck Wicks_S8,0.1114348105585246,true,8.5,3,Chuck Wicks,Julianne Hough,29,Singer/Rapper,Singer,6,false,-7.16800584368152,-2.194306543913186,8.5,0
8,8,Gilles Marini_S8,0.1761195085206348,false,9.166666666666666,3,Gilles Marini,Cheryl Burke,33,Actor/Actress,Actor,2,false,-3.16800584368152,-1.7365868107456137,9.166666666666666,0
8,8,Lil' Kim_S8,0.1736945309318292,false,9.333333333333334,3,Lil' Kim,Derek Hough,34,Singer/Rapper,Singer,5,false,-2.16800584368152,-1.7504513347256554,9.333333333333334,0
8,8,Melissa Rycroft_S8,0.184384270706162,false,7.666666666666667,3,Melissa Rycroft,Tony Dovolani,26,TV Personality,TV,3,false,-10.16800584368152,-1.6907278479146015,7.666666666666667,0
8,8,Shawn Johnson_S8,0.1754173887920461,false,8.666666666666666,3,Shawn Johnson,Mark Ballas,17,Athlete,Athlete,1,false,-19.16800584368152,-1.7405813653600148,8.666666666666666,0
8,8,Ty Murray_S8,0.1789494904908023,false,8.666666666666666,3,Ty Murray,Chelsie Hightower,39,Athlete,Athlete,4,false,2.83199415631848,-1.7206461008361535,8.666666666666666,0
8,9,Gilles Marini_S8,0.2160590302051093,false,9.333333333333334,3,Gilles Marini,Cheryl Burke,33,Actor/Actress,Actor,2,false,-3.16800584368152,-1.5321989922936723,9.333333333333334,0
8,9,Lil' Kim_S8,0.14128713091416997,true,8.666666666666666,3,Lil' Kim,Derek Hough,34,Singer/Rapper,Singer,5,false,-2.16800584368152,-1.956953992011788,8.666666666666666,0
8,9,Melissa Rycroft_S8,0.20798315004003126,false,9.5,3,Melissa Rycroft,Tony Dovolani,26,TV Personality,TV,3,false,-10.16800584368152,-1.5702934039149374,9.5,0
8,9,Shawn Johnson_S8,0.20850669169719852,false,9.333333333333334,3,Shawn Johnson,Mark Ballas,17,Athlete,Athlete,1,false,-19.16800584368152,-1.567779347789678,9.333333333333334,0
8,9,Ty Murray_S8,0.2261639971434916,false,7.666666666666667,3,Ty Murray,Chelsie Hightower,39,Athlete,Athlete,4,false,2.83199415631848,-1.4864904702294297,7.666666666666667,0
8,10,Gilles Marini_S8,0.26339488451618337,false,10.0,3,Gilles Marini,Cheryl Burke,33,Actor/Actress,Actor,2,false,-3.16800584368152,-1.3340971142590161,10.0,0
8,10,Melissa Rycroft_S8,0.2688827994245128,false,9.166666666666666,3,Melissa Rycroft,Tony Dovolani,26,TV Personality,TV,3,false,-10.16800584368152,-1.313475965106833,9.166666666666666,0
8,10,Shawn Johnson_S8,0.262571689953892,false,9.333333333333334,3,Shawn Johnson,Mark Ballas,17,Athlete,Athlete,1,false,-19.16800584368152,-1.3372273211740295,9.333333333333334,0
8,10,Ty Murray_S8,0.20515062610541118,true,8.0,3,Ty Murray,Chelsie Hightower,39,Athlete,Athlete,4,false,2.83199415631848,-1.5840059337036587,8.0,0
8,11,Gilles Marini_S8,0.3350681297581863,false,9.666666666666666,3,Gilles Marini,Cheryl Burke,33,Actor/Actress,Actor,2,false,-3.16800584368152,-1.093418410958725,9.666666666666666,0
8,11,Melissa Rycroft_S8,0.2667972620713063,false,9.5,3,Melissa Rycroft,Tony Dovolani,26,TV Personality,TV,3,false,-10.16800584368152,-1.3212624789374983,9.5,0
8,11,Shawn Johnson_S8,0.3981346081705075,false,10.0,3,Shawn Johnson,Mark Ballas,17,Athlete,Athlete,1,false,-19.16800584368152,-0.9209626076844543,10.0,0
9,1,Aaron Carter_S9,0.062331685690008604,false,10.666633333333332,3,Aaron Carter,Karina Smirnoff,21,Singer/Rapper,Singer,5,false,-15.16800584368152,-2.7752693408494986,10.666633333333332,0
9,1,Ashley Hamiliton_S9,0.045124205195461446,true,6.3333,3,Ashley Hamiliton,Edyta Sliwinska,34,Actor/Actress,Actor,16,false,-2.16800584368152,-3.0983143150715873,6.3333,0
9,1,Chuck Liddell_S9,0.06791852198844878,false,7.333333333333333,3,Chuck Liddell,Anna Trebunskaya,39,Athlete,Athlete,11,false,2.83199415631848,-2.689431774865284,7.333333333333333,0
9,1,Debi Mazar_S9,0.06749878531513243,false,7.333333333333333,3,Debi Mazar,Maksim Chmerkoskiy,45,Actor/Actress,Actor,12,false,8.83199415631848,-2.6956308616252675,7.333333333333333,0
9,1,Donny Osmond_S9,0.06458661025928387,false,9.999966666666666,3,Donny Osmond,Kym Johnson,51,Singer/Rapper,Singer,1,false,14.83199415631848,-2.7397326782399043,9.999966666666666,0
9,1,Joanna Krupa_S9,0.051189817006715425,false,11.3333,3,Joanna Krupa,Derek Hough,30,Model,Model,4,false,-6.16800584368152,-2.9721951183603563,11.3333,0
9,1,Kathy Ireland_S9,0.0636799711016001,false,6.666633333333333,3,Kathy Ireland,Tony Dovolani,46,Model,Model,14,false,9.83199415631848,-2.753869487851228,6.666633333333333,0
9,1,Kelly Osbourne_S9,0.06419243356894463,false,10.333266666666667,3,Kelly Osbourne,Louis van Amstel,24,TV Personality,TV,3,false,-12.16800584368152,-2.7458543543748255,10.333266666666667,0
9,1,Louie Vito_S9,0.0655371737121838,false,8.999933333333333,3,Louie Vito,Chelsie Hightower,21,Athlete,Athlete,8,false,-15.16800584368152,-2.725122501339507,8.999933333333333,0
9,1,Macy Gray_S9,0.04448959863989822,true,6.3333,3,Macy Gray,Jonathan Roberts,42,Singer/Rapper,Singer,15,false,5.83199415631848,-3.112477378648998,6.3333,0
9,1,Mark Dacascos_S9,0.06717167284051392,false,9.6666,3,Mark Dacascos,Lacey Schwimmer,45,Actor/Actress,Actor,6,false,8.83199415631848,-2.7004887683182774,9.6666,0
9,1,Melissa Joan Hart_S9,0.06673726599384851,false,8.0,3,Melissa Joan Hart,Mark Ballas,33,Actor/Actress,Actor,9,false,-3.16800584368152,-2.706976787509043,8.0,0
9,1,Michael Irvin_S9,0.07134055840212201,false,6.333333333333333,3,Michael Irvin,Anna Demidova,43,Athlete,Athlete,7,false,6.83199415631848,-2.6402762545728264,6.333333333333333,0
9,1,Mya_S9,0.06594142788184765,false,10.3333,3,Mya,Dmitry Chaplin,29,Singer/Rapper,Singer,2,false,-7.16800584368152,-2.7189732224554466,10.3333,0
9,1,Natalie Coughlin_S9,0.06729583961596883,false,8.999933333333333,3,Natalie Coughlin,Alec Mazo,27,Athlete,Athlete,10,false,-9.16800584368152,-2.6986420030779446,8.999933333333333,0
9,2,Aaron Carter_S9,0.0752824737455658,false,9.0,3,Aaron Carter,Karina Smirnoff,21,Singer/Rapper,Singer,5,false,-15.16800584368152,-2.586494640434271,9.0,0
9,2,Chuck Liddell_S9,0.07561782696924159,false,6.333333333333333,3,Chuck Liddell,Anna Trebunskaya,39,Athlete,Athlete,11,false,2.83199415631848,-2.5820499928157883,6.333333333333333,0
9,2,Debi Mazar_S9,0.07521950204975152,false,7.0,3,Debi Mazar,Maksim Chmerkoskiy,45,Actor/Actress,Actor,12,false,8.83199415631848,-2.5873314515438275,7.0,0
9,2,Donny Osmond_S9,0.07220272957982163,false,8.333333333333334,3,Donny Osmond,Kym Johnson,51,Singer/Rapper,Singer,1,false,14.83199415631848,-2.628263578187277,8.333333333333334,0
9,2,Joanna Krupa_S9,0.06717792548887407,false,6.666666666666667,3,Joanna Krupa,Derek Hough,30,Model,Model,4,false,-6.16800584368152,-2.7003956894350725,6.666666666666667,0
9,2,Kathy Ireland_S9,0.04049019128809044,true,6.0,3,Kathy Ireland,Tony Dovolani,46,Model,Model,14,false,9.83199415631848,-3.2066708275854894,6.0,0
9,2,Kelly Osbourne_S9,0.07454161958655277,false,6.333333333333333,3,Kelly Osbourne,Louis van Amstel,24,TV Personality,TV,3,false,-12.16800584368152,-2.5963842421818524,6.333333333333333,0
9,2,Louie Vito_S9,0.07524188137605864,false,6.333333333333333,3,Louie Vito,Chelsie Hightower,21,Athlete,Athlete,8,false,-15.16800584368152,-2.5870339794816872,6.333333333333333,0
9,2,Mark Dacascos_S9,0.07398725980917202,false,7.0,3,Mark Dacascos,Lacey Schwimmer,45,Actor/Actress,Actor,6,false,8.83199415631848,-2.6038488495918095,7.0,0
9,2,Melissa Joan Hart_S9,0.07694832440632476,false,6.333333333333333,3,Melissa Joan Hart,Mark Ballas,33,Actor/Actress,Actor,9,false,-3.16800584368152,-2.5646081983806925,6.333333333333333,0
9,2,Michael Irvin_S9,0.07771040576745714,false,6.666666666666667,3,Michael Irvin,Anna Demidova,43,Athlete,Athlete,7,false,6.83199415631848,-2.554753240007516,6.666666666666667,0
9,2,Mya_S9,0.07121564018929827,false,9.0,3,Mya,Dmitry Chaplin,29,Singer/Rapper,Singer,2,false,-7.16800584368152,-2.642028777346405,9.0,0
9,2,Natalie Coughlin_S9,0.07571456409229274,false,7.0,3,Natalie Coughlin,Alec Mazo,27,Athlete,Athlete,10,false,-9.16800584368152,-2.580771537395991,7.0,0
9,3,Aaron Carter_S9,0.07918181660551818,false,7.0,3,Aaron Carter,Karina Smirnoff,21,Singer/Rapper,Singer,5,false,-15.16800584368152,-2.535995965752966,7.0,0
9,3,Chuck Liddell_S9,0.08665445084164322,false,5.666666666666667,3,Chuck Liddell,Anna Trebunskaya,39,Athlete,Athlete,11,false,2.83199415631848,-2.445815358375006,5.666666666666667,0
9,3,Debi Mazar_S9,0.03276924662295205,true,5.666666666666667,3,Debi Mazar,Maksim Chmerkoskiy,45,Actor/Actress,Actor,12,false,8.83199415631848,-3.4182342904238694,5.666666666666667,0
9,3,Donny Osmond_S9,0.08050874514220653,false,7.0,3,Donny Osmond,Kym Johnson,51,Singer/Rapper,Singer,1,false,14.83199415631848,-2.5193770442173458,7.0,0
9,3,Joanna Krupa_S9,0.07207781076130743,false,7.666666666666667,3,Joanna Krupa,Derek Hough,30,Model,Model,4,false,-6.16800584368152,-2.629995164690146,7.666666666666667,0
9,3,Kelly Osbourne_S9,0.0813459872054776,false,6.666666666666667,3,Kelly Osbourne,Louis van Amstel,24,TV Personality,TV,3,false,-12.16800584368152,-2.509031480969372,6.666666666666667,0
9,3,Louie Vito_S9,0.08492746480486649,false,6.666666666666667,3,Louie Vito,Chelsie Hightower,21,Athlete,Athlete,8,false,-15.16800584368152,-2.465945967358932,6.666666666666667,0
9,3,Mark Dacascos_S9,0.08529124475924324,false,6.0,3,Mark Dacascos,Lacey Schwimmer,45,Actor/Actress,Actor,6,false,8.83199415631848,-2.4616717458598925,6.0,0
9,3,Melissa Joan Hart_S9,0.0857186558338507,false,6.333333333333333,3,Melissa Joan Hart,Mark Ballas,33,Actor/Actress,Actor,9,false,-3.16800584368152,-2.456673123388896,6.333333333333333,0
9,3,Michael Irvin_S9,0.0903608907845036,false,4.666666666666667,3,Michael Irvin,Anna Demidova,43,Athlete,Athlete,7,false,6.83199415631848,-2.4039326625846194,4.666666666666667,0
9,3,Mya_S9,0.08128819175737591,false,9.0,3,Mya,Dmitry Chaplin,29,Singer/Rapper,Singer,2,false,-7.16800584368152,-2.5097422139797416,9.0,0
9,3,Natalie Coughlin_S9,0.0850553304304128,false,8.666666666666666,3,Natalie Coughlin,Alec Mazo,27,Athlete,Athlete,10,false,-9.16800584368152,-2.464441531041717,8.666666666666666,0
9,4,Aaron Carter_S9,0.09654397382231536,false,6.0,3,Aaron Carter,Karina Smirnoff,21,Singer/Rapper,Singer,5,false,-15.16800584368152,-2.3377463292325746,6.0,0
9,4,Chuck Liddell_S9,0.06475700146257475,true,5.666666666666667,3,Chuck Liddell,Anna Trebunskaya,39,Athlete,Athlete,11,false,2.83199415631848,-2.7370980113256365,5.666666666666667,0
9,4,Donny Osmond_S9,0.09262634733682563,false,8.0,3,Donny Osmond,Kym Johnson,51,Singer/Rapper,Singer,1,false,14.83199415631848,-2.3791708533191103,8.0,0
9,4,Joanna Krupa_S9,0.08232859572843326,false,8.666666666666666,3,Joanna Krupa,Derek Hough,30,Model,Model,4,false,-6.16800584368152,-2.4970246280636315,8.666666666666666,0
9,4,Kelly Osbourne_S9,0.09123127622402039,false,7.666666666666667,3,Kelly Osbourne,Louis van Amstel,24,TV Personality,TV,3,false,-12.16800584368152,-2.3943465385466602,7.666666666666667,0
9,4,Louie Vito_S9,0.09910405543904478,false,5.333333333333333,3,Louie Vito,Chelsie Hightower,21,Athlete,Athlete,8,false,-15.16800584368152,-2.3115748254352835,5.333333333333333,0
9,4,Mark Dacascos_S9,0.09417243205592199,false,7.333333333333333,3,Mark Dacascos,Lacey Schwimmer,45,Actor/Actress,Actor,6,false,8.83199415631848,-2.3626171748028186,7.333333333333333,0
9,4,Melissa Joan Hart_S9,0.09109808653522201,false,9.333333333333334,3,Melissa Joan Hart,Mark Ballas,33,Actor/Actress,Actor,9,false,-3.16800584368152,-2.3958075018222362,9.333333333333334,0
9,4,Michael Irvin_S9,0.1015923074378832,false,5.333333333333333,3,Michael Irvin,Anna Demidova,43,Athlete,Athlete,7,false,6.83199415631848,-2.2867776176817673,5.333333333333333,0
9,4,Mya_S9,0.09392222462330482,false,9.333333333333334,3,Mya,Dmitry Chaplin,29,Singer/Rapper,Singer,2,false,-7.16800584368152,-2.3652775897683065,9.333333333333334,0
9,4,Natalie Coughlin_S9,0.0926236993344546,false,8.0,3,Natalie Coughlin,Alec Mazo,27,Athlete,Athlete,10,false,-9.16800584368152,-2.3791994414229265,8.0,0
9,5,Aaron Carter_S9,0.10322199607619134,false,8.0,3,Aaron Carter,Karina Smirnoff,21,Singer/Rapper,Singer,5,false,-15.16800584368152,-2.2708636205619825,8.0,0
9,5,Donny Osmond_S9,0.10134365024463861,false,9.666666666666666,3,Donny Osmond,Kym Johnson,51,Singer/Rapper,Singer,1,false,14.83199415631848,-2.289228192434001,9.666666666666666,0
9,5,Joanna Krupa_S9,0.09560106870251182,false,8.0,3,Joanna Krupa,Derek Hough,30,Model,Model,4,false,-6.16800584368152,-2.3475608200112914,8.0,0
9,5,Kelly Osbourne_S9,0.10444179469967957,false,8.0,3,Kelly Osbourne,Louis van Amstel,24,TV Personality,TV,3,false,-12.16800584368152,-2.259115776607656,8.0,0
9,5,Louie Vito_S9,0.10806830885988745,false,7.333333333333333,3,Louie Vito,Chelsie Hightower,21,Athlete,Athlete,8,false,-15.16800584368152,-2.2249825089878974,7.333333333333333,0
9,5,Mark Dacascos_S9,0.10265307366621354,false,8.666666666666666,3,Mark Dacascos,Lacey Schwimmer,45,Actor/Actress,Actor,6,false,8.83199415631848,-2.276390451295237,8.666666666666666,0
9,5,Melissa Joan Hart_S9,0.10784594884368692,false,7.666666666666667,3,Melissa Joan Hart,Mark Ballas,33,Actor/Actress,Actor,9,false,-3.16800584368152,-2.2270421972872,7.666666666666667,0
9,5,Michael Irvin_S9,0.10834487935859484,false,7.0,3,Michael Irvin,Anna Demidova,43,Athlete,Athlete,7,false,6.83199415631848,-2.222426582561955,7.0,0
9,5,Mya_S9,0.10131638113754203,false,9.0,3,Mya,Dmitry Chaplin,29,Singer/Rapper,Singer,2,false,-7.16800584368152,-2.289497301621106,9.0,0
9,5,Natalie Coughlin_S9,0.06716289841105419,true,7.333333333333333,3,Natalie Coughlin,Alec Mazo,27,Athlete,Athlete,10,false,-9.16800584368152,-2.7006194018366183,7.333333333333333,0
9,6,Aaron Carter_S9,0.11281894444637004,false,10.999933333333333,3,Aaron Carter,Karina Smirnoff,21,Singer/Rapper,Singer,5,false,-15.16800584368152,-2.1819621430798413,10.999933333333333,0
9,6,Donny Osmond_S9,0.11708113798682963,false,10.3333,3,Donny Osmond,Kym Johnson,51,Singer/Rapper,Singer,1,false,14.83199415631848,-2.1448795564195633,10.3333,0
9,6,Joanna Krupa_S9,0.1047848833989736,false,11.999966666666666,3,Joanna Krupa,Derek Hough,30,Model,Model,4,false,-6.16800584368152,-2.255836216559581,11.999966666666666,0
9,6,Kelly Osbourne_S9,0.12554335887325335,false,8.333266666666667,3,Kelly Osbourne,Louis van Amstel,24,TV Personality,TV,3,false,-12.16800584368152,-2.075096125704167,8.333266666666667,0
9,6,Louie Vito_S9,0.0867734729704513,true,8.0,3,Louie Vito,Chelsie Hightower,21,Athlete,Athlete,8,false,-15.16800584368152,-2.4444427907710105,8.0,0
9,6,Mark Dacascos_S9,0.116720288186623,false,10.666666666666666,3,Mark Dacascos,Lacey Schwimmer,45,Actor/Actress,Actor,6,false,8.83199415631848,-2.1479663382741654,10.666666666666666,0
9,6,Melissa Joan Hart_S9,0.08946067908075542,true,7.9999666666666664,3,Melissa Joan Hart,Mark Ballas,33,Actor/Actress,Actor,9,false,-3.16800584368152,-2.4139449120863303,7.9999666666666664,0
9,6,Michael Irvin_S9,0.13283708102221828,false,7.333266666666667,3,Michael Irvin,Anna Demidova,43,Athlete,Athlete,7,false,6.83199415631848,-2.0186243283606915,7.333266666666667,0
9,6,Mya_S9,0.11398015403452462,false,11.0,3,Mya,Dmitry Chaplin,29,Singer/Rapper,Singer,2,false,-7.16800584368152,-2.171722159740379,11.0,0
9,7,Aaron Carter_S9,0.15308234920050706,false,8.833333333333334,3,Aaron Carter,Karina Smirnoff,21,Singer/Rapper,Singer,5,false,-15.16800584368152,-1.8767727399044538,8.833333333333334,0
9,7,Donny Osmond_S9,0.15671544743258808,false,8.666666666666666,3,Donny Osmond,Kym Johnson,51,Singer/Rapper,Singer,1,false,14.83199415631848,-1.8533171738481344,8.666666666666666,0
9,7,Joanna Krupa_S9,0.1424530279538398,false,9.166666666666666,3,Joanna Krupa,Derek Hough,30,Model,Model,4,false,-6.16800584368152,-1.9487359421737542,9.166666666666666,0
9,7,Kelly Osbourne_S9,0.15603871631380503,false,8.666666666666666,3,Kelly Osbourne,Louis van Amstel,24,TV Personality,TV,3,false,-12.16800584368152,-1.857644712380421,8.666666666666666,0
9,7,Mark Dacascos_S9,0.11921600739995245,true,7.166666666666667,3,Mark Dacascos,Lacey Schwimmer,45,Actor/Actress,Actor,6,false,8.83199415631848,-2.1268098549988412,7.166666666666667,0
9,7,Michael Irvin_S9,0.11355981799832232,true,7.833333333333333,3,Michael Irvin,Anna Demidova,43,Athlete,Athlete,7,false,6.83199415631848,-2.1754167441775056,7.833333333333333,0
9,7,Mya_S9,0.15893463370098485,false,8.166666666666666,3,Mya,Dmitry Chaplin,29,Singer/Rapper,Singer,2,false,-7.16800584368152,-1.8392559782140974,8.166666666666666,0
9,8,Aaron Carter_S9,0.1429382232106767,true,8.333333333333334,3,Aaron Carter,Karina Smirnoff,21,Singer/Rapper,Singer,5,false,-15.16800584368152,-1.945335751578397,8.333333333333334,0
9,8,Donny Osmond_S9,0.2255973293187744,false,8.333333333333334,3,Donny Osmond,Kym Johnson,51,Singer/Rapper,Singer,1,false,14.83199415631848,-1.4889991648875405,8.333333333333334,0
9,8,Joanna Krupa_S9,0.20081365478570773,false,8.666666666666666,3,Joanna Krupa,Derek Hough,30,Model,Model,4,false,-6.16800584368152,-1.605372911827083,8.666666666666666,0
9,8,Kelly Osbourne_S9,0.21949463284104503,false,8.5,3,Kelly Osbourne,Louis van Amstel,24,TV Personality,TV,3,false,-12.16800584368152,-1.5164229426054072,8.5,0
9,8,Mya_S9,0.21115615984379565,false,9.833333333333334,3,Mya,Dmitry Chaplin,29,Singer/Rapper,Singer,2,false,-7.16800584368152,-1.5551525893738751,9.833333333333334,0
9,9,Donny Osmond_S9,0.281690967907942,false,8.222199999999999,3,Donny Osmond,Kym Johnson,51,Singer/Rapper,Singer,1,false,14.83199415631848,-1.2669411174351648,8.222199999999999,0
9,9,Joanna Krupa_S9,0.16906748228620305,true,9.0,3,Joanna Krupa,Derek Hough,30,Model,Model,4,false,-6.16800584368152,-1.777451425510349,9.0,0
9,9,Kelly Osbourne_S9,0.2785494851422818,false,8.6666,3,Kelly Osbourne,Louis van Amstel,24,TV Personality,TV,3,false,-12.16800584368152,-1.2781559608464585,8.6666,0
9,9,Mya_S9,0.2706920646635737,false,9.666633333333333,3,Mya,Dmitry Chaplin,29,Singer/Rapper,Singer,2,false,-7.16800584368152,-1.3067697026990428,9.666633333333333,0
9,10,Donny Osmond_S9,0.3977568190111153,false,9.6666,3,Donny Osmond,Kym Johnson,51,Singer/Rapper,Singer,1,false,14.83199415631848,-0.9219119538528321,9.6666,0
9,10,Kelly Osbourne_S9,0.27350811545012577,false,8.4074,3,Kelly Osbourne,Louis van Amstel,24,TV Personality,TV,3,false,-12.16800584368152,-1.29642032879021,8.4074,0
9,10,Mya_S9,0.32873506553875753,false,9.4444,3,Mya,Dmitry Chaplin,29,Singer/Rapper,Singer,2,false,-7.16800584368152,-1.1125000825823763,9.4444,0
10,1,Aiden Turner_S10,0.09749935718072023,false,5.0,3,Aiden Turner,Edyta Sliwinska,32,Actor/Actress,Actor,9,false,-4.16800584368152,-2.3278992375930434,5.0,0
10,1,Buzz Aldrin_S10,0.06652731342984024,false,4.666666666666667,3,Buzz Aldrin,Ashly DelGrosso,80,Astronaut,Other,10,false,43.83199415631848,-2.710127656070635,4.666666666666667,0
10,1,Chad Ochocinco_S10,0.09851692809982013,false,6.0,3,Chad Ochocinco,Cheryl Burke,32,Athlete,Athlete,4,false,-4.16800584368152,-2.31751673620043,6.0,0
10,1,Erin Andrews_S10,0.07425063895695634,false,7.0,3,Erin Andrews,Maksim Chmerkoskiy,32,Sports Broadcaster,TV,3,false,-4.16800584368152,-2.6002954280485824,7.0,0
10,1,Evan Lysacek_S10,0.0991491317525388,false,7.666666666666667,3,Evan Lysacek,Anna Trebunskaya,24,Athlete,Athlete,2,false,-12.16800584368152,-2.311120095196854,7.666666666666667,0
10,1,Jake Pavelka_S10,0.09633127993839047,false,6.666666666666667,3,Jake Pavelka,Chelsie Hightower,32,TV Personality,TV,7,false,-4.16800584368152,-2.3399518144932014,6.666666666666667,0
10,1,Kate Gosselin_S10,0.09551704349583089,false,5.333333333333333,3,Kate Gosselin,Tony Dovolani,35,TV Personality,TV,8,false,-1.1680058436815202,-2.348440112212705,5.333333333333333,0
10,1,Nicole Scherzinger_S10,0.09446924717381065,false,8.333333333333334,3,Nicole Scherzinger,Derek Hough,31,Singer/Rapper,Singer,1,false,-5.16800584368152,-2.3594703387780256,8.333333333333334,0
10,1,Niecy Nash_S10,0.09877842072435077,false,6.0,3,Niecy Nash,Louis van Amstel,40,Actor/Actress,Actor,5,false,3.83199415631848,-2.3148659881878175,6.0,0
10,1,Pamela Anderson_S10,0.0823844732242858,false,7.0,3,Pamela Anderson,Damian Whitewood,42,Model,Model,6,false,5.83199415631848,-2.4963461534304203,7.0,0
10,1,Shannen Doherty_S10,0.09657616602345527,false,6.0,3,Shannen Doherty,Mark Ballas,38,Actor/Actress,Actor,11,false,1.8319941563184798,-2.337412942273795,6.0,0
10,2,Aiden Turner_S10,0.09908556851743988,false,6.333333333333333,3,Aiden Turner,Edyta Sliwinska,32,Actor/Actress,Actor,9,false,-4.16800584368152,-2.311761381469181,6.333333333333333,0
10,2,Buzz Aldrin_S10,0.09550044467513832,false,4.0,3,Buzz Aldrin,Ashly DelGrosso,80,Astronaut,Other,10,false,43.83199415631848,-2.348613904121512,4.0,0
10,2,Chad Ochocinco_S10,0.10391843690579568,false,5.333333333333333,3,Chad Ochocinco,Cheryl Burke,32,Athlete,Athlete,4,false,-4.16800584368152,-2.2641393251699267,5.333333333333333,0
10,2,Erin Andrews_S10,0.08040534933563175,false,7.666666666666667,3,Erin Andrews,Maksim Chmerkoskiy,32,Sports Broadcaster,TV,3,false,-4.16800584368152,-2.520662134079112,7.666666666666667,0
10,2,Evan Lysacek_S10,0.09943028362584441,false,8.0,3,Evan Lysacek,Anna Trebunskaya,24,Athlete,Athlete,2,false,-12.16800584368152,-2.3082884902289282,8.0,0
10,2,Jake Pavelka_S10,0.09891763661846956,false,6.666666666666667,3,Jake Pavelka,Chelsie Hightower,32,TV Personality,TV,7,false,-4.16800584368152,-2.3134576190920235,6.666666666666667,0
10,2,Kate Gosselin_S10,0.10103503621736866,false,5.0,3,Kate Gosselin,Tony Dovolani,35,TV Personality,TV,8,false,-1.1680058436815202,-2.2922780315454303,5.0,0
10,2,Nicole Scherzinger_S10,0.09497823890355758,false,9.333333333333334,3,Nicole Scherzinger,Derek Hough,31,Singer/Rapper,Singer,1,false,-5.16800584368152,-2.354096949121762,9.333333333333334,0
10,2,Niecy Nash_S10,0.09724588592286715,false,7.0,3,Niecy Nash,Louis van Amstel,40,Actor/Actress,Actor,5,false,3.83199415631848,-2.3305023183549687,7.0,0
10,2,Pamela Anderson_S10,0.08707286444274046,false,7.333333333333333,3,Pamela Anderson,Damian Whitewood,42,Model,Model,6,false,5.83199415631848,-2.4409985039550404,7.333333333333333,0
10,2,Shannen Doherty_S10,0.04241025483514596,true,6.666666666666667,3,Shannen Doherty,Mark Ballas,38,Actor/Actress,Actor,11,false,1.8319941563184798,-3.1603415077431696,6.666666666666667,0
10,3,Aiden Turner_S10,0.10567556231716964,false,6.666666666666667,3,Aiden Turner,Edyta Sliwinska,32,Actor/Actress,Actor,9,false,-4.16800584368152,-2.247372148468522,6.666666666666667,0
10,3,Buzz Aldrin_S10,0.06830701163936714,true,4.333333333333333,3,Buzz Aldrin,Ashly DelGrosso,80,Astronaut,Other,10,false,43.83199415631848,-2.683728218561786,4.333333333333333,0
10,3,Chad Ochocinco_S10,0.10809450649643439,false,6.666666666666667,3,Chad Ochocinco,Cheryl Burke,32,Athlete,Athlete,4,false,-4.16800584368152,-2.2247401232265327,6.666666666666667,0
10,3,Erin Andrews_S10,0.08927746463790118,false,7.666666666666667,3,Erin Andrews,Maksim Chmerkoskiy,32,Sports Broadcaster,TV,3,false,-4.16800584368152,-2.415994977653134,7.666666666666667,0
10,3,Evan Lysacek_S10,0.10499154986148622,false,8.666666666666666,3,Evan Lysacek,Anna Trebunskaya,24,Athlete,Athlete,2,false,-12.16800584368152,-2.2538658850420776,8.666666666666666,0
10,3,Jake Pavelka_S10,0.10891508328695038,false,7.0,3,Jake Pavelka,Chelsie Hightower,32,TV Personality,TV,7,false,-4.16800584368152,-2.2171775713627047,7.0,0
10,3,Kate Gosselin_S10,0.11103980587606321,false,5.0,3,Kate Gosselin,Tony Dovolani,35,TV Personality,TV,8,false,-1.1680058436815202,-2.1978575247205905,5.0,0
10,3,Nicole Scherzinger_S10,0.1044343249622742,false,7.666666666666667,3,Nicole Scherzinger,Derek Hough,31,Singer/Rapper,Singer,1,false,-5.16800584368152,-2.2591872990574045,7.666666666666667,0
10,3,Niecy Nash_S10,0.10729525027496803,false,7.0,3,Niecy Nash,Louis van Amstel,40,Actor/Actress,Actor,5,false,3.83199415631848,-2.232161576135352,7.0,0
10,3,Pamela Anderson_S10,0.09196944064738653,false,7.0,3,Pamela Anderson,Damian Whitewood,42,Model,Model,6,false,5.83199415631848,-2.3862880508711526,7.0,0
10,4,Aiden Turner_S10,0.0815579471747477,true,5.5,3,Aiden Turner,Edyta Sliwinska,32,Actor/Actress,Actor,9,false,-4.16800584368152,-2.5064292419571923,5.5,0
10,4,Chad Ochocinco_S10,0.11886230952260587,false,7.333333333333333,3,Chad Ochocinco,Cheryl Burke,32,Athlete,Athlete,4,false,-4.16800584368152,-2.1297811055594247,7.333333333333333,0
10,4,Erin Andrews_S10,0.10252955488233971,false,6.5,3,Erin Andrews,Maksim Chmerkoskiy,32,Sports Broadcaster,TV,3,false,-4.16800584368152,-2.277594428412512,6.5,0
10,4,Evan Lysacek_S10,0.11413970385984139,false,8.666666666666666,3,Evan Lysacek,Anna Trebunskaya,24,Athlete,Athlete,2,false,-12.16800584368152,-2.1703233472565153,8.666666666666666,0
10,4,Jake Pavelka_S10,0.11972064675547459,false,6.333333333333333,3,Jake Pavelka,Chelsie Hightower,32,TV Personality,TV,7,false,-4.16800584368152,-2.1225858410348164,6.333333333333333,0
10,4,Kate Gosselin_S10,0.12740050880583265,false,5.333333333333333,3,Kate Gosselin,Tony Dovolani,35,TV Personality,TV,8,false,-1.1680058436815202,-2.0604116928542915,5.333333333333333,0
10,4,Nicole Scherzinger_S10,0.1134559371812782,false,8.333333333333334,3,Nicole Scherzinger,Derek Hough,31,Singer/Rapper,Singer,1,false,-5.16800584368152,-2.1763319221486066,8.333333333333334,0
10,4,Niecy Nash_S10,0.12082311544462317,false,6.0,3,Niecy Nash,Louis van Amstel,40,Actor/Actress,Actor,5,false,3.83199415631848,-2.1134193822409726,6.0,0
10,4,Pamela Anderson_S10,0.10151027637325609,false,7.833333333333333,3,Pamela Anderson,Damian Whitewood,42,Model,Model,6,false,5.83199415631848,-2.287585389397681,7.833333333333333,0
10,5,Chad Ochocinco_S10,0.14224204801843937,false,6.0,3,Chad Ochocinco,Cheryl Burke,32,Athlete,Athlete,4,false,-4.16800584368152,-1.9502180787450698,6.0,0
10,5,Erin Andrews_S10,0.1094370318194688,false,7.333333333333333,3,Erin Andrews,Maksim Chmerkoskiy,32,Sports Broadcaster,TV,3,false,-4.16800584368152,-2.2123968093753437,7.333333333333333,0
10,5,Evan Lysacek_S10,0.13262990387048884,false,9.0,3,Evan Lysacek,Anna Trebunskaya,24,Athlete,Athlete,2,false,-12.16800584368152,-2.020185167521424,9.0,0
10,5,Jake Pavelka_S10,0.1317804618523027,false,7.666666666666667,3,Jake Pavelka,Chelsie Hightower,32,TV Personality,TV,7,false,-4.16800584368152,-2.0266103204307893,7.666666666666667,0
10,5,Kate Gosselin_S10,0.10174514720244282,true,5.0,3,Kate Gosselin,Tony Dovolani,35,TV Personality,TV,8,false,-1.1680058436815202,-2.2852743207086,5.0,0
10,5,Nicole Scherzinger_S10,0.12775574621734775,false,9.666666666666666,3,Nicole Scherzinger,Derek Hough,31,Singer/Rapper,Singer,1,false,-5.16800584368152,-2.0576272433290312,9.666666666666666,0
10,5,Niecy Nash_S10,0.13799388896730586,false,6.0,3,Niecy Nash,Louis van Amstel,40,Actor/Actress,Actor,5,false,3.83199415631848,-1.9805386309795974,6.0,0
10,5,Pamela Anderson_S10,0.11641577205220452,false,7.0,3,Pamela Anderson,Damian Whitewood,42,Model,Model,6,false,5.83199415631848,-2.1505786642691658,7.0,0
10,6,Chad Ochocinco_S10,0.15595284146468208,false,10.3333,3,Chad Ochocinco,Cheryl Burke,32,Athlete,Athlete,4,false,-4.16800584368152,-1.8581952035630147,10.3333,0
10,6,Erin Andrews_S10,0.12690205162226312,false,11.333333333333334,3,Erin Andrews,Maksim Chmerkoskiy,32,Sports Broadcaster,TV,3,false,-4.16800584368152,-2.064331857094168,11.333333333333334,0
10,6,Evan Lysacek_S10,0.15900134186866238,false,9.0,3,Evan Lysacek,Anna Trebunskaya,24,Athlete,Athlete,2,false,-12.16800584368152,-1.8388363481366465,9.0,0
10,6,Jake Pavelka_S10,0.10735753433396127,true,8.3333,3,Jake Pavelka,Chelsie Hightower,32,TV Personality,TV,7,false,-4.16800584368152,-2.231581257733834,8.3333,0
10,6,Nicole Scherzinger_S10,0.15112805425171302,false,11.999966666666666,3,Nicole Scherzinger,Derek Hough,31,Singer/Rapper,Singer,1,false,-5.16800584368152,-1.8896211432658272,11.999966666666666,0
10,6,Niecy Nash_S10,0.159134868177884,false,8.6666,3,Niecy Nash,Louis van Amstel,40,Actor/Actress,Actor,5,false,3.83199415631848,-1.8379969248115284,8.6666,0
10,6,Pamela Anderson_S10,0.14052330828083456,false,9.999933333333333,3,Pamela Anderson,Damian Whitewood,42,Model,Model,6,false,5.83199415631848,-1.9623747924983244,9.999933333333333,0
10,7,Chad Ochocinco_S10,0.18589741006629038,false,8.666666666666666,3,Chad Ochocinco,Cheryl Burke,32,Athlete,Athlete,4,false,-4.16800584368152,-1.682554936920197,8.666666666666666,0
10,7,Erin Andrews_S10,0.1575249090617937,false,8.5,3,Erin Andrews,Maksim Chmerkoskiy,32,Sports Broadcaster,TV,3,false,-4.16800584368152,-1.8481653322657738,8.5,0
10,7,Evan Lysacek_S10,0.18509702880684106,false,9.0,3,Evan Lysacek,Anna Trebunskaya,24,Athlete,Athlete,2,false,-12.16800584368152,-1.6868697088011453,9.0,0
10,7,Nicole Scherzinger_S10,0.1796014928281879,false,9.0,3,Nicole Scherzinger,Derek Hough,31,Singer/Rapper,Singer,1,false,-5.16800584368152,-1.717009243320675,9.0,0
10,7,Niecy Nash_S10,0.18785124161838587,false,8.166666666666666,3,Niecy Nash,Louis van Amstel,40,Actor/Actress,Actor,5,false,3.83199415631848,-1.6720995740102755,8.166666666666666,0
10,7,Pamela Anderson_S10,0.10402791761850133,true,8.5,3,Pamela Anderson,Damian Whitewood,42,Model,Model,6,false,5.83199415631848,-2.263086364466569,8.5,0
10,8,Chad Ochocinco_S10,0.22718016256797202,false,7.5,3,Chad Ochocinco,Cheryl Burke,32,Athlete,Athlete,4,false,-4.16800584368152,-1.4820075068049845,7.5,0
10,8,Erin Andrews_S10,0.18806626097805754,false,8.833333333333334,3,Erin Andrews,Maksim Chmerkoskiy,32,Sports Broadcaster,TV,3,false,-4.16800584368152,-1.670955608977148,8.833333333333334,0
10,8,Evan Lysacek_S10,0.21377095539258179,false,8.833333333333334,3,Evan Lysacek,Anna Trebunskaya,24,Athlete,Athlete,2,false,-12.16800584368152,-1.542845461153189,8.833333333333334,0
10,8,Nicole Scherzinger_S10,0.21002125450039644,false,9.833333333333334,3,Nicole Scherzinger,Derek Hough,31,Singer/Rapper,Singer,1,false,-5.16800584368152,-1.5605417800680845,9.833333333333334,0
10,8,Niecy Nash_S10,0.16096136656099105,true,7.166666666666667,3,Niecy Nash,Louis van Amstel,40,Actor/Actress,Actor,5,false,3.83199415631848,-1.8265846893893902,7.166666666666667,0
10,9,Chad Ochocinco_S10,0.20177769873558038,true,8.666666666666666,3,Chad Ochocinco,Cheryl Burke,32,Athlete,Athlete,4,false,-4.16800584368152,-1.600583732949349,8.666666666666666,0
10,9,Erin Andrews_S10,0.24728026329142047,false,9.333333333333334,3,Erin Andrews,Maksim Chmerkoskiy,32,Sports Broadcaster,TV,3,false,-4.16800584368152,-1.3972288724224562,9.333333333333334,0
10,9,Evan Lysacek_S10,0.2807390269712083,false,9.833333333333334,3,Evan Lysacek,Anna Trebunskaya,24,Athlete,Athlete,2,false,-12.16800584368152,-1.270326208804122,9.833333333333334,0
10,9,Nicole Scherzinger_S10,0.27020301100179017,false,9.833333333333334,3,Nicole Scherzinger,Derek Hough,31,Singer/Rapper,Singer,1,false,-5.16800584368152,-1.3085780090000072,9.833333333333334,0
10,10,Erin Andrews_S10,0.24284351685055464,false,8.999933333333333,3,Erin Andrews,Maksim Chmerkoskiy,32,Sports Broadcaster,TV,3,false,-4.16800584368152,-1.4153338887835334,8.999933333333333,0
10,10,Evan Lysacek_S10,0.34690304225595453,false,8.9629,3,Evan Lysacek,Anna Trebunskaya,24,Athlete,Athlete,2,false,-12.16800584368152,-1.058707072563644,8.9629,0
10,10,Nicole Scherzinger_S10,0.41025344089349025,false,9.592566666666666,3,Nicole Scherzinger,Derek Hough,31,Singer/Rapper,Singer,1,false,-5.16800584368152,-0.8909777242235043,9.592566666666666,0
11,1,Audrina Patridge_S11,0.08307178054445286,false,6.333333333333333,3,Audrina Patridge,Tony Dovolani,25,TV Personality,TV,7,false,-11.16800584368152,-2.488038181385421,6.333333333333333,0
11,1,Brandy_S11,0.08740987182194061,false,7.666666666666667,3,Brandy,Maksim Chmerkoskiy,31,Singer/Rapper,Singer,4,false,-5.16800584368152,-2.4371356125012507,7.666666666666667,0
11,1,Bristol Palin_S11,0.08701168271878287,false,6.0,3,Bristol Palin,Mark Ballas,19,TV Personality,TV,3,false,-17.16800584368152,-2.4417013925753737,6.0,0
11,1,David Hasselhoff_S11,0.05718140294386305,true,5.0,3,David Hasselhoff,Kym Johnson,58,Actor/Actress,Actor,12,false,21.83199415631848,-2.861509068769091,5.0,0
11,1,Florence Henderson_S11,0.0830440868939909,false,6.0,3,Florence Henderson,Corky Ballas,76,Actor/Actress,Actor,8,false,39.83199415631848,-2.4883716030834666,6.0,0
11,1,Jennifer Grey_S11,0.08673760939595766,false,8.0,3,Jennifer Grey,Derek Hough,50,Actor/Actress,Actor,1,false,13.83199415631848,-2.4448561725692612,8.0,0
11,1,Kurt Warner_S11,0.08575544731042045,false,6.333333333333333,3,Kurt Warner,Anna Trebunskaya,39,Athlete,Athlete,5,false,2.83199415631848,-2.456244008468978,6.333333333333333,0
11,1,Kyle Massey_S11,0.08302536588237554,false,7.666666666666667,3,Kyle Massey,Lacey Schwimmer,19,Actor/Actress,Actor,2,false,-17.16800584368152,-2.488597060395746,7.666666666666667,0
11,1,Margaret Cho_S11,0.08401037850168698,false,5.0,3,Margaret Cho,Louis van Amstel,41,Comedian,Entertainment,10,false,4.83199415631848,-2.4768030309590614,5.0,0
11,1,Michael Bolton_S11,0.08678562138104656,false,5.333333333333333,3,Michael Bolton,Chelsie Hightower,57,Singer/Rapper,Singer,11,false,20.83199415631848,-2.4443028007500844,5.333333333333333,0
11,1,Rick Fox_S11,0.08659188358968081,false,7.333333333333333,3,Rick Fox,Cheryl Burke,41,Athlete,Athlete,6,false,4.83199415631848,-2.44653764242914,7.333333333333333,0
11,1,The Situation_S11,0.08937486901580131,false,5.0,3,The Situation,Karina Smirnoff,28,TV Personality,TV,9,false,-8.16800584368152,-2.414904554761515,5.0,0
11,2,Audrina Patridge_S11,0.09158069569677474,false,7.666666666666667,3,Audrina Patridge,Tony Dovolani,25,TV Personality,TV,7,false,-11.16800584368152,-2.390523855908285,7.666666666666667,0
11,2,Brandy_S11,0.09120124909601307,false,7.0,3,Brandy,Maksim Chmerkoskiy,31,Singer/Rapper,Singer,4,false,-5.16800584368152,-2.394675721065438,7.0,0
11,2,Bristol Palin_S11,0.08922113139312453,false,7.333333333333333,3,Bristol Palin,Mark Ballas,19,TV Personality,TV,3,false,-17.16800584368152,-2.416626160381925,7.333333333333333,0
11,2,Florence Henderson_S11,0.09212772601382196,false,6.333333333333333,3,Florence Henderson,Corky Ballas,76,Actor/Actress,Actor,8,false,39.83199415631848,-2.3845684840929966,6.333333333333333,0
11,2,Jennifer Grey_S11,0.092943281904083,false,8.0,3,Jennifer Grey,Derek Hough,50,Actor/Actress,Actor,1,false,13.83199415631848,-2.3757550846835067,8.0,0
11,2,Kurt Warner_S11,0.09384197681756196,false,7.0,3,Kurt Warner,Anna Trebunskaya,39,Athlete,Athlete,5,false,2.83199415631848,-2.366132352872773,7.0,0
11,2,Kyle Massey_S11,0.09162445620280434,false,7.333333333333333,3,Kyle Massey,Lacey Schwimmer,19,Actor/Actress,Actor,2,false,-17.16800584368152,-2.39004613976666,7.333333333333333,0
11,2,Margaret Cho_S11,0.08901207521351345,false,6.0,3,Margaret Cho,Louis van Amstel,41,Comedian,Entertainment,10,false,4.83199415631848,-2.418972007529196,6.0,0
11,2,Michael Bolton_S11,0.07593244379948119,true,4.0,3,Michael Bolton,Chelsie Hightower,57,Singer/Rapper,Singer,11,false,20.83199415631848,-2.5778980618601564,4.0,0
11,2,Rick Fox_S11,0.09588688342569236,false,7.0,3,Rick Fox,Cheryl Burke,41,Athlete,Athlete,6,false,4.83199415631848,-2.3445756510011075,7.0,0
11,2,The Situation_S11,0.0966280804371297,false,6.0,3,The Situation,Karina Smirnoff,28,TV Personality,TV,9,false,-8.16800584368152,-2.33687554334519,6.0,0
11,3,Audrina Patridge_S11,0.09911532390504556,false,8.666666666666666,3,Audrina Patridge,Tony Dovolani,25,TV Personality,TV,7,false,-11.16800584368152,-2.311461129666944,8.666666666666666,0
11,3,Brandy_S11,0.10143201628984272,false,8.0,3,Brandy,Maksim Chmerkoskiy,31,Singer/Rapper,Singer,4,false,-5.16800584368152,-2.2883566363863563,8.0,0
11,3,Bristol Palin_S11,0.10476480559150156,false,6.333333333333333,3,Bristol Palin,Mark Ballas,19,TV Personality,TV,3,false,-17.16800584368152,-2.2560278428607594,6.333333333333333,0
11,3,Florence Henderson_S11,0.10473706262912498,false,6.666666666666667,3,Florence Henderson,Corky Ballas,76,Actor/Actress,Actor,8,false,39.83199415631848,-2.256292687255036,6.666666666666667,0
11,3,Jennifer Grey_S11,0.1028488339777225,false,8.0,3,Jennifer Grey,Derek Hough,50,Actor/Actress,Actor,1,false,13.83199415631848,-2.274485277102048,8.0,0
11,3,Kurt Warner_S11,0.1053313104610292,false,7.666666666666667,3,Kurt Warner,Anna Trebunskaya,39,Athlete,Athlete,5,false,2.83199415631848,-2.250635064923499,7.666666666666667,0
11,3,Kyle Massey_S11,0.10294792664412093,false,7.666666666666667,3,Kyle Massey,Lacey Schwimmer,19,Actor/Actress,Actor,2,false,-17.16800584368152,-2.2735222715547154,7.666666666666667,0
11,3,Margaret Cho_S11,0.0649168100580276,true,6.0,3,Margaret Cho,Louis van Amstel,41,Comedian,Entertainment,10,false,4.83199415631848,-2.73463326983713,6.0,0
11,3,Rick Fox_S11,0.10789096240247956,false,8.0,3,Rick Fox,Cheryl Burke,41,Athlete,Athlete,6,false,4.83199415631848,-2.2266249006652243,8.0,0
11,3,The Situation_S11,0.10601494804110499,false,6.666666666666667,3,The Situation,Karina Smirnoff,28,TV Personality,TV,9,false,-8.16800584368152,-2.2441657429690487,6.666666666666667,0
11,4,Audrina Patridge_S11,0.1110195797586462,false,7.666666666666667,3,Audrina Patridge,Tony Dovolani,25,TV Personality,TV,7,false,-11.16800584368152,-2.198039691623811,7.666666666666667,0
11,4,Brandy_S11,0.1120554196548271,false,8.0,3,Brandy,Maksim Chmerkoskiy,31,Singer/Rapper,Singer,4,false,-5.16800584368152,-2.188752787606828,8.0,0
11,4,Bristol Palin_S11,0.11582868924592575,false,5.333333333333333,3,Bristol Palin,Mark Ballas,19,TV Personality,TV,3,false,-17.16800584368152,-2.1556343628876715,5.333333333333333,0
11,4,Florence Henderson_S11,0.11377647988163146,false,5.833333333333333,3,Florence Henderson,Corky Ballas,76,Actor/Actress,Actor,8,false,39.83199415631848,-2.1735106689501795,5.833333333333333,0
11,4,Jennifer Grey_S11,0.11008865320479788,false,9.333333333333334,3,Jennifer Grey,Derek Hough,50,Actor/Actress,Actor,1,false,13.83199415631848,-2.2064602160110827,9.333333333333334,0
11,4,Kurt Warner_S11,0.11921007612000811,false,5.666666666666667,3,Kurt Warner,Anna Trebunskaya,39,Athlete,Athlete,5,false,2.83199415631848,-2.1268596081978606,5.666666666666667,0
11,4,Kyle Massey_S11,0.11517639626444452,false,6.666666666666667,3,Kyle Massey,Lacey Schwimmer,19,Actor/Actress,Actor,2,false,-17.16800584368152,-2.1612817629548844,6.666666666666667,0
11,4,Rick Fox_S11,0.11715256539044264,false,6.5,3,Rick Fox,Cheryl Burke,41,Athlete,Athlete,6,false,4.83199415631848,-2.1442696800873295,6.5,0
11,4,The Situation_S11,0.08569214047927678,true,4.666666666666667,3,The Situation,Karina Smirnoff,28,TV Personality,TV,9,false,-8.16800584368152,-2.4569824976638124,4.666666666666667,0
11,5,Audrina Patridge_S11,0.13125623638124367,false,7.666666666666667,3,Audrina Patridge,Tony Dovolani,25,TV Personality,TV,7,false,-11.16800584368152,-2.03059624469696,7.666666666666667,0
11,5,Brandy_S11,0.1262875690719533,false,9.0,3,Brandy,Maksim Chmerkoskiy,31,Singer/Rapper,Singer,4,false,-5.16800584368152,-2.0691857598819277,9.0,0
11,5,Bristol Palin_S11,0.1372790361855613,false,6.0,3,Bristol Palin,Mark Ballas,19,TV Personality,TV,3,false,-17.16800584368152,-1.985732379653058,6.0,0
11,5,Florence Henderson_S11,0.07923461532581264,true,7.0,3,Florence Henderson,Corky Ballas,76,Actor/Actress,Actor,8,false,39.83199415631848,-2.535329392784079,7.0,0
11,5,Jennifer Grey_S11,0.12722730392292186,false,8.333333333333334,3,Jennifer Grey,Derek Hough,50,Actor/Actress,Actor,1,false,13.83199415631848,-2.061772137711622,8.333333333333334,0
11,5,Kurt Warner_S11,0.1313264557673581,false,8.0,3,Kurt Warner,Anna Trebunskaya,39,Athlete,Athlete,5,false,2.83199415631848,-2.0300614123941805,8.0,0
11,5,Kyle Massey_S11,0.13404022842914093,false,6.666666666666667,3,Kyle Massey,Lacey Schwimmer,19,Actor/Actress,Actor,2,false,-17.16800584368152,-2.009607851509089,6.666666666666667,0
11,5,Rick Fox_S11,0.13334855491600794,false,8.0,3,Rick Fox,Cheryl Burke,41,Athlete,Athlete,6,false,4.83199415631848,-2.0147813660724103,8.0,0
11,6,Audrina Patridge_S11,0.06720696452794561,true,10.6666,3,Audrina Patridge,Tony Dovolani,25,TV Personality,TV,7,false,-11.16800584368152,-2.6999635187148496,10.6666,0
11,6,Brandy_S11,0.14618277440910513,false,11.999966666666666,3,Brandy,Maksim Chmerkoskiy,31,Singer/Rapper,Singer,4,false,-5.16800584368152,-1.9228907199792975,11.999966666666666,0
11,6,Bristol Palin_S11,0.1547101570700704,false,9.333266666666667,3,Bristol Palin,Mark Ballas,19,TV Personality,TV,3,false,-17.16800584368152,-1.866195403318036,9.333266666666667,0
11,6,Jennifer Grey_S11,0.1546095276073999,false,9.666666666666666,3,Jennifer Grey,Derek Hough,50,Actor/Actress,Actor,1,false,13.83199415631848,-1.8668460493684444,9.666666666666666,0
11,6,Kurt Warner_S11,0.16955954146859445,false,7.3333,3,Kurt Warner,Anna Trebunskaya,39,Athlete,Athlete,5,false,2.83199415631848,-1.7745452391282155,7.3333,0
11,6,Kyle Massey_S11,0.1541307088572055,false,9.999966666666666,3,Kyle Massey,Lacey Schwimmer,19,Actor/Actress,Actor,2,false,-17.16800584368152,-1.8699477897688637,9.999966666666666,0
11,6,Rick Fox_S11,0.1536003260596784,false,10.0,3,Rick Fox,Cheryl Burke,41,Athlete,Athlete,6,false,4.83199415631848,-1.8733948251047998,10.0,0
11,7,Brandy_S11,0.1722441677212551,false,9.125,4,Brandy,Maksim Chmerkoskiy,31,Singer/Rapper,Singer,4,false,-5.16800584368152,-1.7588364233497813,9.125,0
11,7,Bristol Palin_S11,0.18075822618961535,false,8.125,4,Bristol Palin,Mark Ballas,19,TV Personality,TV,3,false,-17.16800584368152,-1.7105893753200105,8.125,0
11,7,Jennifer Grey_S11,0.17250064686899588,false,9.125,4,Jennifer Grey,Derek Hough,50,Actor/Actress,Actor,1,false,13.83199415631848,-1.7573484954896528,9.125,0
11,7,Kurt Warner_S11,0.18121113881059175,false,8.75,4,Kurt Warner,Anna Trebunskaya,39,Athlete,Athlete,5,false,2.83199415631848,-1.7080868963886389,8.75,0
11,7,Kyle Massey_S11,0.17938038064855286,false,8.375,4,Kyle Massey,Lacey Schwimmer,19,Actor/Actress,Actor,2,false,-17.16800584368152,-1.7182411215410278,8.375,0
11,7,Rick Fox_S11,0.11390543976098996,true,8.625,4,Rick Fox,Cheryl Burke,41,Athlete,Athlete,6,false,4.83199415631848,-2.1723778714003887,8.625,0
11,8,Brandy_S11,0.20876983815019345,false,9.5,3,Brandy,Maksim Chmerkoskiy,31,Singer/Rapper,Singer,4,false,-5.16800584368152,-1.566518096759223,9.5,0
11,8,Bristol Palin_S11,0.22005074562883029,false,7.833333333333333,3,Bristol Palin,Mark Ballas,19,TV Personality,TV,3,false,-17.16800584368152,-1.5138925528829261,7.833333333333333,0
11,8,Jennifer Grey_S11,0.2100909919369258,false,9.5,3,Jennifer Grey,Derek Hough,50,Actor/Actress,Actor,1,false,13.83199415631848,-1.5602097873410523,9.5,0
11,8,Kurt Warner_S11,0.1525123141985626,true,8.0,3,Kurt Warner,Anna Trebunskaya,39,Athlete,Athlete,5,false,2.83199415631848,-1.8805033805255544,8.0,0
11,8,Kyle Massey_S11,0.20857611008548796,false,9.333333333333334,3,Kyle Massey,Lacey Schwimmer,19,Actor/Actress,Actor,2,false,-17.16800584368152,-1.5674464735701727,9.333333333333334,0
11,9,Brandy_S11,0.1827637627174753,true,9.5,3,Brandy,Maksim Chmerkoskiy,31,Singer/Rapper,Singer,4,false,-5.16800584368152,-1.6995554026710766,9.5,0
11,9,Bristol Palin_S11,0.28112082244054093,false,8.833333333333334,3,Bristol Palin,Mark Ballas,19,TV Personality,TV,3,false,-17.16800584368152,-1.2689671717792859,8.833333333333334,0
11,9,Jennifer Grey_S11,0.2677785182283631,false,10.0,3,Jennifer Grey,Derek Hough,50,Actor/Actress,Actor,1,false,13.83199415631848,-1.3175913302467832,10.0,0
11,9,Kyle Massey_S11,0.26833689661362015,false,9.666666666666666,3,Kyle Massey,Lacey Schwimmer,19,Actor/Actress,Actor,2,false,-17.16800584368152,-1.3155082843627928,9.666666666666666,0
11,10,Bristol Palin_S11,0.27354744581739626,false,8.555533333333333,3,Bristol Palin,Mark Ballas,19,TV Personality,TV,3,false,-17.16800584368152,-1.2962765400187062,8.555533333333333,0
11,10,Jennifer Grey_S11,0.3898969294407686,false,10.0,3,Jennifer Grey,Derek Hough,50,Actor/Actress,Actor,1,false,13.83199415631848,-0.9418702934955842,10.0,0
11,10,Kyle Massey_S11,0.33655562474183454,false,9.111066666666666,3,Kyle Massey,Lacey Schwimmer,19,Actor/Actress,Actor,2,false,-17.16800584368152,-1.0889888684468716,9.111066666666666,0
12,1,Chelsea Kane_S12,0.09147285350635467,false,7.0,3,Chelsea Kane,Mark Ballas,22,Actor/Actress,Actor,3,false,-14.16800584368152,-2.391702101565034,7.0,0
12,1,Chris Jericho_S12,0.09604912604169522,false,6.333333333333333,3,Chris Jericho,Cheryl Burke,40,Athlete,Athlete,7,false,3.83199415631848,-2.3428850775175714,6.333333333333333,0
12,1,Hines Ward_S12,0.09641888981456882,false,7.0,3,Hines Ward,Kym Johnson,35,Athlete,Athlete,1,false,-1.1680058436815202,-2.3390427727706236,7.0,0
12,1,Kendra Wilkinson_S12,0.09191836654095528,false,6.0,3,Kendra Wilkinson,Louis van Amstel,25,TV Personality,TV,6,false,-11.16800584368152,-2.3868435368823184,6.0,0
12,1,Kirstie Alley_S12,0.09352072019326246,false,7.666666666666667,3,Kirstie Alley,Maksim Chmerkoskiy,60,Actor/Actress,Actor,2,false,23.83199415631848,-2.3695615681330997,7.666666666666667,0
12,1,Mike Catherwood_S12,0.08054497878648517,false,4.333333333333333,3,Mike Catherwood,Lacey Schwimmer,32,Radio Personality,TV,11,false,-4.16800584368152,-2.518927092560787,4.333333333333333,0
12,1,Petra Nemcova_S12,0.07818971428814615,false,6.0,3,Petra Nemcova,Dmitry Chaplin,31,Model,Model,8,false,-5.16800584368152,-2.5486043815997297,6.0,0
12,1,Ralph Macchio_S12,0.09412465985758305,false,8.0,3,Ralph Macchio,Karina Smirnoff,49,Actor/Actress,Actor,4,false,12.83199415631848,-2.363124582447523,8.0,0
12,1,Romeo_S12,0.09165782048557883,false,6.333333333333333,3,Romeo,Chelsie Hightower,21,Singer/Rapper,Singer,5,false,-15.16800584368152,-2.3896820683498876,6.333333333333333,0
12,1,Sugar Ray Leonard_S12,0.09180781717481912,false,5.666666666666667,3,Sugar Ray Leonard,Anna Trebunskaya,54,Athlete,Athlete,9,false,17.83199415631848,-2.3880469383119913,5.666666666666667,0
12,1,Wendy Williams_S12,0.09429505331055102,false,4.666666666666667,3,Wendy Williams,Tony Dovolani,46,TV Personality,TV,10,false,9.83199415631848,-2.3613159427047683,4.666666666666667,0
12,2,Chelsea Kane_S12,0.09859423919062214,false,6.0,3,Chelsea Kane,Mark Ballas,22,Actor/Actress,Actor,3,false,-14.16800584368152,-2.31673230261003,6.0,0
12,2,Chris Jericho_S12,0.09783131725491978,false,7.666666666666667,3,Chris Jericho,Cheryl Burke,40,Athlete,Athlete,7,false,3.83199415631848,-2.324500314246048,7.666666666666667,0
12,2,Hines Ward_S12,0.09560453480724625,false,7.666666666666667,3,Hines Ward,Kym Johnson,35,Athlete,Athlete,1,false,-1.1680058436815202,-2.3475245651273724,7.666666666666667,0
12,2,Kendra Wilkinson_S12,0.09516161375119726,false,6.333333333333333,3,Kendra Wilkinson,Louis van Amstel,25,TV Personality,TV,6,false,-11.16800584368152,-2.352168127014151,6.333333333333333,0
12,2,Kirstie Alley_S12,0.09418475288162949,false,6.666666666666667,3,Kirstie Alley,Maksim Chmerkoskiy,60,Actor/Actress,Actor,2,false,23.83199415631848,-2.3624863521330437,6.666666666666667,0
12,2,Mike Catherwood_S12,0.05077300430307527,true,5.666666666666667,3,Mike Catherwood,Lacey Schwimmer,32,Radio Personality,TV,11,false,-4.16800584368152,-2.9803707816917133,5.666666666666667,0
12,2,Petra Nemcova_S12,0.08530972343656187,false,6.0,3,Petra Nemcova,Dmitry Chaplin,31,Model,Model,8,false,-5.16800584368152,-2.461455118006505,6.0,0
12,2,Ralph Macchio_S12,0.09339447340436345,false,7.0,3,Ralph Macchio,Karina Smirnoff,49,Actor/Actress,Actor,4,false,12.83199415631848,-2.370912399543164,7.0,0
12,2,Romeo_S12,0.09206488532416048,false,7.666666666666667,3,Romeo,Chelsie Hightower,21,Singer/Rapper,Singer,5,false,-15.16800584368152,-2.3852508134146104,7.666666666666667,0
12,2,Sugar Ray Leonard_S12,0.09805787561995667,false,5.666666666666667,3,Sugar Ray Leonard,Anna Trebunskaya,54,Athlete,Athlete,9,false,17.83199415631848,-2.3221872090703854,5.666666666666667,0
12,2,Wendy Williams_S12,0.09902358002626721,false,5.666666666666667,3,Wendy Williams,Tony Dovolani,46,TV Personality,TV,10,false,9.83199415631848,-2.3123871765710855,5.666666666666667,0
12,3,Chelsea Kane_S12,0.10279602299586024,false,7.666666666666667,3,Chelsea Kane,Mark Ballas,22,Actor/Actress,Actor,3,false,-14.16800584368152,-2.2749988855646364,7.666666666666667,0
12,3,Chris Jericho_S12,0.10659071281463155,false,7.0,3,Chris Jericho,Cheryl Burke,40,Athlete,Athlete,7,false,3.83199415631848,-2.238749511223301,7.0,0
12,3,Hines Ward_S12,0.1068485626895452,false,8.333333333333334,3,Hines Ward,Kym Johnson,35,Athlete,Athlete,1,false,-1.1680058436815202,-2.2363333899764535,8.333333333333334,0
12,3,Kendra Wilkinson_S12,0.10081175832069339,false,7.666666666666667,3,Kendra Wilkinson,Louis van Amstel,25,TV Personality,TV,6,false,-11.16800584368152,-2.294490360712457,7.666666666666667,0
12,3,Kirstie Alley_S12,0.10309247481611372,false,7.0,3,Kirstie Alley,Maksim Chmerkoskiy,60,Actor/Actress,Actor,2,false,23.83199415631848,-2.272119179815517,7.0,0
12,3,Petra Nemcova_S12,0.08981488171590687,false,8.333333333333334,3,Petra Nemcova,Dmitry Chaplin,31,Model,Model,8,false,-5.16800584368152,-2.4099934627866793,8.333333333333334,0
12,3,Ralph Macchio_S12,0.10345347698946097,false,7.0,3,Ralph Macchio,Karina Smirnoff,49,Actor/Actress,Actor,4,false,12.83199415631848,-2.268623598883492,7.0,0
12,3,Romeo_S12,0.10322885388665462,false,6.666666666666667,3,Romeo,Chelsie Hightower,21,Singer/Rapper,Singer,5,false,-15.16800584368152,-2.270797185921172,6.666666666666667,0
12,3,Sugar Ray Leonard_S12,0.10627254702831986,false,6.666666666666667,3,Sugar Ray Leonard,Anna Trebunskaya,54,Athlete,Athlete,9,false,17.83199415631848,-2.2417388766414246,6.666666666666667,0
12,3,Wendy Williams_S12,0.0770907087428136,true,5.0,3,Wendy Williams,Tony Dovolani,46,TV Personality,TV,10,false,9.83199415631848,-2.5627595431993013,5.0,0
12,4,Chelsea Kane_S12,0.11345814235384508,false,8.666666666666666,3,Chelsea Kane,Mark Ballas,22,Actor/Actress,Actor,3,false,-14.16800584368152,-2.1763124861300445,8.666666666666666,0
12,4,Chris Jericho_S12,0.11934129481155245,false,7.666666666666667,3,Chris Jericho,Cheryl Burke,40,Athlete,Athlete,7,false,3.83199415631848,-2.12575948788293,7.666666666666667,0
12,4,Hines Ward_S12,0.11584641428356753,false,8.333333333333334,3,Hines Ward,Kym Johnson,35,Athlete,Athlete,1,false,-1.1680058436815202,-2.1554813478731853,8.333333333333334,0
12,4,Kendra Wilkinson_S12,0.12497682078066838,false,6.0,3,Kendra Wilkinson,Louis van Amstel,25,TV Personality,TV,6,false,-11.16800584368152,-2.07961899117772,6.0,0
12,4,Kirstie Alley_S12,0.11875509391210866,false,7.333333333333333,3,Kirstie Alley,Maksim Chmerkoskiy,60,Actor/Actress,Actor,2,false,23.83199415631848,-2.1306835202294674,7.333333333333333,0
12,4,Petra Nemcova_S12,0.10436541843485975,false,7.666666666666667,3,Petra Nemcova,Dmitry Chaplin,31,Model,Model,8,false,-5.16800584368152,-2.259847317779421,7.666666666666667,0
12,4,Ralph Macchio_S12,0.11549446550907036,false,8.333333333333334,3,Ralph Macchio,Karina Smirnoff,49,Actor/Actress,Actor,4,false,12.83199415631848,-2.158524009452698,8.333333333333334,0
12,4,Romeo_S12,0.11279983856994272,false,7.666666666666667,3,Romeo,Chelsie Hightower,21,Singer/Rapper,Singer,5,false,-15.16800584368152,-2.182131505815114,7.666666666666667,0
12,4,Sugar Ray Leonard_S12,0.07496251134438511,true,7.0,3,Sugar Ray Leonard,Anna Trebunskaya,54,Athlete,Athlete,9,false,17.83199415631848,-2.590753799241046,7.0,0
12,5,Chelsea Kane_S12,0.1296865277760047,false,8.666666666666666,3,Chelsea Kane,Mark Ballas,22,Actor/Actress,Actor,3,false,-14.16800584368152,-2.0426273543807207,8.666666666666666,0
12,5,Chris Jericho_S12,0.13205205787898272,false,8.666666666666666,3,Chris Jericho,Cheryl Burke,40,Athlete,Athlete,7,false,3.83199415631848,-2.0245514835288283,8.666666666666666,0
12,5,Hines Ward_S12,0.12880102363370144,false,9.0,3,Hines Ward,Kym Johnson,35,Athlete,Athlete,1,false,-1.1680058436815202,-2.049478753993526,9.0,0
12,5,Kendra Wilkinson_S12,0.13262144813201548,false,7.333333333333333,3,Kendra Wilkinson,Louis van Amstel,25,TV Personality,TV,6,false,-11.16800584368152,-2.020248923462017,7.333333333333333,0
12,5,Kirstie Alley_S12,0.1330026236402936,false,7.666666666666667,3,Kirstie Alley,Maksim Chmerkoskiy,60,Actor/Actress,Actor,2,false,23.83199415631848,-2.0173789057157916,7.666666666666667,0
12,5,Petra Nemcova_S12,0.08091902977940288,true,7.333333333333333,3,Petra Nemcova,Dmitry Chaplin,31,Model,Model,8,false,-5.16800584368152,-2.5142938986722436,7.333333333333333,0
12,5,Ralph Macchio_S12,0.1353428359700278,false,7.333333333333333,3,Ralph Macchio,Karina Smirnoff,49,Actor/Actress,Actor,4,false,12.83199415631848,-1.9999368053698192,7.333333333333333,0
12,5,Romeo_S12,0.12757445318957158,false,8.666666666666666,3,Romeo,Chelsie Hightower,21,Singer/Rapper,Singer,5,false,-15.16800584368152,-2.0590472997000098,8.666666666666666,0
12,6,Chelsea Kane_S12,0.14248803629965912,false,9.333333333333334,3,Chelsea Kane,Mark Ballas,22,Actor/Actress,Actor,3,false,-14.16800584368152,-1.9484902204813368,9.333333333333334,0
12,6,Chris Jericho_S12,0.10917252469471332,true,7.333333333333333,3,Chris Jericho,Cheryl Burke,40,Athlete,Athlete,7,false,3.83199415631848,-2.214816692917174,7.333333333333333,0
12,6,Hines Ward_S12,0.1499418704407085,false,9.0,3,Hines Ward,Kym Johnson,35,Athlete,Athlete,1,false,-1.1680058436815202,-1.8975009211615022,9.0,0
12,6,Kendra Wilkinson_S12,0.1496443956581852,false,8.333333333333334,3,Kendra Wilkinson,Louis van Amstel,25,TV Personality,TV,6,false,-11.16800584368152,-1.8994868125594604,8.333333333333334,0
12,6,Kirstie Alley_S12,0.15049038752372465,false,8.666666666666666,3,Kirstie Alley,Maksim Chmerkoskiy,60,Actor/Actress,Actor,2,false,23.83199415631848,-1.893849422186645,8.666666666666666,0
12,6,Ralph Macchio_S12,0.15356151481049216,false,8.0,3,Ralph Macchio,Karina Smirnoff,49,Actor/Actress,Actor,4,false,12.83199415631848,-1.8736475322547224,8.0,0
12,6,Romeo_S12,0.14470127057251606,false,9.333333333333334,3,Romeo,Chelsie Hightower,21,Singer/Rapper,Singer,5,false,-15.16800584368152,-1.9330769538816595,9.333333333333334,0
12,7,Chelsea Kane_S12,0.17674825903539554,false,8.0,4,Chelsea Kane,Mark Ballas,22,Actor/Actress,Actor,3,false,-14.16800584368152,-1.7330231663760778,8.0,0
12,7,Hines Ward_S12,0.17402853689711464,false,8.25,4,Hines Ward,Kym Johnson,35,Athlete,Athlete,1,false,-1.1680058436815202,-1.7485302418916282,8.25,0
12,7,Kendra Wilkinson_S12,0.11599119661834,true,7.625,4,Kendra Wilkinson,Louis van Amstel,25,TV Personality,TV,6,false,-11.16800584368152,-2.154232360670088,7.625,0
12,7,Kirstie Alley_S12,0.17956003060138867,false,7.5,4,Kirstie Alley,Maksim Chmerkoskiy,60,Actor/Actress,Actor,2,false,23.83199415631848,-1.7172401254914895,7.5,0
12,7,Ralph Macchio_S12,0.17805638606604737,false,8.25,4,Ralph Macchio,Karina Smirnoff,49,Actor/Actress,Actor,4,false,12.83199415631848,-1.7256493870182315,8.25,0
12,7,Romeo_S12,0.17561559078171313,false,7.5,4,Romeo,Chelsie Hightower,21,Singer/Rapper,Singer,5,false,-15.16800584368152,-1.7394521217104515,7.5,0
12,8,Chelsea Kane_S12,0.2073376289181881,false,9.166666666666666,3,Chelsea Kane,Mark Ballas,22,Actor/Actress,Actor,3,false,-14.16800584368152,-1.5734019338311915,9.166666666666666,0
12,8,Hines Ward_S12,0.21926936290287513,false,9.0,3,Hines Ward,Kym Johnson,35,Athlete,Athlete,1,false,-1.1680058436815202,-1.5174497767728155,9.0,0
12,8,Kirstie Alley_S12,0.20975062920243792,false,8.833333333333334,3,Kirstie Alley,Maksim Chmerkoskiy,60,Actor/Actress,Actor,2,false,23.83199415631848,-1.5618311663112903,8.833333333333334,0
12,8,Ralph Macchio_S12,0.2254243493349419,false,7.666666666666667,3,Ralph Macchio,Karina Smirnoff,49,Actor/Actress,Actor,4,false,12.83199415631848,-1.489766219924785,7.666666666666667,0
12,8,Romeo_S12,0.1382180296415572,true,8.666666666666666,3,Romeo,Chelsie Hightower,21,Singer/Rapper,Singer,5,false,-15.16800584368152,-1.9789156807345232,8.666666666666666,0
12,9,Chelsea Kane_S12,0.25658032049700397,false,12.166666666666666,3,Chelsea Kane,Mark Ballas,22,Actor/Actress,Actor,3,false,-14.16800584368152,-1.3603096256428746,12.166666666666666,0
12,9,Hines Ward_S12,0.2686579496762307,false,10.0,3,Hines Ward,Kym Johnson,35,Athlete,Athlete,1,false,-1.1680058436815202,-1.314312548845604,10.0,0
12,9,Kirstie Alley_S12,0.26920882696258797,false,9.0,3,Kirstie Alley,Maksim Chmerkoskiy,60,Actor/Actress,Actor,2,false,23.83199415631848,-1.3122641775591535,9.0,0
12,9,Ralph Macchio_S12,0.20555290286417696,true,8.0,3,Ralph Macchio,Karina Smirnoff,49,Actor/Actress,Actor,4,false,12.83199415631848,-1.582046978398528,8.0,0
12,10,Chelsea Kane_S12,0.2550109951208495,false,9.888866666666667,3,Chelsea Kane,Mark Ballas,22,Actor/Actress,Actor,3,false,-14.16800584368152,-1.3664446952404365,9.888866666666667,0
12,10,Hines Ward_S12,0.40241766108637883,false,9.888866666666667,3,Hines Ward,Kym Johnson,35,Athlete,Athlete,1,false,-1.1680058436815202,-0.9102622868027378,9.888866666666667,0
12,10,Kirstie Alley_S12,0.34257134379277193,false,9.3333,3,Kirstie Alley,Maksim Chmerkoskiy,60,Actor/Actress,Actor,2,false,23.83199415631848,-1.0712724208316233,9.3333,0
13,1,Carson Kressley_S13,0.08687687447558677,false,5.666666666666667,3,Carson Kressley,Anna Trebunskaya,41,TV Personality,TV,8,false,4.83199415631848,-2.443251888155791,5.666666666666667,0
13,1,Chaz Bono_S13,0.08396145459487295,false,5.666666666666667,3,Chaz Bono,Lacey Schwimmer,42,TV Personality,TV,7,false,5.83199415631848,-2.477385549167946,5.666666666666667,0
13,1,Chynna Phillips_S13,0.0829707465043482,false,7.333333333333333,3,Chynna Phillips,Tony Dovolani,43,Singer/Rapper,Singer,9,false,6.83199415631848,-2.489255132698053,7.333333333333333,0
13,1,David Arquette_S13,0.08579855572470514,false,6.0,3,David Arquette,Kym Johnson,40,Actor/Actress,Actor,6,false,3.83199415631848,-2.455741450535366,6.0,0
13,1,Elisabetta Canalis_S13,0.08934339078605946,false,5.0,3,Elisabetta Canalis,Valentin Chmerkovskiy,33,Actor/Actress,Actor,11,false,-3.16800584368152,-2.415256817343298,5.0,0
13,1,Hope Solo_S13,0.08569086035840467,false,7.0,3,Hope Solo,Maksim Chmerkoskiy,30,Athlete,Athlete,4,false,-6.16800584368152,-2.4569974362041265,7.0,0
13,1,J.R. Martinez_S13,0.0840159084697888,false,7.333333333333333,3,J.R. Martinez,Karina Smirnoff,28,Actor/Actress,Actor,1,false,-8.16800584368152,-2.4767372090881907,7.333333333333333,0
13,1,Kristin Cavallari_S13,0.0838856637044936,false,6.333333333333333,3,Kristin Cavallari,Mark Ballas,24,TV Personality,TV,10,false,-12.16800584368152,-2.478288632798033,6.333333333333333,0
13,1,Metta World Peace (Ron)_S13,0.06024141713391191,true,4.666666666666667,3,Metta World Peace (Ron),Peta Murgatroyd,31,Athlete,Athlete,12,false,-5.16800584368152,-2.8093785712305492,4.666666666666667,0
13,1,Nancy Grace_S13,0.08766543009725596,false,5.333333333333333,3,Nancy Grace,Tristan MacManus,51,TV Personality,TV,5,false,14.83199415631848,-2.4342162339865117,5.333333333333333,0
13,1,Ricki Lake_S13,0.08256980079118571,false,6.666666666666667,3,Ricki Lake,Derek Hough,42,Actor/Actress,Actor,3,false,5.83199415631848,-2.4940991622688884,6.666666666666667,0
13,1,Rob Kardashian_S13,0.08697989735938702,false,5.333333333333333,3,Rob Kardashian,Cheryl Burke,24,TV Personality,TV,2,false,-12.16800584368152,-2.442066755018461,5.333333333333333,0
13,2,Carson Kressley_S13,0.0989089718189892,false,6.0,3,Carson Kressley,Anna Trebunskaya,41,TV Personality,TV,8,false,4.83199415631848,-2.313545218146117,6.0,0
13,2,Chaz Bono_S13,0.0995269620230153,false,5.666666666666667,3,Chaz Bono,Lacey Schwimmer,42,TV Personality,TV,7,false,5.83199415631848,-2.3073166489408816,5.666666666666667,0
13,2,Chynna Phillips_S13,0.0934076202280957,false,7.0,3,Chynna Phillips,Tony Dovolani,43,Singer/Rapper,Singer,9,false,6.83199415631848,-2.3707716443434435,7.0,0
13,2,David Arquette_S13,0.09777366343199509,false,6.0,3,David Arquette,Kym Johnson,40,Actor/Actress,Actor,6,false,3.83199415631848,-2.3250898006170533,6.0,0
13,2,Elisabetta Canalis_S13,0.0499786277361693,true,7.0,3,Elisabetta Canalis,Valentin Chmerkovskiy,33,Actor/Actress,Actor,11,false,-3.16800584368152,-2.9961398018589853,7.0,0
13,2,Hope Solo_S13,0.09600817161108277,false,6.333333333333333,3,Hope Solo,Maksim Chmerkoskiy,30,Athlete,Athlete,4,false,-6.16800584368152,-2.3433115544622827,6.333333333333333,0
13,2,J.R. Martinez_S13,0.09316758041279202,false,7.333333333333333,3,J.R. Martinez,Karina Smirnoff,28,Actor/Actress,Actor,1,false,-8.16800584368152,-2.373344734162745,7.333333333333333,0
13,2,Kristin Cavallari_S13,0.09232958908949969,false,7.333333333333333,3,Kristin Cavallari,Mark Ballas,24,TV Personality,TV,10,false,-12.16800584368152,-2.3823797829569373,7.333333333333333,0
13,2,Nancy Grace_S13,0.09119681265078006,false,7.0,3,Nancy Grace,Tristan MacManus,51,TV Personality,TV,5,false,14.83199415631848,-2.3947243662817983,7.0,0
13,2,Ricki Lake_S13,0.09542234148784753,false,7.666666666666667,3,Ricki Lake,Derek Hough,42,Actor/Actress,Actor,3,false,5.83199415631848,-2.3494320607707055,7.666666666666667,0
13,2,Rob Kardashian_S13,0.09227965950973398,false,7.0,3,Rob Kardashian,Cheryl Burke,24,TV Personality,TV,2,false,-12.16800584368152,-2.382920698869288,7.0,0
13,3,Carson Kressley_S13,0.10517791963598018,false,7.666666666666667,3,Carson Kressley,Anna Trebunskaya,41,TV Personality,TV,8,false,4.83199415631848,-2.2520923824464227,7.666666666666667,0
13,3,Chaz Bono_S13,0.11053307071449779,false,6.0,3,Chaz Bono,Lacey Schwimmer,42,TV Personality,TV,7,false,5.83199415631848,-2.202431473291053,6.0,0
13,3,Chynna Phillips_S13,0.10228005177475616,false,8.666666666666666,3,Chynna Phillips,Tony Dovolani,43,Singer/Rapper,Singer,9,false,6.83199415631848,-2.280030845323442,8.666666666666666,0
13,3,David Arquette_S13,0.10521896846685934,false,8.0,3,David Arquette,Kym Johnson,40,Actor/Actress,Actor,6,false,3.83199415631848,-2.251702182367229,8.0,0
13,3,Hope Solo_S13,0.10469765901351052,false,8.0,3,Hope Solo,Maksim Chmerkoskiy,30,Athlete,Athlete,4,false,-6.16800584368152,-2.25666896908155,8.0,0
13,3,J.R. Martinez_S13,0.10402147933382229,false,8.666666666666666,3,J.R. Martinez,Karina Smirnoff,28,Actor/Actress,Actor,1,false,-8.16800584368152,-2.263148255756658,8.666666666666666,0
13,3,Kristin Cavallari_S13,0.05533529195302777,true,8.0,3,Kristin Cavallari,Mark Ballas,24,TV Personality,TV,10,false,-12.16800584368152,-2.894326311692499,8.0,0
13,3,Nancy Grace_S13,0.10477394226106362,false,7.0,3,Nancy Grace,Tristan MacManus,51,TV Personality,TV,5,false,14.83199415631848,-2.255940636246662,7.0,0
13,3,Ricki Lake_S13,0.10343183248016492,false,9.0,3,Ricki Lake,Derek Hough,42,Actor/Actress,Actor,3,false,5.83199415631848,-2.2688328384877043,9.0,0
13,3,Rob Kardashian_S13,0.10452978436631809,false,8.0,3,Rob Kardashian,Cheryl Burke,24,TV Personality,TV,2,false,-12.16800584368152,-2.258273663722078,8.0,0
13,4,Carson Kressley_S13,0.120663219165292,false,6.666666666666667,3,Carson Kressley,Anna Trebunskaya,41,TV Personality,TV,8,false,4.83199415631848,-2.114743639190745,6.666666666666667,0
13,4,Chaz Bono_S13,0.1188974433530541,false,7.0,3,Chaz Bono,Lacey Schwimmer,42,TV Personality,TV,7,false,5.83199415631848,-2.1294855674396134,7.0,0
13,4,Chynna Phillips_S13,0.07246106516596294,true,7.0,3,Chynna Phillips,Tony Dovolani,43,Singer/Rapper,Singer,9,false,6.83199415631848,-2.6246920931490165,7.0,0
13,4,David Arquette_S13,0.1169451247945851,false,7.666666666666667,3,David Arquette,Kym Johnson,40,Actor/Actress,Actor,6,false,3.83199415631848,-2.1460419220752485,7.666666666666667,0
13,4,Hope Solo_S13,0.11704632850183522,false,8.0,3,Hope Solo,Maksim Chmerkoskiy,30,Athlete,Athlete,4,false,-6.16800584368152,-2.145176908869667,8.0,0
13,4,J.R. Martinez_S13,0.11216919320344182,false,8.666666666666666,3,J.R. Martinez,Karina Smirnoff,28,Actor/Actress,Actor,1,false,-8.16800584368152,-2.18773797891014,8.666666666666666,0
13,4,Nancy Grace_S13,0.11579029829464152,false,7.0,3,Nancy Grace,Tristan MacManus,51,TV Personality,TV,5,false,14.83199415631848,-2.1559658609271497,7.0,0
13,4,Ricki Lake_S13,0.11155785846234238,false,9.666666666666666,3,Ricki Lake,Derek Hough,42,Actor/Actress,Actor,3,false,5.83199415631848,-2.1932029487748212,9.666666666666666,0
13,4,Rob Kardashian_S13,0.1144694690588449,false,8.0,3,Rob Kardashian,Cheryl Burke,24,TV Personality,TV,2,false,-12.16800584368152,-2.1674384014027273,8.0,0
13,5,Carson Kressley_S13,0.09446897281574006,true,6.333333333333333,3,Carson Kressley,Anna Trebunskaya,41,TV Personality,TV,8,false,4.83199415631848,-2.359473242956613,6.333333333333333,0
13,5,Chaz Bono_S13,0.12994016389198984,false,7.0,3,Chaz Bono,Lacey Schwimmer,42,TV Personality,TV,7,false,5.83199415631848,-2.0406735164204917,7.0,0
13,5,David Arquette_S13,0.12930705283965963,false,8.333333333333334,3,David Arquette,Kym Johnson,40,Actor/Actress,Actor,6,false,3.83199415631848,-2.045557714867871,8.333333333333334,0
13,5,Hope Solo_S13,0.13322491441416182,false,8.0,3,Hope Solo,Maksim Chmerkoskiy,30,Athlete,Athlete,4,false,-6.16800584368152,-2.01570898713989,8.0,0
13,5,J.R. Martinez_S13,0.12393436788892749,false,9.333333333333334,3,J.R. Martinez,Karina Smirnoff,28,Actor/Actress,Actor,1,false,-8.16800584368152,-2.0879950759651558,9.333333333333334,0
13,5,Nancy Grace_S13,0.131591771808738,false,7.333333333333333,3,Nancy Grace,Tristan MacManus,51,TV Personality,TV,5,false,14.83199415631848,-2.028043187064896,7.333333333333333,0
13,5,Ricki Lake_S13,0.13137911055355764,false,8.0,3,Ricki Lake,Derek Hough,42,Actor/Actress,Actor,3,false,5.83199415631848,-2.0296605500388094,8.0,0
13,5,Rob Kardashian_S13,0.12615364578722582,false,8.333333333333334,3,Rob Kardashian,Cheryl Burke,24,TV Personality,TV,2,false,-12.16800584368152,-2.0702467770882405,8.333333333333334,0
13,6,Chaz Bono_S13,0.10978582323331414,true,6.333333333333333,3,Chaz Bono,Lacey Schwimmer,42,TV Personality,TV,7,false,5.83199415631848,-2.209214764090688,6.333333333333333,0
13,6,David Arquette_S13,0.15119305789636298,false,7.666666666666667,3,David Arquette,Kym Johnson,40,Actor/Actress,Actor,6,false,3.83199415631848,-1.889191115636184,7.666666666666667,0
13,6,Hope Solo_S13,0.1542603564596592,false,6.666666666666667,3,Hope Solo,Maksim Chmerkoskiy,30,Athlete,Athlete,4,false,-6.16800584368152,-1.869106995181228,6.666666666666667,0
13,6,J.R. Martinez_S13,0.14299345413877307,false,9.666666666666666,3,J.R. Martinez,Karina Smirnoff,28,Actor/Actress,Actor,1,false,-8.16800584368152,-1.9449494317206226,9.666666666666666,0
13,6,Nancy Grace_S13,0.14591310159291473,false,8.0,3,Nancy Grace,Tristan MacManus,51,TV Personality,TV,5,false,14.83199415631848,-1.9247371756707934,8.0,0
13,6,Ricki Lake_S13,0.14634386294126608,false,9.666666666666666,3,Ricki Lake,Derek Hough,42,Actor/Actress,Actor,3,false,5.83199415631848,-1.9217893676474158,9.666666666666666,0
13,6,Rob Kardashian_S13,0.14951034373771008,false,7.333333333333333,3,Rob Kardashian,Cheryl Burke,24,TV Personality,TV,2,false,-12.16800584368152,-1.9003830111857594,7.333333333333333,0
13,7,David Arquette_S13,0.11618819351827682,true,7.833333333333333,3,David Arquette,Kym Johnson,40,Actor/Actress,Actor,6,false,3.83199415631848,-2.1525354378711268,7.833333333333333,0
13,7,Hope Solo_S13,0.17352914608769296,false,8.333333333333334,3,Hope Solo,Maksim Chmerkoskiy,30,Athlete,Athlete,4,false,-6.16800584368152,-1.7514039420216512,8.333333333333334,0
13,7,J.R. Martinez_S13,0.178452926202228,false,8.0,3,J.R. Martinez,Karina Smirnoff,28,Actor/Actress,Actor,1,false,-8.16800584368152,-1.7234248275943729,8.0,0
13,7,Nancy Grace_S13,0.1826628525191299,false,7.333333333333333,3,Nancy Grace,Tristan MacManus,51,TV Personality,TV,5,false,14.83199415631848,-1.7001076867380758,7.333333333333333,0
13,7,Ricki Lake_S13,0.1749012187903961,false,8.833333333333334,3,Ricki Lake,Derek Hough,42,Actor/Actress,Actor,3,false,5.83199415631848,-1.7435282109866121,8.833333333333334,0
13,7,Rob Kardashian_S13,0.17426566288227788,false,8.5,3,Rob Kardashian,Cheryl Burke,24,TV Personality,TV,2,false,-12.16800584368152,-1.7471686076162596,8.5,0
13,8,Hope Solo_S13,0.2119589692866038,false,8.666666666666666,3,Hope Solo,Maksim Chmerkoskiy,30,Athlete,Athlete,4,false,-6.16800584368152,-1.5513578462594366,8.666666666666666,0
13,8,J.R. Martinez_S13,0.2076734201862917,false,10.0,3,J.R. Martinez,Karina Smirnoff,28,Actor/Actress,Actor,1,false,-8.16800584368152,-1.5717837131891925,10.0,0
13,8,Nancy Grace_S13,0.15725427408435186,true,7.333333333333333,3,Nancy Grace,Tristan MacManus,51,TV Personality,TV,5,false,14.83199415631848,-1.849884844476889,7.333333333333333,0
13,8,Ricki Lake_S13,0.21217859780923473,false,8.666666666666666,3,Ricki Lake,Derek Hough,42,Actor/Actress,Actor,3,false,5.83199415631848,-1.5503222034696582,8.666666666666666,0
13,8,Rob Kardashian_S13,0.21093473863351797,false,8.5,3,Rob Kardashian,Cheryl Burke,24,TV Personality,TV,2,false,-12.16800584368152,-1.5562017481319919,8.5,0
13,9,Hope Solo_S13,0.2101565128006988,true,8.1666,3,Hope Solo,Maksim Chmerkoskiy,30,Athlete,Athlete,4,false,-6.16800584368152,-1.5598979684640981,8.1666,0
13,9,J.R. Martinez_S13,0.2707290643727996,false,9.333333333333334,3,J.R. Martinez,Karina Smirnoff,28,Actor/Actress,Actor,1,false,-8.16800584368152,-1.3066330269373354,9.333333333333334,0
13,9,Ricki Lake_S13,0.25926515068710126,false,11.166633333333332,3,Ricki Lake,Derek Hough,42,Actor/Actress,Actor,3,false,5.83199415631848,-1.349900136080614,11.166633333333332,0
13,9,Rob Kardashian_S13,0.2598492721394004,false,10.833266666666667,3,Rob Kardashian,Cheryl Burke,24,TV Personality,TV,2,false,-12.16800584368152,-1.347649690234025,10.833266666666667,0
13,10,J.R. Martinez_S13,0.4062421307983485,false,9.388833333333332,3,J.R. Martinez,Karina Smirnoff,28,Actor/Actress,Actor,1,false,-8.16800584368152,-0.9008034542852106,9.388833333333332,0
13,10,Ricki Lake_S13,0.2623775466765698,false,9.3333,3,Ricki Lake,Derek Hough,42,Actor/Actress,Actor,3,false,5.83199415631848,-1.3379669833469188,9.3333,0
13,10,Rob Kardashian_S13,0.33138032252507943,false,9.4444,3,Rob Kardashian,Cheryl Burke,24,TV Personality,TV,2,false,-12.16800584368152,-1.1044855348866727,9.4444,0
14,1,Donald Driver_S14,0.08414324410796935,false,7.0,3,Donald Driver,Peta Murgatroyd,37,Athlete,Athlete,1,false,0.8319941563184798,-2.4752227610653725,7.0,0
14,1,Gavin DeGraw_S14,0.07890103844567771,false,6.666666666666667,3,Gavin DeGraw,Karina Smirnoff,35,Singer/Rapper,Singer,9,false,-1.1680058436815202,-2.5395482156506417,6.666666666666667,0
14,1,Gladys Knight_S14,0.08281002564087803,false,7.666666666666667,3,Gladys Knight,Tristan MacManus,67,Singer/Rapper,Singer,8,false,30.83199415631848,-2.4911940665419317,7.666666666666667,0
14,1,Jack Wagner_S14,0.08577527325275704,false,7.666666666666667,3,Jack Wagner,Anna Trebunskaya,52,Actor/Actress,Actor,11,false,15.83199415631848,-2.456012846246869,7.666666666666667,0
14,1,Jaleel White_S14,0.08395425393615776,false,8.666666666666666,3,Jaleel White,Kym Johnson,35,Actor/Actress,Actor,7,false,-1.1680058436815202,-2.477471313305423,8.666666666666666,0
14,1,Katherine Jenkins_S14,0.08213482751756755,false,8.666666666666666,3,Katherine Jenkins,Mark Ballas,31,Singer/Rapper,Singer,2,false,-5.16800584368152,-2.4993809689491138,8.666666666666666,0
14,1,Maria Menounos_S14,0.08146585895214047,false,7.0,3,Maria Menounos,Derek Hough,33,TV Personality,TV,4,false,-3.16800584368152,-2.507558980059269,7.0,0
14,1,Martina Navratilova_S14,0.08538465793331593,false,6.666666666666667,3,Martina Navratilova,Tony Dovolani,55,Athlete,Athlete,12,false,18.83199415631848,-2.4605771321820096,6.666666666666667,0
14,1,Melissa Gilbert_S14,0.08359754313058736,false,6.666666666666667,3,Melissa Gilbert,Maksim Chmerkoskiy,47,Actor/Actress,Actor,5,false,10.83199415631848,-2.4817291857109427,6.666666666666667,0
14,1,Roshon Fegan_S14,0.08309850312762249,false,7.666666666666667,3,Roshon Fegan,Chelsie Hightower,20,Actor/Actress,Actor,6,false,-16.16800584368152,-2.487716556348929,7.666666666666667,0
14,1,Sherri Sheperd_S14,0.08423670590772754,false,7.666666666666667,3,Sherri Sheperd,Valentin Chmerkovskiy,44,Actor/Actress,Actor,10,false,7.83199415631848,-2.474112644341487,7.666666666666667,0
14,1,William Levy_S14,0.08449806804759845,false,8.0,3,William Levy,Cheryl Burke,31,Actor/Actress,Actor,3,false,-5.16800584368152,-2.4710147737023327,8.0,0
14,2,Donald Driver_S14,0.08394074213861542,false,8.0,3,Donald Driver,Peta Murgatroyd,37,Athlete,Athlete,1,false,0.8319941563184798,-2.4776322667219506,8.0,0
14,2,Gavin DeGraw_S14,0.087213961169785,false,7.0,3,Gavin DeGraw,Karina Smirnoff,35,Singer/Rapper,Singer,9,false,-1.1680058436815202,-2.439379389736182,7.0,0
14,2,Gladys Knight_S14,0.0860833705950798,false,6.333333333333333,3,Gladys Knight,Tristan MacManus,67,Singer/Rapper,Singer,8,false,30.83199415631848,-2.4524274102158743,6.333333333333333,0
14,2,Jack Wagner_S14,0.08379577758640927,false,7.0,3,Jack Wagner,Anna Trebunskaya,52,Actor/Actress,Actor,11,false,15.83199415631848,-2.47936072585626,7.0,0
14,2,Jaleel White_S14,0.08798839883049163,false,7.333333333333333,3,Jaleel White,Kym Johnson,35,Actor/Actress,Actor,7,false,-1.1680058436815202,-2.4305389395960852,7.333333333333333,0
14,2,Katherine Jenkins_S14,0.08158031674932202,false,8.666666666666666,3,Katherine Jenkins,Mark Ballas,31,Singer/Rapper,Singer,2,false,-5.16800584368152,-2.5061550046331074,8.666666666666666,0
14,2,Maria Menounos_S14,0.08416874429082559,false,8.333333333333334,3,Maria Menounos,Derek Hough,33,TV Personality,TV,4,false,-3.16800584368152,-2.4749197537717547,8.333333333333334,0
14,2,Martina Navratilova_S14,0.06149191618481045,true,5.666666666666667,3,Martina Navratilova,Tony Dovolani,55,Athlete,Athlete,12,false,18.83199415631848,-2.7888332947906718,5.666666666666667,0
14,2,Melissa Gilbert_S14,0.08817456830233182,false,6.666666666666667,3,Melissa Gilbert,Maksim Chmerkoskiy,47,Actor/Actress,Actor,5,false,10.83199415631848,-2.4284253577168355,6.666666666666667,0
14,2,Roshon Fegan_S14,0.08269485940686858,false,8.666666666666666,3,Roshon Fegan,Chelsie Hightower,20,Actor/Actress,Actor,6,false,-16.16800584368152,-2.492585745837494,8.666666666666666,0
14,2,Sherri Sheperd_S14,0.08791023358791543,false,7.666666666666667,3,Sherri Sheperd,Valentin Chmerkovskiy,44,Actor/Actress,Actor,10,false,7.83199415631848,-2.4314276828216954,7.666666666666667,0
14,2,William Levy_S14,0.08495711115754498,false,8.333333333333334,3,William Levy,Cheryl Burke,31,Actor/Actress,Actor,3,false,-5.16800584368152,-2.46559695387377,8.333333333333334,0
14,3,Donald Driver_S14,0.0964441787004418,false,8.666666666666666,3,Donald Driver,Peta Murgatroyd,37,Athlete,Athlete,1,false,0.8319941563184798,-2.338780528433558,8.666666666666666,0
14,3,Gavin DeGraw_S14,0.09380447523635643,false,8.0,3,Gavin DeGraw,Karina Smirnoff,35,Singer/Rapper,Singer,9,false,-1.1680058436815202,-2.3665320532837737,8.0,0
14,3,Gladys Knight_S14,0.09332386013661216,false,8.0,3,Gladys Knight,Tristan MacManus,67,Singer/Rapper,Singer,8,false,30.83199415631848,-2.3716687528527207,8.0,0
14,3,Jack Wagner_S14,0.056305197533177385,true,8.0,3,Jack Wagner,Anna Trebunskaya,52,Actor/Actress,Actor,11,false,15.83199415631848,-2.8769506693766598,8.0,0
14,3,Jaleel White_S14,0.09669459963874269,false,8.333333333333334,3,Jaleel White,Kym Johnson,35,Actor/Actress,Actor,7,false,-1.1680058436815202,-2.336187382845331,8.333333333333334,0
14,3,Katherine Jenkins_S14,0.08935292452701403,false,9.666666666666666,3,Katherine Jenkins,Mark Ballas,31,Singer/Rapper,Singer,2,false,-5.16800584368152,-2.415150115263349,9.666666666666666,0
14,3,Maria Menounos_S14,0.09260026306671199,false,9.0,3,Maria Menounos,Derek Hough,33,TV Personality,TV,4,false,-3.16800584368152,-2.3794524973937405,9.0,0
14,3,Melissa Gilbert_S14,0.09784531386642863,false,8.0,3,Melissa Gilbert,Maksim Chmerkoskiy,47,Actor/Actress,Actor,5,false,10.83199415631848,-2.324357257117607,8.0,0
14,3,Roshon Fegan_S14,0.09136591218086389,false,8.333333333333334,3,Roshon Fegan,Chelsie Hightower,20,Actor/Actress,Actor,6,false,-16.16800584368152,-2.3928718772141733,8.333333333333334,0
14,3,Sherri Sheperd_S14,0.09810332789518658,false,8.0,3,Sherri Sheperd,Valentin Chmerkovskiy,44,Actor/Actress,Actor,10,false,7.83199415631848,-2.321723796205701,8.0,0
14,3,William Levy_S14,0.0941599472184648,false,9.333333333333334,3,William Levy,Cheryl Burke,31,Actor/Actress,Actor,3,false,-5.16800584368152,-2.3627497564113766,9.333333333333334,0
14,4,Donald Driver_S14,0.09980230086302108,false,9.0,3,Donald Driver,Peta Murgatroyd,37,Athlete,Athlete,1,false,0.8319941563184798,-2.304554021431907,9.0,0
14,4,Gavin DeGraw_S14,0.10532860350532662,false,7.666666666666667,3,Gavin DeGraw,Karina Smirnoff,35,Singer/Rapper,Singer,9,false,-1.1680058436815202,-2.250660764449832,7.666666666666667,0
14,4,Gladys Knight_S14,0.10507153644703704,false,6.666666666666667,3,Gladys Knight,Tristan MacManus,67,Singer/Rapper,Singer,8,false,30.83199415631848,-2.25310434402808,6.666666666666667,0
14,4,Jaleel White_S14,0.10902697725779226,false,7.333333333333333,3,Jaleel White,Kym Johnson,35,Actor/Actress,Actor,7,false,-1.1680058436815202,-2.2161507575978017,7.333333333333333,0
14,4,Katherine Jenkins_S14,0.10102729159709292,false,8.0,3,Katherine Jenkins,Mark Ballas,31,Singer/Rapper,Singer,2,false,-5.16800584368152,-2.2923546865430073,8.0,0
14,4,Maria Menounos_S14,0.10018755092606772,false,8.666666666666666,3,Maria Menounos,Derek Hough,33,TV Personality,TV,4,false,-3.16800584368152,-2.3007013590746896,8.666666666666666,0
14,4,Melissa Gilbert_S14,0.10591286256721029,false,7.333333333333333,3,Melissa Gilbert,Maksim Chmerkoskiy,47,Actor/Actress,Actor,5,false,10.83199415631848,-2.245129132512948,7.333333333333333,0
14,4,Roshon Fegan_S14,0.09943582543907101,false,8.666666666666666,3,Roshon Fegan,Chelsie Hightower,20,Actor/Actress,Actor,6,false,-16.16800584368152,-2.308232756675126,8.666666666666666,0
14,4,Sherri Sheperd_S14,0.06850356519640613,true,7.0,3,Sherri Sheperd,Valentin Chmerkovskiy,44,Actor/Actress,Actor,10,false,7.83199415631848,-2.680854890731641,7.0,0
14,4,William Levy_S14,0.10570348620097517,false,7.333333333333333,3,William Levy,Cheryl Burke,31,Actor/Actress,Actor,3,false,-5.16800584368152,-2.2471079442348527,7.333333333333333,0
14,5,Donald Driver_S14,0.11667188223238861,false,9.0,3,Donald Driver,Peta Murgatroyd,37,Athlete,Athlete,1,false,0.8319941563184798,-2.1483811383083014,9.0,0
14,5,Gavin DeGraw_S14,0.07865306714259382,true,6.333333333333333,3,Gavin DeGraw,Karina Smirnoff,35,Singer/Rapper,Singer,9,false,-1.1680058436815202,-2.5426959388937744,6.333333333333333,0
14,5,Gladys Knight_S14,0.11343715891251806,false,7.333333333333333,3,Gladys Knight,Tristan MacManus,67,Singer/Rapper,Singer,8,false,30.83199415631848,-2.1764974459446362,7.333333333333333,0
14,5,Jaleel White_S14,0.11711399591340844,false,8.0,3,Jaleel White,Kym Johnson,35,Actor/Actress,Actor,7,false,-1.1680058436815202,-2.1445989558311003,8.0,0
14,5,Katherine Jenkins_S14,0.1100067654558972,false,9.666666666666666,3,Katherine Jenkins,Mark Ballas,31,Singer/Rapper,Singer,2,false,-5.16800584368152,-2.2072043206278233,9.666666666666666,0
14,5,Maria Menounos_S14,0.11686300014258119,false,9.0,3,Maria Menounos,Derek Hough,33,TV Personality,TV,4,false,-3.16800584368152,-2.1467444122296278,9.0,0
14,5,Melissa Gilbert_S14,0.11667716332015995,false,7.0,3,Melissa Gilbert,Maksim Chmerkoskiy,47,Actor/Actress,Actor,5,false,10.83199415631848,-2.1483358752775765,7.0,0
14,5,Roshon Fegan_S14,0.11355850355070404,false,8.666666666666666,3,Roshon Fegan,Chelsie Hightower,20,Actor/Actress,Actor,6,false,-16.16800584368152,-2.1754283190785038,8.666666666666666,0
14,5,William Levy_S14,0.11701846332974859,false,9.666666666666666,3,William Levy,Cheryl Burke,31,Actor/Actress,Actor,3,false,-5.16800584368152,-2.145415004773833,9.666666666666666,0
14,6,Donald Driver_S14,0.13088479467600586,false,11.3333,3,Donald Driver,Peta Murgatroyd,37,Athlete,Athlete,1,false,0.8319941563184798,-2.0334301323828132,11.3333,0
14,6,Gladys Knight_S14,0.09593677626179888,true,8.0,3,Gladys Knight,Tristan MacManus,67,Singer/Rapper,Singer,8,false,30.83199415631848,-2.3440554616029545,8.0,0
14,6,Jaleel White_S14,0.12376557175491743,false,12.333266666666667,3,Jaleel White,Kym Johnson,35,Actor/Actress,Actor,7,false,-1.1680058436815202,-2.0893579733278558,12.333266666666667,0
14,6,Katherine Jenkins_S14,0.1266179067925962,false,12.999966666666666,3,Katherine Jenkins,Mark Ballas,31,Singer/Rapper,Singer,2,false,-5.16800584368152,-2.0665734376690557,12.999966666666666,0
14,6,Maria Menounos_S14,0.13076007060073278,false,9.999966666666666,3,Maria Menounos,Derek Hough,33,TV Personality,TV,4,false,-3.16800584368152,-2.034383509634922,9.999966666666666,0
14,6,Melissa Gilbert_S14,0.13190370178473837,false,10.0,3,Melissa Gilbert,Maksim Chmerkoskiy,47,Actor/Actress,Actor,5,false,10.83199415631848,-2.0256755733078515,10.0,0
14,6,Roshon Fegan_S14,0.13463300745241757,false,9.333266666666667,3,Roshon Fegan,Chelsie Hightower,20,Actor/Actress,Actor,6,false,-16.16800584368152,-2.0051952380192564,9.333266666666667,0
14,6,William Levy_S14,0.1254981706767927,false,12.0,3,William Levy,Cheryl Burke,31,Actor/Actress,Actor,3,false,-5.16800584368152,-2.0754561285851785,12.0,0
14,7,Donald Driver_S14,0.14629327688923607,false,8.833333333333334,3,Donald Driver,Peta Murgatroyd,37,Athlete,Athlete,1,false,0.8319941563184798,-1.9221350907284989,8.833333333333334,0
14,7,Jaleel White_S14,0.09747795892512662,true,8.5,3,Jaleel White,Kym Johnson,35,Actor/Actress,Actor,7,false,-1.1680058436815202,-2.328118730163916,8.5,0
14,7,Katherine Jenkins_S14,0.1477706911499156,false,9.0,3,Katherine Jenkins,Mark Ballas,31,Singer/Rapper,Singer,2,false,-5.16800584368152,-1.912086823658132,9.0,0
14,7,Maria Menounos_S14,0.14550933278833883,false,9.5,3,Maria Menounos,Derek Hough,33,TV Personality,TV,4,false,-3.16800584368152,-1.9275081791646727,9.5,0
14,7,Melissa Gilbert_S14,0.15925050423243464,false,7.833333333333333,3,Melissa Gilbert,Maksim Chmerkoskiy,47,Actor/Actress,Actor,5,false,10.83199415631848,-1.837270538844901,7.833333333333333,0
14,7,Roshon Fegan_S14,0.1525482772128294,false,8.666666666666666,3,Roshon Fegan,Chelsie Hightower,20,Actor/Actress,Actor,6,false,-16.16800584368152,-1.8802676058652328,8.666666666666666,0
14,7,William Levy_S14,0.1511499588021196,false,8.833333333333334,3,William Levy,Cheryl Burke,31,Actor/Actress,Actor,3,false,-5.16800584368152,-1.8894762143952504,8.833333333333334,0
14,8,Donald Driver_S14,0.18853454746146595,false,9.166666666666666,3,Donald Driver,Peta Murgatroyd,37,Athlete,Athlete,1,false,0.8319941563184798,-1.6684687091757442,9.166666666666666,0
14,8,Katherine Jenkins_S14,0.18830002076137378,false,9.166666666666666,3,Katherine Jenkins,Mark Ballas,31,Singer/Rapper,Singer,2,false,-5.16800584368152,-1.6697134224023704,9.166666666666666,0
14,8,Maria Menounos_S14,0.18995463771560453,false,8.833333333333334,3,Maria Menounos,Derek Hough,33,TV Personality,TV,4,false,-3.16800584368152,-1.660964719791027,8.833333333333334,0
14,8,Melissa Gilbert_S14,0.12737379387172038,true,8.5,3,Melissa Gilbert,Maksim Chmerkoskiy,47,Actor/Actress,Actor,5,false,10.83199415631848,-2.0606214057194947,8.5,0
14,8,Roshon Fegan_S14,0.12153456862788714,true,9.333333333333334,3,Roshon Fegan,Chelsie Hightower,20,Actor/Actress,Actor,6,false,-16.16800584368152,-2.1075483131347204,9.333333333333334,0
14,8,William Levy_S14,0.18430243156194892,false,9.5,3,William Levy,Cheryl Burke,31,Actor/Actress,Actor,3,false,-5.16800584368152,-1.6911717950442735,9.5,0
14,9,Donald Driver_S14,0.2741423576708617,false,9.5,3,Donald Driver,Peta Murgatroyd,37,Athlete,Athlete,1,false,0.8319941563184798,-1.2941041062388003,9.5,0
14,9,Katherine Jenkins_S14,0.27446611056968634,false,9.333333333333334,3,Katherine Jenkins,Mark Ballas,31,Singer/Rapper,Singer,2,false,-5.16800584368152,-1.2929238409863126,9.333333333333334,0
14,9,Maria Menounos_S14,0.17701402999624236,true,9.833333333333334,3,Maria Menounos,Derek Hough,33,TV Personality,TV,4,false,-3.16800584368152,-1.7315206347803946,9.833333333333334,0
14,9,William Levy_S14,0.27437750176320824,false,9.666666666666666,3,William Levy,Cheryl Burke,31,Actor/Actress,Actor,3,false,-5.16800584368152,-1.2932467325436354,9.666666666666666,0
14,10,Donald Driver_S14,0.40631504999675416,false,9.888866666666667,3,Donald Driver,Peta Murgatroyd,37,Athlete,Athlete,1,false,0.8319941563184798,-0.9006239739462399,9.888866666666667,0
14,10,Katherine Jenkins_S14,0.329327805780219,false,10.0,3,Katherine Jenkins,Mark Ballas,31,Singer/Rapper,Singer,2,false,-5.16800584368152,-1.1106986176277927,10.0,0
14,10,William Levy_S14,0.2643571442230264,false,9.888866666666667,3,William Levy,Cheryl Burke,31,Actor/Actress,Actor,3,false,-5.16800584368152,-1.3304504882901864,9.888866666666667,0
15,1,Apolo Anton Ohno_S15,0.07994421825621817,false,7.333333333333333,3,Apolo Anton Ohno,Karina Smirnoff,30,Athlete,Athlete,5,false,-6.16800584368152,-2.526413650668823,7.333333333333333,0
15,1,Bristol Palin_S15,0.07940889599368485,false,6.5,3,Bristol Palin,Mark Ballas,21,TV Personality,TV,9,false,-15.16800584368152,-2.533132283814134,6.5,0
15,1,Drew Lachey_S15,0.07903945408428957,false,7.166666666666667,3,Drew Lachey,Anna Trebunskaya,36,Singer/Rapper,Singer,11,false,-0.16800584368152016,-2.5377954805654848,7.166666666666667,0
15,1,Emmitt Smith_S15,0.07963331373408865,false,8.166666666666666,3,Emmitt Smith,Cheryl Burke,43,Athlete,Athlete,4,false,6.83199415631848,-2.5303102019574077,8.166666666666666,0
15,1,Gilles Marini_S15,0.07918120585873338,false,8.0,3,Gilles Marini,Peta Murgatroyd,36,Actor/Actress,Actor,6,false,-0.16800584368152016,-2.53600367890547,8.0,0
15,1,Helio Castroneves_S15,0.08274266848896371,false,7.166666666666667,3,Helio Castroneves,Chelsie Hightower,37,Racing Driver,Athlete,10,false,0.8319941563184798,-2.4920077813808246,7.166666666666667,0
15,1,Joey Fatone_S15,0.07852969462011467,false,6.833333333333333,3,Joey Fatone,Kym Johnson,35,Singer/Rapper,Singer,12,false,-1.1680058436815202,-2.544265716350955,6.833333333333333,0
15,1,Kelly Monaco_S15,0.0802089762458298,false,7.166666666666667,3,Kelly Monaco,Valentin Chmerkovskiy,36,Actor/Actress,Actor,3,false,-0.16800584368152016,-2.5231073797530823,7.166666666666667,0
15,1,Kirstie Alley_S15,0.07889372148298833,false,6.333333333333333,3,Kirstie Alley,Maksim Chmerkoskiy,61,Actor/Actress,Actor,7,false,24.83199415631848,-2.539640954724599,6.333333333333333,0
15,1,Melissa Rycroft_S15,0.07997372048865334,false,7.0,3,Melissa Rycroft,Tony Dovolani,29,TV Personality,TV,1,false,-7.16800584368152,-2.5260446881366785,7.0,0
15,1,Pamela Anderson_S15,0.04714201181939164,true,5.666666666666667,3,Pamela Anderson,Tristan MacManus,45,Model,Model,13,false,8.83199415631848,-3.0545694925649083,5.666666666666667,0
15,1,Sabrina Bryan_S15,0.07725595331637065,false,7.5,3,Sabrina Bryan,Louis van Amstel,28,Actor/Actress,Actor,8,false,-8.16800584368152,-2.5606183566870855,7.5,0
15,1,Shawn Johnson_S15,0.07804616561067321,false,7.333333333333333,3,Shawn Johnson,Derek Hough,20,Athlete,Athlete,2,false,-16.16800584368152,-2.5504419477259304,7.333333333333333,0
15,2,Apolo Anton Ohno_S15,0.08478183795826208,false,8.166666666666666,3,Apolo Anton Ohno,Karina Smirnoff,30,Athlete,Athlete,5,false,-6.16800584368152,-2.467662139234059,8.166666666666666,0
15,2,Bristol Palin_S15,0.09162622775918351,false,6.0,3,Bristol Palin,Mark Ballas,21,TV Personality,TV,9,false,-15.16800584368152,-2.3900268051916793,6.0,0
15,2,Drew Lachey_S15,0.08663625373772033,false,7.5,3,Drew Lachey,Anna Trebunskaya,36,Singer/Rapper,Singer,11,false,-0.16800584368152016,-2.446025374186508,7.5,0
15,2,Emmitt Smith_S15,0.08567957849249935,false,7.5,3,Emmitt Smith,Cheryl Burke,43,Athlete,Athlete,4,false,6.83199415631848,-2.457129101085566,7.5,0
15,2,Gilles Marini_S15,0.0891889954864678,false,8.5,3,Gilles Marini,Peta Murgatroyd,36,Actor/Actress,Actor,6,false,-0.16800584368152016,-2.4169864039098323,8.5,0
15,2,Helio Castroneves_S15,0.09151147724030753,false,7.666666666666667,3,Helio Castroneves,Chelsie Hightower,37,Racing Driver,Athlete,10,false,0.8319941563184798,-2.391279952715239,7.666666666666667,0
15,2,Joey Fatone_S15,0.04678179791875254,true,7.5,3,Joey Fatone,Kym Johnson,35,Singer/Rapper,Singer,12,false,-1.1680058436815202,-3.062239709466038,7.5,0
15,2,Kelly Monaco_S15,0.0858479331674104,false,7.333333333333333,3,Kelly Monaco,Valentin Chmerkovskiy,36,Actor/Actress,Actor,3,false,-0.16800584368152016,-2.455166118420461,7.333333333333333,0
15,2,Kirstie Alley_S15,0.0844603767484525,false,7.0,3,Kirstie Alley,Maksim Chmerkoskiy,61,Actor/Actress,Actor,7,false,24.83199415631848,-2.471460929011839,7.0,0
15,2,Melissa Rycroft_S15,0.08478219536695625,false,7.833333333333333,3,Melissa Rycroft,Tony Dovolani,29,TV Personality,TV,1,false,-7.16800584368152,-2.467657923664618,7.833333333333333,0
15,2,Sabrina Bryan_S15,0.08470370387738187,false,8.666666666666666,3,Sabrina Bryan,Louis van Amstel,28,Actor/Actress,Actor,8,false,-8.16800584368152,-2.4685841431237736,8.666666666666666,0
15,2,Shawn Johnson_S15,0.08399962224660536,false,8.333333333333334,3,Shawn Johnson,Derek Hough,20,Athlete,Athlete,2,false,-16.16800584368152,-2.4769310724685774,8.333333333333334,0
15,3,Apolo Anton Ohno_S15,0.09630524412678211,false,8.5,3,Apolo Anton Ohno,Karina Smirnoff,30,Athlete,Athlete,5,false,-6.16800584368152,-2.3402221219189174,8.5,0
15,3,Bristol Palin_S15,0.10122602396418386,false,7.5,3,Bristol Palin,Mark Ballas,21,TV Personality,TV,9,false,-15.16800584368152,-2.290389522557122,7.5,0
15,3,Drew Lachey_S15,0.06097895220483341,true,8.0,3,Drew Lachey,Anna Trebunskaya,36,Singer/Rapper,Singer,11,false,-0.16800584368152016,-2.797210121206635,8.0,0
15,3,Emmitt Smith_S15,0.0993607689585252,false,8.333333333333334,3,Emmitt Smith,Cheryl Burke,43,Athlete,Athlete,4,false,6.83199415631848,-2.3089878574276193,8.333333333333334,0
15,3,Gilles Marini_S15,0.0984965591289124,false,8.5,3,Gilles Marini,Peta Murgatroyd,36,Actor/Actress,Actor,6,false,-0.16800584368152016,-2.3177235115282664,8.5,0
15,3,Helio Castroneves_S15,0.05882034877736355,true,8.5,3,Helio Castroneves,Chelsie Hightower,37,Racing Driver,Athlete,10,false,0.8319941563184798,-2.833250415528174,8.5,0
15,3,Kelly Monaco_S15,0.09734709158893823,false,9.0,3,Kelly Monaco,Valentin Chmerkovskiy,36,Actor/Actress,Actor,3,false,-0.16800584368152016,-2.329462150962263,9.0,0
15,3,Kirstie Alley_S15,0.0972723110718443,false,8.0,3,Kirstie Alley,Maksim Chmerkoskiy,61,Actor/Actress,Actor,7,false,24.83199415631848,-2.3302306226694,8.0,0
15,3,Melissa Rycroft_S15,0.09719534152739392,false,9.0,3,Melissa Rycroft,Tony Dovolani,29,TV Personality,TV,1,false,-7.16800584368152,-2.331022206831152,9.0,0
15,3,Sabrina Bryan_S15,0.09628395021588,false,8.5,3,Sabrina Bryan,Louis van Amstel,28,Actor/Actress,Actor,8,false,-8.16800584368152,-2.340443252600012,8.5,0
15,3,Shawn Johnson_S15,0.09671340843534404,false,8.833333333333334,3,Shawn Johnson,Derek Hough,20,Athlete,Athlete,2,false,-16.16800584368152,-2.3359928862228663,8.833333333333334,0
15,4,Apolo Anton Ohno_S15,0.1169700478845316,false,8.625,4,Apolo Anton Ohno,Karina Smirnoff,30,Athlete,Athlete,5,false,-6.16800584368152,-2.1458288287845306,8.625,0
15,4,Bristol Palin_S15,0.07422326374148623,true,8.0,4,Bristol Palin,Mark Ballas,21,TV Personality,TV,9,false,-15.16800584368152,-2.600664177660914,8.0,0
15,4,Emmitt Smith_S15,0.1170011319547125,false,9.0,4,Emmitt Smith,Cheryl Burke,43,Athlete,Athlete,4,false,6.83199415631848,-2.145563122515247,9.0,0
15,4,Gilles Marini_S15,0.11270655214228549,false,9.875,4,Gilles Marini,Peta Murgatroyd,36,Actor/Actress,Actor,6,false,-0.16800584368152016,-2.182958849158603,9.875,0
15,4,Kelly Monaco_S15,0.11666303718403974,false,9.375,4,Kelly Monaco,Valentin Chmerkovskiy,36,Actor/Actress,Actor,3,false,-0.16800584368152016,-2.148456951843298,9.375,0
15,4,Kirstie Alley_S15,0.11898729431543326,false,7.5,4,Kirstie Alley,Maksim Chmerkoskiy,61,Actor/Actress,Actor,7,false,24.83199415631848,-2.1287301578061673,7.5,0
15,4,Melissa Rycroft_S15,0.11893193724325164,false,9.25,4,Melissa Rycroft,Tony Dovolani,29,TV Personality,TV,1,false,-7.16800584368152,-2.129195497303764,9.25,0
15,4,Sabrina Bryan_S15,0.11408731741099343,false,8.875,4,Sabrina Bryan,Louis van Amstel,28,Actor/Actress,Actor,8,false,-8.16800584368152,-2.170782416392213,8.875,0
15,4,Shawn Johnson_S15,0.11042941812326619,false,9.875,4,Shawn Johnson,Derek Hough,20,Athlete,Athlete,2,false,-16.16800584368152,-2.203369656610731,9.875,0
15,5,Apolo Anton Ohno_S15,0.12686210262881986,false,9.416666666666666,3,Apolo Anton Ohno,Karina Smirnoff,30,Athlete,Athlete,5,false,-6.16800584368152,-2.064646705966676,9.416666666666666,0
15,5,Emmitt Smith_S15,0.12781692107206058,false,9.333333333333334,3,Emmitt Smith,Cheryl Burke,43,Athlete,Athlete,4,false,6.83199415631848,-2.0571485193887447,9.333333333333334,0
15,5,Gilles Marini_S15,0.12266628768843961,false,9.416666666666666,3,Gilles Marini,Peta Murgatroyd,36,Actor/Actress,Actor,6,false,-0.16800584368152016,-2.0982795668166343,9.416666666666666,0
15,5,Kelly Monaco_S15,0.12380691939251721,false,8.583333333333334,3,Kelly Monaco,Valentin Chmerkovskiy,36,Actor/Actress,Actor,3,false,-0.16800584368152016,-2.0890239515326976,8.583333333333334,0
15,5,Kirstie Alley_S15,0.12384328352315072,false,8.75,3,Kirstie Alley,Maksim Chmerkoskiy,61,Actor/Actress,Actor,7,false,24.83199415631848,-2.088730280566183,8.75,0
15,5,Melissa Rycroft_S15,0.12412142017766428,false,9.416666666666666,3,Melissa Rycroft,Tony Dovolani,29,TV Personality,TV,1,false,-7.16800584368152,-2.086486940899948,9.416666666666666,0
15,5,Sabrina Bryan_S15,0.1243064972071611,false,9.75,3,Sabrina Bryan,Louis van Amstel,28,Actor/Actress,Actor,8,false,-8.16800584368152,-2.0849969668607122,9.75,0
15,5,Shawn Johnson_S15,0.12657656831018738,false,9.416666666666666,3,Shawn Johnson,Derek Hough,20,Athlete,Athlete,2,false,-16.16800584368152,-2.0668999705148177,9.416666666666666,0
15,6,Apolo Anton Ohno_S15,0.13071268109693182,false,10.0,3,Apolo Anton Ohno,Karina Smirnoff,30,Athlete,Athlete,5,false,-6.16800584368152,-2.03474598826058,10.0,0
15,6,Emmitt Smith_S15,0.1369111698073822,false,8.833333333333334,3,Emmitt Smith,Cheryl Burke,43,Athlete,Athlete,4,false,6.83199415631848,-1.9884156550405967,8.833333333333334,0
15,6,Gilles Marini_S15,0.13359262393788113,false,9.166666666666666,3,Gilles Marini,Peta Murgatroyd,36,Actor/Actress,Actor,6,false,-0.16800584368152016,-2.0129527440343264,9.166666666666666,0
15,6,Kelly Monaco_S15,0.13521239623717557,false,9.0,3,Kelly Monaco,Valentin Chmerkovskiy,36,Actor/Actress,Actor,3,false,-0.16800584368152016,-2.000901035687334,9.0,0
15,6,Kirstie Alley_S15,0.12998325499316116,false,9.166666666666666,3,Kirstie Alley,Maksim Chmerkoskiy,61,Actor/Actress,Actor,7,false,24.83199415631848,-2.0403419512988434,9.166666666666666,0
15,6,Melissa Rycroft_S15,0.12990186468581863,false,9.833333333333334,3,Melissa Rycroft,Tony Dovolani,29,TV Personality,TV,1,false,-7.16800584368152,-2.040968302540136,9.833333333333334,0
15,6,Sabrina Bryan_S15,0.07223131313939089,true,10.0,3,Sabrina Bryan,Louis van Amstel,28,Actor/Actress,Actor,8,false,-8.16800584368152,-2.627867782797092,10.0,0
15,6,Shawn Johnson_S15,0.1314546961022593,false,9.333333333333334,3,Shawn Johnson,Derek Hough,20,Athlete,Athlete,2,false,-16.16800584368152,-2.0290853959017303,9.333333333333334,0
15,7,Apolo Anton Ohno_S15,0.14623500972717726,false,11.0,3,Apolo Anton Ohno,Karina Smirnoff,30,Athlete,Athlete,5,false,-6.16800584368152,-1.922533457430992,11.0,0
15,7,Emmitt Smith_S15,0.1459792767410437,false,11.499966666666666,3,Emmitt Smith,Cheryl Burke,43,Athlete,Athlete,4,false,6.83199415631848,-1.9242837572141558,11.499966666666666,0
15,7,Gilles Marini_S15,0.14473699974435558,false,11.1666,3,Gilles Marini,Peta Murgatroyd,36,Actor/Actress,Actor,6,false,-0.16800584368152016,-1.9328300692862168,11.1666,0
15,7,Kelly Monaco_S15,0.1408468411667016,false,12.0,3,Kelly Monaco,Valentin Chmerkovskiy,36,Actor/Actress,Actor,3,false,-0.16800584368152016,-1.9600751119571853,12.0,0
15,7,Kirstie Alley_S15,0.14016677796040836,false,9.3333,3,Kirstie Alley,Maksim Chmerkoskiy,61,Actor/Actress,Actor,7,false,24.83199415631848,-1.9649151598947732,9.3333,0
15,7,Melissa Rycroft_S15,0.1415254602846828,false,12.999966666666666,3,Melissa Rycroft,Tony Dovolani,29,TV Personality,TV,1,false,-7.16800584368152,-1.9552685809025572,12.999966666666666,0
15,7,Shawn Johnson_S15,0.14050963437563088,false,12.6666,3,Shawn Johnson,Derek Hough,20,Athlete,Athlete,2,false,-16.16800584368152,-1.962472103566373,12.6666,0
15,8,Apolo Anton Ohno_S15,0.15607387395864578,false,9.759233333333333,3,Apolo Anton Ohno,Karina Smirnoff,30,Athlete,Athlete,5,false,-6.16800584368152,-1.8574194256037997,9.759233333333333,0
15,8,Emmitt Smith_S15,0.1590854636069177,false,9.685133333333333,3,Emmitt Smith,Cheryl Burke,43,Athlete,Athlete,4,false,6.83199415631848,-1.8383074282955936,9.685133333333333,0
15,8,Gilles Marini_S15,0.10163081149904915,true,9.759233333333333,3,Gilles Marini,Peta Murgatroyd,36,Actor/Actress,Actor,6,false,-0.16800584368152016,-2.2863986875393905,9.759233333333333,0
15,8,Kelly Monaco_S15,0.15958995374335158,false,9.444433333333334,3,Kelly Monaco,Valentin Chmerkovskiy,36,Actor/Actress,Actor,3,false,-0.16800584368152016,-1.835141276378914,9.444433333333334,0
15,8,Kirstie Alley_S15,0.10949637790370619,true,8.5,3,Kirstie Alley,Maksim Chmerkoskiy,61,Actor/Actress,Actor,7,false,24.83199415631848,-2.2118546760971687,8.5,0
15,8,Melissa Rycroft_S15,0.15637208892886895,false,10.0,3,Melissa Rycroft,Tony Dovolani,29,TV Personality,TV,1,false,-7.16800584368152,-1.855510531348116,10.0,0
15,8,Shawn Johnson_S15,0.15775143035946151,false,9.277766666666666,3,Shawn Johnson,Derek Hough,20,Athlete,Athlete,2,false,-16.16800584368152,-1.8467283712803697,9.277766666666666,0
15,9,Apolo Anton Ohno_S15,0.15618236390133786,true,9.536999999999999,3,Apolo Anton Ohno,Karina Smirnoff,30,Athlete,Athlete,5,false,-6.16800584368152,-1.8567245523616978,9.536999999999999,0
15,9,Emmitt Smith_S15,0.1617653442578016,true,9.0,3,Emmitt Smith,Cheryl Burke,43,Athlete,Athlete,4,false,6.83199415631848,-1.8216023042898883,9.0,0
15,9,Kelly Monaco_S15,0.23323293108980828,false,9.036999999999999,3,Kelly Monaco,Valentin Chmerkovskiy,36,Actor/Actress,Actor,3,false,-0.16800584368152016,-1.455713332989825,9.036999999999999,0
15,9,Melissa Rycroft_S15,0.22699605365190703,false,9.592566666666666,3,Melissa Rycroft,Tony Dovolani,29,TV Personality,TV,1,false,-7.16800584368152,-1.4828182410919863,9.592566666666666,0
15,9,Shawn Johnson_S15,0.2218233070991438,false,9.833333333333334,3,Shawn Johnson,Derek Hough,20,Athlete,Athlete,2,false,-16.16800584368152,-1.5058696199029689,9.833333333333334,0
15,10,Kelly Monaco_S15,0.2587401253018344,false,9.703633333333334,3,Kelly Monaco,Valentin Chmerkovskiy,36,Actor/Actress,Actor,3,false,-0.16800584368152016,-1.3519272333411587,9.703633333333334,0
15,10,Melissa Rycroft_S15,0.4054380985948427,false,9.7777,3,Melissa Rycroft,Tony Dovolani,29,TV Personality,TV,1,false,-7.16800584368152,-0.9027846051281695,9.7777,0
15,10,Shawn Johnson_S15,0.33582177610332264,false,9.6481,3,Shawn Johnson,Derek Hough,20,Athlete,Athlete,2,false,-16.16800584368152,-1.091171710244155,9.6481,0
16,1,Alexandra Raisman_S16,0.08509062279415854,false,7.0,3,Alexandra Raisman,Mark Ballas,18,Athlete,Athlete,4,false,-18.16800584368152,-2.464026687799903,7.0,0
16,1,Andy Dick_S16,0.07726331838217193,false,5.666666666666667,3,Andy Dick,Sharna Burgess,47,Comedian,Entertainment,7,false,10.83199415631848,-2.560523029154172,5.666666666666667,0
16,1,D. L. Hughley_S16,0.0783465145290929,false,4.0,3,D. L. Hughley,Cheryl Burke,50,Comedian,Entertainment,9,false,13.83199415631848,-2.5466010333496136,4.0,0
16,1,Ingo Rademacher_S16,0.08566920899178046,false,6.666666666666667,3,Ingo Rademacher,Kym Johnson,41,Actor/Actress,Actor,5,false,4.83199415631848,-2.457250133511314,6.666666666666667,0
16,1,Jacoby Jones_S16,0.08388892314362306,false,6.666666666666667,3,Jacoby Jones,Karina Smirnoff,28,Athlete,Athlete,3,false,-8.16800584368152,-2.4782497782809507,6.666666666666667,0
16,1,Kellie Pickler_S16,0.08440096763898154,false,7.0,3,Kellie Pickler,Derek Hough,26,Singer/Rapper,Singer,1,false,-10.16800584368152,-2.4721645643939003,7.0,0
16,1,Lisa Vanderpump_S16,0.08549572778047806,false,6.0,3,Lisa Vanderpump,Gleb Savchenko,52,TV Personality,TV,10,false,15.83199415631848,-2.4592771753451537,6.0,0
16,1,Sean Lowe_S16,0.08569863510991993,false,6.333333333333333,3,Sean Lowe,Peta Murgatroyd,29,TV Personality,TV,6,false,-7.16800584368152,-2.456906711148028,6.333333333333333,0
16,1,Victor Ortiz_S16,0.08350593376541057,false,6.0,3,Victor Ortiz,Lindsay Arnold,26,Athlete,Athlete,8,false,-10.16800584368152,-2.4828256114661698,6.0,0
16,1,Wynonna Judd_S16,0.08418266624736889,false,6.0,3,Wynonna Judd,Tony Dovolani,48,Singer/Rapper,Singer,11,false,11.83199415631848,-2.4747543641128162,6.0,0
16,1,Zendaya_S16,0.08401765612936928,false,8.0,3,Zendaya,Valentin Chmerkovskiy,16,Actor/Actress,Actor,2,false,-20.16800584368152,-2.4767164080204562,8.0,0
16,2,Alexandra Raisman_S16,0.08429974700950614,false,8.0,3,Alexandra Raisman,Mark Ballas,18,Athlete,Athlete,4,false,-18.16800584368152,-2.4733645526908585,8.0,0
16,2,Andy Dick_S16,0.07988484776340646,false,6.666666666666667,3,Andy Dick,Sharna Burgess,47,Comedian,Entertainment,7,false,10.83199415631848,-2.5271565662611533,6.666666666666667,0
16,2,D. L. Hughley_S16,0.08435873544603807,false,5.333333333333333,3,D. L. Hughley,Cheryl Burke,50,Comedian,Entertainment,9,false,13.83199415631848,-2.4726650593883575,5.333333333333333,0
16,2,Ingo Rademacher_S16,0.08549507668771276,false,6.666666666666667,3,Ingo Rademacher,Kym Johnson,41,Actor/Actress,Actor,5,false,4.83199415631848,-2.459284790785667,6.666666666666667,0
16,2,Jacoby Jones_S16,0.08496110603388256,false,7.666666666666667,3,Jacoby Jones,Karina Smirnoff,28,Athlete,Athlete,3,false,-8.16800584368152,-2.46554993326134,7.666666666666667,0
16,2,Kellie Pickler_S16,0.08515718790141348,false,8.666666666666666,3,Kellie Pickler,Derek Hough,26,Singer/Rapper,Singer,1,false,-10.16800584368152,-2.4632447179360315,8.666666666666666,0
16,2,Lisa Vanderpump_S16,0.08613631759966221,false,6.0,3,Lisa Vanderpump,Gleb Savchenko,52,TV Personality,TV,10,false,15.83199415631848,-2.451812539849598,6.0,0
16,2,Sean Lowe_S16,0.08878922400029278,false,6.666666666666667,3,Sean Lowe,Peta Murgatroyd,29,TV Personality,TV,6,false,-7.16800584368152,-2.421478725131164,6.666666666666667,0
16,2,Victor Ortiz_S16,0.08894472224039889,false,6.0,3,Victor Ortiz,Lindsay Arnold,26,Athlete,Athlete,8,false,-10.16800584368152,-2.4197289577591836,6.0,0
16,2,Wynonna Judd_S16,0.08966448840068662,false,6.0,3,Wynonna Judd,Tony Dovolani,48,Singer/Rapper,Singer,11,false,11.83199415631848,-2.4116693286475335,6.0,0
16,2,Zendaya_S16,0.08329841767753703,false,8.666666666666666,3,Zendaya,Valentin Chmerkovskiy,16,Actor/Actress,Actor,2,false,-20.16800584368152,-2.485313720499597,8.666666666666666,0
16,3,Alexandra Raisman_S16,0.09122210133874573,false,7.666666666666667,3,Alexandra Raisman,Mark Ballas,18,Athlete,Athlete,4,false,-18.16800584368152,-2.394447109825018,7.666666666666667,0
16,3,Andy Dick_S16,0.08981401221741907,false,6.0,3,Andy Dick,Sharna Burgess,47,Comedian,Entertainment,7,false,10.83199415631848,-2.410003143732632,6.0,0
16,3,D. L. Hughley_S16,0.09267317506281521,false,5.333333333333333,3,D. L. Hughley,Cheryl Burke,50,Comedian,Entertainment,9,false,13.83199415631848,-2.378665431384309,5.333333333333333,0
16,3,Ingo Rademacher_S16,0.09629394103819328,false,7.0,3,Ingo Rademacher,Kym Johnson,41,Actor/Actress,Actor,5,false,4.83199415631848,-2.3403394949100766,7.0,0
16,3,Jacoby Jones_S16,0.09442389578277445,false,8.6666,3,Jacoby Jones,Karina Smirnoff,28,Athlete,Athlete,3,false,-8.16800584368152,-2.3599505140879646,8.6666,0
16,3,Kellie Pickler_S16,0.09158439183491046,false,8.333333333333334,3,Kellie Pickler,Derek Hough,26,Singer/Rapper,Singer,1,false,-10.16800584368152,-2.390483497804807,8.333333333333334,0
16,3,Lisa Vanderpump_S16,0.09609321670199021,false,7.0,3,Lisa Vanderpump,Gleb Savchenko,52,TV Personality,TV,10,false,15.83199415631848,-2.342426144816881,7.0,0
16,3,Sean Lowe_S16,0.09486125440143393,false,7.0,3,Sean Lowe,Peta Murgatroyd,29,TV Personality,TV,6,false,-7.16800584368152,-2.3553293932507513,7.0,0
16,3,Victor Ortiz_S16,0.09447775068957934,false,7.666666666666667,3,Victor Ortiz,Lindsay Arnold,26,Athlete,Athlete,8,false,-10.16800584368152,-2.3593803301950684,7.666666666666667,0
16,3,Wynonna Judd_S16,0.06587636865979614,true,5.0,3,Wynonna Judd,Tony Dovolani,48,Singer/Rapper,Singer,11,false,11.83199415631848,-2.719960315882093,5.0,0
16,3,Zendaya_S16,0.09267989227234234,false,8.6666,3,Zendaya,Valentin Chmerkovskiy,16,Actor/Actress,Actor,2,false,-20.16800584368152,-2.3785929520113234,8.6666,0
16,4,Alexandra Raisman_S16,0.09975030668022843,false,9.0,3,Alexandra Raisman,Mark Ballas,18,Athlete,Athlete,4,false,-18.16800584368152,-2.3050751237468003,9.0,0
16,4,Andy Dick_S16,0.0994150857251718,false,7.0,3,Andy Dick,Sharna Burgess,47,Comedian,Entertainment,7,false,10.83199415631848,-2.3084413501913383,7.0,0
16,4,D. L. Hughley_S16,0.10092231867868758,false,7.0,3,D. L. Hughley,Cheryl Burke,50,Comedian,Entertainment,9,false,13.83199415631848,-2.2933942714981956,7.0,0
16,4,Ingo Rademacher_S16,0.10613261581998441,false,7.666666666666667,3,Ingo Rademacher,Kym Johnson,41,Actor/Actress,Actor,5,false,4.83199415631848,-2.243056452063105,7.666666666666667,0
16,4,Jacoby Jones_S16,0.10433330522050188,false,8.0,3,Jacoby Jones,Karina Smirnoff,28,Athlete,Athlete,3,false,-8.16800584368152,-2.260155061941002,8.0,0
16,4,Kellie Pickler_S16,0.10033880110121438,false,8.666666666666666,3,Kellie Pickler,Derek Hough,26,Singer/Rapper,Singer,1,false,-10.16800584368152,-2.299192842176207,8.666666666666666,0
16,4,Lisa Vanderpump_S16,0.07110879083188804,true,6.0,3,Lisa Vanderpump,Gleb Savchenko,52,TV Personality,TV,10,false,15.83199415631848,-2.6435302465635715,6.0,0
16,4,Sean Lowe_S16,0.10710550854492032,false,6.666666666666667,3,Sean Lowe,Peta Murgatroyd,29,TV Personality,TV,6,false,-7.16800584368152,-2.2339315326473526,6.666666666666667,0
16,4,Victor Ortiz_S16,0.1105757562885688,false,6.0,3,Victor Ortiz,Lindsay Arnold,26,Athlete,Athlete,8,false,-10.16800584368152,-2.202045372120162,6.0,0
16,4,Zendaya_S16,0.10031751110883518,false,8.666666666666666,3,Zendaya,Valentin Chmerkovskiy,16,Actor/Actress,Actor,2,false,-20.16800584368152,-2.2994050436267686,8.666666666666666,0
16,5,Alexandra Raisman_S16,0.11670745776563873,false,8.333333333333334,3,Alexandra Raisman,Mark Ballas,18,Athlete,Athlete,4,false,-18.16800584368152,-2.148076267888704,8.333333333333334,0
16,5,Andy Dick_S16,0.11315532850467151,false,6.0,3,Andy Dick,Sharna Burgess,47,Comedian,Entertainment,7,false,10.83199415631848,-2.178984978244166,6.0,0
16,5,D. L. Hughley_S16,0.07570082637065084,true,6.0,3,D. L. Hughley,Cheryl Burke,50,Comedian,Entertainment,9,false,13.83199415631848,-2.5809529924010945,6.0,0
16,5,Ingo Rademacher_S16,0.1184963044909691,false,7.0,3,Ingo Rademacher,Kym Johnson,41,Actor/Actress,Actor,5,false,4.83199415631848,-2.1328650655773194,7.0,0
16,5,Jacoby Jones_S16,0.11593964836004288,false,8.666666666666666,3,Jacoby Jones,Karina Smirnoff,28,Athlete,Athlete,3,false,-8.16800584368152,-2.154676870882953,8.666666666666666,0
16,5,Kellie Pickler_S16,0.11294651920962319,false,9.0,3,Kellie Pickler,Derek Hough,26,Singer/Rapper,Singer,1,false,-10.16800584368152,-2.1808319999248824,9.0,0
16,5,Sean Lowe_S16,0.11369001503702027,false,8.0,3,Sean Lowe,Peta Murgatroyd,29,TV Personality,TV,6,false,-7.16800584368152,-2.1742709047692674,8.0,0
16,5,Victor Ortiz_S16,0.1214654991070783,false,7.0,3,Victor Ortiz,Lindsay Arnold,26,Athlete,Athlete,8,false,-10.16800584368152,-2.1081167817351125,7.0,0
16,5,Zendaya_S16,0.11189840115430545,false,9.666666666666666,3,Zendaya,Valentin Chmerkovskiy,16,Actor/Actress,Actor,2,false,-20.16800584368152,-2.1901550152933633,9.666666666666666,0
16,6,Alexandra Raisman_S16,0.12656275215293858,false,8.666666666666666,3,Alexandra Raisman,Mark Ballas,18,Athlete,Athlete,4,false,-18.16800584368152,-2.067009128176137,8.666666666666666,0
16,6,Andy Dick_S16,0.1256460282225275,false,7.166666666666667,3,Andy Dick,Sharna Burgess,47,Comedian,Entertainment,7,false,10.83199415631848,-2.0742786665055974,7.166666666666667,0
16,6,Ingo Rademacher_S16,0.13359167840730674,false,7.666666666666667,3,Ingo Rademacher,Kym Johnson,41,Actor/Actress,Actor,5,false,4.83199415631848,-2.012959821721813,7.666666666666667,0
16,6,Jacoby Jones_S16,0.13256138922849814,false,7.5,3,Jacoby Jones,Karina Smirnoff,28,Athlete,Athlete,3,false,-8.16800584368152,-2.0207018822747607,7.5,0
16,6,Kellie Pickler_S16,0.12932467434109685,false,9.0,3,Kellie Pickler,Derek Hough,26,Singer/Rapper,Singer,1,false,-10.16800584368152,-2.045421448792626,9.0,0
16,6,Sean Lowe_S16,0.13211233245341653,false,7.666666666666667,3,Sean Lowe,Peta Murgatroyd,29,TV Personality,TV,6,false,-7.16800584368152,-2.024095145571498,7.666666666666667,0
16,6,Victor Ortiz_S16,0.09029347518081009,true,6.666666666666667,3,Victor Ortiz,Lindsay Arnold,26,Athlete,Athlete,8,false,-10.16800584368152,-2.404679003367715,6.666666666666667,0
16,6,Zendaya_S16,0.12990767001340547,false,8.5,3,Zendaya,Valentin Chmerkovskiy,16,Actor/Actress,Actor,2,false,-20.16800584368152,-2.040923613780689,8.5,0
16,7,Alexandra Raisman_S16,0.14353769438175862,false,10.666666666666666,3,Alexandra Raisman,Mark Ballas,18,Athlete,Athlete,4,false,-18.16800584368152,-1.9411506328711077,10.666666666666666,0
16,7,Andy Dick_S16,0.11736716130508523,true,5.666666666666667,3,Andy Dick,Sharna Burgess,47,Comedian,Entertainment,7,false,10.83199415631848,-2.142439606792548,5.666666666666667,0
16,7,Ingo Rademacher_S16,0.1507492343134798,false,8.333333333333334,3,Ingo Rademacher,Kym Johnson,41,Actor/Actress,Actor,5,false,4.83199415631848,-1.8921308890577762,8.333333333333334,0
16,7,Jacoby Jones_S16,0.15060299071045036,false,9.0,3,Jacoby Jones,Karina Smirnoff,28,Athlete,Athlete,3,false,-8.16800584368152,-1.8931014652260592,9.0,0
16,7,Kellie Pickler_S16,0.14381287979146476,false,9.666666666666666,3,Kellie Pickler,Derek Hough,26,Singer/Rapper,Singer,1,false,-10.16800584368152,-1.9392353168547267,9.666666666666666,0
16,7,Sean Lowe_S16,0.15003364003527653,false,8.0,3,Sean Lowe,Peta Murgatroyd,29,TV Personality,TV,6,false,-7.16800584368152,-1.896889077978423,8.0,0
16,7,Zendaya_S16,0.14389639946248586,false,10.0,3,Zendaya,Valentin Chmerkovskiy,16,Actor/Actress,Actor,2,false,-20.16800584368152,-1.9386547370902927,10.0,0
16,8,Alexandra Raisman_S16,0.16984392833832598,false,9.333333333333334,3,Alexandra Raisman,Mark Ballas,18,Athlete,Athlete,4,false,-18.16800584368152,-1.7728694444720678,9.333333333333334,0
16,8,Ingo Rademacher_S16,0.1802244110426981,false,8.0,3,Ingo Rademacher,Kym Johnson,41,Actor/Actress,Actor,5,false,4.83199415631848,-1.7135469279744502,8.0,0
16,8,Jacoby Jones_S16,0.17812858187746025,false,8.666666666666666,3,Jacoby Jones,Karina Smirnoff,28,Athlete,Athlete,3,false,-8.16800584368152,-1.7252440054692186,8.666666666666666,0
16,8,Kellie Pickler_S16,0.16867000149582917,false,9.166666666666666,3,Kellie Pickler,Derek Hough,26,Singer/Rapper,Singer,1,false,-10.16800584368152,-1.779805198124878,9.166666666666666,0
16,8,Sean Lowe_S16,0.13296755785231976,true,7.0,3,Sean Lowe,Peta Murgatroyd,29,TV Personality,TV,6,false,-7.16800584368152,-2.017642585834368,7.0,0
16,8,Zendaya_S16,0.17016551939336702,false,9.666666666666666,3,Zendaya,Valentin Chmerkovskiy,16,Actor/Actress,Actor,2,false,-20.16800584368152,-1.7709777955109332,9.666666666666666,0
16,9,Alexandra Raisman_S16,0.21081163429415767,false,9.833333333333334,3,Alexandra Raisman,Mark Ballas,18,Athlete,Athlete,4,false,-18.16800584368152,-1.5567855291291863,9.833333333333334,0
16,9,Ingo Rademacher_S16,0.15380490368935346,true,8.5,3,Ingo Rademacher,Kym Johnson,41,Actor/Actress,Actor,5,false,4.83199415631848,-1.8720638371508513,8.5,0
16,9,Jacoby Jones_S16,0.21412987977221937,false,9.833333333333334,3,Jacoby Jones,Karina Smirnoff,28,Athlete,Athlete,3,false,-8.16800584368152,-1.5411678631831867,9.833333333333334,0
16,9,Kellie Pickler_S16,0.20802050016541146,false,9.666666666666666,3,Kellie Pickler,Derek Hough,26,Singer/Rapper,Singer,1,false,-10.16800584368152,-1.5701138384428717,9.666666666666666,0
16,9,Zendaya_S16,0.2132330820788571,false,9.166666666666666,3,Zendaya,Valentin Chmerkovskiy,16,Actor/Actress,Actor,2,false,-20.16800584368152,-1.5453647398097128,9.166666666666666,0
16,10,Alexandra Raisman_S16,0.18270635547593816,false,9.666666666666666,3,Alexandra Raisman,Mark Ballas,18,Athlete,Athlete,4,false,-18.16800584368152,-1.6998695565512305,9.666666666666666,0
16,10,Jacoby Jones_S16,0.24102898259357747,false,9.3333,3,Jacoby Jones,Karina Smirnoff,28,Athlete,Athlete,3,false,-8.16800584368152,-1.4228339441276714,9.3333,0
16,10,Kellie Pickler_S16,0.3125734574672241,false,10.0,3,Kellie Pickler,Derek Hough,26,Singer/Rapper,Singer,1,false,-10.16800584368152,-1.162912574290898,10.0,0
16,10,Zendaya_S16,0.26369120446325967,false,10.0,3,Zendaya,Valentin Chmerkovskiy,16,Actor/Actress,Actor,2,false,-20.16800584368152,-1.3329727482014664,10.0,0
17,1,Amber Riley_S17,0.0816806381438698,false,9.0,3,Amber Riley,Derek Hough,27,Actor/Actress,Actor,1,false,-9.16800584368152,-2.504926049696699,9.0,0
17,1,Bill Engvall_S17,0.07470711727380734,false,6.0,3,Bill Engvall,Emma Slater,56,Comedian,Entertainment,4,false,19.83199415631848,-2.594166527769636,6.0,0
17,1,Bill Nye_S17,0.08653148655447168,false,4.666666666666667,3,Bill Nye,Tyne Stecklein,57,TV Personality,TV,11,false,20.83199415631848,-2.4472353684482564,4.666666666666667,0
17,1,Brant Daugherty_S17,0.08631033917407337,false,7.333333333333333,3,Brant Daugherty,Peta Murgatroyd,28,Actor/Actress,Actor,7,false,-8.16800584368152,-2.4497942970086606,7.333333333333333,0
17,1,Christina Milian_S17,0.08422088125771339,false,7.333333333333333,3,Christina Milian,Mark Ballas,31,Singer/Rapper,Singer,9,false,-5.16800584368152,-2.4743005190754452,7.333333333333333,0
17,1,Corbin Bleu_S17,0.08547737276437661,false,8.0,3,Corbin Bleu,Karina Smirnoff,24,Actor/Actress,Actor,2,false,-12.16800584368152,-2.459491885160951,8.0,0
17,1,Elizabeth Berkley Lauren_S17,0.08368988386965423,false,8.0,3,Elizabeth Berkley Lauren,Valentin Chmerkovskiy,39,Actor/Actress,Actor,6,false,2.83199415631848,-2.4806252217593534,8.0,0
17,1,Jack Osbourne_S17,0.08338200352032588,false,7.666666666666667,3,Jack Osbourne,Cheryl Burke,27,TV Personality,TV,3,false,-9.16800584368152,-2.484310785106715,7.666666666666667,0
17,1,Keyshawn Johnson_S17,0.0859099176580981,false,5.666666666666667,3,Keyshawn Johnson,Sharna Burgess,41,Athlete,Athlete,12,false,4.83199415631848,-2.454444360767778,5.666666666666667,0
17,1,Leah Remini_S17,0.08555152293141541,false,7.0,3,Leah Remini,Tony Dovolani,43,Actor/Actress,Actor,5,false,6.83199415631848,-2.458624788355044,7.0,0
17,1,"Nicole ""Snooki"" Polizzi_S17",0.08164335668094025,false,7.666666666666667,3,"Nicole ""Snooki"" Polizzi",Sasha Farber,25,TV Personality,TV,8,false,-11.16800584368152,-2.50538257792562,7.666666666666667,0
17,1,Valerie Harper_S17,0.0808954801712539,false,7.0,3,Valerie Harper,Tristan MacManus,74,Actor/Actress,Actor,10,false,37.83199415631848,-2.514584964254148,7.0,0
17,2,Amber Riley_S17,0.08529812978178723,false,8.0,3,Amber Riley,Derek Hough,27,Actor/Actress,Actor,1,false,-9.16800584368152,-2.461591026391323,8.0,0
17,2,Bill Engvall_S17,0.07906397588955681,false,7.0,3,Bill Engvall,Emma Slater,56,Comedian,Entertainment,4,false,19.83199415631848,-2.537485284951483,7.0,0
17,2,Bill Nye_S17,0.08966784210334802,false,5.666666666666667,3,Bill Nye,Tyne Stecklein,57,TV Personality,TV,11,false,20.83199415631848,-2.4116319269670816,5.666666666666667,0
17,2,Brant Daugherty_S17,0.08477190408111426,false,7.666666666666667,3,Brant Daugherty,Peta Murgatroyd,28,Actor/Actress,Actor,7,false,-8.16800584368152,-2.4677793145893694,7.666666666666667,0
17,2,Christina Milian_S17,0.0852064496642663,false,8.333333333333334,3,Christina Milian,Mark Ballas,31,Singer/Rapper,Singer,9,false,-5.16800584368152,-2.462666411595274,8.333333333333334,0
17,2,Corbin Bleu_S17,0.08717611033351978,false,8.666666666666666,3,Corbin Bleu,Karina Smirnoff,24,Actor/Actress,Actor,2,false,-12.16800584368152,-2.4398134787005863,8.666666666666666,0
17,2,Elizabeth Berkley Lauren_S17,0.08759381167566622,false,8.333333333333334,3,Elizabeth Berkley Lauren,Valentin Chmerkovskiy,39,Actor/Actress,Actor,6,false,2.83199415631848,-2.4350335102405385,8.333333333333334,0
17,2,Jack Osbourne_S17,0.08410910900592809,false,8.0,3,Jack Osbourne,Cheryl Burke,27,TV Personality,TV,3,false,-9.16800584368152,-2.4756285170161436,8.0,0
17,2,Keyshawn Johnson_S17,0.0561304401429577,true,6.0,3,Keyshawn Johnson,Sharna Burgess,41,Athlete,Athlete,12,false,4.83199415631848,-2.880059193080177,6.0,0
17,2,Leah Remini_S17,0.08687577699519042,false,8.0,3,Leah Remini,Tony Dovolani,43,Actor/Actress,Actor,5,false,6.83199415631848,-2.443264520685477,8.0,0
17,2,"Nicole ""Snooki"" Polizzi_S17",0.08765035200080969,false,6.666666666666667,3,"Nicole ""Snooki"" Polizzi",Sasha Farber,25,TV Personality,TV,8,false,-11.16800584368152,-2.434388242738881,6.666666666666667,0
17,2,Valerie Harper_S17,0.0864560983258554,false,6.333333333333333,3,Valerie Harper,Tristan MacManus,74,Actor/Actress,Actor,10,false,37.83199415631848,-2.4481069611911486,6.333333333333333,0
17,3,Amber Riley_S17,0.09669846887607983,false,8.0,3,Amber Riley,Derek Hough,27,Actor/Actress,Actor,1,false,-9.16800584368152,-2.3361473690293906,8.0,0
17,3,Bill Engvall_S17,0.0859486335690993,false,8.0,3,Bill Engvall,Emma Slater,56,Comedian,Entertainment,4,false,19.83199415631848,-2.453993810465458,8.0,0
17,3,Bill Nye_S17,0.0681473508053705,true,5.333333333333333,3,Bill Nye,Tyne Stecklein,57,TV Personality,TV,11,false,20.83199415631848,-2.686068320613398,5.333333333333333,0
17,3,Brant Daugherty_S17,0.09002457282401036,false,9.0,3,Brant Daugherty,Peta Murgatroyd,28,Actor/Actress,Actor,7,false,-8.16800584368152,-2.4076615065237,9.0,0
17,3,Christina Milian_S17,0.09573515943824648,false,8.666666666666666,3,Christina Milian,Mark Ballas,31,Singer/Rapper,Singer,9,false,-5.16800584368152,-2.346159210317405,8.666666666666666,0
17,3,Corbin Bleu_S17,0.09391671458785174,false,8.666666666666666,3,Corbin Bleu,Karina Smirnoff,24,Actor/Actress,Actor,2,false,-12.16800584368152,-2.365336256803063,8.666666666666666,0
17,3,Elizabeth Berkley Lauren_S17,0.09472735711358203,false,8.333333333333334,3,Elizabeth Berkley Lauren,Valentin Chmerkovskiy,39,Actor/Actress,Actor,6,false,2.83199415631848,-2.3567418820764767,8.333333333333334,0
17,3,Jack Osbourne_S17,0.09308560751704491,false,7.333333333333333,3,Jack Osbourne,Cheryl Burke,27,TV Personality,TV,3,false,-9.16800584368152,-2.3742249555616857,7.333333333333333,0
17,3,Leah Remini_S17,0.0920132759356109,false,8.0,3,Leah Remini,Tony Dovolani,43,Actor/Actress,Actor,5,false,6.83199415631848,-2.3858115407580525,8.0,0
17,3,"Nicole ""Snooki"" Polizzi_S17",0.09400852538399415,false,8.333333333333334,3,"Nicole ""Snooki"" Polizzi",Sasha Farber,25,TV Personality,TV,8,false,-11.16800584368152,-2.364359167973785,8.333333333333334,0
17,3,Valerie Harper_S17,0.09569433394910924,false,5.333333333333333,3,Valerie Harper,Tristan MacManus,74,Actor/Actress,Actor,10,false,37.83199415631848,-2.346585738774492,5.333333333333333,0
17,4,Amber Riley_S17,0.10258467725870724,false,9.0,3,Amber Riley,Derek Hough,27,Actor/Actress,Actor,1,false,-9.16800584368152,-2.2770569538585077,9.0,0
17,4,Bill Engvall_S17,0.09808199091043653,false,7.0,3,Bill Engvall,Emma Slater,56,Comedian,Entertainment,4,false,19.83199415631848,-2.321941312658488,7.0,0
17,4,Brant Daugherty_S17,0.10465469614671472,false,7.0,3,Brant Daugherty,Peta Murgatroyd,28,Actor/Actress,Actor,7,false,-8.16800584368152,-2.2570794011202437,7.0,0
17,4,Christina Milian_S17,0.10202623229944428,false,8.0,3,Christina Milian,Mark Ballas,31,Singer/Rapper,Singer,9,false,-5.16800584368152,-2.282515518003687,8.0,0
17,4,Corbin Bleu_S17,0.10553165181510167,false,9.0,3,Corbin Bleu,Karina Smirnoff,24,Actor/Actress,Actor,2,false,-12.16800584368152,-2.2487348780722445,9.0,0
17,4,Elizabeth Berkley Lauren_S17,0.10237708844792598,false,9.0,3,Elizabeth Berkley Lauren,Valentin Chmerkovskiy,39,Actor/Actress,Actor,6,false,2.83199415631848,-2.2790825692744394,9.0,0
17,4,Jack Osbourne_S17,0.10192696399981419,false,8.0,3,Jack Osbourne,Cheryl Burke,27,TV Personality,TV,3,false,-9.16800584368152,-2.28348895049543,8.0,0
17,4,Leah Remini_S17,0.10376416724698406,false,8.0,3,Leah Remini,Tony Dovolani,43,Actor/Actress,Actor,5,false,6.83199415631848,-2.2656249402237183,8.0,0
17,4,"Nicole ""Snooki"" Polizzi_S17",0.10414829866205529,false,8.0,3,"Nicole ""Snooki"" Polizzi",Sasha Farber,25,TV Personality,TV,8,false,-11.16800584368152,-2.261929845219526,8.0,0
17,4,Valerie Harper_S17,0.07490423321281613,true,6.0,3,Valerie Harper,Tristan MacManus,74,Actor/Actress,Actor,10,false,37.83199415631848,-2.5915315215697228,6.0,0
17,5,Amber Riley_S17,0.11910553483053035,false,8.666666666666666,3,Amber Riley,Derek Hough,27,Actor/Actress,Actor,1,false,-9.16800584368152,-2.127736935691756,8.666666666666666,0
17,5,Bill Engvall_S17,0.11239588547700047,false,8.0,3,Bill Engvall,Emma Slater,56,Comedian,Entertainment,4,false,19.83199415631848,-2.185719051185811,8.0,0
17,5,Brant Daugherty_S17,0.1170236871587306,false,9.0,3,Brant Daugherty,Peta Murgatroyd,28,Actor/Actress,Actor,7,false,-8.16800584368152,-2.1453703650853644,9.0,0
17,5,Christina Milian_S17,0.06083407421266101,true,9.333333333333334,3,Christina Milian,Mark Ballas,31,Singer/Rapper,Singer,9,false,-5.16800584368152,-2.7995887778427373,9.333333333333334,0
17,5,Corbin Bleu_S17,0.11292248439484598,false,9.333333333333334,3,Corbin Bleu,Karina Smirnoff,24,Actor/Actress,Actor,2,false,-12.16800584368152,-2.1810448188744984,9.333333333333334,0
17,5,Elizabeth Berkley Lauren_S17,0.11747653304596034,false,8.666666666666666,3,Elizabeth Berkley Lauren,Valentin Chmerkovskiy,39,Actor/Actress,Actor,6,false,2.83199415631848,-2.141508171800013,8.666666666666666,0
17,5,Jack Osbourne_S17,0.11828343386999209,false,9.0,3,Jack Osbourne,Cheryl Burke,27,TV Personality,TV,3,false,-9.16800584368152,-2.134663098481377,9.0,0
17,5,Leah Remini_S17,0.12403344627126975,false,7.333333333333333,3,Leah Remini,Tony Dovolani,43,Actor/Actress,Actor,5,false,6.83199415631848,-2.0871959594440557,7.333333333333333,0
17,5,"Nicole ""Snooki"" Polizzi_S17",0.11792492073900952,false,9.0,3,"Nicole ""Snooki"" Polizzi",Sasha Farber,25,TV Personality,TV,8,false,-11.16800584368152,-2.137698642006723,9.0,0
17,6,Amber Riley_S17,0.12304885115747974,false,10.666633333333332,3,Amber Riley,Derek Hough,27,Actor/Actress,Actor,1,false,-9.16800584368152,-2.0951657117558833,10.666633333333332,0
17,6,Bill Engvall_S17,0.11194699038311819,false,7.9999666666666664,3,Bill Engvall,Emma Slater,56,Comedian,Entertainment,4,false,19.83199415631848,-2.189720887120217,7.9999666666666664,0
17,6,Brant Daugherty_S17,0.1281961666101456,false,10.333333333333334,3,Brant Daugherty,Peta Murgatroyd,28,Actor/Actress,Actor,7,false,-8.16800584368152,-2.0541858360647227,10.333333333333334,0
17,6,Corbin Bleu_S17,0.12988355225855172,false,8.999966666666666,3,Corbin Bleu,Karina Smirnoff,24,Actor/Actress,Actor,2,false,-12.16800584368152,-2.04110928263465,8.999966666666666,0
17,6,Elizabeth Berkley Lauren_S17,0.13006625052549214,false,10.6666,3,Elizabeth Berkley Lauren,Valentin Chmerkovskiy,39,Actor/Actress,Actor,6,false,2.83199415631848,-2.0397036505515866,10.6666,0
17,6,Jack Osbourne_S17,0.12601374656600003,false,8.999933333333333,3,Jack Osbourne,Cheryl Burke,27,TV Personality,TV,3,false,-9.16800584368152,-2.0713563426407697,8.999933333333333,0
17,6,Leah Remini_S17,0.12479687377759509,false,9.3333,3,Leah Remini,Tony Dovolani,43,Actor/Actress,Actor,5,false,6.83199415631848,-2.0810598602304426,9.3333,0
17,6,"Nicole ""Snooki"" Polizzi_S17",0.12604756872161813,false,10.0,3,"Nicole ""Snooki"" Polizzi",Sasha Farber,25,TV Personality,TV,8,false,-11.16800584368152,-2.0710879802590205,10.0,0
17,7,Amber Riley_S17,0.13268711642536582,false,9.833333333333334,3,Amber Riley,Derek Hough,27,Actor/Actress,Actor,1,false,-9.16800584368152,-2.019753893836635,9.833333333333334,0
17,7,Bill Engvall_S17,0.1262961780347079,false,8.333333333333334,3,Bill Engvall,Emma Slater,56,Comedian,Entertainment,4,false,19.83199415631848,-2.0691175932267893,8.333333333333334,0
17,7,Brant Daugherty_S17,0.13091251166284923,false,9.5,3,Brant Daugherty,Peta Murgatroyd,28,Actor/Actress,Actor,7,false,-8.16800584368152,-2.033218390133878,9.5,0
17,7,Corbin Bleu_S17,0.12891234775977067,false,9.833333333333334,3,Corbin Bleu,Karina Smirnoff,24,Actor/Actress,Actor,2,false,-12.16800584368152,-2.048614823119776,9.833333333333334,0
17,7,Elizabeth Berkley Lauren_S17,0.1337925516535416,false,9.0,3,Elizabeth Berkley Lauren,Valentin Chmerkovskiy,39,Actor/Actress,Actor,6,false,2.83199415631848,-2.0114573263690922,9.0,0
17,7,Jack Osbourne_S17,0.133302227668421,false,9.5,3,Jack Osbourne,Cheryl Burke,27,TV Personality,TV,3,false,-9.16800584368152,-2.0151288385240687,9.5,0
17,7,Leah Remini_S17,0.13500270463852712,false,8.833333333333334,3,Leah Remini,Tony Dovolani,43,Actor/Actress,Actor,5,false,6.83199415631848,-2.0024530591533583,8.833333333333334,0
17,7,"Nicole ""Snooki"" Polizzi_S17",0.0790943621568169,true,9.0,3,"Nicole ""Snooki"" Polizzi",Sasha Farber,25,TV Personality,TV,8,false,-11.16800584368152,-2.5371010385846726,9.0,0
17,8,Amber Riley_S17,0.15071873692482288,false,9.333333333333334,3,Amber Riley,Derek Hough,27,Actor/Actress,Actor,1,false,-9.16800584368152,-1.8923332136119313,9.333333333333334,0
17,8,Bill Engvall_S17,0.1501535714541659,false,8.0,3,Bill Engvall,Emma Slater,56,Comedian,Entertainment,4,false,19.83199415631848,-1.8960900391010744,8.0,0
17,8,Brant Daugherty_S17,0.09338598541889968,true,9.0,3,Brant Daugherty,Peta Murgatroyd,28,Actor/Actress,Actor,7,false,-8.16800584368152,-2.3710032858664634,9.0,0
17,8,Corbin Bleu_S17,0.14694502349832933,false,10.0,3,Corbin Bleu,Karina Smirnoff,24,Actor/Actress,Actor,2,false,-12.16800584368152,-1.9176899467192807,10.0,0
17,8,Elizabeth Berkley Lauren_S17,0.15624307033138599,false,8.333333333333334,3,Elizabeth Berkley Lauren,Valentin Chmerkovskiy,39,Actor/Actress,Actor,6,false,2.83199415631848,-1.8563359409648708,8.333333333333334,0
17,8,Jack Osbourne_S17,0.15122439583137948,false,10.0,3,Jack Osbourne,Cheryl Burke,27,TV Personality,TV,3,false,-9.16800584368152,-1.8889838674929684,10.0,0
17,8,Leah Remini_S17,0.15132921654101741,false,9.333333333333334,3,Leah Remini,Tony Dovolani,43,Actor/Actress,Actor,5,false,6.83199415631848,-1.8882909653649276,9.333333333333334,0
17,9,Amber Riley_S17,0.18101675472621193,false,8.5,3,Amber Riley,Derek Hough,27,Actor/Actress,Actor,1,false,-9.16800584368152,-1.7091601601170465,8.5,0
17,9,Bill Engvall_S17,0.18590276751708096,false,7.0,3,Bill Engvall,Emma Slater,56,Comedian,Entertainment,4,false,19.83199415631848,-1.682526118096027,7.0,0
17,9,Corbin Bleu_S17,0.1716727993298958,false,9.666666666666666,3,Corbin Bleu,Karina Smirnoff,24,Actor/Actress,Actor,2,false,-12.16800584368152,-1.7621591183551284,9.666666666666666,0
17,9,Elizabeth Berkley Lauren_S17,0.10298939159977871,true,9.333333333333334,3,Elizabeth Berkley Lauren,Valentin Chmerkovskiy,39,Actor/Actress,Actor,6,false,2.83199415631848,-2.2731195805429,9.333333333333334,0
17,9,Jack Osbourne_S17,0.17793715242638705,false,9.0,3,Jack Osbourne,Cheryl Burke,27,TV Personality,TV,3,false,-9.16800584368152,-1.7263192473463902,9.0,0
17,9,Leah Remini_S17,0.18048113440064548,false,9.0,3,Leah Remini,Tony Dovolani,43,Actor/Actress,Actor,5,false,6.83199415631848,-1.7121234844976612,9.0,0
17,10,Amber Riley_S17,0.2155868551028123,false,9.875,4,Amber Riley,Derek Hough,27,Actor/Actress,Actor,1,false,-9.16800584368152,-1.534386772225893,9.875,0
17,10,Bill Engvall_S17,0.21506036158809813,false,7.5,4,Bill Engvall,Emma Slater,56,Comedian,Entertainment,4,false,19.83199415631848,-1.5368318888387473,7.5,0
17,10,Corbin Bleu_S17,0.2114490993374089,false,9.375,4,Corbin Bleu,Karina Smirnoff,24,Actor/Actress,Actor,2,false,-12.16800584368152,-1.5537662452722676,9.375,0
17,10,Jack Osbourne_S17,0.2138461925139482,false,8.875,4,Jack Osbourne,Cheryl Burke,27,TV Personality,TV,3,false,-9.16800584368152,-1.5424935726911726,8.875,0
17,10,Leah Remini_S17,0.1440574914577319,true,8.125,4,Leah Remini,Tony Dovolani,43,Actor/Actress,Actor,5,false,6.83199415631848,-1.937535871200544,8.125,0
17,11,Amber Riley_S17,0.30856654617957663,false,10.4444,3,Amber Riley,Derek Hough,27,Actor/Actress,Actor,1,false,-9.16800584368152,-1.1758145092638377,10.4444,0
17,11,Bill Engvall_S17,0.18980019662440006,false,8.499966666666666,3,Bill Engvall,Emma Slater,56,Comedian,Entertainment,4,false,19.83199415631848,-1.6617780881665418,8.499966666666666,0
17,11,Corbin Bleu_S17,0.26861909563657194,false,9.8888,3,Corbin Bleu,Karina Smirnoff,24,Actor/Actress,Actor,2,false,-12.16800584368152,-1.3144571814720407,9.8888,0
17,11,Jack Osbourne_S17,0.23301416155945087,false,9.3333,3,Jack Osbourne,Cheryl Burke,27,TV Personality,TV,3,false,-9.16800584368152,-1.4566517564628623,9.3333,0
18,1,Amy Purdy_S18,0.08650880790296182,false,8.0,3,Amy Purdy,Derek Hough,34,Athlete,Athlete,2,false,-2.16800584368152,-2.44749748531062,8.0,0
18,1,Candace Cameron Bure_S18,0.08753687453009013,false,8.333333333333334,3,Candace Cameron Bure,Mark Ballas,37,Actor/Actress,Actor,3,false,0.8319941563184798,-2.4356837274994136,8.333333333333334,0
18,1,Charlie White_S18,0.08441474428793395,false,9.0,3,Charlie White,Sharna Burgess,26,Athlete,Athlete,5,false,-10.16800584368152,-2.4720013510814374,9.0,0
18,1,Cody Simpson_S18,0.08437561427153262,false,7.333333333333333,3,Cody Simpson,Witney Carson,17,Singer/Rapper,Singer,9,false,-19.16800584368152,-2.4724649978654063,7.333333333333333,0
18,1,Danica McKellar_S18,0.08566417888905573,false,8.0,3,Danica McKellar,Valentin Chmerkovskiy,39,Actor/Actress,Actor,6,false,2.83199415631848,-2.4573088499596603,8.0,0
18,1,Diana Nyad_S18,0.05442476065643921,true,6.0,3,Diana Nyad,Henry Byalikov,64,Athlete,Athlete,12,false,27.83199415631848,-2.910917695726961,6.0,0
18,1,Drew Carey_S18,0.07999578593100984,false,7.0,3,Drew Carey,Cheryl Burke,55,Comedian,Entertainment,8,false,18.83199415631848,-2.525768820977704,7.0,0
18,1,James Maslow_S18,0.0865962901544574,false,7.0,3,James Maslow,Peta Murgatroyd,23,Actor/Actress,Actor,4,false,-13.16800584368152,-2.446486755422305,7.0,0
18,1,Meryl Davis_S18,0.08506208813476293,false,8.0,3,Meryl Davis,Maksim Chmerkoskiy,27,Athlete,Athlete,1,false,-9.16800584368152,-2.4643620844457823,8.0,0
18,1,NeNe Leakes_S18,0.08590755450270784,false,7.0,3,NeNe Leakes,Tony Dovolani,46,TV Personality,TV,7,false,9.83199415631848,-2.454471868190082,7.0,0
18,1,Sean Avery_S18,0.08830173273004814,false,6.666666666666667,3,Sean Avery,Karina Smirnoff,33,Athlete,Athlete,11,false,-3.16800584368152,-2.426984223605944,6.666666666666667,0
18,2,Amy Purdy_S18,0.09644241768804197,false,8.0,3,Amy Purdy,Derek Hough,34,Athlete,Athlete,2,false,-2.16800584368152,-2.338798787806407,8.0,0
18,2,Candace Cameron Bure_S18,0.0983363811194493,false,7.0,3,Candace Cameron Bure,Mark Ballas,37,Actor/Actress,Actor,3,false,0.8319941563184798,-2.319351048231035,7.0,0
18,2,Charlie White_S18,0.0926147978845701,false,8.333333333333334,3,Charlie White,Sharna Burgess,26,Athlete,Athlete,5,false,-10.16800584368152,-2.37929554837605,8.333333333333334,0
18,2,Cody Simpson_S18,0.09537455807398146,false,7.333333333333333,3,Cody Simpson,Witney Carson,17,Singer/Rapper,Singer,9,false,-19.16800584368152,-2.3499329380291676,7.333333333333333,0
18,2,Danica McKellar_S18,0.09760865248129841,false,8.0,3,Danica McKellar,Valentin Chmerkovskiy,39,Actor/Actress,Actor,6,false,2.83199415631848,-2.3267788920792527,8.0,0
18,2,Drew Carey_S18,0.09399861893378161,false,7.0,3,Drew Carey,Cheryl Burke,55,Comedian,Entertainment,8,false,18.83199415631848,-2.3644645506162907,7.0,0
18,2,James Maslow_S18,0.09664721683873367,false,8.333333333333334,3,James Maslow,Peta Murgatroyd,23,Actor/Actress,Actor,4,false,-13.16800584368152,-2.336677523174832,8.333333333333334,0
18,2,Meryl Davis_S18,0.09408199679956279,false,8.333333333333334,3,Meryl Davis,Maksim Chmerkoskiy,27,Athlete,Athlete,1,false,-9.16800584368152,-2.36357794160229,8.333333333333334,0
18,2,NeNe Leakes_S18,0.09702965968518315,false,7.0,3,NeNe Leakes,Tony Dovolani,46,TV Personality,TV,7,false,9.83199415631848,-2.3327282711925776,7.0,0
18,2,Sean Avery_S18,0.06268609080914449,true,7.0,3,Sean Avery,Karina Smirnoff,33,Athlete,Athlete,11,false,-3.16800584368152,-2.769599740752561,7.0,0
18,3,Amy Purdy_S18,0.1154520314286507,false,9.0,4,Amy Purdy,Derek Hough,34,Athlete,Athlete,2,false,-2.16800584368152,-2.158891486023967,9.0,0
18,3,Candace Cameron Bure_S18,0.10969312790648778,false,8.0,4,Candace Cameron Bure,Mark Ballas,37,Actor/Actress,Actor,3,false,0.8319941563184798,-2.2100594417891974,8.0,0
18,3,Charlie White_S18,0.11254505014483784,false,9.0,4,Charlie White,Sharna Burgess,26,Athlete,Athlete,5,false,-10.16800584368152,-2.1843928064714424,9.0,0
18,3,Cody Simpson_S18,0.10906541201002234,false,8.75,4,Cody Simpson,Witney Carson,17,Singer/Rapper,Singer,9,false,-19.16800584368152,-2.2157982977958137,8.75,0
18,3,Danica McKellar_S18,0.1164985965507846,false,9.0,4,Danica McKellar,Valentin Chmerkovskiy,39,Actor/Actress,Actor,6,false,2.83199415631848,-2.1498674690657724,9.0,0
18,3,Drew Carey_S18,0.10110955771424927,false,7.5,4,Drew Carey,Cheryl Burke,55,Comedian,Entertainment,8,false,18.83199415631848,-2.2915407299782147,7.5,0
18,3,James Maslow_S18,0.1134412700830982,false,9.0,4,James Maslow,Peta Murgatroyd,23,Actor/Actress,Actor,4,false,-13.16800584368152,-2.176461205087734,9.0,0
18,3,Meryl Davis_S18,0.10928708285154246,false,9.75,4,Meryl Davis,Maksim Chmerkoskiy,27,Athlete,Athlete,1,false,-9.16800584368152,-2.213767921294405,9.75,0
18,3,NeNe Leakes_S18,0.11290787131032687,false,7.75,4,NeNe Leakes,Tony Dovolani,46,TV Personality,TV,7,false,9.83199415631848,-2.1811742342055647,7.75,0
18,4,Amy Purdy_S18,0.11463337780448335,false,8.5,4,Amy Purdy,Derek Hough,34,Athlete,Athlete,2,false,-2.16800584368152,-2.1660075388448403,8.5,0
18,4,Candace Cameron Bure_S18,0.11390859370485437,false,7.0,4,Candace Cameron Bure,Mark Ballas,37,Actor/Actress,Actor,3,false,0.8319941563184798,-2.172350182885084,7.0,0
18,4,Charlie White_S18,0.11529787501727444,false,8.25,4,Charlie White,Sharna Burgess,26,Athlete,Athlete,5,false,-10.16800584368152,-2.1602276087601493,8.25,0
18,4,Cody Simpson_S18,0.10546537525558723,false,7.75,4,Cody Simpson,Witney Carson,17,Singer/Rapper,Singer,9,false,-19.16800584368152,-2.2493630948238974,7.75,0
18,4,Danica McKellar_S18,0.11426340537900226,false,8.0,4,Danica McKellar,Valentin Chmerkovskiy,39,Actor/Actress,Actor,6,false,2.83199415631848,-2.1692401706877624,8.0,0
18,4,Drew Carey_S18,0.1010616461627653,false,8.25,4,Drew Carey,Cheryl Burke,55,Comedian,Entertainment,8,false,18.83199415631848,-2.292014695384729,8.25,0
18,4,James Maslow_S18,0.1111752999554562,false,8.75,4,James Maslow,Peta Murgatroyd,23,Actor/Actress,Actor,4,false,-13.16800584368152,-2.1966380497780356,8.75,0
18,4,Meryl Davis_S18,0.11177261547022538,false,9.75,4,Meryl Davis,Maksim Chmerkoskiy,27,Athlete,Athlete,1,false,-9.16800584368152,-2.1912797436959073,9.75,0
18,4,NeNe Leakes_S18,0.11242181125035133,false,8.0,4,NeNe Leakes,Tony Dovolani,46,TV Personality,TV,7,false,9.83199415631848,-2.1854884150463336,8.0,0
18,5,Amy Purdy_S18,0.1161557743371081,false,9.25,4,Amy Purdy,Derek Hough,34,Athlete,Athlete,2,false,-2.16800584368152,-2.152814497427687,9.25,0
18,5,Candace Cameron Bure_S18,0.11909212186469627,false,8.75,4,Candace Cameron Bure,Mark Ballas,37,Actor/Actress,Actor,3,false,0.8319941563184798,-2.1278495552146754,8.75,0
18,5,Charlie White_S18,0.1145863639636086,false,9.25,4,Charlie White,Sharna Burgess,26,Athlete,Athlete,5,false,-10.16800584368152,-2.166417742878466,9.25,0
18,5,Cody Simpson_S18,0.06838762277462192,true,8.5,4,Cody Simpson,Witney Carson,17,Singer/Rapper,Singer,9,false,-19.16800584368152,-2.682548801892975,8.5,0
18,5,Danica McKellar_S18,0.11661716089479,false,9.75,4,Danica McKellar,Valentin Chmerkovskiy,39,Actor/Actress,Actor,6,false,2.83199415631848,-2.1488502633794457,9.75,0
18,5,Drew Carey_S18,0.1188440112265736,false,7.0,4,Drew Carey,Cheryl Burke,55,Comedian,Entertainment,8,false,18.83199415631848,-2.1299350614328305,7.0,0
18,5,James Maslow_S18,0.11357890331429557,false,10.0,4,James Maslow,Peta Murgatroyd,23,Actor/Actress,Actor,4,false,-13.16800584368152,-2.175248695789635,10.0,0
18,5,Meryl Davis_S18,0.11658906103394094,false,9.0,4,Meryl Davis,Maksim Chmerkoskiy,27,Athlete,Athlete,1,false,-9.16800584368152,-2.1490912485449996,9.0,0
18,5,NeNe Leakes_S18,0.1161489805903651,false,9.0,4,NeNe Leakes,Tony Dovolani,46,TV Personality,TV,7,false,9.83199415631848,-2.1528729868740832,9.0,0
18,6,Amy Purdy_S18,0.12976538460112713,false,9.5,4,Amy Purdy,Derek Hough,34,Athlete,Athlete,2,false,-2.16800584368152,-2.042019486672517,9.5,0
18,6,Candace Cameron Bure_S18,0.13613061815325142,false,8.0,4,Candace Cameron Bure,Mark Ballas,37,Actor/Actress,Actor,3,false,0.8319941563184798,-1.9941330807051354,8.0,0
18,6,Charlie White_S18,0.12764624243943878,false,9.0,4,Charlie White,Sharna Burgess,26,Athlete,Athlete,5,false,-10.16800584368152,-2.058484738039233,9.0,0
18,6,Danica McKellar_S18,0.13395970767272067,false,9.0,4,Danica McKellar,Valentin Chmerkovskiy,39,Actor/Actress,Actor,6,false,2.83199415631848,-2.01020874835345,9.0,0
18,6,Drew Carey_S18,0.07995751959595127,true,8.0,4,Drew Carey,Cheryl Burke,55,Comedian,Entertainment,8,false,18.83199415631848,-2.526247283829093,8.0,0
18,6,James Maslow_S18,0.13120205288784983,false,8.75,4,James Maslow,Peta Murgatroyd,23,Actor/Actress,Actor,4,false,-13.16800584368152,-2.0310091337805964,8.75,0
18,6,Meryl Davis_S18,0.12946896133363672,false,10.0,4,Meryl Davis,Maksim Chmerkoskiy,27,Athlete,Athlete,1,false,-9.16800584368152,-2.044306383562767,10.0,0
18,6,NeNe Leakes_S18,0.13186951331602442,false,8.25,4,NeNe Leakes,Tony Dovolani,46,TV Personality,TV,7,false,9.83199415631848,-2.025934797578732,8.25,0
18,7,Amy Purdy_S18,0.14908802473783447,false,9.375,4,Amy Purdy,Derek Hough,34,Athlete,Athlete,2,false,-2.16800584368152,-1.903211669995685,9.375,0
18,7,Candace Cameron Bure_S18,0.14887931265900092,false,9.25,4,Candace Cameron Bure,Mark Ballas,37,Actor/Actress,Actor,3,false,0.8319941563184798,-1.9046125665764557,9.25,0
18,7,Charlie White_S18,0.1488781084639788,false,8.875,4,Charlie White,Sharna Burgess,26,Athlete,Athlete,5,false,-10.16800584368152,-1.9046206549520817,8.875,0
18,7,Danica McKellar_S18,0.1502178388284036,false,9.0,4,Danica McKellar,Valentin Chmerkovskiy,39,Actor/Actress,Actor,6,false,2.83199415631848,-1.8956621225610724,9.0,0
18,7,James Maslow_S18,0.1519349825920735,false,8.75,4,James Maslow,Peta Murgatroyd,23,Actor/Actress,Actor,4,false,-13.16800584368152,-1.8842960140090694,8.75,0
18,7,Meryl Davis_S18,0.1492296580808711,false,9.75,4,Meryl Davis,Maksim Chmerkoskiy,27,Athlete,Athlete,1,false,-9.16800584368152,-1.9022621292054824,9.75,0
18,7,NeNe Leakes_S18,0.1017720746378371,true,8.25,4,NeNe Leakes,Tony Dovolani,46,TV Personality,TV,7,false,9.83199415631848,-2.2850097026021827,8.25,0
18,8,Amy Purdy_S18,0.17576781101300484,false,10.0,4,Amy Purdy,Derek Hough,34,Athlete,Athlete,2,false,-2.16800584368152,-1.7385857212280396,10.0,0
18,8,Candace Cameron Bure_S18,0.1783769024643438,false,9.0,4,Candace Cameron Bure,Mark Ballas,37,Actor/Actress,Actor,3,false,0.8319941563184798,-1.7238509316183248,9.0,0
18,8,Charlie White_S18,0.1767061169592317,false,10.0,4,Charlie White,Sharna Burgess,26,Athlete,Athlete,5,false,-10.16800584368152,-1.7332616233921379,10.0,0
18,8,Danica McKellar_S18,0.11024860753348761,true,9.5,4,Danica McKellar,Valentin Chmerkovskiy,39,Actor/Actress,Actor,6,false,2.83199415631848,-2.205008324448478,9.5,0
18,8,James Maslow_S18,0.17920136190521496,false,9.0,4,James Maslow,Peta Murgatroyd,23,Actor/Actress,Actor,4,false,-13.16800584368152,-1.719239598253529,9.0,0
18,8,Meryl Davis_S18,0.17969920012471693,false,9.0,4,Meryl Davis,Maksim Chmerkoskiy,27,Athlete,Athlete,1,false,-9.16800584368152,-1.7164653715331608,9.0,0
18,9,Amy Purdy_S18,0.21633460821581038,false,9.75,4,Amy Purdy,Derek Hough,34,Athlete,Athlete,2,false,-2.16800584368152,-1.5309243353659585,9.75,0
18,9,Candace Cameron Bure_S18,0.221801078054178,false,9.0,4,Candace Cameron Bure,Mark Ballas,37,Actor/Actress,Actor,3,false,0.8319941563184798,-1.505969835064773,9.0,0
18,9,Charlie White_S18,0.13499068365495123,true,9.5,4,Charlie White,Sharna Burgess,26,Athlete,Athlete,5,false,-10.16800584368152,-2.00254210499714,9.5,0
18,9,James Maslow_S18,0.21403090818729936,false,9.5,4,James Maslow,Peta Murgatroyd,23,Actor/Actress,Actor,4,false,-13.16800584368152,-1.5416301713961653,9.5,0
18,9,Meryl Davis_S18,0.21284272188776082,false,10.0,4,Meryl Davis,Maksim Chmerkoskiy,27,Athlete,Athlete,1,false,-9.16800584368152,-1.5471970826197867,10.0,0
18,10,Amy Purdy_S18,0.2620168160806567,false,9.888866666666667,3,Amy Purdy,Derek Hough,34,Athlete,Athlete,2,false,-2.16800584368152,-1.3393427772251065,9.888866666666667,0
18,10,Candace Cameron Bure_S18,0.2502206663618404,false,8.6666,3,Candace Cameron Bure,Mark Ballas,37,Actor/Actress,Actor,3,false,0.8319941563184798,-1.385408088528133,8.6666,0
18,10,James Maslow_S18,0.1794802332457656,false,9.666666666666666,3,James Maslow,Peta Murgatroyd,23,Actor/Actress,Actor,4,false,-13.16800584368152,-1.7176846266824186,9.666666666666666,0
18,10,Meryl Davis_S18,0.30828228431173843,false,10.0,3,Meryl Davis,Maksim Chmerkoskiy,27,Athlete,Athlete,1,false,-9.16800584368152,-1.176736164464444,10.0,0
19,1,Alfonso Ribeiro_S19,0.0825818701952873,false,9.0,4,Alfonso Ribeiro,Witney Carson,42,Actor/Actress,Actor,1,false,5.83199415631848,-2.4939530025855947,9.0,0
19,1,Antonio Sabato Jr._S19,0.08118377148740032,false,6.25,4,Antonio Sabato Jr.,Cheryl Burke,42,Actor/Actress,Actor,8,false,5.83199415631848,-2.5110275926615575,6.25,0
19,1,Bethany Mota_S19,0.0850161117291511,false,8.0,4,Bethany Mota,Derek Hough,18,Social Media Personality,TV,4,false,-18.16800584368152,-2.464902728292256,8.0,0
19,1,Betsey Johnson_S19,0.07481619665223943,false,5.0,4,Betsey Johnson,Tony Dovolani,72,Fashion Designer,Other,10,false,35.83199415631848,-2.59270751865716,5.0,0
19,1,Janel Parrish_S19,0.07825347590775271,false,7.25,4,Janel Parrish,Valentin Chmerkovskiy,25,Actor/Actress,Actor,3,false,-11.16800584368152,-2.5477892510986617,7.25,0
19,1,Jonathan Bennett_S19,0.08051581686998636,false,7.5,4,Jonathan Bennett,Allison Holker,33,Actor/Actress,Actor,9,false,-3.16800584368152,-2.519289211158054,7.5,0
19,1,Lea Thompson_S19,0.08045245197376683,false,8.0,4,Lea Thompson,Artem Chigvintsev,53,Actor/Actress,Actor,6,false,16.83199415631848,-2.5200764981514543,8.0,0
19,1,Lolo Jones_S19,0.05023737901622433,true,5.5,4,Lolo Jones,Keo Motsepe,32,Athlete,Athlete,13,false,-4.16800584368152,-2.9909760221471657,5.5,0
19,1,Michael Waltrip_S19,0.08393879940725991,false,6.25,4,Michael Waltrip,Emma Slater,51,Racing Driver,Athlete,7,false,14.83199415631848,-2.477655410795298,6.25,0
19,1,Randy Couture_S19,0.08117465717678947,false,7.75,4,Randy Couture,Karina Smirnoff,51,Athlete,Athlete,11,false,14.83199415631848,-2.511139865223233,7.75,0
19,1,Sadie Robertson_S19,0.07903716487396124,false,8.5,4,Sadie Robertson,Mark Ballas,17,TV Personality,TV,2,false,-19.16800584368152,-2.5378244434997965,8.5,0
19,1,Tavis Smiley_S19,0.06900043761034183,false,7.25,4,Tavis Smiley,Sharna Burgess,50,Radio Personality,TV,12,false,13.83199415631848,-2.6736279396694314,7.25,0
19,1,Tommy Chong_S19,0.0737918670998391,false,6.75,4,Tommy Chong,Peta Murgatroyd,76,Comedian,Entertainment,5,false,39.83199415631848,-2.6064932038104907,6.75,0
19,2,Alfonso Ribeiro_S19,0.08788565149727033,false,8.0,4,Alfonso Ribeiro,Witney Carson,42,Actor/Actress,Actor,1,false,5.83199415631848,-2.4317073459222316,8.0,0
19,2,Antonio Sabato Jr._S19,0.08940675394969988,false,7.75,4,Antonio Sabato Jr.,Cheryl Burke,42,Actor/Actress,Actor,8,false,5.83199415631848,-2.4145478673456573,7.75,0
19,2,Bethany Mota_S19,0.0943616205805105,false,8.25,4,Bethany Mota,Derek Hough,18,Social Media Personality,TV,4,false,-18.16800584368152,-2.360610252673676,8.25,0
19,2,Betsey Johnson_S19,0.0763209930000049,false,7.0,4,Betsey Johnson,Tony Dovolani,72,Fashion Designer,Other,10,false,35.83199415631848,-2.5727941384513433,7.0,0
19,2,Janel Parrish_S19,0.08640051712950604,false,8.5,4,Janel Parrish,Valentin Chmerkovskiy,25,Actor/Actress,Actor,3,false,-11.16800584368152,-2.4487500439570082,8.5,0
19,2,Jonathan Bennett_S19,0.08773663590830337,false,7.5,4,Jonathan Bennett,Allison Holker,33,Actor/Actress,Actor,9,false,-3.16800584368152,-2.433404327893563,7.5,0
19,2,Lea Thompson_S19,0.08542649939498861,false,8.75,4,Lea Thompson,Artem Chigvintsev,53,Actor/Actress,Actor,6,false,16.83199415631848,-2.46008722305365,8.75,0
19,2,Michael Waltrip_S19,0.09209501802453982,false,6.0,4,Michael Waltrip,Emma Slater,51,Racing Driver,Athlete,7,false,14.83199415631848,-2.3849235720025668,6.0,0
19,2,Randy Couture_S19,0.0897044788757809,false,7.0,4,Randy Couture,Karina Smirnoff,51,Athlete,Athlete,11,false,14.83199415631848,-2.411223431785136,7.0,0
19,2,Sadie Robertson_S19,0.08324149936291983,false,7.75,4,Sadie Robertson,Mark Ballas,17,TV Personality,TV,2,false,-19.16800584368152,-2.485997251923334,7.75,0
19,2,Tavis Smiley_S19,0.047191057628606314,true,7.0,4,Tavis Smiley,Sharna Burgess,50,Radio Personality,TV,12,false,13.83199415631848,-3.0535296711300846,7.0,0
19,2,Tommy Chong_S19,0.08022927464786932,false,7.0,4,Tommy Chong,Peta Murgatroyd,76,Comedian,Entertainment,5,false,39.83199415631848,-2.5228543459659276,7.0,0
19,3,Alfonso Ribeiro_S19,0.09697188549418183,false,8.0,4,Alfonso Ribeiro,Witney Carson,42,Actor/Actress,Actor,1,false,5.83199415631848,-2.3333238705426393,8.0,0
19,3,Antonio Sabato Jr._S19,0.09861162163378628,false,7.25,4,Antonio Sabato Jr.,Cheryl Burke,42,Actor/Actress,Actor,8,false,5.83199415631848,-2.31655601710968,7.25,0
19,3,Bethany Mota_S19,0.09944249546090687,false,10.0,4,Bethany Mota,Derek Hough,18,Social Media Personality,TV,4,false,-18.16800584368152,-2.30816568094025,10.0,0
19,3,Betsey Johnson_S19,0.08246583708933156,false,7.25,4,Betsey Johnson,Tony Dovolani,72,Fashion Designer,Other,10,false,35.83199415631848,-2.4953590411297477,7.25,0
19,3,Janel Parrish_S19,0.09551833170693624,false,10.0,4,Janel Parrish,Valentin Chmerkovskiy,25,Actor/Actress,Actor,3,false,-11.16800584368152,-2.34842662573024,10.0,0
19,3,Jonathan Bennett_S19,0.09489903190070687,false,8.0,4,Jonathan Bennett,Allison Holker,33,Actor/Actress,Actor,9,false,-3.16800584368152,-2.354931237215554,8.0,0
19,3,Lea Thompson_S19,0.09592506531103571,false,7.75,4,Lea Thompson,Artem Chigvintsev,53,Actor/Actress,Actor,6,false,16.83199415631848,-2.3441775372445313,7.75,0
19,3,Michael Waltrip_S19,0.09974522776307626,false,7.0,4,Michael Waltrip,Emma Slater,51,Racing Driver,Athlete,7,false,14.83199415631848,-2.3051260408387577,7.0,0
19,3,Randy Couture_S19,0.061450298729976656,true,6.5,4,Randy Couture,Karina Smirnoff,51,Athlete,Athlete,11,false,14.83199415631848,-2.7895103084501147,6.5,0
19,3,Sadie Robertson_S19,0.0930767388749887,false,8.0,4,Sadie Robertson,Mark Ballas,17,TV Personality,TV,2,false,-19.16800584368152,-2.3743202331186914,8.0,0
19,3,Tommy Chong_S19,0.08189346603507397,false,8.5,4,Tommy Chong,Peta Murgatroyd,76,Comedian,Entertainment,5,false,39.83199415631848,-2.50232386018537,8.5,0
19,4,Alfonso Ribeiro_S19,0.1043335326860065,false,10.0,4,Alfonso Ribeiro,Witney Carson,42,Actor/Actress,Actor,1,false,5.83199415631848,-2.2601528817831316,10.0,0
19,4,Antonio Sabato Jr._S19,0.10742000898110059,false,7.25,4,Antonio Sabato Jr.,Cheryl Burke,42,Actor/Actress,Actor,8,false,5.83199415631848,-2.2309995016881974,7.25,0
19,4,Bethany Mota_S19,0.11164633350813803,false,8.25,4,Bethany Mota,Derek Hough,18,Social Media Personality,TV,4,false,-18.16800584368152,-2.1924101835773304,8.25,0
19,4,Betsey Johnson_S19,0.05420632221290302,true,7.25,4,Betsey Johnson,Tony Dovolani,72,Fashion Designer,Other,10,false,35.83199415631848,-2.914939283482181,7.25,0
19,4,Janel Parrish_S19,0.10208296870571947,false,9.0,4,Janel Parrish,Valentin Chmerkovskiy,25,Actor/Actress,Actor,3,false,-11.16800584368152,-2.281959581754652,9.0,0
19,4,Jonathan Bennett_S19,0.10915911151554616,false,6.0,4,Jonathan Bennett,Allison Holker,33,Actor/Actress,Actor,9,false,-3.16800584368152,-2.214939561563681,6.0,0
19,4,Lea Thompson_S19,0.10270193424206221,false,9.75,4,Lea Thompson,Artem Chigvintsev,53,Actor/Actress,Actor,6,false,16.83199415631848,-2.2759145914522407,9.75,0
19,4,Michael Waltrip_S19,0.11030931525397024,false,6.25,4,Michael Waltrip,Emma Slater,51,Racing Driver,Athlete,7,false,14.83199415631848,-2.2044578371138033,6.25,0
19,4,Sadie Robertson_S19,0.10145959806548596,false,9.25,4,Sadie Robertson,Mark Ballas,17,TV Personality,TV,2,false,-19.16800584368152,-2.2880847522671757,9.25,0
19,4,Tommy Chong_S19,0.09668087482906837,false,7.0,4,Tommy Chong,Peta Murgatroyd,76,Comedian,Entertainment,5,false,39.83199415631848,-2.336329331226187,7.0,0
19,5,Alfonso Ribeiro_S19,0.11084697606008169,false,8.5,4,Alfonso Ribeiro,Witney Carson,42,Actor/Actress,Actor,1,false,5.83199415631848,-2.1995956014529283,8.5,0
19,5,Antonio Sabato Jr._S19,0.1108064555728369,false,7.0,4,Antonio Sabato Jr.,Cheryl Burke,42,Actor/Actress,Actor,8,false,5.83199415631848,-2.1999612183692174,7.0,0
19,5,Bethany Mota_S19,0.12244419692098045,false,8.0,4,Bethany Mota,Derek Hough,18,Social Media Personality,TV,4,false,-18.16800584368152,-2.1000917211717263,8.0,0
19,5,Janel Parrish_S19,0.1120851157516869,false,8.25,4,Janel Parrish,Valentin Chmerkovskiy,25,Actor/Actress,Actor,3,false,-11.16800584368152,-2.1884878124919553,8.25,0
19,5,Jonathan Bennett_S19,0.11225435422067459,false,6.0,4,Jonathan Bennett,Allison Holker,33,Actor/Actress,Actor,9,false,-3.16800584368152,-2.18697905442674,6.0,0
19,5,Lea Thompson_S19,0.11164077024993405,false,8.5,4,Lea Thompson,Artem Chigvintsev,53,Actor/Actress,Actor,6,false,16.83199415631848,-2.1924600136685575,8.5,0
19,5,Michael Waltrip_S19,0.11665624098378674,false,5.0,4,Michael Waltrip,Emma Slater,51,Racing Driver,Athlete,7,false,14.83199415631848,-2.148515207998144,5.0,0
19,5,Sadie Robertson_S19,0.10748630954952192,false,9.0,4,Sadie Robertson,Mark Ballas,17,TV Personality,TV,2,false,-19.16800584368152,-2.230382489085074,9.0,0
19,5,Tommy Chong_S19,0.095779580690497,false,5.75,4,Tommy Chong,Peta Murgatroyd,76,Comedian,Entertainment,5,false,39.83199415631848,-2.345695321332899,5.75,0
19,6,Alfonso Ribeiro_S19,0.11298274874557532,false,9.75,4,Alfonso Ribeiro,Witney Carson,42,Actor/Actress,Actor,1,false,5.83199415631848,-2.180511287023206,9.75,0
19,6,Antonio Sabato Jr._S19,0.12053403087268418,false,7.0,4,Antonio Sabato Jr.,Cheryl Burke,42,Actor/Actress,Actor,8,false,5.83199415631848,-2.115814855663775,7.0,0
19,6,Bethany Mota_S19,0.12388077671408869,false,9.0,4,Bethany Mota,Derek Hough,18,Social Media Personality,TV,4,false,-18.16800584368152,-2.088427581760992,9.0,0
19,6,Janel Parrish_S19,0.11431889288862668,false,8.25,4,Janel Parrish,Valentin Chmerkovskiy,25,Actor/Actress,Actor,3,false,-11.16800584368152,-2.1687546823043977,8.25,0
19,6,Jonathan Bennett_S19,0.06506662201966325,true,8.0,4,Jonathan Bennett,Allison Holker,33,Actor/Actress,Actor,9,false,-3.16800584368152,-2.7323282110997935,8.0,0
19,6,Lea Thompson_S19,0.1164635547470244,false,8.0,4,Lea Thompson,Artem Chigvintsev,53,Actor/Actress,Actor,6,false,16.83199415631848,-2.1501683033686403,8.0,0
19,6,Michael Waltrip_S19,0.12221382162686989,false,7.5,4,Michael Waltrip,Emma Slater,51,Racing Driver,Athlete,7,false,14.83199415631848,-2.1019749496907494,7.5,0
19,6,Sadie Robertson_S19,0.11359437675194238,false,8.75,4,Sadie Robertson,Mark Ballas,17,TV Personality,TV,2,false,-19.16800584368152,-2.175112471129397,8.75,0
19,6,Tommy Chong_S19,0.11094517563352442,false,7.0,4,Tommy Chong,Peta Murgatroyd,76,Comedian,Entertainment,5,false,39.83199415631848,-2.1987100994763478,7.0,0
19,7,Alfonso Ribeiro_S19,0.1274307816505679,false,8.5,4,Alfonso Ribeiro,Witney Carson,42,Actor/Actress,Actor,1,false,5.83199415631848,-2.0601741034496777,8.5,0
19,7,Antonio Sabato Jr._S19,0.08528674678661914,true,7.375,4,Antonio Sabato Jr.,Cheryl Burke,42,Actor/Actress,Actor,8,false,5.83199415631848,-2.4617244832599168,7.375,0
19,7,Bethany Mota_S19,0.13992691791722972,false,9.375,4,Bethany Mota,Derek Hough,18,Social Media Personality,TV,4,false,-18.16800584368152,-1.9666278609847327,9.375,0
19,7,Janel Parrish_S19,0.13032159893686288,false,8.375,4,Janel Parrish,Valentin Chmerkovskiy,25,Actor/Actress,Actor,3,false,-11.16800584368152,-2.037742372154981,8.375,0
19,7,Lea Thompson_S19,0.1272762636073654,false,8.75,4,Lea Thompson,Artem Chigvintsev,53,Actor/Actress,Actor,6,false,16.83199415631848,-2.061387394183041,8.75,0
19,7,Michael Waltrip_S19,0.1401049451490966,false,7.0,4,Michael Waltrip,Emma Slater,51,Racing Driver,Athlete,7,false,14.83199415631848,-1.9653563914995693,7.0,0
19,7,Sadie Robertson_S19,0.12809579179297367,false,7.75,4,Sadie Robertson,Mark Ballas,17,TV Personality,TV,2,false,-19.16800584368152,-2.054969114944406,7.75,0
19,7,Tommy Chong_S19,0.12155695415928454,false,7.5,4,Tommy Chong,Peta Murgatroyd,76,Comedian,Entertainment,5,false,39.83199415631848,-2.107364140959304,7.5,0
19,8,Alfonso Ribeiro_S19,0.14639811594888166,false,10.25,4,Alfonso Ribeiro,Witney Carson,42,Actor/Actress,Actor,1,false,5.83199415631848,-1.9214187160736933,10.25,0
19,8,Bethany Mota_S19,0.16089013538055805,false,10.0,4,Bethany Mota,Derek Hough,18,Social Media Personality,TV,4,false,-18.16800584368152,-1.8270273204694705,10.0,0
19,8,Janel Parrish_S19,0.13959014741168851,false,10.75,4,Janel Parrish,Valentin Chmerkovskiy,25,Actor/Actress,Actor,3,false,-11.16800584368152,-1.969037504621001,10.75,0
19,8,Lea Thompson_S19,0.15217691595013244,false,8.0,4,Lea Thompson,Artem Chigvintsev,53,Actor/Actress,Actor,6,false,16.83199415631848,-1.8827049429645912,8.0,0
19,8,Michael Waltrip_S19,0.11524934511421252,true,6.25,4,Michael Waltrip,Emma Slater,51,Racing Driver,Athlete,7,false,14.83199415631848,-2.160648602626457,6.25,0
19,8,Sadie Robertson_S19,0.14145208904139814,false,9.5,4,Sadie Robertson,Mark Ballas,17,TV Personality,TV,2,false,-19.16800584368152,-1.9557871430750078,9.5,0
19,8,Tommy Chong_S19,0.14424325115312805,false,7.25,4,Tommy Chong,Peta Murgatroyd,76,Comedian,Entertainment,5,false,39.83199415631848,-1.9362472277459588,7.25,0
19,9,Alfonso Ribeiro_S19,0.17858574930013632,false,9.625,4,Alfonso Ribeiro,Witney Carson,42,Actor/Actress,Actor,1,false,5.83199415631848,-1.7226808053406133,9.625,0
19,9,Bethany Mota_S19,0.1875760316330378,false,9.25,4,Bethany Mota,Derek Hough,18,Social Media Personality,TV,4,false,-18.16800584368152,-1.6735656825652159,9.25,0
19,9,Janel Parrish_S19,0.17409821549439056,false,9.625,4,Janel Parrish,Valentin Chmerkovskiy,25,Actor/Actress,Actor,3,false,-11.16800584368152,-1.7481299382813824,9.625,0
19,9,Lea Thompson_S19,0.10897983229367642,true,8.75,4,Lea Thompson,Artem Chigvintsev,53,Actor/Actress,Actor,6,false,16.83199415631848,-2.2165832627332382,8.75,0
19,9,Sadie Robertson_S19,0.17173332582896855,false,9.125,4,Sadie Robertson,Mark Ballas,17,TV Personality,TV,2,false,-19.16800584368152,-1.7618066135932127,9.125,0
19,9,Tommy Chong_S19,0.17902684544979003,false,7.125,4,Tommy Chong,Peta Murgatroyd,76,Comedian,Entertainment,5,false,39.83199415631848,-1.7202139240677552,7.125,0
19,10,Alfonso Ribeiro_S19,0.21341322592403392,false,9.375,4,Alfonso Ribeiro,Witney Carson,42,Actor/Actress,Actor,1,false,5.83199415631848,-1.5445202791497123,9.375,0
19,10,Bethany Mota_S19,0.22312265659786834,false,9.5,4,Bethany Mota,Derek Hough,18,Social Media Personality,TV,4,false,-18.16800584368152,-1.5000291473162488,9.5,0
19,10,Janel Parrish_S19,0.20961354533117085,false,9.75,4,Janel Parrish,Valentin Chmerkovskiy,25,Actor/Actress,Actor,3,false,-11.16800584368152,-1.5624849332790345,9.75,0
19,10,Sadie Robertson_S19,0.20587939101853225,false,9.25,4,Sadie Robertson,Mark Ballas,17,TV Personality,TV,2,false,-19.16800584368152,-1.58045990494481,9.25,0
19,10,Tommy Chong_S19,0.14797118112839586,true,7.75,4,Tommy Chong,Peta Murgatroyd,76,Comedian,Entertainment,5,false,39.83199415631848,-1.9107309882343988,7.75,0
19,11,Alfonso Ribeiro_S19,0.3099893039079318,false,10.0,4,Alfonso Ribeiro,Witney Carson,42,Actor/Actress,Actor,1,false,5.83199415631848,-1.1712142597084523,10.0,0
19,11,Bethany Mota_S19,0.19292681941649895,false,9.5,4,Bethany Mota,Derek Hough,18,Social Media Personality,TV,4,false,-18.16800584368152,-1.6454391526905756,9.5,0
19,11,Janel Parrish_S19,0.23075535892092017,false,9.74995,4,Janel Parrish,Valentin Chmerkovskiy,25,Actor/Actress,Actor,3,false,-11.16800584368152,-1.466392848358424,9.74995,0
19,11,Sadie Robertson_S19,0.2663285177546491,false,9.833300000000001,4,Sadie Robertson,Mark Ballas,17,TV Personality,TV,2,false,-19.16800584368152,-1.3230209483145707,9.833300000000001,0
20,1,Charlotte McKinney_S20,0.07228083638353888,false,5.5,4,Charlotte McKinney,Keo Motsepe,21,Model,Model,11,false,-15.16800584368152,-2.627182407057069,5.5,0
20,1,Chris Soules_S20,0.09111058770637505,false,6.5,4,Chris Soules,Witney Carson,33,TV Personality,TV,5,false,-3.16800584368152,-2.39567028515011,6.5,0
20,1,Michael Sam_S20,0.08875014136359846,false,6.5,4,Michael Sam,Peta Murgatroyd,25,Athlete,Athlete,10,false,-11.16800584368152,-2.4219189902743943,6.5,0
20,1,Nastia Liukin_S20,0.08934711386260982,false,7.5,4,Nastia Liukin,Derek Hough,25,Athlete,Athlete,4,false,-11.16800584368152,-2.4152151471394108,7.5,0
20,1,Noah Galloway_S20,0.06948118789327072,false,6.5,4,Noah Galloway,Sharna Burgess,33,Motivational Speaker,Entertainment,3,false,-3.16800584368152,-2.6666848485645644,6.5,0
20,1,Patti LaBelle_S20,0.08400559008280353,false,6.25,4,Patti LaBelle,Artem Chigvintsev,70,Singer/Rapper,Singer,8,false,33.83199415631848,-2.476860029849419,6.25,0
20,1,Redfoo_S20,0.08300612624013652,false,5.5,4,Redfoo,Emma Slater,39,Singer/Rapper,Singer,12,false,2.83199415631848,-2.4888288165562553,5.5,0
20,1,Riker Lynch_S20,0.0884292612286776,false,7.75,4,Riker Lynch,Allison Holker,23,Actor/Actress,Actor,2,false,-13.16800584368152,-2.4255410463258316,7.75,0
20,1,Robert Herjavec_S20,0.07395116202397148,false,7.0,4,Robert Herjavec,Kym Johnson,52,Entrepreneur,Other,6,false,15.83199415631848,-2.604336853958292,7.0,0
20,1,Rumer Willis_S20,0.08615213096178066,false,8.0,4,Rumer Willis,Valentin Chmerkovskiy,26,Actor/Actress,Actor,1,false,-10.16800584368152,-2.451628973525464,8.0,0
20,1,Suzanne Somers_S20,0.0890331023939139,false,6.25,4,Suzanne Somers,Tony Dovolani,68,Actor/Actress,Actor,9,false,31.83199415631848,-2.418735809676686,6.25,0
20,1,Willow Shields_S20,0.08445275985932359,false,6.25,4,Willow Shields,Mark Ballas,14,Actor/Actress,Actor,7,false,-22.16800584368152,-2.4715511149985665,6.25,0
20,2,Charlotte McKinney_S20,0.08396350452882248,false,6.5,4,Charlotte McKinney,Keo Motsepe,21,Model,Model,11,false,-15.16800584368152,-2.477361134577694,6.5,0
20,2,Chris Soules_S20,0.0974510223608664,false,5.25,4,Chris Soules,Witney Carson,33,TV Personality,TV,5,false,-3.16800584368152,-2.328395100438707,5.25,0
20,2,Michael Sam_S20,0.091481260460988,false,7.0,4,Michael Sam,Peta Murgatroyd,25,Athlete,Athlete,10,false,-11.16800584368152,-2.391610200240099,7.0,0
20,2,Nastia Liukin_S20,0.08839731753549755,false,8.5,4,Nastia Liukin,Derek Hough,25,Athlete,Athlete,4,false,-11.16800584368152,-2.4259023419235315,8.5,0
20,2,Noah Galloway_S20,0.07602750015927466,false,6.75,4,Noah Galloway,Sharna Burgess,33,Motivational Speaker,Entertainment,3,false,-3.16800584368152,-2.576647006895799,6.75,0
20,2,Patti LaBelle_S20,0.08797668822386998,false,7.0,4,Patti LaBelle,Artem Chigvintsev,70,Singer/Rapper,Singer,8,false,33.83199415631848,-2.430672039561937,7.0,0
20,2,Redfoo_S20,0.03836797270291714,true,7.75,4,Redfoo,Emma Slater,39,Singer/Rapper,Singer,12,false,2.83199415631848,-3.260506148526644,7.75,0
20,2,Riker Lynch_S20,0.08771300785324358,false,8.0,4,Riker Lynch,Allison Holker,23,Actor/Actress,Actor,2,false,-13.16800584368152,-2.4336736676922226,8.0,0
20,2,Robert Herjavec_S20,0.08072055459246218,false,7.0,4,Robert Herjavec,Kym Johnson,52,Entrepreneur,Other,6,false,15.83199415631848,-2.5167496440481267,7.0,0
20,2,Rumer Willis_S20,0.09185199055958568,false,8.0,4,Rumer Willis,Valentin Chmerkovskiy,26,Actor/Actress,Actor,1,false,-10.16800584368152,-2.3875659086829875,8.0,0
20,2,Suzanne Somers_S20,0.08838990115668888,false,7.0,4,Suzanne Somers,Tony Dovolani,68,Actor/Actress,Actor,9,false,31.83199415631848,-2.4259862427277534,7.0,0
20,2,Willow Shields_S20,0.08765927986578281,false,8.0,4,Willow Shields,Mark Ballas,14,Actor/Actress,Actor,7,false,-22.16800584368152,-2.43428639136843,8.0,0
20,3,Charlotte McKinney_S20,0.0618687993978125,true,5.5,4,Charlotte McKinney,Keo Motsepe,21,Model,Model,11,false,-15.16800584368152,-2.782723111762057,5.5,0
20,3,Chris Soules_S20,0.09999217021274849,false,7.0,4,Chris Soules,Witney Carson,33,TV Personality,TV,5,false,-3.16800584368152,-2.3026533931989666,7.0,0
20,3,Michael Sam_S20,0.10107369834840493,false,6.0,4,Michael Sam,Peta Murgatroyd,25,Athlete,Athlete,10,false,-11.16800584368152,-2.2918954478930487,6.0,0
20,3,Nastia Liukin_S20,0.09314991231883205,false,8.5,4,Nastia Liukin,Derek Hough,25,Athlete,Athlete,4,false,-11.16800584368152,-2.373534387899495,8.5,0
20,3,Noah Galloway_S20,0.07723222744844968,false,7.5,4,Noah Galloway,Sharna Burgess,33,Motivational Speaker,Entertainment,3,false,-3.16800584368152,-2.5609255071867487,7.5,0
20,3,Patti LaBelle_S20,0.09882813200135074,false,5.5,4,Patti LaBelle,Artem Chigvintsev,70,Singer/Rapper,Singer,8,false,33.83199415631848,-2.3143628593772174,5.5,0
20,3,Riker Lynch_S20,0.09442436533556871,false,8.5,4,Riker Lynch,Allison Holker,23,Actor/Actress,Actor,2,false,-13.16800584368152,-2.359945541335568,8.5,0
20,3,Robert Herjavec_S20,0.08458542883863224,false,7.25,4,Robert Herjavec,Kym Johnson,52,Entrepreneur,Other,6,false,15.83199415631848,-2.4699814408569254,7.25,0
20,3,Rumer Willis_S20,0.09696150694883358,false,8.25,4,Rumer Willis,Valentin Chmerkovskiy,26,Actor/Actress,Actor,1,false,-10.16800584368152,-2.3334309014999843,8.25,0
20,3,Suzanne Somers_S20,0.09636694284770363,false,6.25,4,Suzanne Somers,Tony Dovolani,68,Actor/Actress,Actor,9,false,31.83199415631848,-2.33958167574396,6.25,0
20,3,Willow Shields_S20,0.09551681630166316,false,8.0,4,Willow Shields,Mark Ballas,14,Actor/Actress,Actor,7,false,-22.16800584368152,-2.3484424907626584,8.0,0
20,4,Chris Soules_S20,0.11430959198312686,false,6.75,4,Chris Soules,Witney Carson,33,TV Personality,TV,5,false,-3.16800584368152,-2.1688360442059844,6.75,0
20,4,Michael Sam_S20,0.06488027385166387,true,7.5,4,Michael Sam,Peta Murgatroyd,25,Athlete,Athlete,10,false,-11.16800584368152,-2.7351962354024972,7.5,0
20,4,Nastia Liukin_S20,0.10785116180673937,false,9.0,4,Nastia Liukin,Derek Hough,25,Athlete,Athlete,4,false,-11.16800584368152,-2.226993861779114,9.0,0
20,4,Noah Galloway_S20,0.08939699805335913,false,8.0,4,Noah Galloway,Sharna Burgess,33,Motivational Speaker,Entertainment,3,false,-3.16800584368152,-2.4146569901925585,8.0,0
20,4,Patti LaBelle_S20,0.1058910127345763,false,7.5,4,Patti LaBelle,Artem Chigvintsev,70,Singer/Rapper,Singer,8,false,33.83199415631848,-2.245335451933317,7.5,0
20,4,Riker Lynch_S20,0.10851305466748962,false,8.5,4,Riker Lynch,Allison Holker,23,Actor/Actress,Actor,2,false,-13.16800584368152,-2.2208755782848044,8.5,0
20,4,Robert Herjavec_S20,0.09359230984060174,false,8.5,4,Robert Herjavec,Kym Johnson,52,Entrepreneur,Other,6,false,15.83199415631848,-2.3687963741150733,8.5,0
20,4,Rumer Willis_S20,0.10592732210762922,false,8.75,4,Rumer Willis,Valentin Chmerkovskiy,26,Actor/Actress,Actor,1,false,-10.16800584368152,-2.244992620132625,8.75,0
20,4,Suzanne Somers_S20,0.1075961115032729,false,7.0,4,Suzanne Somers,Tony Dovolani,68,Actor/Actress,Actor,9,false,31.83199415631848,-2.2293614763799017,7.0,0
20,4,Willow Shields_S20,0.10204216345154174,false,9.75,4,Willow Shields,Mark Ballas,14,Actor/Actress,Actor,7,false,-22.16800584368152,-2.282359384115955,9.75,0
20,5,Chris Soules_S20,0.12389557095810266,false,6.75,4,Chris Soules,Witney Carson,33,TV Personality,TV,5,false,-3.16800584368152,-2.0883081666129732,6.75,0
20,5,Nastia Liukin_S20,0.11927509689328948,false,9.5,4,Nastia Liukin,Derek Hough,25,Athlete,Athlete,4,false,-11.16800584368152,-2.1263143312836275,9.5,0
20,5,Noah Galloway_S20,0.10158443258598884,false,7.0,4,Noah Galloway,Sharna Burgess,33,Motivational Speaker,Entertainment,3,false,-3.16800584368152,-2.286855134176824,7.0,0
20,5,Patti LaBelle_S20,0.1205546378362196,false,6.75,4,Patti LaBelle,Artem Chigvintsev,70,Singer/Rapper,Singer,8,false,33.83199415631848,-2.115643907831609,6.75,0
20,5,Riker Lynch_S20,0.11518392242325015,false,9.5,4,Riker Lynch,Allison Holker,23,Actor/Actress,Actor,2,false,-13.16800584368152,-2.1612164210287292,9.5,0
20,5,Robert Herjavec_S20,0.1150098628973854,false,6.0,4,Robert Herjavec,Kym Johnson,52,Entrepreneur,Other,6,false,15.83199415631848,-2.162728695102685,6.0,0
20,5,Rumer Willis_S20,0.11581485507847138,false,9.75,4,Rumer Willis,Valentin Chmerkovskiy,26,Actor/Actress,Actor,1,false,-10.16800584368152,-2.155753805439534,9.75,0
20,5,Suzanne Somers_S20,0.06956043098802021,true,7.0,4,Suzanne Somers,Tony Dovolani,68,Actor/Actress,Actor,9,false,31.83199415631848,-2.665545017711965,7.0,0
20,5,Willow Shields_S20,0.11912119033927249,false,8.5,4,Willow Shields,Mark Ballas,14,Actor/Actress,Actor,7,false,-22.16800584368152,-2.1276055031052494,8.5,0
20,6,Chris Soules_S20,0.13744100962861144,false,8.75,4,Chris Soules,Witney Carson,33,TV Personality,TV,5,false,-3.16800584368152,-1.984553198991831,8.75,0
20,6,Nastia Liukin_S20,0.1368264656629168,false,9.125,4,Nastia Liukin,Derek Hough,25,Athlete,Athlete,4,false,-11.16800584368152,-1.9890345215560232,9.125,0
20,6,Noah Galloway_S20,0.11707841477063835,false,8.5,4,Noah Galloway,Sharna Burgess,33,Motivational Speaker,Entertainment,3,false,-3.16800584368152,-2.1449028157134937,8.5,0
20,6,Patti LaBelle_S20,0.0797542041494952,true,8.5,4,Patti LaBelle,Artem Chigvintsev,70,Singer/Rapper,Singer,8,false,33.83199415631848,-2.5287932836532065,8.5,0
20,6,Riker Lynch_S20,0.1350228658290891,false,9.5,4,Riker Lynch,Allison Holker,23,Actor/Actress,Actor,2,false,-13.16800584368152,-2.002303732248965,9.5,0
20,6,Robert Herjavec_S20,0.12340092924366193,false,8.375,4,Robert Herjavec,Kym Johnson,52,Entrepreneur,Other,6,false,15.83199415631848,-2.0923085335677287,8.375,0
20,6,Rumer Willis_S20,0.13908949999180667,false,8.875,4,Rumer Willis,Valentin Chmerkovskiy,26,Actor/Actress,Actor,1,false,-10.16800584368152,-1.9726304786337288,8.875,0
20,6,Willow Shields_S20,0.13138661072378066,false,9.125,4,Willow Shields,Mark Ballas,14,Actor/Actress,Actor,7,false,-22.16800584368152,-2.0296034641061187,9.125,0
20,7,Chris Soules_S20,0.164637383432652,false,7.75,4,Chris Soules,Witney Carson,33,TV Personality,TV,5,false,-3.16800584368152,-1.8040038257453068,7.75,0
20,7,Nastia Liukin_S20,0.1529909900798054,false,10.25,4,Nastia Liukin,Derek Hough,25,Athlete,Athlete,4,false,-11.16800584368152,-1.8773697113797099,10.25,0
20,7,Noah Galloway_S20,0.1308154771870909,false,9.5,4,Noah Galloway,Sharna Burgess,33,Motivational Speaker,Entertainment,3,false,-3.16800584368152,-2.0339598755145216,9.5,0
20,7,Riker Lynch_S20,0.1569337590075181,false,9.25,4,Riker Lynch,Allison Holker,23,Actor/Actress,Actor,2,false,-13.16800584368152,-1.851925107720525,9.25,0
20,7,Robert Herjavec_S20,0.15407742304931116,false,7.75,4,Robert Herjavec,Kym Johnson,52,Entrepreneur,Other,6,false,15.83199415631848,-1.8702935656075466,7.75,0
20,7,Rumer Willis_S20,0.15770958200015742,false,9.25,4,Rumer Willis,Valentin Chmerkovskiy,26,Actor/Actress,Actor,1,false,-10.16800584368152,-1.84699368517081,9.25,0
20,7,Willow Shields_S20,0.08283538524346609,true,9.75,4,Willow Shields,Mark Ballas,14,Actor/Actress,Actor,7,false,-22.16800584368152,-2.49088787880678,9.75,0
20,8,Chris Soules_S20,0.13772553938489862,true,8.0,4,Chris Soules,Witney Carson,33,TV Personality,TV,5,false,-3.16800584368152,-1.9824851584493097,8.0,0
20,8,Nastia Liukin_S20,0.18723508707392772,false,9.5,4,Nastia Liukin,Derek Hough,25,Athlete,Athlete,4,false,-11.16800584368152,-1.6753849606861295,9.5,0
20,8,Noah Galloway_S20,0.1816296036874137,false,7.875,4,Noah Galloway,Sharna Burgess,33,Motivational Speaker,Entertainment,3,false,-3.16800584368152,-1.705780304505482,7.875,0
20,8,Riker Lynch_S20,0.18385229089824862,false,9.75,4,Riker Lynch,Allison Holker,23,Actor/Actress,Actor,2,false,-13.16800584368152,-1.6936171714861719,9.75,0
20,8,Robert Herjavec_S20,0.12847006766946234,true,7.75,4,Robert Herjavec,Kym Johnson,52,Entrepreneur,Other,6,false,15.83199415631848,-2.0520515543211526,7.75,0
20,8,Rumer Willis_S20,0.18108741128604947,false,10.0,4,Rumer Willis,Valentin Chmerkovskiy,26,Actor/Actress,Actor,1,false,-10.16800584368152,-1.7087699068302142,10.0,0
20,9,Nastia Liukin_S20,0.18184351651624084,true,10.0,4,Nastia Liukin,Derek Hough,25,Athlete,Athlete,4,false,-11.16800584368152,-1.7046032618875222,10.0,0
20,9,Noah Galloway_S20,0.254869121272879,false,9.5,4,Noah Galloway,Sharna Burgess,33,Motivational Speaker,Entertainment,3,false,-3.16800584368152,-1.3670011919171012,9.5,0
20,9,Riker Lynch_S20,0.2804842573920103,false,10.0,4,Riker Lynch,Allison Holker,23,Actor/Actress,Actor,2,false,-13.16800584368152,-1.2712341137178766,10.0,0
20,9,Rumer Willis_S20,0.2828031048188702,false,9.75,4,Rumer Willis,Valentin Chmerkovskiy,26,Actor/Actress,Actor,1,false,-10.16800584368152,-1.2630008301468483,9.75,0
20,10,Noah Galloway_S20,0.24392779480650087,false,9.0,4,Noah Galloway,Sharna Burgess,33,Motivational Speaker,Entertainment,3,false,-3.16800584368152,-1.41087892084153,9.0,0
20,10,Riker Lynch_S20,0.3355737625975301,false,10.0,4,Riker Lynch,Allison Holker,23,Actor/Actress,Actor,2,false,-13.16800584368152,-1.0919105080584974,10.0,0
20,10,Rumer Willis_S20,0.42049844259596886,false,10.0,4,Rumer Willis,Valentin Chmerkovskiy,26,Actor/Actress,Actor,1,false,-10.16800584368152,-0.8663121251444033,10.0,0
21,1,Alek Skarlatos_S21,0.05448975213549844,false,7.333333333333333,3,Alek Skarlatos,Lindsay Arnold,22,Military,Other,3,false,-14.16800584368152,-2.909724277298351,7.333333333333333,0
21,1,Alexa PenaVega_S21,0.08007963882434666,false,7.333333333333333,3,Alexa PenaVega,Mark Ballas,27,Actor/Actress,Actor,6,false,-9.16800584368152,-2.5247211666799845,7.333333333333333,0
21,1,Andy Grammer_S21,0.07822075292627705,false,7.0,3,Andy Grammer,Allison Holker,31,Singer/Rapper,Singer,7,false,-5.16800584368152,-2.5482074997003377,7.0,0
21,1,Bindi Irwin_S21,0.07801026937890727,false,8.0,3,Bindi Irwin,Derek Hough,17,TV Personality,TV,1,false,-19.16800584368152,-2.5509019835119022,8.0,0
21,1,Carlos PenaVega_S21,0.07904576759128282,false,7.666666666666667,3,Carlos PenaVega,Witney Carson,26,Actor/Actress,Actor,4,false,-10.16800584368152,-2.5377156068485625,7.666666666666667,0
21,1,Chaka Khan_S21,0.07546839047379686,false,4.333333333333333,3,Chaka Khan,Keo Motsepe,62,Singer/Rapper,Singer,13,false,25.83199415631848,-2.584028129121885,4.333333333333333,0
21,1,Gary Busey_S21,0.07780275567316337,false,5.0,3,Gary Busey,Anna Trebunskaya,71,Actor/Actress,Actor,10,false,34.83199415631848,-2.5535655755289395,5.0,0
21,1,Hayes Grier_S21,0.08713336834823016,false,7.0,3,Hayes Grier,Emma Slater,15,Social Media Personality,TV,8,false,-21.16800584368152,-2.440303888012348,7.0,0
21,1,Nick Carter_S21,0.07512804200965831,false,8.0,3,Nick Carter,Sharna Burgess,35,Singer/Rapper,Singer,2,false,-1.1680058436815202,-2.5885480837850086,8.0,0
21,1,Paula Deen_S21,0.07722898032974655,false,5.0,3,Paula Deen,Louis van Amstel,68,TV Personality,TV,9,false,31.83199415631848,-2.5609675510980505,5.0,0
21,1,Victor Espinoza_S21,0.07980015379884706,false,5.0,3,Victor Espinoza,Karina Smirnoff,43,Athlete,Athlete,12,false,6.83199415631848,-2.5282173159987305,5.0,0
21,2,Alek Skarlatos_S21,0.06753501162255776,false,7.5,3,Alek Skarlatos,Lindsay Arnold,22,Military,Other,3,false,-14.16800584368152,-2.6950943178477518,7.5,0
21,2,Alexa PenaVega_S21,0.08275067865997612,false,7.666666666666667,3,Alexa PenaVega,Mark Ballas,27,Actor/Actress,Actor,6,false,-9.16800584368152,-2.4919109790095595,7.666666666666667,0
21,2,Andy Grammer_S21,0.08405127460436516,false,7.333333333333333,3,Andy Grammer,Allison Holker,31,Singer/Rapper,Singer,7,false,-5.16800584368152,-2.476316356978941,7.333333333333333,0
21,2,Bindi Irwin_S21,0.07805602118397145,false,8.0,3,Bindi Irwin,Derek Hough,17,TV Personality,TV,1,false,-19.16800584368152,-2.5503156785525825,8.0,0
21,2,Carlos PenaVega_S21,0.08199805563689402,false,7.5,3,Carlos PenaVega,Witney Carson,26,Actor/Actress,Actor,4,false,-10.16800584368152,-2.501047548407444,7.5,0
21,2,Chaka Khan_S21,0.06441662246425334,true,5.0,3,Chaka Khan,Keo Motsepe,62,Singer/Rapper,Singer,13,false,25.83199415631848,-2.7423680425553547,5.0,0
21,2,Gary Busey_S21,0.09032862195249533,false,5.5,3,Gary Busey,Anna Trebunskaya,71,Actor/Actress,Actor,10,false,34.83199415631848,-2.4042898330113047,5.5,0
21,2,Hayes Grier_S21,0.0875870184626275,false,7.5,3,Hayes Grier,Emma Slater,15,Social Media Personality,TV,8,false,-21.16800584368152,-2.4351110659352004,7.5,0
21,2,Nick Carter_S21,0.08210053627630035,false,7.5,3,Nick Carter,Sharna Burgess,35,Singer/Rapper,Singer,2,false,-1.1680058436815202,-2.4997985504418185,7.5,0
21,2,Paula Deen_S21,0.0866090051442497,false,6.166666666666667,3,Paula Deen,Louis van Amstel,68,TV Personality,TV,9,false,31.83199415631848,-2.4463399372436228,6.166666666666667,0
21,2,Victor Espinoza_S21,0.055528094740980624,true,6.166666666666667,3,Victor Espinoza,Karina Smirnoff,43,Athlete,Athlete,12,false,6.83199415631848,-2.8908481660228458,6.166666666666667,0
21,3,Alek Skarlatos_S21,0.06786878342100912,false,8.25,4,Alek Skarlatos,Lindsay Arnold,22,Military,Other,3,false,-14.16800584368152,-2.690164359357327,8.25,0
21,3,Alexa PenaVega_S21,0.10303792429534328,false,9.0,4,Alexa PenaVega,Mark Ballas,27,Actor/Actress,Actor,6,false,-9.16800584368152,-2.2726484563608738,9.0,0
21,3,Andy Grammer_S21,0.10227521120529352,false,7.25,4,Andy Grammer,Allison Holker,31,Singer/Rapper,Singer,7,false,-5.16800584368152,-2.2800781726037647,7.25,0
21,3,Bindi Irwin_S21,0.10220998676014147,false,8.0,4,Bindi Irwin,Derek Hough,17,TV Personality,TV,1,false,-19.16800584368152,-2.280716104445102,8.0,0
21,3,Carlos PenaVega_S21,0.10318823718552285,false,7.75,4,Carlos PenaVega,Witney Carson,26,Actor/Actress,Actor,4,false,-10.16800584368152,-2.271190722211299,7.75,0
21,3,Gary Busey_S21,0.09972758801747063,false,6.25,4,Gary Busey,Anna Trebunskaya,71,Actor/Actress,Actor,10,false,34.83199415631848,-2.3053029027206207,6.25,0
21,3,Hayes Grier_S21,0.11381739320255735,false,7.5,4,Hayes Grier,Emma Slater,15,Social Media Personality,TV,8,false,-21.16800584368152,-2.1731511429112214,7.5,0
21,3,Nick Carter_S21,0.10322691736481614,false,9.0,4,Nick Carter,Sharna Burgess,35,Singer/Rapper,Singer,2,false,-1.1680058436815202,-2.2708159454168966,9.0,0
21,3,Paula Deen_S21,0.10024796996718845,false,5.0,4,Paula Deen,Louis van Amstel,68,TV Personality,TV,9,false,31.83199415631848,-2.3000984874897545,5.0,0
21,4,Alek Skarlatos_S21,0.07867954844995369,false,8.0,3,Alek Skarlatos,Lindsay Arnold,22,Military,Other,3,false,-14.16800584368152,-2.5423593148455925,8.0,0
21,4,Alexa PenaVega_S21,0.10736090082669524,false,7.0,3,Alexa PenaVega,Mark Ballas,27,Actor/Actress,Actor,6,false,-9.16800584368152,-2.2315499007488158,7.0,0
21,4,Andy Grammer_S21,0.10461574645157957,false,7.666666666666667,3,Andy Grammer,Allison Holker,31,Singer/Rapper,Singer,7,false,-5.16800584368152,-2.25745164024644,7.666666666666667,0
21,4,Bindi Irwin_S21,0.10053150960118021,false,9.333333333333334,3,Bindi Irwin,Derek Hough,17,TV Personality,TV,1,false,-19.16800584368152,-2.2972741251722266,9.333333333333334,0
21,4,Carlos PenaVega_S21,0.10595724432241156,false,8.333333333333334,3,Carlos PenaVega,Witney Carson,26,Actor/Actress,Actor,4,false,-10.16800584368152,-2.2447101839642034,8.333333333333334,0
21,4,Gary Busey_S21,0.07726798961022034,true,5.333333333333333,3,Gary Busey,Anna Trebunskaya,71,Actor/Actress,Actor,10,false,34.83199415631848,-2.560462573216089,5.333333333333333,0
21,4,Hayes Grier_S21,0.11372100513348028,false,9.0,3,Hayes Grier,Emma Slater,15,Social Media Personality,TV,8,false,-21.16800584368152,-2.173998360157454,9.0,0
21,4,Nick Carter_S21,0.10443062076160897,false,9.0,3,Nick Carter,Sharna Burgess,35,Singer/Rapper,Singer,2,false,-1.1680058436815202,-2.2592227685344226,9.0,0
21,4,Paula Deen_S21,0.10728587392608042,false,6.0,3,Paula Deen,Louis van Amstel,68,TV Personality,TV,9,false,31.83199415631848,-2.2322489674335118,6.0,0
21,5,Alek Skarlatos_S21,0.06393858190222453,false,7.25,4,Alek Skarlatos,Lindsay Arnold,22,Military,Other,3,false,-14.16800584368152,-2.7498166742797885,7.25,0
21,5,Alexa PenaVega_S21,0.11665841035767606,false,10.0,4,Alexa PenaVega,Mark Ballas,27,Actor/Actress,Actor,6,false,-9.16800584368152,-2.148496612035302,10.0,0
21,5,Andy Grammer_S21,0.1164435138282434,false,9.0,4,Andy Grammer,Allison Holker,31,Singer/Rapper,Singer,7,false,-5.16800584368152,-2.150340395584311,9.0,0
21,5,Bindi Irwin_S21,0.1147323060999976,false,9.25,4,Bindi Irwin,Derek Hough,17,TV Personality,TV,1,false,-19.16800584368152,-2.1651449212348557,9.25,0
21,5,Carlos PenaVega_S21,0.11752941385350771,false,9.75,4,Carlos PenaVega,Witney Carson,26,Actor/Actress,Actor,4,false,-10.16800584368152,-2.141058137585106,9.75,0
21,5,Hayes Grier_S21,0.12715153597968845,false,7.5,4,Hayes Grier,Emma Slater,15,Social Media Personality,TV,8,false,-21.16800584368152,-2.0623678425257346,7.5,0
21,5,Nick Carter_S21,0.11675710698694036,false,8.75,4,Nick Carter,Sharna Burgess,35,Singer/Rapper,Singer,2,false,-1.1680058436815202,-2.1476509459835937,8.75,0
21,5,Paula Deen_S21,0.11205048053503851,false,6.5,4,Paula Deen,Louis van Amstel,68,TV Personality,TV,9,false,31.83199415631848,-2.1887968656583845,6.5,0
21,6,Alek Skarlatos_S21,0.0978127641747206,false,7.5,4,Alek Skarlatos,Lindsay Arnold,22,Military,Other,3,false,-14.16800584368152,-2.324689973861198,7.5,0
21,6,Alexa PenaVega_S21,0.11880695704292828,false,7.5,4,Alexa PenaVega,Mark Ballas,27,Actor/Actress,Actor,6,false,-9.16800584368152,-2.130246895820723,7.5,0
21,6,Andy Grammer_S21,0.11494484037681678,false,10.0,4,Andy Grammer,Allison Holker,31,Singer/Rapper,Singer,7,false,-5.16800584368152,-2.163294214797269,10.0,0
21,6,Bindi Irwin_S21,0.11193571758155106,false,10.0,4,Bindi Irwin,Derek Hough,17,TV Personality,TV,1,false,-19.16800584368152,-2.18982158896519,10.0,0
21,6,Carlos PenaVega_S21,0.11458086227293703,false,9.5,4,Carlos PenaVega,Witney Carson,26,Actor/Actress,Actor,4,false,-10.16800584368152,-2.166465757097155,9.5,0
21,6,Hayes Grier_S21,0.12717638634144648,false,8.0,4,Hayes Grier,Emma Slater,15,Social Media Personality,TV,8,false,-21.16800584368152,-2.0621724242154524,8.0,0
21,6,Nick Carter_S21,0.11297392535912461,false,9.75,4,Nick Carter,Sharna Burgess,35,Singer/Rapper,Singer,2,false,-1.1680058436815202,-2.1805893843699016,9.75,0
21,6,Paula Deen_S21,0.0860473868430623,true,6.0,4,Paula Deen,Louis van Amstel,68,TV Personality,TV,9,false,31.83199415631848,-2.452845503239854,6.0,0
21,7,Alek Skarlatos_S21,0.11569013739706549,false,8.833333333333334,3,Alek Skarlatos,Lindsay Arnold,22,Military,Other,3,false,-14.16800584368152,-2.156831247568927,8.833333333333334,0
21,7,Alexa PenaVega_S21,0.1355427496236329,false,9.166666666666666,3,Alexa PenaVega,Mark Ballas,27,Actor/Actress,Actor,6,false,-9.16800584368152,-1.9984608153242776,9.166666666666666,0
21,7,Andy Grammer_S21,0.13362613038389287,false,9.333333333333334,3,Andy Grammer,Allison Holker,31,Singer/Rapper,Singer,7,false,-5.16800584368152,-2.0127019667601407,9.333333333333334,0
21,7,Bindi Irwin_S21,0.13146883446244506,false,9.666666666666666,3,Bindi Irwin,Derek Hough,17,TV Personality,TV,1,false,-19.16800584368152,-2.0289778494023922,9.666666666666666,0
21,7,Carlos PenaVega_S21,0.13506645038660325,false,9.333333333333334,3,Carlos PenaVega,Witney Carson,26,Actor/Actress,Actor,4,false,-10.16800584368152,-2.001980992825105,9.333333333333334,0
21,7,Hayes Grier_S21,0.07970511907692347,true,9.333333333333334,3,Hayes Grier,Emma Slater,15,Social Media Personality,TV,8,false,-21.16800584368152,-2.5294089197601806,9.333333333333334,0
21,7,Nick Carter_S21,0.13457996650087056,false,9.0,3,Nick Carter,Sharna Burgess,35,Singer/Rapper,Singer,2,false,-1.1680058436815202,-2.005589279639263,9.0,0
21,8,Alek Skarlatos_S21,0.13053004573120533,false,8.333333333333334,3,Alek Skarlatos,Lindsay Arnold,22,Military,Other,3,false,-14.16800584368152,-2.0361441821892954,8.333333333333334,0
21,8,Alexa PenaVega_S21,0.15588217190415324,false,8.999933333333333,3,Alexa PenaVega,Mark Ballas,27,Actor/Actress,Actor,6,false,-9.16800584368152,-1.8586484503471294,8.999933333333333,0
21,8,Andy Grammer_S21,0.10106183280333066,true,7.999933333333334,3,Andy Grammer,Allison Holker,31,Singer/Rapper,Singer,7,false,-5.16800584368152,-2.292012848605527,7.999933333333334,0
21,8,Bindi Irwin_S21,0.1519607673661688,false,9.333333333333334,3,Bindi Irwin,Derek Hough,17,TV Personality,TV,1,false,-19.16800584368152,-1.8841263202606906,9.333333333333334,0
21,8,Carlos PenaVega_S21,0.15309685733879302,false,9.6666,3,Carlos PenaVega,Witney Carson,26,Actor/Actress,Actor,4,false,-10.16800584368152,-1.8766779715908737,9.6666,0
21,8,Nick Carter_S21,0.1531052395394098,false,11.0,3,Nick Carter,Sharna Burgess,35,Singer/Rapper,Singer,2,false,-1.1680058436815202,-1.8766232224826527,11.0,0
21,9,Alek Skarlatos_S21,0.17741425039834716,false,8.5,3,Alek Skarlatos,Lindsay Arnold,22,Military,Other,3,false,-14.16800584368152,-1.7292622466327259,8.5,0
21,9,Alexa PenaVega_S21,0.11474080790138994,true,10.0,3,Alexa PenaVega,Mark Ballas,27,Actor/Actress,Actor,6,false,-9.16800584368152,-2.1650708234274902,10.0,0
21,9,Bindi Irwin_S21,0.1857981579960588,false,10.0,3,Bindi Irwin,Derek Hough,17,TV Personality,TV,1,false,-19.16800584368152,-1.6830889843884542,10.0,0
21,9,Carlos PenaVega_S21,0.19240655627550435,false,9.0,3,Carlos PenaVega,Witney Carson,26,Actor/Actress,Actor,4,false,-10.16800584368152,-1.6481394677405181,9.0,0
21,9,Nick Carter_S21,0.19199978441082313,false,9.166666666666666,3,Nick Carter,Sharna Burgess,35,Singer/Rapper,Singer,2,false,-1.1680058436815202,-1.6502558214896639,9.166666666666666,0
21,10,Alek Skarlatos_S21,0.19142554345469995,false,9.5,3,Alek Skarlatos,Lindsay Arnold,22,Military,Other,3,false,-14.16800584368152,-1.6532511290419674,9.5,0
21,10,Bindi Irwin_S21,0.2640606161966301,false,10.5,3,Bindi Irwin,Derek Hough,17,TV Personality,TV,1,false,-19.16800584368152,-1.331572808383918,10.5,0
21,10,Carlos PenaVega_S21,0.2728393854552918,false,10.5,3,Carlos PenaVega,Witney Carson,26,Actor/Actress,Actor,4,false,-10.16800584368152,-1.2988683234444842,10.5,0
21,10,Nick Carter_S21,0.2716744548933785,false,9.0,3,Nick Carter,Sharna Burgess,35,Singer/Rapper,Singer,2,false,-1.1680058436815202,-1.3031471056318318,9.0,0
21,11,Alek Skarlatos_S21,0.2332003844157343,false,9.3333,3,Alek Skarlatos,Lindsay Arnold,22,Military,Other,3,false,-14.16800584368152,-1.455852887920787,9.3333,0
21,11,Bindi Irwin_S21,0.32111564501793965,false,10.0,3,Bindi Irwin,Derek Hough,17,TV Personality,TV,1,false,-19.16800584368152,-1.1359508417404944,10.0,0
21,11,Carlos PenaVega_S21,0.17691757910398673,false,10.0,3,Carlos PenaVega,Witney Carson,26,Actor/Actress,Actor,4,false,-10.16800584368152,-1.732065657305316,10.0,0
21,11,Nick Carter_S21,0.2687663914623392,false,10.0,3,Nick Carter,Sharna Burgess,35,Singer/Rapper,Singer,2,false,-1.1680058436815202,-1.3139089892160165,10.0,0
22,1,Antonio Brown_S22,0.08805727317276009,false,7.0,3,Antonio Brown,Sharna Burgess,27,Athlete,Athlete,5,false,-9.16800584368152,-2.4297564885133913,7.0,0
22,1,Doug Flutie_S22,0.08697664997506517,false,5.0,3,Doug Flutie,Karina Smirnoff,53,Athlete,Athlete,9,false,16.83199415631848,-2.44210409016953,5.0,0
22,1,Geraldo Rivera_S22,0.05974688228741105,false,4.333333333333333,3,Geraldo Rivera,Edyta Sliwinska,72,Journalist,TV,12,false,35.83199415631848,-2.817621531687149,4.333333333333333,0
22,1,Ginger Zee_S22,0.08380286427066361,false,7.666666666666667,3,Ginger Zee,Valentin Chmerkovskiy,35,News Anchor,TV,3,false,-1.1680058436815202,-2.4792761595421933,7.666666666666667,0
22,1,Jodie Sweetin_S22,0.08826145201999565,false,6.666666666666667,3,Jodie Sweetin,Keo Motsepe,34,Actor/Actress,Actor,6,false,-2.16800584368152,-2.4274404937455905,6.666666666666667,0
22,1,Kim Fields_S22,0.08794656894189172,false,6.666666666666667,3,Kim Fields,Sasha Farber,46,Actor/Actress,Actor,8,false,9.83199415631848,-2.4310144495462422,6.666666666666667,0
22,1,Marla Maples_S22,0.08476957075563353,false,7.0,3,Marla Maples,Tony Dovolani,52,TV Personality,TV,10,false,15.83199415631848,-2.467806839393649,7.0,0
22,1,Mischa Barton_S22,0.0852449685372108,false,5.333333333333333,3,Mischa Barton,Artem Chigvintsev,30,Actor/Actress,Actor,11,false,-6.16800584368152,-2.4622144538228032,5.333333333333333,0
22,1,Nyle DiMarco_S22,0.07438946749192689,false,7.666666666666667,3,Nyle DiMarco,Peta Murgatroyd,26,Model,Model,1,false,-10.16800584368152,-2.598427470460323,7.666666666666667,0
22,1,Paige VanZant_S22,0.08749450709915182,false,7.0,3,Paige VanZant,Mark Ballas,22,Athlete,Athlete,2,false,-14.16800584368152,-2.436167834375158,7.0,0
22,1,Von Miller_S22,0.08678973233445317,false,7.0,3,Von Miller,Witney Carson,27,Athlete,Athlete,7,false,-9.16800584368152,-2.4442554333565925,7.0,0
22,1,Wanya Morris_S22,0.08652006311383674,false,7.666666666666667,3,Wanya Morris,Lindsay Arnold,42,Singer/Rapper,Singer,4,false,5.83199415631848,-2.447367390480436,7.666666666666667,0
22,2,Antonio Brown_S22,0.08906539801391765,false,6.333333333333333,3,Antonio Brown,Sharna Burgess,27,Athlete,Athlete,5,false,-9.16800584368152,-2.41837314230311,6.333333333333333,0
22,2,Doug Flutie_S22,0.08725018346630006,false,6.666666666666667,3,Doug Flutie,Karina Smirnoff,53,Athlete,Athlete,9,false,16.83199415631848,-2.4389641539079236,6.666666666666667,0
22,2,Geraldo Rivera_S22,0.05186018705772332,true,4.333333333333333,3,Geraldo Rivera,Edyta Sliwinska,72,Journalist,TV,12,false,35.83199415631848,-2.9591846094744367,4.333333333333333,0
22,2,Ginger Zee_S22,0.08279888700617287,false,7.0,3,Ginger Zee,Valentin Chmerkovskiy,35,News Anchor,TV,3,false,-1.1680058436815202,-2.4913285822516023,7.0,0
22,2,Jodie Sweetin_S22,0.0870610551911709,false,7.0,3,Jodie Sweetin,Keo Motsepe,34,Actor/Actress,Actor,6,false,-2.16800584368152,-2.441134136530014,7.0,0
22,2,Kim Fields_S22,0.09112056201198761,false,6.333333333333333,3,Kim Fields,Sasha Farber,46,Actor/Actress,Actor,8,false,9.83199415631848,-2.3955608176285543,6.333333333333333,0
22,2,Marla Maples_S22,0.08771482188215993,false,6.666666666666667,3,Marla Maples,Tony Dovolani,52,TV Personality,TV,10,false,15.83199415631848,-2.4336529867291374,6.666666666666667,0
22,2,Mischa Barton_S22,0.08992659625062199,false,5.0,3,Mischa Barton,Artem Chigvintsev,30,Actor/Actress,Actor,11,false,-6.16800584368152,-2.4087504185286766,5.0,0
22,2,Nyle DiMarco_S22,0.07476724630281602,false,6.666666666666667,3,Nyle DiMarco,Peta Murgatroyd,26,Model,Model,1,false,-10.16800584368152,-2.5933619988018015,6.666666666666667,0
22,2,Paige VanZant_S22,0.0842514070254931,false,8.0,3,Paige VanZant,Mark Ballas,22,Athlete,Athlete,2,false,-14.16800584368152,-2.473938140122255,8.0,0
22,2,Von Miller_S22,0.08655538313327583,false,6.666666666666667,3,Von Miller,Witney Carson,27,Athlete,Athlete,7,false,-9.16800584368152,-2.4469592492616314,6.666666666666667,0
22,2,Wanya Morris_S22,0.08762827265836083,false,8.0,3,Wanya Morris,Lindsay Arnold,42,Singer/Rapper,Singer,4,false,5.83199415631848,-2.4346401740930577,8.0,0
22,3,Antonio Brown_S22,0.09560380242483879,false,6.666666666666667,3,Antonio Brown,Sharna Burgess,27,Athlete,Athlete,5,false,-9.16800584368152,-2.347532225617052,6.666666666666667,0
22,3,Doug Flutie_S22,0.09425577272155525,false,6.666666666666667,3,Doug Flutie,Karina Smirnoff,53,Athlete,Athlete,9,false,16.83199415631848,-2.361732596121115,6.666666666666667,0
22,3,Ginger Zee_S22,0.09095700184434453,false,7.0,3,Ginger Zee,Valentin Chmerkovskiy,35,News Anchor,TV,3,false,-1.1680058436815202,-2.397357397191604,7.0,0
22,3,Jodie Sweetin_S22,0.09781121936229778,false,7.666666666666667,3,Jodie Sweetin,Keo Motsepe,34,Actor/Actress,Actor,6,false,-2.16800584368152,-2.324705767391228,7.666666666666667,0
22,3,Kim Fields_S22,0.09533807946188326,false,7.333333333333333,3,Kim Fields,Sasha Farber,46,Actor/Actress,Actor,8,false,9.83199415631848,-2.3503154845711047,7.333333333333333,0
22,3,Marla Maples_S22,0.0965884365846234,false,7.0,3,Marla Maples,Tony Dovolani,52,TV Personality,TV,10,false,15.83199415631848,-2.3372858958690963,7.0,0
22,3,Mischa Barton_S22,0.06295114914356363,true,6.0,3,Mischa Barton,Artem Chigvintsev,30,Actor/Actress,Actor,11,false,-6.16800584368152,-2.7653803785890316,6.0,0
22,3,Nyle DiMarco_S22,0.08315920566347776,false,8.333333333333334,3,Nyle DiMarco,Peta Murgatroyd,26,Model,Model,1,false,-10.16800584368152,-2.48698634288959,8.333333333333334,0
22,3,Paige VanZant_S22,0.09114314922199665,false,7.666666666666667,3,Paige VanZant,Mark Ballas,22,Athlete,Athlete,2,false,-14.16800584368152,-2.395312968376254,7.666666666666667,0
22,3,Von Miller_S22,0.09808074633968958,false,6.666666666666667,3,Von Miller,Witney Carson,27,Athlete,Athlete,7,false,-9.16800584368152,-2.321954001694901,6.666666666666667,0
22,3,Wanya Morris_S22,0.09411143723172945,false,8.0,3,Wanya Morris,Lindsay Arnold,42,Singer/Rapper,Singer,4,false,5.83199415631848,-2.363265070755467,8.0,0
22,4,Antonio Brown_S22,0.10111452386050895,false,8.75,4,Antonio Brown,Sharna Burgess,27,Athlete,Athlete,5,false,-9.16800584368152,-2.291491615183308,8.75,0
22,4,Doug Flutie_S22,0.11454344846400559,false,6.0,4,Doug Flutie,Karina Smirnoff,53,Athlete,Athlete,9,false,16.83199415631848,-2.1667923351243017,6.0,0
22,4,Ginger Zee_S22,0.10025545281791753,false,9.0,4,Ginger Zee,Valentin Chmerkovskiy,35,News Anchor,TV,3,false,-1.1680058436815202,-2.300023847605919,9.0,0
22,4,Jodie Sweetin_S22,0.10965341277231216,false,6.75,4,Jodie Sweetin,Keo Motsepe,34,Actor/Actress,Actor,6,false,-2.16800584368152,-2.2104215607664806,6.75,0
22,4,Kim Fields_S22,0.10568584583190961,false,8.0,4,Kim Fields,Sasha Farber,46,Actor/Actress,Actor,8,false,9.83199415631848,-2.247274841987347,8.0,0
22,4,Marla Maples_S22,0.06540718627898567,true,7.0,4,Marla Maples,Tony Dovolani,52,TV Personality,TV,10,false,15.83199415631848,-2.727107855890848,7.0,0
22,4,Nyle DiMarco_S22,0.092991434870049,false,8.5,4,Nyle DiMarco,Peta Murgatroyd,26,Model,Model,1,false,-10.16800584368152,-2.3752371346209484,8.5,0
22,4,Paige VanZant_S22,0.1010317160970493,false,9.0,4,Paige VanZant,Mark Ballas,22,Athlete,Athlete,2,false,-14.16800584368152,-2.2923108928392386,9.0,0
22,4,Von Miller_S22,0.10649035340252348,false,8.0,4,Von Miller,Witney Carson,27,Athlete,Athlete,7,false,-9.16800584368152,-2.2396914858373385,8.0,0
22,4,Wanya Morris_S22,0.102826625604739,false,8.75,4,Wanya Morris,Lindsay Arnold,42,Singer/Rapper,Singer,4,false,5.83199415631848,-2.274701230499322,8.75,0
22,5,Antonio Brown_S22,0.11068355060254874,false,6.5,4,Antonio Brown,Sharna Burgess,27,Athlete,Athlete,5,false,-9.16800584368152,-2.2010710099596675,6.5,0
22,5,Doug Flutie_S22,0.11331886769146647,false,7.0,4,Doug Flutie,Karina Smirnoff,53,Athlete,Athlete,9,false,16.83199415631848,-2.1775407715861004,7.0,0
22,5,Ginger Zee_S22,0.1088231050058156,false,8.0,4,Ginger Zee,Valentin Chmerkovskiy,35,News Anchor,TV,3,false,-1.1680058436815202,-2.218022415737341,8.0,0
22,5,Jodie Sweetin_S22,0.11283116488706885,false,8.75,4,Jodie Sweetin,Keo Motsepe,34,Actor/Actress,Actor,6,false,-2.16800584368152,-2.1818538308575723,8.75,0
22,5,Kim Fields_S22,0.11610697800844202,false,7.0,4,Kim Fields,Sasha Farber,46,Actor/Actress,Actor,8,false,9.83199415631848,-2.1532346759428616,7.0,0
22,5,Nyle DiMarco_S22,0.0945197290936465,false,9.25,4,Nyle DiMarco,Peta Murgatroyd,26,Model,Model,1,false,-10.16800584368152,-2.3589361130490145,9.25,0
22,5,Paige VanZant_S22,0.11349384147655231,false,7.75,4,Paige VanZant,Mark Ballas,22,Athlete,Athlete,2,false,-14.16800584368152,-2.1759978926393364,7.75,0
22,5,Von Miller_S22,0.11466604448839272,false,7.25,4,Von Miller,Witney Carson,27,Athlete,Athlete,7,false,-9.16800584368152,-2.1657226153253633,7.25,0
22,5,Wanya Morris_S22,0.11555671874606714,false,7.5,4,Wanya Morris,Lindsay Arnold,42,Singer/Rapper,Singer,4,false,5.83199415631848,-2.1579851444402647,7.5,0
22,6,Antonio Brown_S22,0.11508897969135852,false,9.0,3,Antonio Brown,Sharna Burgess,27,Athlete,Athlete,5,false,-9.16800584368152,-2.162041024460537,9.0,0
22,6,Doug Flutie_S22,0.08149720857196495,true,7.0,3,Doug Flutie,Karina Smirnoff,53,Athlete,Athlete,9,false,16.83199415631848,-2.507174239688986,7.0,0
22,6,Ginger Zee_S22,0.11513548656776346,false,8.0,3,Ginger Zee,Valentin Chmerkovskiy,35,News Anchor,TV,3,false,-1.1680058436815202,-2.161637014636704,8.0,0
22,6,Jodie Sweetin_S22,0.11616198833231044,false,8.333333333333334,3,Jodie Sweetin,Keo Motsepe,34,Actor/Actress,Actor,6,false,-2.16800584368152,-2.152761002235264,8.333333333333334,0
22,6,Kim Fields_S22,0.12087194376903708,false,8.0,3,Kim Fields,Sasha Farber,46,Actor/Actress,Actor,8,false,9.83199415631848,-2.113015336571265,8.0,0
22,6,Nyle DiMarco_S22,0.1044890631957463,false,8.333333333333334,3,Nyle DiMarco,Peta Murgatroyd,26,Model,Model,1,false,-10.16800584368152,-2.258663301134441,8.333333333333334,0
22,6,Paige VanZant_S22,0.11488505505906783,false,9.333333333333334,3,Paige VanZant,Mark Ballas,22,Athlete,Athlete,2,false,-14.16800584368152,-2.1638144673843525,9.333333333333334,0
22,6,Von Miller_S22,0.11894151654225625,false,8.0,3,Von Miller,Witney Carson,27,Athlete,Athlete,7,false,-9.16800584368152,-2.12911495684566,8.0,0
22,6,Wanya Morris_S22,0.11292875827049537,false,9.666666666666666,3,Wanya Morris,Lindsay Arnold,42,Singer/Rapper,Singer,4,false,5.83199415631848,-2.1809892617739943,9.666666666666666,0
22,7,Antonio Brown_S22,0.14038022012593313,false,8.666666666666666,3,Antonio Brown,Sharna Burgess,27,Athlete,Athlete,5,false,-9.16800584368152,-1.9633935561238656,8.666666666666666,0
22,7,Ginger Zee_S22,0.13595038334456516,false,9.166666666666666,3,Ginger Zee,Valentin Chmerkovskiy,35,News Anchor,TV,3,false,-1.1680058436815202,-1.9954579325632589,9.166666666666666,0
22,7,Jodie Sweetin_S22,0.14188283770468602,false,8.5,3,Jodie Sweetin,Keo Motsepe,34,Actor/Actress,Actor,6,false,-2.16800584368152,-1.9527466004949285,8.5,0
22,7,Kim Fields_S22,0.09350887743438824,true,8.666666666666666,3,Kim Fields,Sasha Farber,46,Actor/Actress,Actor,8,false,9.83199415631848,-2.369688207257614,8.666666666666666,0
22,7,Nyle DiMarco_S22,0.12398066050709493,false,9.333333333333334,3,Nyle DiMarco,Peta Murgatroyd,26,Model,Model,1,false,-10.16800584368152,-2.087621623451587,9.333333333333334,0
22,7,Paige VanZant_S22,0.13768450913634325,false,9.166666666666666,3,Paige VanZant,Mark Ballas,22,Athlete,Athlete,2,false,-14.16800584368152,-1.9827831138153091,9.166666666666666,0
22,7,Von Miller_S22,0.09309377179431595,true,8.666666666666666,3,Von Miller,Witney Carson,27,Athlete,Athlete,7,false,-9.16800584368152,-2.3741372531576483,8.666666666666666,0
22,7,Wanya Morris_S22,0.13351873995267313,false,9.166666666666666,3,Wanya Morris,Lindsay Arnold,42,Singer/Rapper,Singer,4,false,5.83199415631848,-2.013505947258726,9.166666666666666,0
22,8,Antonio Brown_S22,0.1847295144149526,false,9.0,3,Antonio Brown,Sharna Burgess,27,Athlete,Athlete,5,false,-9.16800584368152,-1.6888571947299673,9.0,0
22,8,Ginger Zee_S22,0.1747650242677882,false,10.0,3,Ginger Zee,Valentin Chmerkovskiy,35,News Anchor,TV,3,false,-1.1680058436815202,-1.7443072038302516,10.0,0
22,8,Jodie Sweetin_S22,0.10548730256539347,true,10.0,3,Jodie Sweetin,Keo Motsepe,34,Actor/Actress,Actor,6,false,-2.16800584368152,-2.2491552083706394,10.0,0
22,8,Nyle DiMarco_S22,0.16517002385988613,false,9.666666666666666,3,Nyle DiMarco,Peta Murgatroyd,26,Model,Model,1,false,-10.16800584368152,-1.8007738336435875,9.666666666666666,0
22,8,Paige VanZant_S22,0.18080804274289247,false,9.333333333333334,3,Paige VanZant,Mark Ballas,22,Athlete,Athlete,2,false,-14.16800584368152,-1.7103138171039125,9.333333333333334,0
22,8,Wanya Morris_S22,0.18904009214908804,false,8.333333333333334,3,Wanya Morris,Lindsay Arnold,42,Singer/Rapper,Singer,4,false,5.83199415631848,-1.6657908687762883,8.333333333333334,0
22,9,Antonio Brown_S22,0.16457435816822916,true,9.166666666666666,3,Antonio Brown,Sharna Burgess,27,Athlete,Athlete,5,false,-9.16800584368152,-1.804386709308346,9.166666666666666,0
22,9,Ginger Zee_S22,0.22941817168888434,false,9.333333333333334,3,Ginger Zee,Valentin Chmerkovskiy,35,News Anchor,TV,3,false,-1.1680058436815202,-1.4722045045928414,9.333333333333334,0
22,9,Nyle DiMarco_S22,0.2193508695624714,false,9.5,3,Nyle DiMarco,Peta Murgatroyd,26,Model,Model,1,false,-10.16800584368152,-1.5170781282128403,9.5,0
22,9,Paige VanZant_S22,0.2319082554547517,false,9.833333333333334,3,Paige VanZant,Mark Ballas,22,Athlete,Athlete,2,false,-14.16800584368152,-1.4614091241123823,9.833333333333334,0
22,9,Wanya Morris_S22,0.1547483451256631,true,10.0,3,Wanya Morris,Lindsay Arnold,42,Singer/Rapper,Singer,4,false,5.83199415631848,-1.865948599247626,10.0,0
22,10,Ginger Zee_S22,0.27258728479543687,false,9.4444,3,Ginger Zee,Valentin Chmerkovskiy,35,News Anchor,TV,3,false,-1.1680058436815202,-1.299792736448632,9.4444,0
22,10,Nyle DiMarco_S22,0.39630457991119494,false,9.6666,3,Nyle DiMarco,Peta Murgatroyd,26,Model,Model,1,false,-10.16800584368152,-0.925569698866715,9.6666,0
22,10,Paige VanZant_S22,0.33110813529336713,false,9.888866666666667,3,Paige VanZant,Mark Ballas,22,Athlete,Athlete,2,false,-14.16800584368152,-1.1053072440715077,9.888866666666667,0
23,1,Amber Rose_S23,0.06723336741130904,false,6.0,4,Amber Rose,Maksim Chmerkoskiy,32,Model,Model,9,false,-4.16800584368152,-2.699570742372428,6.0,0
23,1,Babyface_S23,0.0775883559887934,false,6.5,4,Babyface,Allison Holker,57,Singer/Rapper,Singer,11,false,20.83199415631848,-2.556325026293824,6.5,0
23,1,Calvin Johnson Jr._S23,0.07956059028441062,false,6.5,4,Calvin Johnson Jr.,Lindsay Arnold,30,Athlete,Athlete,3,false,-6.16800584368152,-2.531223836704295,6.5,0
23,1,Jake T. Austin_S23,0.07748168858726048,false,5.5,4,Jake T. Austin,Jenna Johnson,21,Actor/Actress,Actor,13,false,-15.16800584368152,-2.5577007406419217,5.5,0
23,1,James Hinchcliffe_S23,0.08360054039219456,false,7.75,4,James Hinchcliffe,Sharna Burgess,29,Racing Driver,Athlete,2,false,-7.16800584368152,-2.481693333317279,7.75,0
23,1,Jana Kramer_S23,0.0759974650991723,false,6.75,4,Jana Kramer,Gleb Savchenko,32,Singer/Rapper,Singer,4,false,-4.16800584368152,-2.5770421349632717,6.75,0
23,1,Laurie Hernandez_S23,0.07776682077991462,false,7.75,4,Laurie Hernandez,Valentin Chmerkovskiy,16,Athlete,Athlete,1,false,-20.16800584368152,-2.55402754801398,7.75,0
23,1,Marilu Henner_S23,0.07835640546442489,false,6.75,4,Marilu Henner,Derek Hough,64,Actor/Actress,Actor,6,false,27.83199415631848,-2.546474796913061,6.75,0
23,1,Maureen McCormick_S23,0.07789349630649617,false,5.5,4,Maureen McCormick,Artem Chigvintsev,60,Actor/Actress,Actor,8,false,23.83199415631848,-2.5523999793523284,5.5,0
23,1,Rick Perry_S23,0.06758536810042741,false,5.0,4,Rick Perry,Emma Slater,66,Politician,Other,12,false,29.83199415631848,-2.6943489715875075,5.0,0
23,1,Ryan Lochte_S23,0.07911522621023993,false,6.0,4,Ryan Lochte,Cheryl Burke,32,Athlete,Athlete,7,false,-4.16800584368152,-2.5368372898446547,6.0,0
23,1,Terra Jole_S23,0.07836549200742185,false,6.25,4,Terra Jole,Sasha Farber,36,TV Personality,TV,5,false,-0.16800584368152016,-2.546358840850792,6.25,0
23,1,Vanilla Ice_S23,0.0794551833679355,false,6.25,4,Vanilla Ice,Witney Carson,48,Singer/Rapper,Singer,10,false,11.83199415631848,-2.532549561866863,6.25,0
23,2,Amber Rose_S23,0.07306531935677045,false,6.0,4,Amber Rose,Maksim Chmerkoskiy,32,Model,Model,9,false,-4.16800584368152,-2.616387765916555,6.0,0
23,2,Babyface_S23,0.07826938995034935,false,7.5,4,Babyface,Allison Holker,57,Singer/Rapper,Singer,11,false,20.83199415631848,-2.54758590906014,7.5,0
23,2,Calvin Johnson Jr._S23,0.08291357867075955,false,7.0,4,Calvin Johnson Jr.,Lindsay Arnold,30,Athlete,Athlete,3,false,-6.16800584368152,-2.4899443737887994,7.0,0
23,2,Jake T. Austin_S23,0.04807604152655306,true,6.0,4,Jake T. Austin,Jenna Johnson,21,Actor/Actress,Actor,13,false,-15.16800584368152,-3.034950522958004,6.0,0
23,2,James Hinchcliffe_S23,0.08248586651093813,false,7.25,4,James Hinchcliffe,Sharna Burgess,29,Racing Driver,Athlete,2,false,-7.16800584368152,-2.4951161921209914,7.25,0
23,2,Jana Kramer_S23,0.07686151263452809,false,7.25,4,Jana Kramer,Gleb Savchenko,32,Singer/Rapper,Singer,4,false,-4.16800584368152,-2.5657370033242493,7.25,0
23,2,Laurie Hernandez_S23,0.07745971135176034,false,8.0,4,Laurie Hernandez,Valentin Chmerkovskiy,16,Athlete,Athlete,1,false,-20.16800584368152,-2.5579844214654504,8.0,0
23,2,Marilu Henner_S23,0.07926429881293562,false,6.75,4,Marilu Henner,Derek Hough,64,Actor/Actress,Actor,6,false,27.83199415631848,-2.534954839897349,6.75,0
23,2,Maureen McCormick_S23,0.08029410184499114,false,6.5,4,Maureen McCormick,Artem Chigvintsev,60,Actor/Actress,Actor,8,false,23.83199415631848,-2.5220466580842684,6.5,0
23,2,Rick Perry_S23,0.07679110658852972,false,5.5,4,Rick Perry,Emma Slater,66,Politician,Other,12,false,29.83199415631848,-2.566653422905799,5.5,0
23,2,Ryan Lochte_S23,0.08354830740949165,false,6.0,4,Ryan Lochte,Cheryl Burke,32,Athlete,Athlete,7,false,-4.16800584368152,-2.482318313508406,6.0,0
23,2,Terra Jole_S23,0.07935391650459715,false,7.75,4,Terra Jole,Sasha Farber,36,TV Personality,TV,5,false,-0.16800584368152016,-2.5338248741988707,7.75,0
23,2,Vanilla Ice_S23,0.08161684883779119,false,6.5,4,Vanilla Ice,Witney Carson,48,Singer/Rapper,Singer,10,false,11.83199415631848,-2.5057073051740084,6.5,0
23,3,Amber Rose_S23,0.07875986523323107,false,6.25,4,Amber Rose,Maksim Chmerkoskiy,32,Model,Model,9,false,-4.16800584368152,-2.5413390395779145,6.25,0
23,3,Babyface_S23,0.08500518438096133,false,6.25,4,Babyface,Allison Holker,57,Singer/Rapper,Singer,11,false,20.83199415631848,-2.465031267715439,6.25,0
23,3,Calvin Johnson Jr._S23,0.08755700061392065,false,8.0,4,Calvin Johnson Jr.,Lindsay Arnold,30,Athlete,Athlete,3,false,-6.16800584368152,-2.435453841056885,8.0,0
23,3,James Hinchcliffe_S23,0.0893765083495564,false,7.25,4,James Hinchcliffe,Sharna Burgess,29,Racing Driver,Athlete,2,false,-7.16800584368152,-2.4148862129122106,7.25,0
23,3,Jana Kramer_S23,0.08605949062364401,false,6.5,4,Jana Kramer,Gleb Savchenko,32,Singer/Rapper,Singer,4,false,-4.16800584368152,-2.452704850639247,6.5,0
23,3,Laurie Hernandez_S23,0.0886398622688886,false,7.75,4,Laurie Hernandez,Valentin Chmerkovskiy,16,Athlete,Athlete,1,false,-20.16800584368152,-2.4231623282677455,7.75,0
23,3,Marilu Henner_S23,0.08451767914290995,false,7.0,4,Marilu Henner,Derek Hough,64,Actor/Actress,Actor,6,false,27.83199415631848,-2.4707827141023735,7.0,0
23,3,Maureen McCormick_S23,0.0869569873369507,false,7.0,4,Maureen McCormick,Artem Chigvintsev,60,Actor/Actress,Actor,8,false,23.83199415631848,-2.4423301811363047,7.0,0
23,3,Rick Perry_S23,0.05097529076273361,true,5.75,4,Rick Perry,Emma Slater,66,Politician,Other,12,false,29.83199415631848,-2.9763946413565003,5.75,0
23,3,Ryan Lochte_S23,0.08725334619251889,false,6.25,4,Ryan Lochte,Cheryl Burke,32,Athlete,Athlete,7,false,-4.16800584368152,-2.438927906045459,6.25,0
23,3,Terra Jole_S23,0.08693320498443516,false,7.5,4,Terra Jole,Sasha Farber,36,TV Personality,TV,5,false,-0.16800584368152016,-2.442603710986568,7.5,0
23,3,Vanilla Ice_S23,0.08796558011024853,false,5.75,4,Vanilla Ice,Witney Carson,48,Singer/Rapper,Singer,10,false,11.83199415631848,-2.4307983081098286,5.75,0
23,4,Amber Rose_S23,0.08987352743922235,false,8.0,3,Amber Rose,Maksim Chmerkoskiy,32,Model,Model,9,false,-4.16800584368152,-2.409340720932804,8.0,0
23,4,Babyface_S23,0.07156179234677769,true,6.0,3,Babyface,Allison Holker,57,Singer/Rapper,Singer,11,false,20.83199415631848,-2.6371800000467758,6.0,0
23,4,Calvin Johnson Jr._S23,0.0986840078816742,false,7.666666666666667,3,Calvin Johnson Jr.,Lindsay Arnold,30,Athlete,Athlete,3,false,-6.16800584368152,-2.3158222399090764,7.666666666666667,0
23,4,James Hinchcliffe_S23,0.09679801656300696,false,9.333333333333334,3,James Hinchcliffe,Sharna Burgess,29,Racing Driver,Athlete,2,false,-7.16800584368152,-2.3351184442242823,9.333333333333334,0
23,4,Jana Kramer_S23,0.09894642513050454,false,7.666666666666667,3,Jana Kramer,Gleb Savchenko,32,Singer/Rapper,Singer,4,false,-4.16800584368152,-2.3131666291973074,7.666666666666667,0
23,4,Laurie Hernandez_S23,0.09114000734725602,false,10.0,3,Laurie Hernandez,Valentin Chmerkovskiy,16,Athlete,Athlete,1,false,-20.16800584368152,-2.3953474404616397,10.0,0
23,4,Marilu Henner_S23,0.09965564674882986,false,7.0,3,Marilu Henner,Derek Hough,64,Actor/Actress,Actor,6,false,27.83199415631848,-2.306024533606148,7.0,0
23,4,Maureen McCormick_S23,0.09689424472382942,false,8.0,3,Maureen McCormick,Artem Chigvintsev,60,Actor/Actress,Actor,8,false,23.83199415631848,-2.3341248353470756,8.0,0
23,4,Ryan Lochte_S23,0.09947035806529858,false,7.333333333333333,3,Ryan Lochte,Cheryl Burke,32,Athlete,Athlete,7,false,-4.16800584368152,-2.307885534897056,7.333333333333333,0
23,4,Terra Jole_S23,0.0964141561372345,false,8.333333333333334,3,Terra Jole,Sasha Farber,36,TV Personality,TV,5,false,-0.16800584368152016,-2.3390918683830098,8.333333333333334,0
23,4,Vanilla Ice_S23,0.06056181761636423,true,7.666666666666667,3,Vanilla Ice,Witney Carson,48,Singer/Rapper,Singer,10,false,11.83199415631848,-2.8040741449054534,7.666666666666667,0
23,5,Amber Rose_S23,0.09790771463760851,false,8.0,3,Amber Rose,Maksim Chmerkoskiy,32,Model,Model,9,false,-4.16800584368152,-2.323719717701426,8.0,0
23,5,Calvin Johnson Jr._S23,0.11444066137013272,false,8.0,3,Calvin Johnson Jr.,Lindsay Arnold,30,Athlete,Athlete,3,false,-6.16800584368152,-2.1676900935154193,8.0,0
23,5,James Hinchcliffe_S23,0.11863386578399396,false,9.666666666666666,3,James Hinchcliffe,Sharna Burgess,29,Racing Driver,Athlete,2,false,-7.16800584368152,-2.131704857678947,9.666666666666666,0
23,5,Jana Kramer_S23,0.1109831331702731,false,8.666666666666666,3,Jana Kramer,Gleb Savchenko,32,Singer/Rapper,Singer,4,false,-4.16800584368152,-2.198368032299283,8.666666666666666,0
23,5,Laurie Hernandez_S23,0.10972082830198296,false,8.333333333333334,3,Laurie Hernandez,Valentin Chmerkovskiy,16,Athlete,Athlete,1,false,-20.16800584368152,-2.2098069497086668,8.333333333333334,0
23,5,Marilu Henner_S23,0.11080824807452705,false,9.0,3,Marilu Henner,Derek Hough,64,Actor/Actress,Actor,6,false,27.83199415631848,-2.19994504177548,9.0,0
23,5,Maureen McCormick_S23,0.10891058599907874,false,8.0,3,Maureen McCormick,Artem Chigvintsev,60,Actor/Actress,Actor,8,false,23.83199415631848,-2.2172188635262486,8.0,0
23,5,Ryan Lochte_S23,0.11320496989498331,false,8.0,3,Ryan Lochte,Cheryl Burke,32,Athlete,Athlete,7,false,-4.16800584368152,-2.1785463770154405,8.0,0
23,5,Terra Jole_S23,0.1153899927674177,false,9.0,3,Terra Jole,Sasha Farber,36,TV Personality,TV,5,false,-0.16800584368152016,-2.159428980229785,9.0,0
23,6,Amber Rose_S23,0.07158467988526541,true,7.0,4,Amber Rose,Maksim Chmerkoskiy,32,Model,Model,9,false,-4.16800584368152,-2.636860226620963,7.0,0
23,6,Calvin Johnson Jr._S23,0.11533360102062482,false,9.25,4,Calvin Johnson Jr.,Lindsay Arnold,30,Athlete,Athlete,3,false,-6.16800584368152,-2.159917801144621,9.25,0
23,6,James Hinchcliffe_S23,0.1194971695736989,false,9.5,4,James Hinchcliffe,Sharna Burgess,29,Racing Driver,Athlete,2,false,-7.16800584368152,-2.1244542251027885,9.5,0
23,6,Jana Kramer_S23,0.1138413096488672,false,10.0,4,Jana Kramer,Gleb Savchenko,32,Singer/Rapper,Singer,4,false,-4.16800584368152,-2.1729410368534054,10.0,0
23,6,Laurie Hernandez_S23,0.11370090296558372,false,9.25,4,Laurie Hernandez,Valentin Chmerkovskiy,16,Athlete,Athlete,1,false,-20.16800584368152,-2.174175141641133,9.25,0
23,6,Marilu Henner_S23,0.11382356593536631,false,8.5,4,Marilu Henner,Derek Hough,64,Actor/Actress,Actor,6,false,27.83199415631848,-2.173096911207031,8.5,0
23,6,Maureen McCormick_S23,0.11600743015236935,false,7.75,4,Maureen McCormick,Artem Chigvintsev,60,Actor/Actress,Actor,8,false,23.83199415631848,-2.154092416789058,7.75,0
23,6,Ryan Lochte_S23,0.11865258388803693,false,7.5,4,Ryan Lochte,Cheryl Burke,32,Athlete,Athlete,7,false,-4.16800584368152,-2.1315470910105088,7.5,0
23,6,Terra Jole_S23,0.11755875693018575,false,7.5,4,Terra Jole,Sasha Farber,36,TV Personality,TV,5,false,-0.16800584368152016,-2.1408085050570205,7.5,0
23,7,Calvin Johnson Jr._S23,0.13015303470756379,false,9.25,4,Calvin Johnson Jr.,Lindsay Arnold,30,Athlete,Athlete,3,false,-6.16800584368152,-2.0390366475797785,9.25,0
23,7,James Hinchcliffe_S23,0.13479884542684967,false,9.25,4,James Hinchcliffe,Sharna Burgess,29,Racing Driver,Athlete,2,false,-7.16800584368152,-2.0039642271896794,9.25,0
23,7,Jana Kramer_S23,0.12843137547880826,false,8.625,4,Jana Kramer,Gleb Savchenko,32,Singer/Rapper,Singer,4,false,-4.16800584368152,-2.0523527740360192,8.625,0
23,7,Laurie Hernandez_S23,0.13024532233829167,false,8.625,4,Laurie Hernandez,Valentin Chmerkovskiy,16,Athlete,Athlete,1,false,-20.16800584368152,-2.0383278341538773,8.625,0
23,7,Marilu Henner_S23,0.1311852113311695,false,8.0,4,Marilu Henner,Derek Hough,64,Actor/Actress,Actor,6,false,27.83199415631848,-2.031137504556387,8.0,0
23,7,Maureen McCormick_S23,0.08143110541073001,true,8.25,4,Maureen McCormick,Artem Chigvintsev,60,Actor/Actress,Actor,8,false,23.83199415631848,-2.507985668369703,8.25,0
23,7,Ryan Lochte_S23,0.13298850285001015,false,8.25,4,Ryan Lochte,Cheryl Burke,32,Athlete,Athlete,7,false,-4.16800584368152,-2.0174850798149726,8.25,0
23,7,Terra Jole_S23,0.13076660245657756,false,8.625,4,Terra Jole,Sasha Farber,36,TV Personality,TV,5,false,-0.16800584368152016,-2.034333558279533,8.625,0
23,8,Calvin Johnson Jr._S23,0.14717721948991688,false,10.0,3,Calvin Johnson Jr.,Lindsay Arnold,30,Athlete,Athlete,3,false,-6.16800584368152,-1.9161110490570845,10.0,0
23,8,James Hinchcliffe_S23,0.15054773571358493,false,11.6666,3,James Hinchcliffe,Sharna Burgess,29,Racing Driver,Athlete,2,false,-7.16800584368152,-1.8934684218738809,11.6666,0
23,8,Jana Kramer_S23,0.1456085509546649,false,10.0,3,Jana Kramer,Gleb Savchenko,32,Singer/Rapper,Singer,4,false,-4.16800584368152,-1.9268265481548497,10.0,0
23,8,Laurie Hernandez_S23,0.14553220526430974,false,11.0,3,Laurie Hernandez,Valentin Chmerkovskiy,16,Athlete,Athlete,1,false,-20.16800584368152,-1.9273510035326622,11.0,0
23,8,Marilu Henner_S23,0.15612860652404428,false,7.666666666666667,3,Marilu Henner,Derek Hough,64,Actor/Actress,Actor,6,false,27.83199415631848,-1.8570688056134999,7.666666666666667,0
23,8,Ryan Lochte_S23,0.09840212065166105,true,8.666666666666666,3,Ryan Lochte,Cheryl Burke,32,Athlete,Athlete,7,false,-4.16800584368152,-2.318682761487161,8.666666666666666,0
23,8,Terra Jole_S23,0.1566035614018152,false,8.0,3,Terra Jole,Sasha Farber,36,TV Personality,TV,5,false,-0.16800584368152016,-1.8540313681241263,8.0,0
23,9,Calvin Johnson Jr._S23,0.17829084086155697,false,9.25,4,Calvin Johnson Jr.,Lindsay Arnold,30,Athlete,Athlete,3,false,-6.16800584368152,-1.7243335158916895,9.25,0
23,9,James Hinchcliffe_S23,0.18541008784823151,false,9.0,4,James Hinchcliffe,Sharna Burgess,29,Racing Driver,Athlete,2,false,-7.16800584368152,-1.6851798226319878,9.0,0
23,9,Jana Kramer_S23,0.1720615308081721,false,10.0,4,Jana Kramer,Gleb Savchenko,32,Singer/Rapper,Singer,4,false,-4.16800584368152,-1.75989731702711,10.0,0
23,9,Laurie Hernandez_S23,0.1716354737745072,false,10.0,4,Laurie Hernandez,Valentin Chmerkovskiy,16,Athlete,Athlete,1,false,-20.16800584368152,-1.7623765633805752,10.0,0
23,9,Marilu Henner_S23,0.11613283941865786,true,9.0,4,Marilu Henner,Derek Hough,64,Actor/Actress,Actor,6,false,27.83199415631848,-2.153011964885833,9.0,0
23,9,Terra Jole_S23,0.176469227288875,false,9.5,4,Terra Jole,Sasha Farber,36,TV Personality,TV,5,false,-0.16800584368152016,-1.7346031007532396,9.5,0
23,10,Calvin Johnson Jr._S23,0.22018330716192722,false,9.333333333333334,3,Calvin Johnson Jr.,Lindsay Arnold,30,Athlete,Athlete,3,false,-6.16800584368152,-1.5132903235277289,9.333333333333334,0
23,10,James Hinchcliffe_S23,0.2196316328741656,false,9.833333333333334,3,James Hinchcliffe,Sharna Burgess,29,Racing Driver,Athlete,2,false,-7.16800584368152,-1.5157989789562338,9.833333333333334,0
23,10,Jana Kramer_S23,0.21247861017433703,false,9.666666666666666,3,Jana Kramer,Gleb Savchenko,32,Singer/Rapper,Singer,4,false,-4.16800584368152,-1.5489092473421318,9.666666666666666,0
23,10,Laurie Hernandez_S23,0.21166339406768853,false,10.0,3,Laurie Hernandez,Valentin Chmerkovskiy,16,Athlete,Athlete,1,false,-20.16800584368152,-1.5527533055032794,10.0,0
23,10,Terra Jole_S23,0.13604305572188555,true,10.0,3,Terra Jole,Sasha Farber,36,TV Personality,TV,5,false,-0.16800584368152016,-1.994776506571526,10.0,0
23,11,Calvin Johnson Jr._S23,0.22848525879952375,false,9.583275,4,Calvin Johnson Jr.,Lindsay Arnold,30,Athlete,Athlete,3,false,-6.16800584368152,-1.476279207000906,9.583275,0
23,11,James Hinchcliffe_S23,0.26870202526980613,false,9.74995,4,James Hinchcliffe,Sharna Burgess,29,Racing Driver,Athlete,2,false,-7.16800584368152,-1.314148504511508,9.74995,0
23,11,Jana Kramer_S23,0.1877998638610308,false,8.875,4,Jana Kramer,Gleb Savchenko,32,Singer/Rapper,Singer,4,false,-4.16800584368152,-1.6723731123195613,8.875,0
23,11,Laurie Hernandez_S23,0.31501285206963986,false,9.833300000000001,4,Laurie Hernandez,Valentin Chmerkovskiy,16,Athlete,Athlete,1,false,-20.16800584368152,-1.1551386662991148,9.833300000000001,0
24,1,Bonner Bolton_S24,0.08134755040594233,false,5.5,4,Bonner Bolton,Sharna Burgess,29,Athlete,Athlete,5,false,-7.16800584368152,-2.509012264702132,5.5,0
24,1,Charo_S24,0.0818743287356588,false,5.25,4,Charo,Keo Motsepe,66,Actor/Actress,Actor,11,false,29.83199415631848,-2.502557569942766,5.25,0
24,1,Chris Kattan_S24,0.07723107482865302,false,4.25,4,Chris Kattan,Witney Carson,46,Comedian,Entertainment,12,false,9.83199415631848,-2.560940431183008,4.25,0
24,1,David Ross_S24,0.08603737703827272,false,7.0,4,David Ross,Lindsay Arnold,40,Athlete,Athlete,2,false,3.83199415631848,-2.4529618376350757,7.0,0
24,1,Erika Jayne_S24,0.08307791231612334,false,6.0,4,Erika Jayne,Gleb Savchenko,45,Singer/Rapper,Singer,9,false,8.83199415631848,-2.4879643720661453,6.0,0
24,1,Heather Morris_S24,0.08544640263404212,false,7.0,4,Heather Morris,Maksim Chmerkoskiy,30,Actor/Actress,Actor,8,false,-6.16800584368152,-2.4598542662073584,7.0,0
24,1,Mr. T_S24,0.08490189008363652,false,5.0,4,Mr. T,Kym Herjavec,64,Actor/Actress,Actor,10,false,27.83199415631848,-2.466247145211986,5.0,0
24,1,Nancy Kerrigan_S24,0.08580685232210775,false,7.0,4,Nancy Kerrigan,Artem Chigvintsev,47,Athlete,Athlete,7,false,10.83199415631848,-2.4556447577701355,7.0,0
24,1,Nick Viall_S24,0.08330173522367235,false,6.0,4,Nick Viall,Peta Murgatroyd,36,TV Personality,TV,6,false,-0.16800584368152016,-2.485273894530028,6.0,0
24,1,Normani_S24,0.08225537135745498,false,6.75,4,Normani,Valentin Chmerkovskiy,20,Singer/Rapper,Singer,3,false,-16.16800584368152,-2.4979144290242608,6.75,0
24,1,Rashad Jennings_S24,0.0843043796854925,false,7.75,4,Rashad Jennings,Emma Slater,32,Athlete,Athlete,1,false,-4.16800584368152,-2.473309600049714,7.75,0
24,1,Simone Biles_S24,0.08441512536894265,false,8.0,4,Simone Biles,Sasha Farber,20,Athlete,Athlete,4,false,-16.16800584368152,-2.4719968367559195,8.0,0
24,2,Bonner Bolton_S24,0.08632671967092663,false,7.0,4,Bonner Bolton,Sharna Burgess,29,Athlete,Athlete,5,false,-7.16800584368152,-2.4496045311814836,7.0,0
24,2,Charo_S24,0.08625972995824177,false,6.25,4,Charo,Keo Motsepe,66,Actor/Actress,Actor,11,false,29.83199415631848,-2.450380825495419,6.25,0
24,2,Chris Kattan_S24,0.05507350200762239,true,5.5,4,Chris Kattan,Witney Carson,46,Comedian,Entertainment,12,false,9.83199415631848,-2.899068428411371,5.5,0
24,2,David Ross_S24,0.08851953495375828,false,6.75,4,David Ross,Lindsay Arnold,40,Athlete,Athlete,2,false,3.83199415631848,-2.424520720508034,6.75,0
24,2,Erika Jayne_S24,0.08649687115001109,false,7.0,4,Erika Jayne,Gleb Savchenko,45,Singer/Rapper,Singer,9,false,8.83199415631848,-2.4476354763296895,7.0,0
24,2,Heather Morris_S24,0.08576701669147198,false,7.5,4,Heather Morris,Maksim Chmerkoskiy,30,Actor/Actress,Actor,8,false,-6.16800584368152,-2.456109107816334,7.5,0
24,2,Mr. T_S24,0.08819083820030668,false,5.5,4,Mr. T,Kym Herjavec,64,Actor/Actress,Actor,10,false,27.83199415631848,-2.428240857662731,5.5,0
24,2,Nancy Kerrigan_S24,0.08558400728738212,false,7.0,4,Nancy Kerrigan,Artem Chigvintsev,47,Athlete,Athlete,7,false,10.83199415631848,-2.4582451596866237,7.0,0
24,2,Nick Viall_S24,0.0886771183090145,false,6.25,4,Nick Viall,Peta Murgatroyd,36,TV Personality,TV,6,false,-0.16800584368152016,-2.4227421133471236,6.25,0
24,2,Normani_S24,0.08044281081473029,false,8.0,4,Normani,Valentin Chmerkovskiy,20,Singer/Rapper,Singer,3,false,-16.16800584368152,-2.5201963405761294,8.0,0
24,2,Rashad Jennings_S24,0.08418296522174719,false,8.0,4,Rashad Jennings,Emma Slater,32,Athlete,Athlete,1,false,-4.16800584368152,-2.474750812665597,8.0,0
24,2,Simone Biles_S24,0.0844788857347872,false,7.25,4,Simone Biles,Sasha Farber,20,Athlete,Athlete,4,false,-16.16800584368152,-2.4712418115962747,7.25,0
24,3,Bonner Bolton_S24,0.09710541659562077,false,6.0,4,Bonner Bolton,Sharna Burgess,29,Athlete,Athlete,5,false,-7.16800584368152,-2.3319478235240103,6.0,0
24,3,Charo_S24,0.05937112382745743,true,6.0,4,Charo,Keo Motsepe,66,Actor/Actress,Actor,11,false,29.83199415631848,-2.823930458601342,6.0,0
24,3,David Ross_S24,0.09575053911914326,false,7.75,4,David Ross,Lindsay Arnold,40,Athlete,Athlete,2,false,3.83199415631848,-2.345998576699207,7.75,0
24,3,Erika Jayne_S24,0.09856570675152318,false,6.5,4,Erika Jayne,Gleb Savchenko,45,Singer/Rapper,Singer,9,false,8.83199415631848,-2.317021734114287,6.5,0
24,3,Heather Morris_S24,0.0931354071468842,false,8.25,4,Heather Morris,Maksim Chmerkoskiy,30,Actor/Actress,Actor,8,false,-6.16800584368152,-2.3736901169316025,8.25,0
24,3,Mr. T_S24,0.0947646262037654,false,6.0,4,Mr. T,Kym Herjavec,64,Actor/Actress,Actor,10,false,27.83199415631848,-2.356348528261105,6.0,0
24,3,Nancy Kerrigan_S24,0.09285193037577587,false,8.25,4,Nancy Kerrigan,Artem Chigvintsev,47,Athlete,Athlete,7,false,10.83199415631848,-2.3767384313607507,8.25,0
24,3,Nick Viall_S24,0.09478176538750566,false,6.5,4,Nick Viall,Peta Murgatroyd,36,TV Personality,TV,6,false,-0.16800584368152016,-2.3561676859585874,6.5,0
24,3,Normani_S24,0.08348023406701195,false,8.5,4,Normani,Valentin Chmerkovskiy,20,Singer/Rapper,Singer,3,false,-16.16800584368152,-2.483133414095962,8.5,0
24,3,Rashad Jennings_S24,0.09833413819194947,false,7.0,4,Rashad Jennings,Emma Slater,32,Athlete,Athlete,1,false,-4.16800584368152,-2.319373856984467,7.0,0
24,3,Simone Biles_S24,0.09185911233336283,false,8.0,4,Simone Biles,Sasha Farber,20,Athlete,Athlete,4,false,-16.16800584368152,-2.387488377209526,8.0,0
24,4,Bonner Bolton_S24,0.10619474720359008,false,8.0,4,Bonner Bolton,Sharna Burgess,29,Athlete,Athlete,5,false,-7.16800584368152,-2.242471216140063,8.0,0
24,4,David Ross_S24,0.10400924216000335,false,7.75,4,David Ross,Lindsay Arnold,40,Athlete,Athlete,2,false,3.83199415631848,-2.263265902382104,7.75,0
24,4,Erika Jayne_S24,0.1031674697818777,false,7.5,4,Erika Jayne,Gleb Savchenko,45,Singer/Rapper,Singer,9,false,8.83199415631848,-2.271391997986461,7.5,0
24,4,Heather Morris_S24,0.10442875005098937,false,8.75,4,Heather Morris,Maksim Chmerkoskiy,30,Actor/Actress,Actor,8,false,-6.16800584368152,-2.2592406819533797,8.75,0
24,4,Mr. T_S24,0.06892257008478278,true,7.0,4,Mr. T,Kym Herjavec,64,Actor/Actress,Actor,10,false,27.83199415631848,-2.6747570682463775,7.0,0
24,4,Nancy Kerrigan_S24,0.10558208526005781,false,8.25,4,Nancy Kerrigan,Artem Chigvintsev,47,Athlete,Athlete,7,false,10.83199415631848,-2.2482570980013294,8.25,0
24,4,Nick Viall_S24,0.10596648161184798,false,7.5,4,Nick Viall,Peta Murgatroyd,36,TV Personality,TV,6,false,-0.16800584368152016,-2.2446230091825528,7.5,0
24,4,Normani_S24,0.10310670914749592,false,8.0,4,Normani,Valentin Chmerkovskiy,20,Singer/Rapper,Singer,3,false,-16.16800584368152,-2.2719811172580555,8.0,0
24,4,Rashad Jennings_S24,0.10051174081096091,false,9.75,4,Rashad Jennings,Emma Slater,32,Athlete,Athlete,1,false,-4.16800584368152,-2.2974707852797644,9.75,0
24,4,Simone Biles_S24,0.09811020388839382,false,9.0,4,Simone Biles,Sasha Farber,20,Athlete,Athlete,4,false,-16.16800584368152,-2.3216537100800254,9.0,0
24,5,Bonner Bolton_S24,0.1177723351349848,false,7.5,4,Bonner Bolton,Sharna Burgess,29,Athlete,Athlete,5,false,-7.16800584368152,-2.1389933904756973,7.5,0
24,5,David Ross_S24,0.1210651240453515,false,7.25,4,David Ross,Lindsay Arnold,40,Athlete,Athlete,2,false,3.83199415631848,-2.111418402937408,7.25,0
24,5,Erika Jayne_S24,0.06895115370162387,true,8.0,4,Erika Jayne,Gleb Savchenko,45,Singer/Rapper,Singer,9,false,8.83199415631848,-2.6743424395290716,8.0,0
24,5,Heather Morris_S24,0.11554545947621361,false,8.5,4,Heather Morris,Maksim Chmerkoskiy,30,Actor/Actress,Actor,8,false,-6.16800584368152,-2.158082583352439,8.5,0
24,5,Nancy Kerrigan_S24,0.11724635622633772,false,9.0,4,Nancy Kerrigan,Artem Chigvintsev,47,Athlete,Athlete,7,false,10.83199415631848,-2.1434694200861864,9.0,0
24,5,Nick Viall_S24,0.11678502794300319,false,8.5,4,Nick Viall,Peta Murgatroyd,36,TV Personality,TV,6,false,-0.16800584368152016,-2.1474118395191626,8.5,0
24,5,Normani_S24,0.1090123819672895,false,9.75,4,Normani,Valentin Chmerkovskiy,20,Singer/Rapper,Singer,3,false,-16.16800584368152,-2.2162846339465494,9.75,0
24,5,Rashad Jennings_S24,0.12028513246647117,false,8.0,4,Rashad Jennings,Emma Slater,32,Athlete,Athlete,1,false,-4.16800584368152,-2.117881937239055,8.0,0
24,5,Simone Biles_S24,0.11333702903872482,false,9.5,4,Simone Biles,Sasha Farber,20,Athlete,Athlete,4,false,-16.16800584368152,-2.1773805182037194,9.5,0
24,6,Bonner Bolton_S24,0.1344008347222544,false,7.875,4,Bonner Bolton,Sharna Burgess,29,Athlete,Athlete,5,false,-7.16800584368152,-2.006921199779015,7.875,0
24,6,David Ross_S24,0.13630188182734784,false,7.75,4,David Ross,Lindsay Arnold,40,Athlete,Athlete,2,false,3.83199415631848,-1.992875797235757,7.75,0
24,6,Heather Morris_S24,0.06967493426790751,true,9.25,4,Heather Morris,Maksim Chmerkoskiy,30,Actor/Actress,Actor,8,false,-6.16800584368152,-2.6639002967638374,9.25,0
24,6,Nancy Kerrigan_S24,0.13492845618393506,false,8.375,4,Nancy Kerrigan,Artem Chigvintsev,47,Athlete,Athlete,7,false,10.83199415631848,-2.0030031839045255,8.375,0
24,6,Nick Viall_S24,0.13674099215508126,false,7.625,4,Nick Viall,Peta Murgatroyd,36,TV Personality,TV,6,false,-0.16800584368152016,-1.989659397675591,7.625,0
24,6,Normani_S24,0.12423697453142034,false,9.0,4,Normani,Valentin Chmerkovskiy,20,Singer/Rapper,Singer,3,false,-16.16800584368152,-2.085556403144686,9.0,0
24,6,Rashad Jennings_S24,0.13331320326043955,false,8.75,4,Rashad Jennings,Emma Slater,32,Athlete,Athlete,1,false,-4.16800584368152,-2.015046506382569,8.75,0
24,6,Simone Biles_S24,0.13040272305161474,false,8.625,4,Simone Biles,Sasha Farber,20,Athlete,Athlete,4,false,-16.16800584368152,-2.0371200788878414,8.625,0
24,7,Bonner Bolton_S24,0.1690817740358699,false,7.75,4,Bonner Bolton,Sharna Burgess,29,Athlete,Athlete,5,false,-7.16800584368152,-1.7773668967711642,7.75,0
24,7,David Ross_S24,0.16571729525103648,false,8.0,4,David Ross,Lindsay Arnold,40,Athlete,Athlete,2,false,3.83199415631848,-1.7974659487493534,8.0,0
24,7,Nancy Kerrigan_S24,0.10530543410344073,true,9.0,4,Nancy Kerrigan,Artem Chigvintsev,47,Athlete,Athlete,7,false,10.83199415631848,-2.2508807591121167,9.0,0
24,7,Nick Viall_S24,0.10870913845227445,true,8.5,4,Nick Viall,Peta Murgatroyd,36,TV Personality,TV,6,false,-0.16800584368152016,-2.2190702191742284,8.5,0
24,7,Normani_S24,0.1445498797926,false,10.5,4,Normani,Valentin Chmerkovskiy,20,Singer/Rapper,Singer,3,false,-16.16800584368152,-1.9341237241142295,10.5,0
24,7,Rashad Jennings_S24,0.15673945444494183,false,9.75,4,Rashad Jennings,Emma Slater,32,Athlete,Athlete,1,false,-4.16800584368152,-1.8531639980063719,9.75,0
24,7,Simone Biles_S24,0.149897023919837,false,9.75,4,Simone Biles,Sasha Farber,20,Athlete,Athlete,4,false,-16.16800584368152,-1.8978000566166677,9.75,0
24,8,Bonner Bolton_S24,0.16169868634046755,true,7.25,4,Bonner Bolton,Sharna Burgess,29,Athlete,Athlete,5,false,-7.16800584368152,-1.8220144521630626,7.25,0
24,8,David Ross_S24,0.2175016917769423,false,8.125,4,David Ross,Lindsay Arnold,40,Athlete,Athlete,2,false,3.83199415631848,-1.5255440525440385,8.125,0
24,8,Normani_S24,0.1999976635076335,false,9.875,4,Normani,Valentin Chmerkovskiy,20,Singer/Rapper,Singer,3,false,-16.16800584368152,-1.6094445949182605,9.875,0
24,8,Rashad Jennings_S24,0.2128893923691069,false,9.375,4,Rashad Jennings,Emma Slater,32,Athlete,Athlete,1,false,-4.16800584368152,-1.54697783553589,9.375,0
24,8,Simone Biles_S24,0.2079125660058495,false,9.0,4,Simone Biles,Sasha Farber,20,Athlete,Athlete,4,false,-16.16800584368152,-1.5706328336936364,9.0,0
24,9,David Ross_S24,0.28365355568990497,false,8.75,4,David Ross,Lindsay Arnold,40,Athlete,Athlete,2,false,3.83199415631848,-1.259998134383469,8.75,0
24,9,Normani_S24,0.2652445399628911,false,9.5,4,Normani,Valentin Chmerkovskiy,20,Singer/Rapper,Singer,3,false,-16.16800584368152,-1.3270993160954183,9.5,0
24,9,Rashad Jennings_S24,0.27752551256854174,false,9.625,4,Rashad Jennings,Emma Slater,32,Athlete,Athlete,1,false,-4.16800584368152,-1.2818388095718405,9.625,0
24,9,Simone Biles_S24,0.1735763917786618,true,10.0,4,Simone Biles,Sasha Farber,20,Athlete,Athlete,4,false,-16.16800584368152,-1.7511317169265064,10.0,0
24,10,David Ross_S24,0.3479687501854041,false,9.083325,4,David Ross,Lindsay Arnold,40,Athlete,Athlete,2,false,3.83199415631848,-1.0556397277404241,9.083325,0
24,10,Normani_S24,0.25214452886735833,false,9.833300000000001,4,Normani,Valentin Chmerkovskiy,20,Singer/Rapper,Singer,3,false,-16.16800584368152,-1.3777488626516823,9.833300000000001,0
24,10,Rashad Jennings_S24,0.3998867209472369,false,9.91665,4,Rashad Jennings,Emma Slater,32,Athlete,Athlete,1,false,-4.16800584368152,-0.916571468909017,9.91665,0
25,1,Barbara Corcoran_S25,0.06501567205194332,false,4.666666666666667,3,Barbara Corcoran,Keo Motsepe,68,Entrepreneur,Other,13,false,31.83199415631848,-2.733111548868413,4.666666666666667,0
25,1,Debbie Gibson_S25,0.07631944885242417,false,5.666666666666667,3,Debbie Gibson,Alan Bersten,47,Singer/Rapper,Singer,12,false,10.83199415631848,-2.572814370669356,5.666666666666667,0
25,1,Derek Fisher_S25,0.07999950765273937,false,6.0,3,Derek Fisher,Sharna Burgess,43,Athlete,Athlete,11,false,6.83199415631848,-2.5257222986691468,6.0,0
25,1,Drew Scott_S25,0.07716309289262062,false,5.333333333333333,3,Drew Scott,Emma Slater,39,TV Personality,TV,4,false,2.83199415631848,-2.5618210481235577,5.333333333333333,0
25,1,Frankie Muniz_S25,0.07676460873213146,false,6.333333333333333,3,Frankie Muniz,Witney Carson,31,Actor/Actress,Actor,3,false,-5.16800584368152,-2.5669985420892396,6.333333333333333,0
25,1,Jordan Fisher_S25,0.07571852363311159,false,7.333333333333333,3,Jordan Fisher,Lindsay Arnold,23,Actor/Actress,Actor,1,false,-13.16800584368152,-2.5807192438241486,7.333333333333333,0
25,1,Lindsey Stirling_S25,0.08713531812115882,false,7.333333333333333,3,Lindsey Stirling,Mark Ballas,31,Musician,Singer,2,false,-5.16800584368152,-2.4402815116394967,7.333333333333333,0
25,1,Nick Lachey_S25,0.07610112452430792,false,6.0,3,Nick Lachey,Peta Murgatroyd,43,Singer/Rapper,Singer,9,false,6.83199415631848,-2.575679096970571,6.0,0
25,1,Nikki Bella_S25,0.0774239959145095,false,6.666666666666667,3,Nikki Bella,Artem Chigvintsev,33,Athlete,Athlete,8,false,-3.16800584368152,-2.5584456058899434,6.666666666666667,0
25,1,Sasha Pieterse_S25,0.075965883627675,false,6.0,3,Sasha Pieterse,Gleb Savchenko,21,Actor/Actress,Actor,10,false,-15.16800584368152,-2.577457775399944,6.0,0
25,1,Terrell Owens_S25,0.07797698355009178,false,5.0,3,Terrell Owens,Cheryl Burke,43,Athlete,Athlete,6,false,6.83199415631848,-2.5513287543143224,5.0,0
25,1,Vanessa Lachey_S25,0.07735143163605465,false,7.0,3,Vanessa Lachey,Maksim Chmerkoskiy,36,TV Personality,TV,7,false,-0.16800584368152016,-2.5593832656626865,7.0,0
25,1,Victoria Arlen_S25,0.07706440881123212,false,6.333333333333333,3,Victoria Arlen,Valentin Chmerkovskiy,22,Athlete,Athlete,5,false,-14.16800584368152,-2.5631007526387863,6.333333333333333,0
25,2,Barbara Corcoran_S25,0.051636349853581405,true,5.666666666666667,3,Barbara Corcoran,Keo Motsepe,68,Entrepreneur,Other,13,false,31.83199415631848,-2.9635100339646403,5.666666666666667,0
25,2,Debbie Gibson_S25,0.049259824150051125,true,6.833333333333333,3,Debbie Gibson,Alan Bersten,47,Singer/Rapper,Singer,12,false,10.83199415631848,-3.010626155815589,6.833333333333333,0
25,2,Derek Fisher_S25,0.08488349845262272,false,6.333333333333333,3,Derek Fisher,Sharna Burgess,43,Athlete,Athlete,11,false,6.83199415631848,-2.466463788288298,6.333333333333333,0
25,2,Drew Scott_S25,0.08245856895834112,false,6.833333333333333,3,Drew Scott,Emma Slater,39,TV Personality,TV,4,false,2.83199415631848,-2.4954471789988655,6.833333333333333,0
25,2,Frankie Muniz_S25,0.08018350627273847,false,8.0,3,Frankie Muniz,Witney Carson,31,Actor/Actress,Actor,3,false,-5.16800584368152,-2.523424971392214,8.0,0
25,2,Jordan Fisher_S25,0.07795099235879333,false,8.0,3,Jordan Fisher,Lindsay Arnold,23,Actor/Actress,Actor,1,false,-13.16800584368152,-2.5516621243592756,8.0,0
25,2,Lindsey Stirling_S25,0.08768011649152606,false,7.5,3,Lindsey Stirling,Mark Ballas,31,Musician,Singer,2,false,-5.16800584368152,-2.4340487221554064,7.5,0
25,2,Nick Lachey_S25,0.08132885338694355,false,6.333333333333333,3,Nick Lachey,Peta Murgatroyd,43,Singer/Rapper,Singer,9,false,6.83199415631848,-2.5092421294985052,6.333333333333333,0
25,2,Nikki Bella_S25,0.08430773107292552,false,6.5,3,Nikki Bella,Artem Chigvintsev,33,Athlete,Athlete,8,false,-3.16800584368152,-2.4732698478911503,6.5,0
25,2,Sasha Pieterse_S25,0.07848731480236115,false,7.5,3,Sasha Pieterse,Gleb Savchenko,21,Actor/Actress,Actor,10,false,-15.16800584368152,-2.5448055212948084,7.5,0
25,2,Terrell Owens_S25,0.08314231153551412,false,6.5,3,Terrell Owens,Cheryl Burke,43,Athlete,Athlete,6,false,6.83199415631848,-2.487189515117169,6.5,0
25,2,Vanessa Lachey_S25,0.07933259763278966,false,7.833333333333333,3,Vanessa Lachey,Maksim Chmerkoskiy,36,TV Personality,TV,7,false,-0.16800584368152016,-2.5340935624785694,7.833333333333333,0
25,2,Victoria Arlen_S25,0.07934833503181143,false,7.333333333333333,3,Victoria Arlen,Valentin Chmerkovskiy,22,Athlete,Athlete,5,false,-14.16800584368152,-2.5338952122362453,7.333333333333333,0
25,3,Derek Fisher_S25,0.09060490733326906,false,7.0,3,Derek Fisher,Sharna Burgess,43,Athlete,Athlete,11,false,6.83199415631848,-2.4012358657048214,7.0,0
25,3,Drew Scott_S25,0.0918879170695017,false,7.666666666666667,3,Drew Scott,Emma Slater,39,TV Personality,TV,4,false,2.83199415631848,-2.387174854613315,7.666666666666667,0
25,3,Frankie Muniz_S25,0.0901851454038091,false,7.0,3,Frankie Muniz,Witney Carson,31,Actor/Actress,Actor,3,false,-5.16800584368152,-2.40587946233843,7.0,0
25,3,Jordan Fisher_S25,0.08964616552301025,false,8.333333333333334,3,Jordan Fisher,Lindsay Arnold,23,Actor/Actress,Actor,1,false,-13.16800584368152,-2.411873696575164,8.333333333333334,0
25,3,Lindsey Stirling_S25,0.09766958591177861,false,9.0,3,Lindsey Stirling,Mark Ballas,31,Musician,Singer,2,false,-5.16800584368152,-2.326154830648776,9.0,0
25,3,Nick Lachey_S25,0.08514931411804437,false,7.0,3,Nick Lachey,Peta Murgatroyd,43,Singer/Rapper,Singer,9,false,6.83199415631848,-2.4633371828838335,7.0,0
25,3,Nikki Bella_S25,0.09028376517606654,false,7.0,3,Nikki Bella,Artem Chigvintsev,33,Athlete,Athlete,8,false,-3.16800584368152,-2.4047865462362497,7.0,0
25,3,Sasha Pieterse_S25,0.08820584251127643,false,6.333333333333333,3,Sasha Pieterse,Gleb Savchenko,21,Actor/Actress,Actor,10,false,-15.16800584368152,-2.4280707394855945,6.333333333333333,0
25,3,Terrell Owens_S25,0.09173764868684257,false,7.0,3,Terrell Owens,Cheryl Burke,43,Athlete,Athlete,6,false,6.83199415631848,-2.3888115197358255,7.0,0
25,3,Vanessa Lachey_S25,0.09257765292909083,false,7.666666666666667,3,Vanessa Lachey,Maksim Chmerkoskiy,36,TV Personality,TV,7,false,-0.16800584368152016,-2.3796966938295356,7.666666666666667,0
25,3,Victoria Arlen_S25,0.09205205533731053,false,7.333333333333333,3,Victoria Arlen,Valentin Chmerkovskiy,22,Athlete,Athlete,5,false,-14.16800584368152,-2.3853901797049506,7.333333333333333,0
25,4,Derek Fisher_S25,0.05847006527981347,true,7.666666666666667,3,Derek Fisher,Sharna Burgess,43,Athlete,Athlete,11,false,6.83199415631848,-2.8392232577059775,7.666666666666667,0
25,4,Drew Scott_S25,0.09347839381918262,false,8.0,3,Drew Scott,Emma Slater,39,TV Personality,TV,4,false,2.83199415631848,-2.3700142539368843,8.0,0
25,4,Frankie Muniz_S25,0.09549779368762426,false,8.0,3,Frankie Muniz,Witney Carson,31,Actor/Actress,Actor,3,false,-5.16800584368152,-2.3486416631184324,8.0,0
25,4,Jordan Fisher_S25,0.09071046062483744,false,9.666666666666666,3,Jordan Fisher,Lindsay Arnold,23,Actor/Actress,Actor,1,false,-13.16800584368152,-2.400071572348031,9.666666666666666,0
25,4,Lindsey Stirling_S25,0.10183341071184834,false,8.666666666666666,3,Lindsey Stirling,Mark Ballas,31,Musician,Singer,2,false,-5.16800584368152,-2.2844072092728114,8.666666666666666,0
25,4,Nick Lachey_S25,0.09524820844640564,false,7.333333333333333,3,Nick Lachey,Peta Murgatroyd,43,Singer/Rapper,Singer,9,false,6.83199415631848,-2.351258575283814,7.333333333333333,0
25,4,Nikki Bella_S25,0.09287993217296774,false,8.0,3,Nikki Bella,Artem Chigvintsev,33,Athlete,Athlete,8,false,-3.16800584368152,-2.3764369053275356,8.0,0
25,4,Sasha Pieterse_S25,0.0918175404401218,false,8.0,3,Sasha Pieterse,Gleb Savchenko,21,Actor/Actress,Actor,10,false,-15.16800584368152,-2.3879410361693254,8.0,0
25,4,Terrell Owens_S25,0.09638681033020392,false,8.0,3,Terrell Owens,Cheryl Burke,43,Athlete,Athlete,6,false,6.83199415631848,-2.3393755342177736,8.0,0
25,4,Vanessa Lachey_S25,0.09318278494315031,false,8.0,3,Vanessa Lachey,Maksim Chmerkoskiy,36,TV Personality,TV,7,false,-0.16800584368152016,-2.3731815537237635,8.0,0
25,4,Victoria Arlen_S25,0.09049459954384495,false,9.0,3,Victoria Arlen,Valentin Chmerkovskiy,22,Athlete,Athlete,5,false,-14.16800584368152,-2.4024540532833507,9.0,0
25,5,Drew Scott_S25,0.10582969895585367,false,8.333333333333334,3,Drew Scott,Emma Slater,39,TV Personality,TV,4,false,2.83199415631848,-2.2459146413830187,8.333333333333334,0
25,5,Frankie Muniz_S25,0.09983417741561025,false,9.666666666666666,3,Frankie Muniz,Witney Carson,31,Actor/Actress,Actor,3,false,-5.16800584368152,-2.304234678656557,9.666666666666666,0
25,5,Jordan Fisher_S25,0.09781654770538184,false,10.0,3,Jordan Fisher,Lindsay Arnold,23,Actor/Actress,Actor,1,false,-13.16800584368152,-2.324651293645589,10.0,0
25,5,Lindsey Stirling_S25,0.11177758921509648,false,9.333333333333334,3,Lindsey Stirling,Mark Ballas,31,Musician,Singer,2,false,-5.16800584368152,-2.19123524630543,9.333333333333334,0
25,5,Nick Lachey_S25,0.10767595782818344,false,7.333333333333333,3,Nick Lachey,Peta Murgatroyd,43,Singer/Rapper,Singer,9,false,6.83199415631848,-2.2286196654519066,7.333333333333333,0
25,5,Nikki Bella_S25,0.10456913295049405,false,9.0,3,Nikki Bella,Artem Chigvintsev,33,Athlete,Athlete,8,false,-3.16800584368152,-2.257897303970573,9.0,0
25,5,Sasha Pieterse_S25,0.061219404660908874,true,8.0,3,Sasha Pieterse,Gleb Savchenko,21,Actor/Actress,Actor,10,false,-15.16800584368152,-2.793274735540475,8.0,0
25,5,Terrell Owens_S25,0.10172802890824657,false,8.333333333333334,3,Terrell Owens,Cheryl Burke,43,Athlete,Athlete,6,false,6.83199415631848,-2.285442579997657,8.333333333333334,0
25,5,Vanessa Lachey_S25,0.10610144515135735,false,8.0,3,Vanessa Lachey,Maksim Chmerkoskiy,36,TV Personality,TV,7,false,-0.16800584368152016,-2.243350187903362,8.0,0
25,5,Victoria Arlen_S25,0.10344801720886826,false,9.0,3,Victoria Arlen,Valentin Chmerkovskiy,22,Athlete,Athlete,5,false,-14.16800584368152,-2.2686763749916494,9.0,0
25,6,Drew Scott_S25,0.11693175756256809,false,7.5,4,Drew Scott,Emma Slater,39,TV Personality,TV,4,false,2.83199415631848,-2.146156231087647,7.5,0
25,6,Frankie Muniz_S25,0.11691754518765389,false,7.75,4,Frankie Muniz,Witney Carson,31,Actor/Actress,Actor,3,false,-5.16800584368152,-2.1462777816179592,7.75,0
25,6,Jordan Fisher_S25,0.11229690925350458,false,9.75,4,Jordan Fisher,Lindsay Arnold,23,Actor/Actress,Actor,1,false,-13.16800584368152,-2.1866000349221375,9.75,0
25,6,Lindsey Stirling_S25,0.1211440076982853,false,10.0,4,Lindsey Stirling,Mark Ballas,31,Musician,Singer,2,false,-5.16800584368152,-2.1107670401767047,10.0,0
25,6,Nick Lachey_S25,0.0820005747891707,true,6.5,4,Nick Lachey,Peta Murgatroyd,43,Singer/Rapper,Singer,9,false,6.83199415631848,-2.5010168271563087,6.5,0
25,6,Nikki Bella_S25,0.11198069452590237,false,9.0,4,Nikki Bella,Artem Chigvintsev,33,Athlete,Athlete,8,false,-3.16800584368152,-2.1894198627781125,9.0,0
25,6,Terrell Owens_S25,0.11217563597637403,false,9.25,4,Terrell Owens,Cheryl Burke,43,Athlete,Athlete,6,false,6.83199415631848,-2.187680543082252,9.25,0
25,6,Vanessa Lachey_S25,0.11202597740950934,false,9.0,4,Vanessa Lachey,Maksim Chmerkoskiy,36,TV Personality,TV,7,false,-0.16800584368152016,-2.189015566963736,9.0,0
25,6,Victoria Arlen_S25,0.11452689759703169,false,7.75,4,Victoria Arlen,Valentin Chmerkovskiy,22,Athlete,Athlete,5,false,-14.16800584368152,-2.1669368385293377,7.75,0
25,7,Drew Scott_S25,0.13319936799289764,false,9.5,3,Drew Scott,Emma Slater,39,TV Personality,TV,4,false,2.83199415631848,-2.015900758170223,9.5,0
25,7,Frankie Muniz_S25,0.1305070304012324,false,10.0,3,Frankie Muniz,Witney Carson,31,Actor/Actress,Actor,3,false,-5.16800584368152,-2.036320518471001,10.0,0
25,7,Jordan Fisher_S25,0.13352126773976047,false,9.0,3,Jordan Fisher,Lindsay Arnold,23,Actor/Actress,Actor,1,false,-13.16800584368152,-2.0134870155025633,9.0,0
25,7,Lindsey Stirling_S25,0.14404349559695243,false,8.5,3,Lindsey Stirling,Mark Ballas,31,Musician,Singer,2,false,-5.16800584368152,-1.937633029934881,8.5,0
25,7,Nikki Bella_S25,0.09693199392605932,true,8.0,3,Nikki Bella,Artem Chigvintsev,33,Athlete,Athlete,8,false,-3.16800584368152,-2.33373532344757,8.0,0
25,7,Terrell Owens_S25,0.14322878684639473,false,8.166666666666666,3,Terrell Owens,Cheryl Burke,43,Athlete,Athlete,6,false,6.83199415631848,-1.943305037382529,8.166666666666666,0
25,7,Vanessa Lachey_S25,0.08456815291723402,true,9.0,3,Vanessa Lachey,Maksim Chmerkoskiy,36,TV Personality,TV,7,false,-0.16800584368152016,-2.47018570158872,9.0,0
25,7,Victoria Arlen_S25,0.13399990457946864,false,9.5,3,Victoria Arlen,Valentin Chmerkovskiy,22,Athlete,Athlete,5,false,-14.16800584368152,-2.009908728460961,9.5,0
25,8,Drew Scott_S25,0.18074265882412754,false,7.833333333333333,3,Drew Scott,Emma Slater,39,TV Personality,TV,4,false,2.83199415631848,-1.7106755011361119,7.833333333333333,0
25,8,Frankie Muniz_S25,0.17725067520600957,false,8.833333333333334,3,Frankie Muniz,Witney Carson,31,Actor/Actress,Actor,3,false,-5.16800584368152,-1.730184662522829,8.833333333333334,0
25,8,Jordan Fisher_S25,0.1709853400348582,false,10.0,3,Jordan Fisher,Lindsay Arnold,23,Actor/Actress,Actor,1,false,-13.16800584368152,-1.7661716085073675,10.0,0
25,8,Lindsey Stirling_S25,0.18362064881761406,false,9.0,3,Lindsey Stirling,Mark Ballas,31,Musician,Singer,2,false,-5.16800584368152,-1.6948778947969647,9.0,0
25,8,Terrell Owens_S25,0.1119470903616282,true,8.5,3,Terrell Owens,Cheryl Burke,43,Athlete,Athlete,6,false,6.83199415631848,-2.189719994040627,8.5,0
25,8,Victoria Arlen_S25,0.17545358675576184,false,8.0,3,Victoria Arlen,Valentin Chmerkovskiy,22,Athlete,Athlete,5,false,-14.16800584368152,-1.7403750344860702,8.0,0
25,9,Drew Scott_S25,0.22170588336491445,false,8.0,3,Drew Scott,Emma Slater,39,TV Personality,TV,4,false,2.83199415631848,-1.5063991147366915,8.0,0
25,9,Frankie Muniz_S25,0.21547270064077936,false,8.5,3,Frankie Muniz,Witney Carson,31,Actor/Actress,Actor,3,false,-5.16800584368152,-1.5349164156755606,8.5,0
25,9,Jordan Fisher_S25,0.20799326727098377,false,9.666666666666666,3,Jordan Fisher,Lindsay Arnold,23,Actor/Actress,Actor,1,false,-13.16800584368152,-1.5702447608578292,9.666666666666666,0
25,9,Lindsey Stirling_S25,0.22494998256586815,false,9.5,3,Lindsey Stirling,Mark Ballas,31,Musician,Singer,2,false,-5.16800584368152,-1.49187275577443,9.5,0
25,9,Victoria Arlen_S25,0.12987816615745446,true,9.333333333333334,3,Victoria Arlen,Valentin Chmerkovskiy,22,Athlete,Athlete,5,false,-14.16800584368152,-2.041150751867774,9.333333333333334,0
25,10,Drew Scott_S25,0.1820377772629757,false,9.375,4,Drew Scott,Emma Slater,39,TV Personality,TV,4,false,2.83199415631848,-1.7035355527153195,9.375,0
25,10,Frankie Muniz_S25,0.23506968554947358,false,9.722175,4,Frankie Muniz,Witney Carson,31,Actor/Actress,Actor,3,false,-5.16800584368152,-1.4478690204938642,9.722175,0
25,10,Jordan Fisher_S25,0.31332275451477215,false,10.0,4,Jordan Fisher,Lindsay Arnold,23,Actor/Actress,Actor,1,false,-13.16800584368152,-1.1605182635510263,10.0,0
25,10,Lindsey Stirling_S25,0.26956978267277865,false,10.0,4,Lindsey Stirling,Mark Ballas,31,Musician,Singer,2,false,-5.16800584368152,-1.3109242786921997,10.0,0
26,1,Adam Rippon_S26,0.10037821116755512,false,8.0,3,Adam Rippon,Jenna Johnson,28,Athlete,Athlete,1,false,-8.16800584368152,-2.2988001532485196,8.0,0
26,1,Arike Ogunbowale_S26,0.10820956695385049,false,6.666666666666667,3,Arike Ogunbowale,Gleb Savchenko,21,Athlete,Athlete,7,false,-15.16800584368152,-2.2236762560273085,6.666666666666667,0
26,1,Chris Mazdzer_S26,0.10797453438373956,false,7.0,3,Chris Mazdzer,Witney Carson,29,Athlete,Athlete,5,false,-7.16800584368152,-2.2258506110043954,7.0,0
26,1,Jamie Anderson_S26,0.0725475204806788,true,6.333333333333333,3,Jamie Anderson,Artem Chigvintsev,27,Athlete,Athlete,10,false,-9.16800584368152,-2.623499692958727,6.333333333333333,0
26,1,Jennie Finch Daigle_S26,0.10574735305520525,false,7.0,3,Jennie Finch Daigle,Keo Motsepe,37,Athlete,Athlete,6,false,0.8319941563184798,-2.2466930351230747,7.0,0
26,1,Johnny Damon_S26,0.07650772337256705,true,6.0,3,Johnny Damon,Emma Slater,44,Athlete,Athlete,9,false,7.83199415631848,-2.5703505136367406,6.0,0
26,1,Josh Norman_S26,0.10462829938399139,false,8.0,3,Josh Norman,Sharna Burgess,30,Athlete,Athlete,2,false,-6.16800584368152,-2.2573316577408997,8.0,0
26,1,Kareem Abdul-Jabbar_S26,0.11520691335392819,false,5.666666666666667,3,Kareem Abdul-Jabbar,Lindsay Arnold,71,Athlete,Athlete,8,false,34.83199415631848,-2.1610168407711505,5.666666666666667,0
26,1,Mirai Nagasu_S26,0.10354596831088117,false,7.666666666666667,3,Mirai Nagasu,Alan Bersten,25,Athlete,Athlete,4,false,-11.16800584368152,-2.2677299691077084,7.666666666666667,0
26,1,Tonya Harding_S26,0.10525390953760203,false,7.666666666666667,3,Tonya Harding,Sasha Farber,47,Athlete,Athlete,3,false,10.83199415631848,-2.2513701610695334,7.666666666666667,0
26,2,Adam Rippon_S26,0.1326660927332348,false,9.25,4,Adam Rippon,Jenna Johnson,28,Athlete,Athlete,1,false,-8.16800584368152,-2.01991235081392,9.25,0
26,2,Arike Ogunbowale_S26,0.08335408589100657,true,8.75,4,Arike Ogunbowale,Gleb Savchenko,21,Athlete,Athlete,7,false,-15.16800584368152,-2.484645653158505,8.75,0
26,2,Chris Mazdzer_S26,0.13784800125229016,false,8.25,4,Chris Mazdzer,Witney Carson,29,Athlete,Athlete,5,false,-7.16800584368152,-1.9815963867160158,8.25,0
26,2,Jennie Finch Daigle_S26,0.14053737876000996,false,7.875,4,Jennie Finch Daigle,Keo Motsepe,37,Athlete,Athlete,6,false,0.8319941563184798,-1.9622746690750745,7.875,0
26,2,Josh Norman_S26,0.14112519297879472,false,7.875,4,Josh Norman,Sharna Burgess,30,Athlete,Athlete,2,false,-6.16800584368152,-1.9581008031996276,7.875,0
26,2,Kareem Abdul-Jabbar_S26,0.09453114856201776,true,7.375,4,Kareem Abdul-Jabbar,Lindsay Arnold,71,Athlete,Athlete,8,false,34.83199415631848,-2.358815305912654,7.375,0
26,2,Mirai Nagasu_S26,0.13269645430513696,false,9.25,4,Mirai Nagasu,Alan Bersten,25,Athlete,Athlete,4,false,-11.16800584368152,-2.019683521662675,9.25,0
26,2,Tonya Harding_S26,0.13724164551750942,false,8.25,4,Tonya Harding,Sasha Farber,47,Athlete,Athlete,3,false,10.83199415631848,-1.986004784600082,8.25,0
26,3,Adam Rippon_S26,0.1832307295021906,false,10.25,4,Adam Rippon,Jenna Johnson,28,Athlete,Athlete,1,false,-8.16800584368152,-1.697003645766142,10.25,0
26,3,Chris Mazdzer_S26,0.14108715660831872,true,8.25,4,Chris Mazdzer,Witney Carson,29,Athlete,Athlete,5,false,-7.16800584368152,-1.958370359802699,8.25,0
26,3,Jennie Finch Daigle_S26,0.15280456573992152,true,7.25,4,Jennie Finch Daigle,Keo Motsepe,37,Athlete,Athlete,6,false,0.8319941563184798,-1.8785889779136047,7.25,0
26,3,Josh Norman_S26,0.1880178687094661,false,9.5,4,Josh Norman,Sharna Burgess,30,Athlete,Athlete,2,false,-6.16800584368152,-1.6712129557125817,9.5,0
26,3,Mirai Nagasu_S26,0.13852191327203592,true,8.75,4,Mirai Nagasu,Alan Bersten,25,Athlete,Athlete,4,false,-11.16800584368152,-1.976719528250968,8.75,0
26,3,Tonya Harding_S26,0.1963377661680673,false,8.75,4,Tonya Harding,Sasha Farber,47,Athlete,Athlete,3,false,10.83199415631848,-1.6279137128972947,8.75,0
26,4,Adam Rippon_S26,0.40080233305554835,false,9.666666666666666,3,Adam Rippon,Jenna Johnson,28,Athlete,Athlete,1,false,-8.16800584368152,-0.9142844132392027,9.666666666666666,0
26,4,Josh Norman_S26,0.3324284159486799,false,9.5,3,Josh Norman,Sharna Burgess,30,Athlete,Athlete,2,false,-6.16800584368152,-1.1013277242825372,9.5,0
26,4,Tonya Harding_S26,0.26676925099577264,false,9.333333333333334,3,Tonya Harding,Sasha Farber,47,Athlete,Athlete,3,false,10.83199415631848,-1.3213674741719372,9.333333333333334,0
27,1,Alexis Ren_S27,0.08654628894970959,false,7.333333333333333,3,Alexis Ren,Alan Bersten,21,Social Media Personality,TV,4,false,-15.16800584368152,-2.447064321366286,7.333333333333333,0
27,1,Bobby Bones_S27,0.07152008835561578,false,6.666666666666667,3,Bobby Bones,Sharna Burgess,38,Radio Personality,TV,1,false,1.8319941563184798,-2.6377629307324426,6.666666666666667,0
27,1,Danelle Umstead_S27,0.08108608646523002,false,6.0,3,Danelle Umstead,Artem Chigvintsev,46,Athlete,Athlete,12,false,9.83199415631848,-2.5122315603143917,6.0,0
27,1,DeMarcus Ware_S27,0.07766089491312858,false,7.666666666666667,3,DeMarcus Ware,Lindsay Arnold,36,Athlete,Athlete,7,false,-0.16800584368152016,-2.5553905548587483,7.666666666666667,0
27,1,Evanna Lynch_S27,0.08109923276988268,false,6.0,3,Evanna Lynch,Keo Motsepe,27,Actor/Actress,Actor,3,false,-9.16800584368152,-2.5120694477060392,6.0,0
27,1,Joe Amabile_S27,0.08620194309739122,false,4.666666666666667,3,Joe Amabile,Jenna Johnson,32,TV Personality,TV,6,false,-4.16800584368152,-2.451050959234186,4.666666666666667,0
27,1,John Schneider_S27,0.07954651840552117,false,6.0,3,John Schneider,Emma Slater,58,Actor/Actress,Actor,8,false,21.83199415631848,-2.5314007200900672,6.0,0
27,1,Juan Pablo Di Pace_S27,0.0775797969976342,false,7.333333333333333,3,Juan Pablo Di Pace,Cheryl Burke,39,Actor/Actress,Actor,5,false,2.83199415631848,-2.556435343787274,7.333333333333333,0
27,1,Mary Lou Retton_S27,0.07944285652693152,false,6.666666666666667,3,Mary Lou Retton,Sasha Farber,50,Athlete,Athlete,9,false,13.83199415631848,-2.5327047140120342,6.666666666666667,0
27,1,Milo Manheim_S27,0.07627423567608341,false,6.666666666666667,3,Milo Manheim,Witney Carson,17,Actor/Actress,Actor,2,false,-19.16800584368152,-2.5734069585633526,6.666666666666667,0
27,1,Nancy McKeon_S27,0.07977962501888301,false,6.5,3,Nancy McKeon,Valentin Chmerkovskiy,52,Actor/Actress,Actor,11,false,15.83199415631848,-2.5284745982552557,6.5,0
27,1,Nikki Glaser_S27,0.045554232938256965,true,5.833333333333333,3,Nikki Glaser,Gleb Savchenko,34,Comedian,Entertainment,13,false,-2.16800584368152,-3.0888297784882193,5.833333333333333,0
27,1,Tinashe_S27,0.07770819988573173,false,7.666666666666667,3,Tinashe,Brandon Armstrong,25,Singer/Rapper,Singer,10,false,-11.16800584368152,-2.5547816259698055,7.666666666666667,0
27,2,Alexis Ren_S27,0.09146441215950706,false,8.166666666666666,3,Alexis Ren,Alan Bersten,21,Social Media Personality,TV,4,false,-15.16800584368152,-2.391794387349859,8.166666666666666,0
27,2,Bobby Bones_S27,0.07840759177635978,false,6.5,3,Bobby Bones,Sharna Burgess,38,Radio Personality,TV,1,false,1.8319941563184798,-2.5458217686460283,6.5,0
27,2,Danelle Umstead_S27,0.05630133343515022,true,6.166666666666667,3,Danelle Umstead,Artem Chigvintsev,46,Athlete,Athlete,12,false,9.83199415631848,-2.877019298245102,6.166666666666667,0
27,2,DeMarcus Ware_S27,0.08863108538398992,false,7.833333333333333,3,DeMarcus Ware,Lindsay Arnold,36,Athlete,Athlete,7,false,-0.16800584368152016,-2.4232613494102497,7.833333333333333,0
27,2,Evanna Lynch_S27,0.08718177942499242,false,8.0,3,Evanna Lynch,Keo Motsepe,27,Actor/Actress,Actor,3,false,-9.16800584368152,-2.439748451228012,8.0,0
27,2,Joe Amabile_S27,0.09183914106324728,false,5.833333333333333,3,Joe Amabile,Jenna Johnson,32,TV Personality,TV,6,false,-4.16800584368152,-2.3877058104446465,5.833333333333333,0
27,2,John Schneider_S27,0.08546017747015523,false,7.166666666666667,3,John Schneider,Emma Slater,58,Actor/Actress,Actor,8,false,21.83199415631848,-2.459693070834551,7.166666666666667,0
27,2,Juan Pablo Di Pace_S27,0.08300639932022189,false,8.666666666666666,3,Juan Pablo Di Pace,Cheryl Burke,39,Actor/Actress,Actor,5,false,2.83199415631848,-2.4888255267226165,8.666666666666666,0
27,2,Mary Lou Retton_S27,0.0844970691459733,false,7.666666666666667,3,Mary Lou Retton,Sasha Farber,50,Athlete,Athlete,9,false,13.83199415631848,-2.4710265952235932,7.666666666666667,0
27,2,Milo Manheim_S27,0.08243922333292836,false,8.666666666666666,3,Milo Manheim,Witney Carson,17,Actor/Actress,Actor,2,false,-19.16800584368152,-2.495681813927542,8.666666666666666,0
27,2,Nancy McKeon_S27,0.08953004698721391,false,6.833333333333333,3,Nancy McKeon,Valentin Chmerkovskiy,52,Actor/Actress,Actor,11,false,15.83199415631848,-2.413169820143153,6.833333333333333,0
27,2,Tinashe_S27,0.08124174050026133,false,8.666666666666666,3,Tinashe,Brandon Armstrong,25,Singer/Rapper,Singer,10,false,-11.16800584368152,-2.510313809453124,8.666666666666666,0
27,3,Alexis Ren_S27,0.10187718277073333,false,8.666666666666666,3,Alexis Ren,Alan Bersten,21,Social Media Personality,TV,4,false,-15.16800584368152,-2.28397746598782,8.666666666666666,0
27,3,Bobby Bones_S27,0.08779783182186333,false,7.666666666666667,3,Bobby Bones,Sharna Burgess,38,Radio Personality,TV,1,false,1.8319941563184798,-2.432707083419745,7.666666666666667,0
27,3,DeMarcus Ware_S27,0.09369366756775034,false,8.666666666666666,3,DeMarcus Ware,Lindsay Arnold,36,Athlete,Athlete,7,false,-0.16800584368152016,-2.367714000986307,8.666666666666666,0
27,3,Evanna Lynch_S27,0.09096696982509893,false,9.0,3,Evanna Lynch,Keo Motsepe,27,Actor/Actress,Actor,3,false,-9.16800584368152,-2.397247814368735,9.0,0
27,3,Joe Amabile_S27,0.0997603338090257,false,6.0,3,Joe Amabile,Jenna Johnson,32,TV Personality,TV,6,false,-4.16800584368152,-2.3049746075210504,6.0,0
27,3,John Schneider_S27,0.09602476705137368,false,7.0,3,John Schneider,Emma Slater,58,Actor/Actress,Actor,8,false,21.83199415631848,-2.343138716743815,7.0,0
27,3,Juan Pablo Di Pace_S27,0.09657112634657822,false,10.0,3,Juan Pablo Di Pace,Cheryl Burke,39,Actor/Actress,Actor,5,false,2.83199415631848,-2.3374651265382713,10.0,0
27,3,Mary Lou Retton_S27,0.09291974433885726,false,8.0,3,Mary Lou Retton,Sasha Farber,50,Athlete,Athlete,9,false,13.83199415631848,-2.376008360577604,8.0,0
27,3,Milo Manheim_S27,0.09138688139999324,false,9.0,3,Milo Manheim,Witney Carson,17,Actor/Actress,Actor,2,false,-19.16800584368152,-2.3926423979341993,9.0,0
27,3,Nancy McKeon_S27,0.0560018134795023,true,7.333333333333333,3,Nancy McKeon,Valentin Chmerkovskiy,52,Actor/Actress,Actor,11,false,15.83199415631848,-2.8823533488036115,7.333333333333333,0
27,3,Tinashe_S27,0.09299968158922409,false,9.0,3,Tinashe,Brandon Armstrong,25,Singer/Rapper,Singer,10,false,-11.16800584368152,-2.3751484569393493,9.0,0
27,4,Alexis Ren_S27,0.11244284399553567,false,8.333333333333334,3,Alexis Ren,Alan Bersten,21,Social Media Personality,TV,4,false,-15.16800584368152,-2.185301346445854,8.333333333333334,0
27,4,Bobby Bones_S27,0.09757230773600532,false,6.666666666666667,3,Bobby Bones,Sharna Burgess,38,Radio Personality,TV,1,false,1.8319941563184798,-2.327151309278712,6.666666666666667,0
27,4,DeMarcus Ware_S27,0.10777208817895248,false,7.333333333333333,3,DeMarcus Ware,Lindsay Arnold,36,Athlete,Athlete,7,false,-0.16800584368152016,-2.2277272975092695,7.333333333333333,0
27,4,Evanna Lynch_S27,0.10638965457665392,false,8.0,3,Evanna Lynch,Keo Motsepe,27,Actor/Actress,Actor,3,false,-9.16800584368152,-2.2406375388583153,8.0,0
27,4,Joe Amabile_S27,0.11366976710598346,false,5.0,3,Joe Amabile,Jenna Johnson,32,TV Personality,TV,6,false,-4.16800584368152,-2.174449016771201,5.0,0
27,4,John Schneider_S27,0.10749865097108909,false,7.0,3,John Schneider,Emma Slater,58,Actor/Actress,Actor,8,false,21.83199415631848,-2.230267678200257,7.0,0
27,4,Juan Pablo Di Pace_S27,0.10751120772562821,false,8.0,3,Juan Pablo Di Pace,Cheryl Burke,39,Actor/Actress,Actor,5,false,2.83199415631848,-2.2301508776234935,8.0,0
27,4,Mary Lou Retton_S27,0.10769863094845994,false,8.666666666666666,3,Mary Lou Retton,Sasha Farber,50,Athlete,Athlete,9,false,13.83199415631848,-2.2284091214880615,8.666666666666666,0
27,4,Milo Manheim_S27,0.10224565946768752,false,9.666666666666666,3,Milo Manheim,Witney Carson,17,Actor/Actress,Actor,2,false,-19.16800584368152,-2.2803671548355746,9.666666666666666,0
27,4,Tinashe_S27,0.03719918929400476,true,8.666666666666666,3,Tinashe,Brandon Armstrong,25,Singer/Rapper,Singer,10,false,-11.16800584368152,-3.2914414291674676,8.666666666666666,0
27,5,Alexis Ren_S27,0.12043243731487543,false,9.666666666666666,3,Alexis Ren,Alan Bersten,21,Social Media Personality,TV,4,false,-15.16800584368152,-2.1166580661019894,9.666666666666666,0
27,5,Bobby Bones_S27,0.09116673114182043,false,7.0,3,Bobby Bones,Sharna Burgess,38,Radio Personality,TV,1,false,1.8319941563184798,-2.395054269712094,7.0,0
27,5,DeMarcus Ware_S27,0.11542618087579024,false,8.666666666666666,3,DeMarcus Ware,Lindsay Arnold,36,Athlete,Athlete,7,false,-0.16800584368152016,-2.159115416457073,8.666666666666666,0
27,5,Evanna Lynch_S27,0.11380335047596392,false,8.0,3,Evanna Lynch,Keo Motsepe,27,Actor/Actress,Actor,3,false,-9.16800584368152,-2.1732745288820983,8.0,0
27,5,Joe Amabile_S27,0.10951340569549865,false,5.666666666666667,3,Joe Amabile,Jenna Johnson,32,TV Personality,TV,6,false,-4.16800584368152,-2.2116991795156884,5.666666666666667,0
27,5,John Schneider_S27,0.10993818577417232,false,8.0,3,John Schneider,Emma Slater,58,Actor/Actress,Actor,8,false,21.83199415631848,-2.207827922669714,8.0,0
27,5,Juan Pablo Di Pace_S27,0.11630759635330078,false,9.666666666666666,3,Juan Pablo Di Pace,Cheryl Burke,39,Actor/Actress,Actor,5,false,2.83199415631848,-2.1515083068554954,9.666666666666666,0
27,5,Mary Lou Retton_S27,0.11403634113316813,false,8.333333333333334,3,Mary Lou Retton,Sasha Farber,50,Athlete,Athlete,9,false,13.83199415631848,-2.1712293304219554,8.333333333333334,0
27,5,Milo Manheim_S27,0.10937577123541024,false,9.0,3,Milo Manheim,Witney Carson,17,Actor/Actress,Actor,2,false,-19.16800584368152,-2.2129567402831603,9.0,0
27,6,Alexis Ren_S27,0.12433640561714268,false,9.0,3,Alexis Ren,Alan Bersten,21,Social Media Personality,TV,4,false,-15.16800584368152,-2.084756395589907,9.0,0
27,6,Bobby Bones_S27,0.10969655208029132,false,7.333333333333333,3,Bobby Bones,Sharna Burgess,38,Radio Personality,TV,1,false,1.8319941563184798,-2.2100282266236633,7.333333333333333,0
27,6,DeMarcus Ware_S27,0.11677173373375083,false,8.666666666666666,3,DeMarcus Ware,Lindsay Arnold,36,Athlete,Athlete,7,false,-0.16800584368152016,-2.147525679900669,8.666666666666666,0
27,6,Evanna Lynch_S27,0.11189564854752589,false,9.666666666666666,3,Evanna Lynch,Keo Motsepe,27,Actor/Actress,Actor,3,false,-9.16800584368152,-2.190179614537035,9.666666666666666,0
27,6,Joe Amabile_S27,0.11964590757606985,false,7.333333333333333,3,Joe Amabile,Jenna Johnson,32,TV Personality,TV,6,false,-4.16800584368152,-2.123210310544124,7.333333333333333,0
27,6,John Schneider_S27,0.1258594870328302,false,6.333333333333333,3,John Schneider,Emma Slater,58,Actor/Actress,Actor,8,false,21.83199415631848,-2.072581231251315,6.333333333333333,0
27,6,Juan Pablo Di Pace_S27,0.1130112603024311,false,10.0,3,Juan Pablo Di Pace,Cheryl Burke,39,Actor/Actress,Actor,5,false,2.83199415631848,-2.1802589679037037,10.0,0
27,6,Mary Lou Retton_S27,0.06732110752427908,true,8.0,3,Mary Lou Retton,Sasha Farber,50,Athlete,Athlete,9,false,13.83199415631848,-2.6982666040848047,8.0,0
27,6,Milo Manheim_S27,0.11146189758567895,false,10.0,3,Milo Manheim,Witney Carson,17,Actor/Actress,Actor,2,false,-19.16800584368152,-2.194063500536998,10.0,0
27,7,Alexis Ren_S27,0.1435292351193993,false,9.166666666666666,3,Alexis Ren,Alan Bersten,21,Social Media Personality,TV,4,false,-15.16800584368152,-1.941209568279941,9.166666666666666,0
27,7,Bobby Bones_S27,0.13011196749211137,false,8.833333333333334,3,Bobby Bones,Sharna Burgess,38,Radio Personality,TV,1,false,1.8319941563184798,-2.0393522251631535,8.833333333333334,0
27,7,DeMarcus Ware_S27,0.09036873585150063,true,8.833333333333334,3,DeMarcus Ware,Lindsay Arnold,36,Athlete,Athlete,7,false,-0.16800584368152016,-2.40384584803923,8.833333333333334,0
27,7,Evanna Lynch_S27,0.13207382546956323,false,9.833333333333334,3,Evanna Lynch,Keo Motsepe,27,Actor/Actress,Actor,3,false,-9.16800584368152,-2.0243866573820855,9.833333333333334,0
27,7,Joe Amabile_S27,0.14343767334761692,false,7.833333333333333,3,Joe Amabile,Jenna Johnson,32,TV Personality,TV,6,false,-4.16800584368152,-1.9418476985594795,7.833333333333333,0
27,7,John Schneider_S27,0.08951448095446309,true,9.0,3,John Schneider,Emma Slater,58,Actor/Actress,Actor,8,false,21.83199415631848,-2.413343697100936,9.0,0
27,7,Juan Pablo Di Pace_S27,0.13862623280478167,false,9.333333333333334,3,Juan Pablo Di Pace,Cheryl Burke,39,Actor/Actress,Actor,5,false,2.83199415631848,-1.975966726643976,9.333333333333334,0
27,7,Milo Manheim_S27,0.13233784896056433,false,9.666666666666666,3,Milo Manheim,Witney Carson,17,Actor/Actress,Actor,2,false,-19.16800584368152,-2.022389608028882,9.666666666666666,0
27,8,Alexis Ren_S27,0.19415839958275813,false,9.666666666666666,3,Alexis Ren,Alan Bersten,21,Social Media Personality,TV,4,false,-15.16800584368152,-1.6390758099523894,9.666666666666666,0
27,8,Bobby Bones_S27,0.19363163120120663,false,7.5,3,Bobby Bones,Sharna Burgess,38,Radio Personality,TV,1,false,1.8319941563184798,-1.6417925687495376,7.5,0
27,8,Evanna Lynch_S27,0.18219283684547372,false,9.666666666666666,3,Evanna Lynch,Keo Motsepe,27,Actor/Actress,Actor,3,false,-9.16800584368152,-1.7026841210430357,9.666666666666666,0
27,8,Joe Amabile_S27,0.1415322831450122,true,7.666666666666667,3,Joe Amabile,Jenna Johnson,32,TV Personality,TV,6,false,-4.16800584368152,-1.9552203729854012,7.666666666666667,0
27,8,Juan Pablo Di Pace_S27,0.10796577072089929,true,10.0,3,Juan Pablo Di Pace,Cheryl Burke,39,Actor/Actress,Actor,5,false,2.83199415631848,-2.225931777710853,10.0,0
27,8,Milo Manheim_S27,0.18051907850464913,false,9.166666666666666,3,Milo Manheim,Witney Carson,17,Actor/Actress,Actor,2,false,-19.16800584368152,-1.7119132691428134,9.166666666666666,0
27,9,Alexis Ren_S27,0.1962958659391695,false,9.5,3,Alexis Ren,Alan Bersten,21,Social Media Personality,TV,4,false,-15.16800584368152,-1.628127143496204,9.5,0
27,9,Bobby Bones_S27,0.32043023273135757,false,9.0,3,Bobby Bones,Sharna Burgess,38,Radio Personality,TV,1,false,1.8319941563184798,-1.1380875881038932,9.0,0
27,9,Evanna Lynch_S27,0.22486598078035544,false,10.0,3,Evanna Lynch,Keo Motsepe,27,Actor/Actress,Actor,3,false,-9.16800584368152,-1.4922462481350476,10.0,0
27,9,Milo Manheim_S27,0.25840792054911793,false,10.0,3,Milo Manheim,Witney Carson,17,Actor/Actress,Actor,2,false,-19.16800584368152,-1.353211985420661,10.0,0
28,1,Ally Brooke_S28,0.08547588144820709,false,5.333333333333333,3,Ally Brooke,Sasha Farber,26,Singer/Rapper,Singer,3,false,-10.16800584368152,-2.4595093320206742,5.333333333333333,0
28,1,Hannah Brown_S28,0.08663609193292662,false,6.666666666666667,3,Hannah Brown,Alan Bersten,24,TV Personality,TV,1,false,-12.16800584368152,-2.446027241800471,6.666666666666667,0
28,1,James Van Der Beek_S28,0.08652247940813264,false,7.0,3,James Van Der Beek,Emma Slater,42,Actor/Actress,Actor,5,false,5.83199415631848,-2.447339463632691,7.0,0
28,1,Karamo Brown_S28,0.08628946427248146,false,5.666666666666667,3,Karamo Brown,Jenna Johnson,38,TV Personality,TV,8,false,1.8319941563184798,-2.450036182102291,5.666666666666667,0
28,1,Kate Flannery_S28,0.08413078938003976,false,5.0,3,Kate Flannery,Pasha Pashkov,55,Actor/Actress,Actor,7,false,18.83199415631848,-2.4753707884189313,5.0,0
28,1,Kel Mitchell_S28,0.08712904863888637,false,5.333333333333333,3,Kel Mitchell,Witney Carson,41,Actor/Actress,Actor,2,false,4.83199415631848,-2.4403534645055798,5.333333333333333,0
28,1,Lamar Odom_S28,0.08695850719873129,false,3.6666666666666665,3,Lamar Odom,Peta Murgatroyd,39,Athlete,Athlete,10,false,2.83199415631848,-2.442312703173151,3.6666666666666665,0
28,1,Lauren Alaina_S28,0.08317429109343193,false,6.333333333333333,3,Lauren Alaina,Gleb Savchenko,24,Singer/Rapper,Singer,4,false,-12.16800584368152,-2.486804957312973,6.333333333333333,0
28,1,Mary Wilson_S28,0.08159151201030838,false,5.666666666666667,3,Mary Wilson,Brandon Armstrong,75,Singer/Rapper,Singer,12,false,38.83199415631848,-2.5060177858022565,5.666666666666667,0
28,1,Sailor Brinkley-Cook_S28,0.073412464362118,false,6.0,3,Sailor Brinkley-Cook,Valentin Chmerkovskiy,21,Model,Model,9,false,-15.16800584368152,-2.6116479220083977,6.0,0
28,1,Sean Spicer_S28,0.07212690844211321,false,4.0,3,Sean Spicer,Lindsay Arnold,48,Politician,Other,6,false,11.83199415631848,-2.6293142299462713,4.0,0
28,2,Ally Brooke_S28,0.08406431291766499,false,6.666666666666667,3,Ally Brooke,Sasha Farber,26,Singer/Rapper,Singer,3,false,-10.16800584368152,-2.47616124752825,6.666666666666667,0
28,2,Hannah Brown_S28,0.08691644961367571,false,8.0,3,Hannah Brown,Alan Bersten,24,TV Personality,TV,1,false,-12.16800584368152,-2.442796465790657,8.0,0
28,2,James Van Der Beek_S28,0.08463495377652246,false,6.666666666666667,3,James Van Der Beek,Emma Slater,42,Actor/Actress,Actor,5,false,5.83199415631848,-2.469396117112645,6.666666666666667,0
28,2,Karamo Brown_S28,0.08705235609834479,false,6.333333333333333,3,Karamo Brown,Jenna Johnson,38,TV Personality,TV,8,false,1.8319941563184798,-2.4412340598253603,6.333333333333333,0
28,2,Kate Flannery_S28,0.08533473836225894,false,7.0,3,Kate Flannery,Pasha Pashkov,55,Actor/Actress,Actor,7,false,18.83199415631848,-2.461161939635122,7.0,0
28,2,Kel Mitchell_S28,0.08677505127310518,false,6.666666666666667,3,Kel Mitchell,Witney Carson,41,Actor/Actress,Actor,2,false,4.83199415631848,-2.444424602377045,6.666666666666667,0
28,2,Lamar Odom_S28,0.09221594930410636,false,4.0,3,Lamar Odom,Peta Murgatroyd,39,Athlete,Athlete,10,false,2.83199415631848,-2.3836113333828686,4.0,0
28,2,Lauren Alaina_S28,0.0825849516211373,false,6.333333333333333,3,Lauren Alaina,Gleb Savchenko,24,Singer/Rapper,Singer,4,false,-12.16800584368152,-2.4939156901459167,6.333333333333333,0
28,2,Mary Wilson_S28,0.0741317761697307,true,5.0,3,Mary Wilson,Brandon Armstrong,75,Singer/Rapper,Singer,12,false,38.83199415631848,-2.601897520998141,5.0,0
28,2,Sailor Brinkley-Cook_S28,0.07747755208674209,false,6.0,3,Sailor Brinkley-Cook,Valentin Chmerkovskiy,21,Model,Model,9,false,-15.16800584368152,-2.5577541281922715,6.0,0
28,2,Sean Spicer_S28,0.078190382504725,false,5.333333333333333,3,Sean Spicer,Lindsay Arnold,48,Politician,Other,6,false,11.83199415631848,-2.5485958356524305,5.333333333333333,0
28,3,Ally Brooke_S28,0.09925671817535792,false,8.0,3,Ally Brooke,Sasha Farber,26,Singer/Rapper,Singer,3,false,-10.16800584368152,-2.310035597447366,8.0,0
28,3,Hannah Brown_S28,0.10402240652780517,false,7.0,3,Hannah Brown,Alan Bersten,24,TV Personality,TV,1,false,-12.16800584368152,-2.263139342396232,7.0,0
28,3,James Van Der Beek_S28,0.10542368530392617,false,7.666666666666667,3,James Van Der Beek,Emma Slater,42,Actor/Actress,Actor,5,false,5.83199415631848,-2.249758464377197,7.666666666666667,0
28,3,Karamo Brown_S28,0.10258156001667114,false,5.333333333333333,3,Karamo Brown,Jenna Johnson,38,TV Personality,TV,8,false,1.8319941563184798,-2.2770873410381,5.333333333333333,0
28,3,Kate Flannery_S28,0.10394165003724397,false,8.0,3,Kate Flannery,Pasha Pashkov,55,Actor/Actress,Actor,7,false,18.83199415631848,-2.2639159738903722,8.0,0
28,3,Kel Mitchell_S28,0.10415775803717388,false,6.666666666666667,3,Kel Mitchell,Witney Carson,41,Actor/Actress,Actor,2,false,4.83199415631848,-2.2618390241992063,6.666666666666667,0
28,3,Lamar Odom_S28,0.10516707819751993,false,4.0,3,Lamar Odom,Peta Murgatroyd,39,Athlete,Athlete,10,false,2.83199415631848,-2.2521954639125856,4.0,0
28,3,Lauren Alaina_S28,0.10284066222015543,false,6.666666666666667,3,Lauren Alaina,Gleb Savchenko,24,Singer/Rapper,Singer,4,false,-12.16800584368152,-2.2745647335474763,6.666666666666667,0
28,3,Sailor Brinkley-Cook_S28,0.08441247274300336,false,7.666666666666667,3,Sailor Brinkley-Cook,Valentin Chmerkovskiy,21,Model,Model,9,false,-15.16800584368152,-2.4720282604632455,7.666666666666667,0
28,3,Sean Spicer_S28,0.0881960087411428,false,5.0,3,Sean Spicer,Lindsay Arnold,48,Politician,Other,6,false,11.83199415631848,-2.4281822310440155,5.0,0
28,4,Ally Brooke_S28,0.10146653189194839,false,8.0,4,Ally Brooke,Sasha Farber,26,Singer/Rapper,Singer,3,false,-10.16800584368152,-2.28801641451167,8.0,0
28,4,Hannah Brown_S28,0.10351785129788126,false,8.0,4,Hannah Brown,Alan Bersten,24,TV Personality,TV,1,false,-12.16800584368152,-2.268001544718071,8.0,0
28,4,James Van Der Beek_S28,0.1059644092195308,false,7.0,4,James Van Der Beek,Emma Slater,42,Actor/Actress,Actor,5,false,5.83199415631848,-2.2446425662443104,7.0,0
28,4,Karamo Brown_S28,0.10418660901340515,false,7.0,4,Karamo Brown,Jenna Johnson,38,TV Personality,TV,8,false,1.8319941563184798,-2.261562072152246,7.0,0
28,4,Kate Flannery_S28,0.10482210589976906,false,6.5,4,Kate Flannery,Pasha Pashkov,55,Actor/Actress,Actor,7,false,18.83199415631848,-2.2554810552536537,6.5,0
28,4,Kel Mitchell_S28,0.10716426204422713,false,8.0,4,Kel Mitchell,Witney Carson,41,Actor/Actress,Actor,2,false,4.83199415631848,-2.2333831309552608,8.0,0
28,4,Lamar Odom_S28,0.08688411396345375,true,5.0,4,Lamar Odom,Peta Murgatroyd,39,Athlete,Athlete,10,false,2.83199415631848,-2.4431685621502224,5.0,0
28,4,Lauren Alaina_S28,0.10250804576086181,false,8.0,4,Lauren Alaina,Gleb Savchenko,24,Singer/Rapper,Singer,4,false,-12.16800584368152,-2.2778042329721124,8.0,0
28,4,Sailor Brinkley-Cook_S28,0.08775987991064839,false,7.75,4,Sailor Brinkley-Cook,Valentin Chmerkovskiy,21,Model,Model,9,false,-15.16800584368152,-2.4331394367362504,7.75,0
28,4,Sean Spicer_S28,0.09572619099827501,false,5.25,4,Sean Spicer,Lindsay Arnold,48,Politician,Other,6,false,11.83199415631848,-2.3462528934161035,5.25,0
28,5,Ally Brooke_S28,0.11318754282117734,false,9.0,3,Ally Brooke,Sasha Farber,26,Singer/Rapper,Singer,3,false,-10.16800584368152,-2.178700330162372,9.0,0
28,5,Hannah Brown_S28,0.11389944594864566,false,8.333333333333334,3,Hannah Brown,Alan Bersten,24,TV Personality,TV,1,false,-12.16800584368152,-2.1724304932719973,8.333333333333334,0
28,5,James Van Der Beek_S28,0.11515681435858553,false,8.666666666666666,3,James Van Der Beek,Emma Slater,42,Actor/Actress,Actor,5,false,5.83199415631848,-2.1614517925899817,8.666666666666666,0
28,5,Karamo Brown_S28,0.11668094511582393,false,7.0,3,Karamo Brown,Jenna Johnson,38,TV Personality,TV,8,false,1.8319941563184798,-2.148303463605422,7.0,0
28,5,Kate Flannery_S28,0.11336580707609038,false,8.0,3,Kate Flannery,Pasha Pashkov,55,Actor/Actress,Actor,7,false,18.83199415631848,-2.177126637095461,8.0,0
28,5,Kel Mitchell_S28,0.11578201936837379,false,8.666666666666666,3,Kel Mitchell,Witney Carson,41,Actor/Actress,Actor,2,false,4.83199415631848,-2.156037362174393,8.666666666666666,0
28,5,Lauren Alaina_S28,0.11146140758943449,false,7.666666666666667,3,Lauren Alaina,Gleb Savchenko,24,Singer/Rapper,Singer,4,false,-12.16800584368152,-2.1940678965946288,7.666666666666667,0
28,5,Sailor Brinkley-Cook_S28,0.09710335810402362,false,8.0,3,Sailor Brinkley-Cook,Valentin Chmerkovskiy,21,Model,Model,9,false,-15.16800584368152,-2.3319690220553526,8.0,0
28,5,Sean Spicer_S28,0.103362659617845,false,6.333333333333333,3,Sean Spicer,Lindsay Arnold,48,Politician,Other,6,false,11.83199415631848,-2.269501833055243,6.333333333333333,0
28,6,Ally Brooke_S28,0.1396037500996808,false,8.333333333333334,3,Ally Brooke,Sasha Farber,26,Singer/Rapper,Singer,3,false,-10.16800584368152,-1.9689400627307418,8.333333333333334,0
28,6,Hannah Brown_S28,0.15780922243971357,false,8.0,3,Hannah Brown,Alan Bersten,24,TV Personality,TV,1,false,-12.16800584368152,-1.8463620916817827,8.0,0
28,6,James Van Der Beek_S28,0.12031839792122909,false,9.0,3,James Van Der Beek,Emma Slater,42,Actor/Actress,Actor,5,false,5.83199415631848,-2.117605422772274,9.0,0
28,6,Karamo Brown_S28,0.1476187229990191,false,8.333333333333334,3,Karamo Brown,Jenna Johnson,38,TV Personality,TV,8,false,1.8319941563184798,-1.913115751088143,8.333333333333334,0
28,6,Kate Flannery_S28,0.10915006796928192,false,9.0,3,Kate Flannery,Pasha Pashkov,55,Actor/Actress,Actor,7,false,18.83199415631848,-2.215022411615527,9.0,0
28,6,Kel Mitchell_S28,0.11921452695699755,false,8.666666666666666,3,Kel Mitchell,Witney Carson,41,Actor/Actress,Actor,2,false,4.83199415631848,-2.1268222731275914,8.666666666666666,0
28,6,Lauren Alaina_S28,0.1292740409868432,false,8.666666666666666,3,Lauren Alaina,Gleb Savchenko,24,Singer/Rapper,Singer,4,false,-12.16800584368152,-2.045813043648321,8.666666666666666,0
28,6,Sailor Brinkley-Cook_S28,0.0024522386385281507,true,9.0,3,Sailor Brinkley-Cook,Valentin Chmerkovskiy,21,Model,Model,9,false,-15.16800584368152,-6.0103462340804255,9.0,0
28,6,Sean Spicer_S28,0.074559031988701,false,7.0,3,Sean Spicer,Lindsay Arnold,48,Politician,Other,6,false,11.83199415631848,-2.5961506795718865,7.0,0
28,7,Ally Brooke_S28,0.13012988594882371,false,9.0,3,Ally Brooke,Sasha Farber,26,Singer/Rapper,Singer,3,false,-10.16800584368152,-2.0392145200338776,9.0,0
28,7,Hannah Brown_S28,0.13667385312410493,false,8.666666666666666,3,Hannah Brown,Alan Bersten,24,TV Personality,TV,1,false,-12.16800584368152,-1.9901505088377962,8.666666666666666,0
28,7,James Van Der Beek_S28,0.1274211240356766,false,9.0,3,James Van Der Beek,Emma Slater,42,Actor/Actress,Actor,5,false,5.83199415631848,-2.060249892870051,9.0,0
28,7,Karamo Brown_S28,0.09311020599690702,true,8.166666666666666,3,Karamo Brown,Jenna Johnson,38,TV Personality,TV,8,false,1.8319941563184798,-2.373960736776932,8.166666666666666,0
28,7,Kate Flannery_S28,0.13406920280137744,false,8.0,3,Kate Flannery,Pasha Pashkov,55,Actor/Actress,Actor,7,false,18.83199415631848,-2.009391714716888,8.0,0
28,7,Kel Mitchell_S28,0.13453472831472754,false,8.5,3,Kel Mitchell,Witney Carson,41,Actor/Actress,Actor,2,false,4.83199415631848,-2.0059254771880632,8.5,0
28,7,Lauren Alaina_S28,0.12354318298104829,false,9.0,3,Lauren Alaina,Gleb Savchenko,24,Singer/Rapper,Singer,4,false,-12.16800584368152,-2.0911564299622922,9.0,0
28,7,Sean Spicer_S28,0.1205178167973346,false,7.0,3,Sean Spicer,Lindsay Arnold,48,Politician,Other,6,false,11.83199415631848,-2.1159493822480275,7.0,0
28,8,Ally Brooke_S28,0.1467478817617426,false,10.0,3,Ally Brooke,Sasha Farber,26,Singer/Rapper,Singer,3,false,-10.16800584368152,-1.9190324403251606,10.0,0
28,8,Hannah Brown_S28,0.14961421356015275,false,10.333266666666667,3,Hannah Brown,Alan Bersten,24,TV Personality,TV,1,false,-12.16800584368152,-1.8996885236915309,10.333266666666667,0
28,8,James Van Der Beek_S28,0.14876703573048886,false,10.6666,3,James Van Der Beek,Emma Slater,42,Actor/Actress,Actor,5,false,5.83199415631848,-1.905366993298088,10.6666,0
28,8,Kate Flannery_S28,0.1130415768612936,true,8.6666,3,Kate Flannery,Pasha Pashkov,55,Actor/Actress,Actor,7,false,18.83199415631848,-2.179990744852831,8.6666,0
28,8,Kel Mitchell_S28,0.15419446791058175,false,9.999933333333333,3,Kel Mitchell,Witney Carson,41,Actor/Actress,Actor,2,false,4.83199415631848,-1.8695342092667915,9.999933333333333,0
28,8,Lauren Alaina_S28,0.15394785031658278,false,8.0,3,Lauren Alaina,Gleb Savchenko,24,Singer/Rapper,Singer,4,false,-12.16800584368152,-1.871134872540891,8.0,0
28,8,Sean Spicer_S28,0.13368697385915843,false,6.666666666666667,3,Sean Spicer,Lindsay Arnold,48,Politician,Other,6,false,11.83199415631848,-2.0122467476172603,6.666666666666667,0
28,9,Ally Brooke_S28,0.16984298338877257,false,10.0,4,Ally Brooke,Sasha Farber,26,Singer/Rapper,Singer,3,false,-10.16800584368152,-1.7728750080893705,10.0,0
28,9,Hannah Brown_S28,0.17752021383618977,false,8.875,4,Hannah Brown,Alan Bersten,24,TV Personality,TV,1,false,-12.16800584368152,-1.7286651626378806,8.875,0
28,9,James Van Der Beek_S28,0.1719842074237025,false,9.0,4,James Van Der Beek,Emma Slater,42,Actor/Actress,Actor,5,false,5.83199415631848,-1.7603468092177512,9.0,0
28,9,Kel Mitchell_S28,0.17457472466276208,false,9.25,4,Kel Mitchell,Witney Carson,41,Actor/Actress,Actor,2,false,4.83199415631848,-1.7453966792475575,9.25,0
28,9,Lauren Alaina_S28,0.17021832457300587,false,8.75,4,Lauren Alaina,Gleb Savchenko,24,Singer/Rapper,Singer,4,false,-12.16800584368152,-1.7706675289061464,8.75,0
28,9,Sean Spicer_S28,0.13585954611556703,true,6.25,4,Sean Spicer,Lindsay Arnold,48,Politician,Other,6,false,11.83199415631848,-1.9961263155335003,6.25,0
28,10,Ally Brooke_S28,0.2001274056098452,false,9.833333333333334,3,Ally Brooke,Sasha Farber,26,Singer/Rapper,Singer,3,false,-10.16800584368152,-1.60879609039671,9.833333333333334,0
28,10,Hannah Brown_S28,0.20117180121107678,false,9.0,3,Hannah Brown,Alan Bersten,24,TV Personality,TV,1,false,-12.16800584368152,-1.6035910327421086,9.0,0
28,10,James Van Der Beek_S28,0.1889039204712154,true,8.5,3,James Van Der Beek,Emma Slater,42,Actor/Actress,Actor,5,false,5.83199415631848,-1.6665114567926602,8.5,0
28,10,Kel Mitchell_S28,0.20610151657593753,false,9.5,3,Kel Mitchell,Witney Carson,41,Actor/Actress,Actor,2,false,4.83199415631848,-1.5793815806996325,9.5,0
28,10,Lauren Alaina_S28,0.2036953561319241,false,9.0,3,Lauren Alaina,Gleb Savchenko,24,Singer/Rapper,Singer,4,false,-12.16800584368152,-1.5911248443142654,9.0,0
28,11,Ally Brooke_S28,0.18260441878270114,false,10.0,3,Ally Brooke,Sasha Farber,26,Singer/Rapper,Singer,3,false,-10.16800584368152,-1.7004276355622348,10.0,0
28,11,Hannah Brown_S28,0.3164541816109031,false,9.666666666666666,3,Hannah Brown,Alan Bersten,24,TV Personality,TV,1,false,-12.16800584368152,-1.1505736537096891,9.666666666666666,0
28,11,Kel Mitchell_S28,0.26960777135736197,false,9.833333333333334,3,Kel Mitchell,Witney Carson,41,Actor/Actress,Actor,2,false,4.83199415631848,-1.3107833657649115,9.833333333333334,0
28,11,Lauren Alaina_S28,0.2313336282490353,false,9.5,3,Lauren Alaina,Gleb Savchenko,24,Singer/Rapper,Singer,4,false,-12.16800584368152,-1.4638900095408005,9.5,0
29,1,AJ McLean_S29,0.06710154816560032,false,6.0,3,AJ McLean,Cheryl Burke,42,Singer/Rapper,Singer,7,false,5.83199415631848,-2.701533260083228,6.0,0
29,1,Anne Heche_S29,0.06787737934457799,false,6.0,3,Anne Heche,Keo Motsepe,51,Actor/Actress,Actor,13,false,14.83199415631848,-2.6900377142019853,6.0,0
29,1,Carole Baskin_S29,0.06603937765880999,false,3.6666666666666665,3,Carole Baskin,Pasha Pashkov,59,TV Personality,TV,14,false,22.83199415631848,-2.7174889413092203,3.6666666666666665,0
29,1,Charles Oakley_S29,0.06884056324560849,false,4.0,3,Charles Oakley,Emma Slater,56,Athlete,Athlete,15,false,19.83199415631848,-2.6759475995060362,4.0,0
29,1,Chrishell Stause_S29,0.06860822037273698,false,4.333333333333333,3,Chrishell Stause,Gleb Savchenko,39,Actor/Actress,Actor,8,false,2.83199415631848,-2.679328345516367,4.333333333333333,0
29,1,Jesse Metcalfe_S29,0.06917735383918036,false,6.0,3,Jesse Metcalfe,Sharna Burgess,41,Actor/Actress,Actor,12,false,4.83199415631848,-2.6710672710846413,6.0,0
29,1,Johnny Weir_S29,0.06714709637005674,false,6.0,3,Johnny Weir,Britt Stewart,36,Athlete,Athlete,6,false,-0.16800584368152016,-2.700854705334211,6.0,0
29,1,Justina Machado_S29,0.06798240398745614,false,7.0,3,Justina Machado,Sasha Farber,48,Actor/Actress,Actor,4,false,11.83199415631848,-2.6884916626012747,7.0,0
29,1,Kaitlyn Bristowe_S29,0.06626684408487052,false,6.666666666666667,3,Kaitlyn Bristowe,Artem Chigvintsev,35,TV Personality,TV,1,false,-1.1680058436815202,-2.71405050570528,6.666666666666667,0
29,1,Monica Aldama_S29,0.0684595281937523,false,6.333333333333333,3,Monica Aldama,Valentin Chmerkovskiy,48,TV Personality,TV,10,false,11.83199415631848,-2.6814979305468416,6.333333333333333,0
29,1,Nelly_S29,0.06929966763169224,false,5.333333333333333,3,Nelly,Daniella Karagach,45,Singer/Rapper,Singer,3,false,8.83199415631848,-2.6693007388977326,5.333333333333333,0
29,1,Nev Schulman_S29,0.0550265099057692,false,6.666666666666667,3,Nev Schulman,Jenna Johnson,35,Producer,Entertainment,2,false,-1.1680058436815202,-2.8999220386931444,6.666666666666667,0
29,1,Skai Jackson_S29,0.06556718441660338,false,7.0,3,Skai Jackson,Alan Bersten,18,Actor/Actress,Actor,5,false,-18.16800584368152,-2.724664694328893,7.0,0
29,1,Veron Davis_S29,0.06652264738465455,false,5.666666666666667,3,Veron Davis,Peta Murgatroyd,36,Athlete,Athlete,11,false,-0.16800584368152016,-2.7101977947617004,5.666666666666667,0
29,2,AJ McLean_S29,0.06618859113147449,false,6.333333333333333,3,AJ McLean,Cheryl Burke,42,Singer/Rapper,Singer,7,false,5.83199415631848,-2.71523206206521,6.333333333333333,0
29,2,Anne Heche_S29,0.07048980992763046,false,6.0,3,Anne Heche,Keo Motsepe,51,Actor/Actress,Actor,13,false,14.83199415631848,-2.6522729332973958,6.0,0
29,2,Carole Baskin_S29,0.06915205730482193,false,5.333333333333333,3,Carole Baskin,Pasha Pashkov,59,TV Personality,TV,14,false,22.83199415631848,-2.671433009197644,5.333333333333333,0
29,2,Charles Oakley_S29,0.05359247630323005,true,5.0,3,Charles Oakley,Emma Slater,56,Athlete,Athlete,15,false,19.83199415631848,-2.92632792907337,5.0,0
29,2,Chrishell Stause_S29,0.06915927457419871,false,6.0,3,Chrishell Stause,Gleb Savchenko,39,Actor/Actress,Actor,8,false,2.83199415631848,-2.6713286480448137,6.0,0
29,2,Jesse Metcalfe_S29,0.06894336845958401,false,6.666666666666667,3,Jesse Metcalfe,Sharna Burgess,41,Actor/Actress,Actor,12,false,4.83199415631848,-2.674455353791536,6.666666666666667,0
29,2,Johnny Weir_S29,0.07022023166967778,false,6.0,3,Johnny Weir,Britt Stewart,36,Athlete,Athlete,6,false,-0.16800584368152016,-2.656104568240768,6.0,0
29,2,Justina Machado_S29,0.06662826437000519,false,7.0,3,Justina Machado,Sasha Farber,48,Actor/Actress,Actor,4,false,11.83199415631848,-2.7086113929908477,7.0,0
29,2,Kaitlyn Bristowe_S29,0.06608518366506061,false,7.333333333333333,3,Kaitlyn Bristowe,Artem Chigvintsev,35,TV Personality,TV,1,false,-1.1680058436815202,-2.7167955756811923,7.333333333333333,0
29,2,Monica Aldama_S29,0.07110335567774617,false,5.333333333333333,3,Monica Aldama,Valentin Chmerkovskiy,48,TV Personality,TV,10,false,11.83199415631848,-2.6436066827589557,5.333333333333333,0
29,2,Nelly_S29,0.06687922118918462,false,6.0,3,Nelly,Daniella Karagach,45,Singer/Rapper,Singer,3,false,8.83199415631848,-2.704852002956605,6.0,0
29,2,Nev Schulman_S29,0.05756690846761635,false,7.0,3,Nev Schulman,Jenna Johnson,35,Producer,Entertainment,2,false,-1.1680058436815202,-2.8547900112024873,7.0,0
29,2,Skai Jackson_S29,0.06684921918378618,false,5.0,3,Skai Jackson,Alan Bersten,18,Actor/Actress,Actor,5,false,-18.16800584368152,-2.705300696699303,5.0,0
29,2,Veron Davis_S29,0.06762413110230985,false,6.0,3,Veron Davis,Peta Murgatroyd,36,Athlete,Athlete,11,false,-0.16800584368152016,-2.6937756031510514,6.0,0
29,3,AJ McLean_S29,0.07310142848787166,false,7.0,3,AJ McLean,Cheryl Burke,42,Singer/Rapper,Singer,7,false,5.83199415631848,-2.615893691329912,7.0,0
29,3,Anne Heche_S29,0.0751153070948672,false,5.0,3,Anne Heche,Keo Motsepe,51,Actor/Actress,Actor,13,false,14.83199415631848,-2.5887176053695033,5.0,0
29,3,Carole Baskin_S29,0.055631114121565586,true,4.0,3,Carole Baskin,Pasha Pashkov,59,TV Personality,TV,14,false,22.83199415631848,-2.888994652353234,4.0,0
29,3,Chrishell Stause_S29,0.07507278981234224,false,7.333333333333333,3,Chrishell Stause,Gleb Savchenko,39,Actor/Actress,Actor,8,false,2.83199415631848,-2.589283784958388,7.333333333333333,0
29,3,Jesse Metcalfe_S29,0.07453257123524026,false,6.666666666666667,3,Jesse Metcalfe,Sharna Burgess,41,Actor/Actress,Actor,12,false,4.83199415631848,-2.596505634488347,6.666666666666667,0
29,3,Johnny Weir_S29,0.07699122048171733,false,8.0,3,Johnny Weir,Britt Stewart,36,Athlete,Athlete,6,false,-0.16800584368152016,-2.5640508949375707,8.0,0
29,3,Justina Machado_S29,0.07209079906486057,false,6.333333333333333,3,Justina Machado,Sasha Farber,48,Actor/Actress,Actor,4,false,11.83199415631848,-2.62981498505986,6.333333333333333,0
29,3,Kaitlyn Bristowe_S29,0.07124005906791596,false,7.666666666666667,3,Kaitlyn Bristowe,Artem Chigvintsev,35,TV Personality,TV,1,false,-1.1680058436815202,-2.641685954473592,7.666666666666667,0
29,3,Monica Aldama_S29,0.07377671083627992,false,7.0,3,Monica Aldama,Valentin Chmerkovskiy,48,TV Personality,TV,10,false,11.83199415631848,-2.6066986141819135,7.0,0
29,3,Nelly_S29,0.07383992241928901,false,6.0,3,Nelly,Daniella Karagach,45,Singer/Rapper,Singer,3,false,8.83199415631848,-2.6058421967300163,6.0,0
29,3,Nev Schulman_S29,0.06032646264417992,false,8.0,3,Nev Schulman,Jenna Johnson,35,Producer,Entertainment,2,false,-1.1680058436815202,-2.8079678453588977,8.0,0
29,3,Skai Jackson_S29,0.07054437599260602,false,6.0,3,Skai Jackson,Alan Bersten,18,Actor/Actress,Actor,5,false,-18.16800584368152,-2.6514991451047822,6.0,0
29,3,Veron Davis_S29,0.07311103733508478,false,7.333333333333333,3,Veron Davis,Peta Murgatroyd,36,Athlete,Athlete,11,false,-0.16800584368152016,-2.6157622563563216,7.333333333333333,0
29,4,AJ McLean_S29,0.07874026324845083,false,8.0,3,AJ McLean,Cheryl Burke,42,Singer/Rapper,Singer,7,false,5.83199415631848,-2.5415879503078256,8.0,0
29,4,Anne Heche_S29,0.0648899625789638,true,7.0,3,Anne Heche,Keo Motsepe,51,Actor/Actress,Actor,13,false,14.83199415631848,-2.7350469164482365,7.0,0
29,4,Chrishell Stause_S29,0.07909460685955694,false,7.333333333333333,3,Chrishell Stause,Gleb Savchenko,39,Actor/Actress,Actor,8,false,2.83199415631848,-2.5370979448209567,7.333333333333333,0
29,4,Jesse Metcalfe_S29,0.08175549776973408,false,7.0,3,Jesse Metcalfe,Sharna Burgess,41,Actor/Actress,Actor,12,false,4.83199415631848,-2.5040099889415903,7.0,0
29,4,Johnny Weir_S29,0.0818791972375304,false,8.0,3,Johnny Weir,Britt Stewart,36,Athlete,Athlete,6,false,-0.16800584368152016,-2.5024981093310505,8.0,0
29,4,Justina Machado_S29,0.07987435176020745,false,8.0,3,Justina Machado,Sasha Farber,48,Actor/Actress,Actor,4,false,11.83199415631848,-2.527287962410474,8.0,0
29,4,Kaitlyn Bristowe_S29,0.07797653213656189,false,8.333333333333334,3,Kaitlyn Bristowe,Artem Chigvintsev,35,TV Personality,TV,1,false,-1.1680058436815202,-2.551334543318038,8.333333333333334,0
29,4,Monica Aldama_S29,0.07954802013251379,false,8.0,3,Monica Aldama,Valentin Chmerkovskiy,48,TV Personality,TV,10,false,11.83199415631848,-2.5313818419044516,8.0,0
29,4,Nelly_S29,0.07974003225951994,false,7.0,3,Nelly,Daniella Karagach,45,Singer/Rapper,Singer,3,false,8.83199415631848,-2.5289709917964407,7.0,0
29,4,Nev Schulman_S29,0.06190981657882608,false,8.0,3,Nev Schulman,Jenna Johnson,35,Producer,Entertainment,2,false,-1.1680058436815202,-2.782060371765309,8.0,0
29,4,Skai Jackson_S29,0.07760601747437666,false,9.333333333333334,3,Skai Jackson,Alan Bersten,18,Actor/Actress,Actor,5,false,-18.16800584368152,-2.5560974245108006,9.333333333333334,0
29,4,Veron Davis_S29,0.07785044173670616,false,7.333333333333333,3,Veron Davis,Peta Murgatroyd,36,Athlete,Athlete,11,false,-0.16800584368152016,-2.552952861455421,7.333333333333333,0
29,5,AJ McLean_S29,0.08952974859590092,false,8.0,3,AJ McLean,Cheryl Burke,42,Singer/Rapper,Singer,7,false,5.83199415631848,-2.4131731529737213,8.0,0
29,5,Chrishell Stause_S29,0.09110992864124602,false,6.333333333333333,3,Chrishell Stause,Gleb Savchenko,39,Actor/Actress,Actor,8,false,2.83199415631848,-2.3956775187800945,6.333333333333333,0
29,5,Jesse Metcalfe_S29,0.06920879859140006,true,6.333333333333333,3,Jesse Metcalfe,Sharna Burgess,41,Actor/Actress,Actor,12,false,4.83199415631848,-2.6706128282409645,6.333333333333333,0
29,5,Johnny Weir_S29,0.08364085817682856,false,9.666666666666666,3,Johnny Weir,Britt Stewart,36,Athlete,Athlete,6,false,-0.16800584368152016,-2.481211188302767,9.666666666666666,0
29,5,Justina Machado_S29,0.0860792609017543,false,8.0,3,Justina Machado,Sasha Farber,48,Actor/Actress,Actor,4,false,11.83199415631848,-2.452475151651389,8.0,0
29,5,Kaitlyn Bristowe_S29,0.08120612052394724,false,9.0,3,Kaitlyn Bristowe,Artem Chigvintsev,35,TV Personality,TV,1,false,-1.1680058436815202,-2.5107523444775355,9.0,0
29,5,Monica Aldama_S29,0.08382102643388632,false,8.666666666666666,3,Monica Aldama,Valentin Chmerkovskiy,48,TV Personality,TV,10,false,11.83199415631848,-2.47905946075876,8.666666666666666,0
29,5,Nelly_S29,0.08603732274239219,false,8.0,3,Nelly,Daniella Karagach,45,Singer/Rapper,Singer,3,false,8.83199415631848,-2.452962468701113,8.0,0
29,5,Nev Schulman_S29,0.07044235064332034,false,8.666666666666666,3,Nev Schulman,Jenna Johnson,35,Producer,Entertainment,2,false,-1.1680058436815202,-2.6529464291469727,8.666666666666666,0
29,5,Skai Jackson_S29,0.08344934157432793,false,8.0,3,Skai Jackson,Alan Bersten,18,Actor/Actress,Actor,5,false,-18.16800584368152,-2.483503535721161,8.0,0
29,5,Veron Davis_S29,0.08950712237148091,false,7.0,3,Veron Davis,Peta Murgatroyd,36,Athlete,Athlete,11,false,-0.16800584368152016,-2.4134259050651328,7.0,0
29,6,AJ McLean_S29,0.09008897181985678,false,9.0,3,AJ McLean,Cheryl Burke,42,Singer/Rapper,Singer,7,false,5.83199415631848,-2.40694642111874,9.0,0
29,6,Chrishell Stause_S29,0.098961305019309,false,8.0,3,Chrishell Stause,Gleb Savchenko,39,Actor/Actress,Actor,8,false,2.83199415631848,-2.3130162587347614,8.0,0
29,6,Johnny Weir_S29,0.09728330484284338,false,7.333333333333333,3,Johnny Weir,Britt Stewart,36,Athlete,Athlete,6,false,-0.16800584368152016,-2.330117609658225,7.333333333333333,0
29,6,Justina Machado_S29,0.09240851151838575,false,9.0,3,Justina Machado,Sasha Farber,48,Actor/Actress,Actor,4,false,11.83199415631848,-2.381525367121635,9.0,0
29,6,Kaitlyn Bristowe_S29,0.09117497892633432,false,9.0,3,Kaitlyn Bristowe,Artem Chigvintsev,35,TV Personality,TV,1,false,-1.1680058436815202,-2.394963805560449,9.0,0
29,6,Monica Aldama_S29,0.09418305884883149,false,9.0,3,Monica Aldama,Valentin Chmerkovskiy,48,TV Personality,TV,10,false,11.83199415631848,-2.362504338378106,9.0,0
29,6,Nelly_S29,0.09282896640505833,false,8.0,3,Nelly,Daniella Karagach,45,Singer/Rapper,Singer,3,false,8.83199415631848,-2.376985777467826,8.0,0
29,6,Nev Schulman_S29,0.07904623529547082,false,8.666666666666666,3,Nev Schulman,Jenna Johnson,35,Producer,Entertainment,2,false,-1.1680058436815202,-2.537709690062606,8.666666666666666,0
29,6,Skai Jackson_S29,0.09445413703902215,false,6.0,3,Skai Jackson,Alan Bersten,18,Actor/Actress,Actor,5,false,-18.16800584368152,-2.3596302975351153,6.0,0
29,6,Veron Davis_S29,0.07343967486973924,true,7.0,3,Veron Davis,Peta Murgatroyd,36,Athlete,Athlete,11,false,-0.16800584368152016,-2.611277343309357,7.0,0
29,7,AJ McLean_S29,0.10624216436947179,false,8.666666666666666,3,AJ McLean,Cheryl Burke,42,Singer/Rapper,Singer,7,false,5.83199415631848,-2.242024808593366,8.666666666666666,0
29,7,Chrishell Stause_S29,0.10349048970088641,false,8.666666666666666,3,Chrishell Stause,Gleb Savchenko,39,Actor/Actress,Actor,8,false,2.83199415631848,-2.2682658947695917,8.666666666666666,0
29,7,Johnny Weir_S29,0.10499364220553367,false,9.0,3,Johnny Weir,Britt Stewart,36,Athlete,Athlete,6,false,-0.16800584368152016,-2.2538459567404807,9.0,0
29,7,Justina Machado_S29,0.10045550678037284,false,8.666666666666666,3,Justina Machado,Sasha Farber,48,Actor/Actress,Actor,4,false,11.83199415631848,-2.2980304135087564,8.666666666666666,0
29,7,Kaitlyn Bristowe_S29,0.10572592591202748,false,8.0,3,Kaitlyn Bristowe,Artem Chigvintsev,35,TV Personality,TV,1,false,-1.1680058436815202,-2.2468956795489925,8.0,0
29,7,Monica Aldama_S29,0.09569209720102188,true,7.333333333333333,3,Monica Aldama,Valentin Chmerkovskiy,48,TV Personality,TV,10,false,11.83199415631848,-2.34660911268559,7.333333333333333,0
29,7,Nelly_S29,0.10232505840610522,false,9.0,3,Nelly,Daniella Karagach,45,Singer/Rapper,Singer,3,false,8.83199415631848,-2.2795909130841845,9.0,0
29,7,Nev Schulman_S29,0.086395933793467,false,10.0,3,Nev Schulman,Jenna Johnson,35,Producer,Entertainment,2,false,-1.1680058436815202,-2.448803092303398,10.0,0
29,7,Skai Jackson_S29,0.09750185849843579,false,9.0,3,Skai Jackson,Alan Bersten,18,Actor/Actress,Actor,5,false,-18.16800584368152,-2.327873583475423,9.0,0
29,8,AJ McLean_S29,0.13775522439270896,false,9.0,3,AJ McLean,Cheryl Burke,42,Singer/Rapper,Singer,7,false,5.83199415631848,-1.9822696458160096,9.0,0
29,8,Chrishell Stause_S29,0.09603109616734669,true,9.0,3,Chrishell Stause,Gleb Savchenko,39,Actor/Actress,Actor,8,false,2.83199415631848,-2.3430728083152905,9.0,0
29,8,Johnny Weir_S29,0.12848029930875832,false,10.0,3,Johnny Weir,Britt Stewart,36,Athlete,Athlete,6,false,-0.16800584368152016,-2.0519719159086196,10.0,0
29,8,Justina Machado_S29,0.13058696812604334,false,9.6666,3,Justina Machado,Sasha Farber,48,Actor/Actress,Actor,4,false,11.83199415631848,-2.035708194055771,9.6666,0
29,8,Kaitlyn Bristowe_S29,0.13319299758323172,false,9.333333333333334,3,Kaitlyn Bristowe,Artem Chigvintsev,35,TV Personality,TV,1,false,-1.1680058436815202,-2.0159485850801753,9.333333333333334,0
29,8,Nelly_S29,0.1329407754725729,false,8.0,3,Nelly,Daniella Karagach,45,Singer/Rapper,Singer,3,false,8.83199415631848,-2.017844025015031,8.0,0
29,8,Nev Schulman_S29,0.10765660079834243,false,10.0,3,Nev Schulman,Jenna Johnson,35,Producer,Entertainment,2,false,-1.1680058436815202,-2.228799451084242,10.0,0
29,8,Skai Jackson_S29,0.13335603815099567,false,8.999933333333333,3,Skai Jackson,Alan Bersten,18,Actor/Actress,Actor,5,false,-18.16800584368152,-2.0147252502118786,8.999933333333333,0
29,9,AJ McLean_S29,0.12256387487885843,true,8.333266666666667,3,AJ McLean,Cheryl Burke,42,Singer/Rapper,Singer,7,false,5.83199415631848,-2.0991147983332734,8.333266666666667,0
29,9,Johnny Weir_S29,0.14650619874834084,false,10.0,3,Johnny Weir,Britt Stewart,36,Athlete,Athlete,6,false,-0.16800584368152016,-1.9206807135183268,10.0,0
29,9,Justina Machado_S29,0.15132857538294722,false,8.6666,3,Justina Machado,Sasha Farber,48,Actor/Actress,Actor,4,false,11.83199415631848,-1.8882952021884987,8.6666,0
29,9,Kaitlyn Bristowe_S29,0.152960616396021,false,10.0,3,Kaitlyn Bristowe,Artem Chigvintsev,35,TV Personality,TV,1,false,-1.1680058436815202,-1.8775682622922751,10.0,0
29,9,Nelly_S29,0.1499425702249705,false,8.0,3,Nelly,Daniella Karagach,45,Singer/Rapper,Singer,3,false,8.83199415631848,-1.897496254166486,8.0,0
29,9,Nev Schulman_S29,0.1282443292917381,false,9.6666,3,Nev Schulman,Jenna Johnson,35,Producer,Entertainment,2,false,-1.1680058436815202,-2.0538102143723087,9.6666,0
29,9,Skai Jackson_S29,0.148453835077124,false,9.6666,3,Skai Jackson,Alan Bersten,18,Actor/Actress,Actor,5,false,-18.16800584368152,-1.9074745078943924,9.6666,0
29,10,Johnny Weir_S29,0.1655955440909603,true,9.5,3,Johnny Weir,Britt Stewart,36,Athlete,Athlete,6,false,-0.16800584368152016,-1.7982009062646789,9.5,0
29,10,Justina Machado_S29,0.17714088469026576,false,9.666666666666666,3,Justina Machado,Sasha Farber,48,Actor/Actress,Actor,4,false,11.83199415631848,-1.7308042591051616,9.666666666666666,0
29,10,Kaitlyn Bristowe_S29,0.17314417250246764,false,10.0,3,Kaitlyn Bristowe,Artem Chigvintsev,35,TV Personality,TV,1,false,-1.1680058436815202,-1.7536248889585977,10.0,0
29,10,Nelly_S29,0.17644170791364247,false,9.333333333333334,3,Nelly,Daniella Karagach,45,Singer/Rapper,Singer,3,false,8.83199415631848,-1.7347590563589617,9.333333333333334,0
29,10,Nev Schulman_S29,0.14282009125188141,false,10.0,3,Nev Schulman,Jenna Johnson,35,Producer,Entertainment,2,false,-1.1680058436815202,-1.9461625421405986,10.0,0
29,10,Skai Jackson_S29,0.1648575995507832,true,9.5,3,Skai Jackson,Alan Bersten,18,Actor/Actress,Actor,5,false,-18.16800584368152,-1.8026671449118383,9.5,0
29,11,Justina Machado_S29,0.18110818855055416,false,10.0,3,Justina Machado,Sasha Farber,48,Actor/Actress,Actor,4,false,11.83199415631848,-1.70865517793893,10.0,0
29,11,Kaitlyn Bristowe_S29,0.29784753585346935,false,10.0,3,Kaitlyn Bristowe,Artem Chigvintsev,35,TV Personality,TV,1,false,-1.1680058436815202,-1.211170190637269,10.0,0
29,11,Nelly_S29,0.29394978156420515,false,9.5,3,Nelly,Daniella Karagach,45,Singer/Rapper,Singer,3,false,8.83199415631848,-1.224342935303575,9.5,0
29,11,Nev Schulman_S29,0.22709449403177218,false,10.0,3,Nev Schulman,Jenna Johnson,35,Producer,Entertainment,2,false,-1.1680058436815202,-1.4823846714070867,10.0,0
30,1,Amanda Kloots_S30,0.0687512016123757,false,7.0,4,Amanda Kloots,Alan Bersten,39,TV Personality,TV,4,false,2.83199415631848,-2.677246519495459,7.0,0
30,1,Brian Austin Green_S30,0.0656175653081563,false,6.0,4,Brian Austin Green,Sharna Burgess,48,Actor/Actress,Actor,13,false,11.83199415631848,-2.723896615324947,6.0,0
30,1,Christine Chiu_S30,0.07054340078118886,false,6.25,4,Christine Chiu,Pasha Pashkov,38,TV Personality,TV,14,false,1.8319941563184798,-2.6515129690889077,6.25,0
30,1,Cody Rigsby_S30,0.052060206002575465,false,6.0,4,Cody Rigsby,Cheryl Burke,34,Fitness Instructor,Other,3,false,-2.16800584368152,-2.9553352140563867,6.0,0
30,1,Iman Shumpert_S30,0.0673235539349758,false,5.25,4,Iman Shumpert,Daniella Karagach,31,Athlete,Athlete,1,false,-5.16800584368152,-2.6982302658544994,5.25,0
30,1,Jimmie Allen_S30,0.06493998424518418,false,5.5,4,Jimmie Allen,Emma Slater,36,Singer/Rapper,Singer,7,false,-0.16800584368152016,-2.734276356198328,5.5,0
30,1,JoJo Siwa_S30,0.07431177887437165,false,7.25,4,JoJo Siwa,Jenna Johnson,18,Social Media Personality,TV,2,false,-18.16800584368152,-2.599472351813244,7.25,0
30,1,Kenya Moore_S30,0.06481844415194477,false,6.5,4,Kenya Moore,Brandon Armstrong,50,TV Personality,TV,10,false,13.83199415631848,-2.7361496565609067,6.5,0
30,1,Martin Kove_S30,0.06339172341330501,false,3.25,4,Martin Kove,Britt Stewart,75,Actor/Actress,Actor,15,false,38.83199415631848,-2.758406196786647,3.25,0
30,1,Matt James_S30,0.06664958167779386,false,6.0,4,Matt James,Lindsay Arnold,29,Athlete,Athlete,12,false,-7.16800584368152,-2.7082915050467573,6.0,0
30,1,Melanie C_S30,0.06634187775864692,false,6.75,4,Melanie C,Gleb Savchenko,47,Singer/Rapper,Singer,11,false,10.83199415631848,-2.712918867467577,6.75,0
30,1,Melora Hardin_S30,0.06795375286317887,false,6.5,4,Melora Hardin,Artem Chigvintsev,54,Actor/Actress,Actor,6,false,17.83199415631848,-2.6889131943531432,6.5,0
30,1,"Mike ""The Miz"" Mizanin_S30",0.06887133279765913,false,6.0,4,"Mike ""The Miz"" Mizanin",Witney Carson,40,Athlete,Athlete,9,false,3.83199415631848,-2.6755007375197484,6.0,0
30,1,Olivia Jade_S30,0.07346150029429327,false,6.25,4,Olivia Jade,Valentin Chmerkovskiy,21,Social Media Personality,TV,8,false,-15.16800584368152,-2.610980203037334,6.25,0
30,1,Suni Lee_S30,0.0649640962843498,false,7.0,4,Suni Lee,Sasha Farber,18,Athlete,Athlete,5,false,-18.16800584368152,-2.7339051335527946,7.0,0
30,2,Amanda Kloots_S30,0.06559951670848263,false,8.0,4,Amanda Kloots,Alan Bersten,39,TV Personality,TV,4,false,2.83199415631848,-2.7241717064094155,8.0,0
30,2,Brian Austin Green_S30,0.07002031949494945,false,5.75,4,Brian Austin Green,Sharna Burgess,48,Actor/Actress,Actor,13,false,11.83199415631848,-2.6589555190894796,5.75,0
30,2,Christine Chiu_S30,0.07116414139598756,false,6.0,4,Christine Chiu,Pasha Pashkov,38,TV Personality,TV,14,false,1.8319941563184798,-2.642752167586126,6.0,0
30,2,Cody Rigsby_S30,0.0576641160953691,false,6.0,4,Cody Rigsby,Cheryl Burke,34,Fitness Instructor,Other,3,false,-2.16800584368152,-2.8531028620335817,6.0,0
30,2,Iman Shumpert_S30,0.06726628754598536,false,6.25,4,Iman Shumpert,Daniella Karagach,31,Athlete,Athlete,1,false,-5.16800584368152,-2.6990812296546234,6.25,0
30,2,Jimmie Allen_S30,0.059854302573457176,false,6.75,4,Jimmie Allen,Emma Slater,36,Singer/Rapper,Singer,7,false,-0.16800584368152016,-2.8158252531841184,6.75,0
30,2,JoJo Siwa_S30,0.07498049202737818,false,7.75,4,JoJo Siwa,Jenna Johnson,18,Social Media Personality,TV,2,false,-18.16800584368152,-2.5905139688675765,7.75,0
30,2,Kenya Moore_S30,0.0682446477441811,false,6.0,4,Kenya Moore,Brandon Armstrong,50,TV Personality,TV,10,false,13.83199415631848,-2.684641616266445,6.0,0
30,2,Martin Kove_S30,0.05228283171704799,true,3.75,4,Martin Kove,Britt Stewart,75,Actor/Actress,Actor,15,false,38.83199415631848,-2.9510681006959447,3.75,0
30,2,Matt James_S30,0.06864457843203983,false,5.5,4,Matt James,Lindsay Arnold,29,Athlete,Athlete,12,false,-7.16800584368152,-2.6787985562416767,5.5,0
30,2,Melanie C_S30,0.06443743569905162,false,7.5,4,Melanie C,Gleb Savchenko,47,Singer/Rapper,Singer,11,false,10.83199415631848,-2.7420449962775786,7.5,0
30,2,Melora Hardin_S30,0.06791477770992076,false,6.75,4,Melora Hardin,Artem Chigvintsev,54,Actor/Actress,Actor,6,false,17.83199415631848,-2.6894869045486174,6.75,0
30,2,"Mike ""The Miz"" Mizanin_S30",0.07001084783669631,false,6.5,4,"Mike ""The Miz"" Mizanin",Witney Carson,40,Athlete,Athlete,9,false,3.83199415631848,-2.65909079644481,6.5,0
30,2,Olivia Jade_S30,0.074773791459303,false,6.75,4,Olivia Jade,Valentin Chmerkovskiy,21,Social Media Personality,TV,8,false,-15.16800584368152,-2.593274463379369,6.75,0
30,2,Suni Lee_S30,0.06714191356014955,false,7.0,4,Suni Lee,Sasha Farber,18,Athlete,Athlete,5,false,-18.16800584368152,-2.700931893076153,7.0,0
30,3,Amanda Kloots_S30,0.07085864892476225,false,8.0,3,Amanda Kloots,Alan Bersten,39,TV Personality,TV,4,false,2.83199415631848,-2.647054134048162,8.0,0
30,3,Brian Austin Green_S30,0.08280691940633768,false,6.333333333333333,3,Brian Austin Green,Sharna Burgess,48,Actor/Actress,Actor,13,false,11.83199415631848,-2.4912315771605367,6.333333333333333,0
30,3,Christine Chiu_S30,0.04337132230657132,true,7.0,3,Christine Chiu,Pasha Pashkov,38,TV Personality,TV,14,false,1.8319941563184798,-3.137933776186788,7.0,0
30,3,Cody Rigsby_S30,0.06533283580199063,false,6.0,3,Cody Rigsby,Cheryl Burke,34,Fitness Instructor,Other,3,false,-2.16800584368152,-2.7282452176025087,6.0,0
30,3,Iman Shumpert_S30,0.08044995299421089,false,6.333333333333333,3,Iman Shumpert,Daniella Karagach,31,Athlete,Athlete,1,false,-5.16800584368152,-2.5201075598188667,6.333333333333333,0
30,3,Jimmie Allen_S30,0.07537432406605676,false,6.666666666666667,3,Jimmie Allen,Emma Slater,36,Singer/Rapper,Singer,7,false,-0.16800584368152016,-2.5852753245601923,6.666666666666667,0
30,3,JoJo Siwa_S30,0.07609544845286542,false,8.0,3,JoJo Siwa,Jenna Johnson,18,Social Media Personality,TV,2,false,-18.16800584368152,-2.575753684679695,8.0,0
30,3,Kenya Moore_S30,0.0719831005359061,false,7.0,3,Kenya Moore,Brandon Armstrong,50,TV Personality,TV,10,false,13.83199415631848,-2.6313100102419016,7.0,0
30,3,Matt James_S30,0.0741934532213429,false,6.666666666666667,3,Matt James,Lindsay Arnold,29,Athlete,Athlete,12,false,-7.16800584368152,-2.6010658860323947,6.666666666666667,0
30,3,Melanie C_S30,0.06941995945639294,false,7.333333333333333,3,Melanie C,Gleb Savchenko,47,Singer/Rapper,Singer,11,false,10.83199415631848,-2.667566447606943,7.333333333333333,0
30,3,Melora Hardin_S30,0.0697911167822485,false,7.666666666666667,3,Melora Hardin,Artem Chigvintsev,54,Actor/Actress,Actor,6,false,17.83199415631848,-2.662234215674421,7.666666666666667,0
30,3,"Mike ""The Miz"" Mizanin_S30",0.07348233114857597,false,7.333333333333333,3,"Mike ""The Miz"" Mizanin",Witney Carson,40,Athlete,Athlete,9,false,3.83199415631848,-2.6106966855776323,7.333333333333333,0
30,3,Olivia Jade_S30,0.07525776406263868,false,8.0,3,Olivia Jade,Valentin Chmerkovskiy,21,Social Media Personality,TV,8,false,-15.16800584368152,-2.5868229161860974,8.0,0
30,3,Suni Lee_S30,0.07158282284009991,false,7.0,3,Suni Lee,Sasha Farber,18,Athlete,Athlete,5,false,-18.16800584368152,-2.636886168530801,7.0,0
30,4,Amanda Kloots_S30,0.08451374200666356,false,8.5,4,Amanda Kloots,Alan Bersten,39,TV Personality,TV,4,false,2.83199415631848,-2.4708292982183466,8.5,0
30,4,Brian Austin Green_S30,0.016387274834436565,true,6.5,4,Brian Austin Green,Sharna Burgess,48,Actor/Actress,Actor,13,false,11.83199415631848,-4.111189148969709,6.5,0
30,4,Cody Rigsby_S30,0.06539560993574736,false,7.25,4,Cody Rigsby,Cheryl Burke,34,Fitness Instructor,Other,3,false,-2.16800584368152,-2.7272848577073496,7.25,0
30,4,Iman Shumpert_S30,0.08505748269684592,false,7.875,4,Iman Shumpert,Daniella Karagach,31,Athlete,Athlete,1,false,-5.16800584368152,-2.4644162273495382,7.875,0
30,4,Jimmie Allen_S30,0.08184614064143297,false,8.125,4,Jimmie Allen,Emma Slater,36,Singer/Rapper,Singer,7,false,-0.16800584368152016,-2.5029019099055283,8.125,0
30,4,JoJo Siwa_S30,0.08795385806848038,false,8.75,4,JoJo Siwa,Jenna Johnson,18,Social Media Personality,TV,2,false,-18.16800584368152,-2.430931572615927,8.75,0
30,4,Kenya Moore_S30,0.08380849545724395,false,7.375,4,Kenya Moore,Brandon Armstrong,50,TV Personality,TV,10,false,13.83199415631848,-2.479208966967668,7.375,0
30,4,Matt James_S30,0.08265328263764282,true,7.125,4,Matt James,Lindsay Arnold,29,Athlete,Athlete,12,false,-7.16800584368152,-2.493088639510132,7.125,0
30,4,Melanie C_S30,0.07963020155156898,false,8.25,4,Melanie C,Gleb Savchenko,47,Singer/Rapper,Singer,11,false,10.83199415631848,-2.530349283644545,8.25,0
30,4,Melora Hardin_S30,0.08235639441164042,false,9.125,4,Melora Hardin,Artem Chigvintsev,54,Actor/Actress,Actor,6,false,17.83199415631848,-2.4966870338985125,9.125,0
30,4,"Mike ""The Miz"" Mizanin_S30",0.08144538842894695,false,8.125,4,"Mike ""The Miz"" Mizanin",Witney Carson,40,Athlete,Athlete,9,false,3.83199415631848,-2.507810285875466,8.125,0
30,4,Olivia Jade_S30,0.09097115902903496,false,8.75,4,Olivia Jade,Valentin Chmerkovskiy,21,Social Media Personality,TV,8,false,-15.16800584368152,-2.3972017640118053,8.75,0
30,4,Suni Lee_S30,0.07798097030031491,false,8.5,4,Suni Lee,Sasha Farber,18,Athlete,Athlete,5,false,-18.16800584368152,-2.5512776290077857,8.5,0
30,5,Amanda Kloots_S30,0.08584454124494229,false,9.75,4,Amanda Kloots,Alan Bersten,39,TV Personality,TV,4,false,2.83199415631848,-2.4552056295634976,9.75,0
30,5,Cody Rigsby_S30,0.08676630198547935,false,8.0,4,Cody Rigsby,Cheryl Burke,34,Fitness Instructor,Other,3,false,-2.16800584368152,-2.444525433523487,8.0,0
30,5,Iman Shumpert_S30,0.1041213304674245,false,7.0,4,Iman Shumpert,Daniella Karagach,31,Athlete,Athlete,1,false,-5.16800584368152,-2.2621888165916153,7.0,0
30,5,Jimmie Allen_S30,0.09813411750663191,false,8.5,4,Jimmie Allen,Emma Slater,36,Singer/Rapper,Singer,7,false,-0.16800584368152016,-2.321409999847024,8.5,0
30,5,JoJo Siwa_S30,0.09812369964673161,false,10.0,4,JoJo Siwa,Jenna Johnson,18,Social Media Personality,TV,2,false,-18.16800584368152,-2.321516163809277,10.0,0
30,5,Kenya Moore_S30,0.09270441085012933,false,9.0,4,Kenya Moore,Brandon Armstrong,50,TV Personality,TV,10,false,13.83199415631848,-2.3783284386409504,9.0,0
30,5,Melanie C_S30,0.0598059617966883,true,9.0,4,Melanie C,Gleb Savchenko,47,Singer/Rapper,Singer,11,false,10.83199415631848,-2.81663320679678,9.0,0
30,5,Melora Hardin_S30,0.09707418054495238,false,9.0,4,Melora Hardin,Artem Chigvintsev,54,Actor/Actress,Actor,6,false,17.83199415631848,-2.332269543515995,9.0,0
30,5,"Mike ""The Miz"" Mizanin_S30",0.09507040283222354,false,8.0,4,"Mike ""The Miz"" Mizanin",Witney Carson,40,Athlete,Athlete,9,false,3.83199415631848,-2.3531270609377604,8.0,0
30,5,Olivia Jade_S30,0.09590919553690651,false,9.0,4,Olivia Jade,Valentin Chmerkovskiy,21,Social Media Personality,TV,8,false,-15.16800584368152,-2.3443429884902476,9.0,0
30,5,Suni Lee_S30,0.08644585758788931,false,9.0,4,Suni Lee,Sasha Farber,18,Athlete,Athlete,5,false,-18.16800584368152,-2.4482254169884605,9.0,0
30,6,Amanda Kloots_S30,0.10224863384014848,false,9.5,4,Amanda Kloots,Alan Bersten,39,TV Personality,TV,4,false,2.83199415631848,-2.2803380650910805,9.5,0
30,6,Cody Rigsby_S30,0.08273244828614838,false,9.0,4,Cody Rigsby,Cheryl Burke,34,Fitness Instructor,Other,3,false,-2.16800584368152,-2.492131305442973,9.0,0
30,6,Iman Shumpert_S30,0.09868192131604193,false,10.0,4,Iman Shumpert,Daniella Karagach,31,Athlete,Athlete,1,false,-5.16800584368152,-2.315843383826843,10.0,0
30,6,Jimmie Allen_S30,0.09948580586387679,false,9.5,4,Jimmie Allen,Emma Slater,36,Singer/Rapper,Singer,7,false,-0.16800584368152016,-2.3077302479934763,9.5,0
30,6,JoJo Siwa_S30,0.10553503930059666,false,10.0,4,JoJo Siwa,Jenna Johnson,18,Social Media Personality,TV,2,false,-18.16800584368152,-2.2487027796546406,10.0,0
30,6,Kenya Moore_S30,0.08303332209999499,true,8.0,4,Kenya Moore,Brandon Armstrong,50,TV Personality,TV,10,false,13.83199415631848,-2.4885012373840243,8.0,0
30,6,Melora Hardin_S30,0.1058006566004909,false,8.5,4,Melora Hardin,Artem Chigvintsev,54,Actor/Actress,Actor,6,false,17.83199415631848,-2.2461891018308906,8.5,0
30,6,"Mike ""The Miz"" Mizanin_S30",0.10915683780295445,false,8.5,4,"Mike ""The Miz"" Mizanin",Witney Carson,40,Athlete,Athlete,9,false,3.83199415631848,-2.2149603909329465,8.5,0
30,6,Olivia Jade_S30,0.11470792257037411,false,9.0,4,Olivia Jade,Valentin Chmerkovskiy,21,Social Media Personality,TV,8,false,-15.16800584368152,-2.165357467372126,9.0,0
30,6,Suni Lee_S30,0.09861741231937306,false,9.0,4,Suni Lee,Sasha Farber,18,Athlete,Athlete,5,false,-18.16800584368152,-2.316497297287831,9.0,0
30,7,Amanda Kloots_S30,0.11655330922277844,false,8.5,4,Amanda Kloots,Alan Bersten,39,TV Personality,TV,4,false,2.83199415631848,-2.1493979410154496,8.5,0
30,7,Cody Rigsby_S30,0.08896933212248101,false,9.0,4,Cody Rigsby,Cheryl Burke,34,Fitness Instructor,Other,3,false,-2.16800584368152,-2.4194523117608537,9.0,0
30,7,Iman Shumpert_S30,0.11493753187394277,false,8.5,4,Iman Shumpert,Daniella Karagach,31,Athlete,Athlete,1,false,-5.16800584368152,-2.1633577989618202,8.5,0
30,7,Jimmie Allen_S30,0.11312287597207744,false,9.5,4,Jimmie Allen,Emma Slater,36,Singer/Rapper,Singer,7,false,-0.16800584368152016,-2.179271813169842,9.5,0
30,7,JoJo Siwa_S30,0.12666670715517275,false,9.75,4,JoJo Siwa,Jenna Johnson,18,Social Media Personality,TV,2,false,-18.16800584368152,-2.0661881005806104,9.75,0
30,7,Melora Hardin_S30,0.11185211245712007,false,9.5,4,Melora Hardin,Artem Chigvintsev,54,Actor/Actress,Actor,6,false,17.83199415631848,-2.19056876436906,9.5,0
30,7,"Mike ""The Miz"" Mizanin_S30",0.09065832638389877,true,8.0,4,"Mike ""The Miz"" Mizanin",Witney Carson,40,Athlete,Athlete,9,false,3.83199415631848,-2.400646463632723,8.0,0
30,7,Olivia Jade_S30,0.12355490404032524,false,10.5,4,Olivia Jade,Valentin Chmerkovskiy,21,Social Media Personality,TV,8,false,-15.16800584368152,-2.091061561041548,10.5,0
30,7,Suni Lee_S30,0.11368490077220299,false,8.5,4,Suni Lee,Sasha Farber,18,Athlete,Athlete,5,false,-18.16800584368152,-2.1743158896772554,8.5,0
30,8,Amanda Kloots_S30,0.13157095057359328,false,10.5,4,Amanda Kloots,Alan Bersten,39,TV Personality,TV,4,false,2.83199415631848,-2.028201424346851,10.5,0
30,8,Cody Rigsby_S30,0.10888421750093058,false,9.5,4,Cody Rigsby,Cheryl Burke,34,Fitness Instructor,Other,3,false,-2.16800584368152,-2.2174610020503525,9.5,0
30,8,Iman Shumpert_S30,0.13745758006287584,false,8.75,4,Iman Shumpert,Daniella Karagach,31,Athlete,Athlete,1,false,-5.16800584368152,-1.9844326431625179,8.75,0
30,8,Jimmie Allen_S30,0.11802160611145684,true,8.0,4,Jimmie Allen,Emma Slater,36,Singer/Rapper,Singer,7,false,-0.16800584368152016,-2.1368790956493076,8.0,0
30,8,JoJo Siwa_S30,0.1463339313600456,false,10.25,4,JoJo Siwa,Jenna Johnson,18,Social Media Personality,TV,2,false,-18.16800584368152,-1.9218572341788107,10.25,0
30,8,Melora Hardin_S30,0.12972754329864078,false,10.5,4,Melora Hardin,Artem Chigvintsev,54,Actor/Actress,Actor,6,false,17.83199415631848,-2.0423111401785095,10.5,0
30,8,Olivia Jade_S30,0.09394676088114276,true,9.0,4,Olivia Jade,Valentin Chmerkovskiy,21,Social Media Personality,TV,8,false,-15.16800584368152,-2.365016386497226,9.0,0
30,8,Suni Lee_S30,0.13405741021131415,false,10.5,4,Suni Lee,Sasha Farber,18,Athlete,Athlete,5,false,-18.16800584368152,-2.009479676907408,10.5,0
30,9,Amanda Kloots_S30,0.17887640458895834,false,9.875,4,Amanda Kloots,Alan Bersten,39,TV Personality,TV,4,false,2.83199415631848,-1.7210545983505467,9.875,0
30,9,Cody Rigsby_S30,0.12581710938535093,false,8.875,4,Cody Rigsby,Cheryl Burke,34,Fitness Instructor,Other,3,false,-2.16800584368152,-2.0729179912975235,8.875,0
30,9,Iman Shumpert_S30,0.18307914241566298,false,9.375,4,Iman Shumpert,Daniella Karagach,31,Athlete,Athlete,1,false,-5.16800584368152,-1.697831285309392,9.375,0
30,9,JoJo Siwa_S30,0.18813898645970814,false,10.0,4,JoJo Siwa,Jenna Johnson,18,Social Media Personality,TV,2,false,-18.16800584368152,-1.6705689844075693,10.0,0
30,9,Melora Hardin_S30,0.15607803562444852,true,9.0,4,Melora Hardin,Artem Chigvintsev,54,Actor/Actress,Actor,6,false,17.83199415631848,-1.857392761412353,9.0,0
30,9,Suni Lee_S30,0.16801032152587203,true,9.375,4,Suni Lee,Sasha Farber,18,Athlete,Athlete,5,false,-18.16800584368152,-1.783723911814532,9.375,0
30,10,Amanda Kloots_S30,0.20624861557508153,false,9.75,4,Amanda Kloots,Alan Bersten,39,TV Personality,TV,4,false,2.83199415631848,-1.5786681176474762,9.75,0
30,10,Cody Rigsby_S30,0.2630029562116204,false,9.5,4,Cody Rigsby,Cheryl Burke,34,Fitness Instructor,Other,3,false,-2.16800584368152,-1.3355862042877764,9.5,0
30,10,Iman Shumpert_S30,0.312901451915363,false,10.0,4,Iman Shumpert,Daniella Karagach,31,Athlete,Athlete,1,false,-5.16800584368152,-1.1618637922390478,10.0,0
30,10,JoJo Siwa_S30,0.21784697629793526,false,10.0,4,JoJo Siwa,Jenna Johnson,18,Social Media Personality,TV,2,false,-18.16800584368152,-1.523957815890636,10.0,0
31,1,Charli D'Amelio_S31,0.06622807254258666,false,8.0,4,Charli D'Amelio,Mark Ballas,18,Social Media Personality,TV,1,false,-18.16800584368152,-2.71463575016798,8.0,0
31,1,Cheryl Ladd_S31,0.059650947963858565,false,5.25,4,Cheryl Ladd,Louis van Amstel,71,Actor/Actress,Actor,14,false,34.83199415631848,-2.819228474410511,5.25,0
31,1,Daniel Durant_S31,0.06522606435073534,false,6.75,4,Daniel Durant,Britt Stewart,32,Actor/Actress,Actor,5,false,-4.16800584368152,-2.729880798774707,6.75,0
31,1,Gabby Windey_S31,0.06280420578319097,false,7.0,4,Gabby Windey,Valentin Chmerkovskiy,31,TV Personality,TV,2,false,-5.16800584368152,-2.7677173143067555,7.0,0
31,1,Heidi D'Amelio_S31,0.0704915672582024,false,6.0,4,Heidi D'Amelio,Artem Chigvintsev,50,Social Media Personality,TV,8,false,13.83199415631848,-2.652248003683606,6.0,0
31,1,Jason Lewis_S31,0.047988668499264794,true,4.5,4,Jason Lewis,Peta Murgatroyd,51,Actor/Actress,Actor,16,false,14.83199415631848,-3.036769530840263,4.5,0
31,1,Jessie James Decker_S31,0.06341951579440443,false,5.0,4,Jessie James Decker,Alan Bersten,34,Singer/Rapper,Singer,10,false,-2.16800584368152,-2.7579678769121916,5.0,0
31,1,Jordin Sparks_S31,0.06158510180107459,false,6.5,4,Jordin Sparks,Brandon Armstrong,32,Singer/Rapper,Singer,9,false,-4.16800584368152,-2.7873190540111348,6.5,0
31,1,Joseph Baena_S31,0.06255795411885727,false,5.75,4,Joseph Baena,Daniella Karagach,24,Actor/Actress,Actor,11,false,-12.16800584368152,-2.771645900933786,5.75,0
31,1,Sam Champion_S31,0.05915861947764356,false,5.0,4,Sam Champion,Cheryl Burke,61,News Anchor,TV,13,false,24.83199415631848,-2.827516073248737,5.0,0
31,1,Shangela_S31,0.06683072821620399,false,7.0,4,Shangela,Gleb Savchenko,40,TV Personality,TV,4,false,3.83199415631848,-2.7055773379071812,7.0,0
31,1,Teresa Giudice_S31,0.06422348133559093,false,5.0,4,Teresa Giudice,Pasha Pashkov,50,TV Personality,TV,15,false,13.83199415631848,-2.7453708117589164,5.0,0
31,1,Trevor Donovan_S31,0.06542050676587352,false,5.25,4,Trevor Donovan,Emma Slater,39,Actor/Actress,Actor,6,false,2.83199415631848,-2.726904224947079,5.25,0
31,1,Vinny Guadagnino_S31,0.06611550771779737,false,4.25,4,Vinny Guadagnino,Koko Iwasaki,34,TV Personality,TV,7,false,-2.16800584368152,-2.716336824759386,4.25,0
31,1,Wayne Brady_S31,0.056719738066724645,false,7.25,4,Wayne Brady,Witney Carson,50,Comedian,Entertainment,3,false,13.83199415631848,-2.869615384383042,7.25,0
31,2,Charli D'Amelio_S31,0.07350508347747942,false,8.0,4,Charli D'Amelio,Mark Ballas,18,Social Media Personality,TV,1,false,-18.16800584368152,-2.6103871077873806,8.0,0
31,2,Cheryl Ladd_S31,0.06945718224342372,false,5.25,4,Cheryl Ladd,Louis van Amstel,71,Actor/Actress,Actor,14,false,34.83199415631848,-2.667030401841301,5.25,0
31,2,Daniel Durant_S31,0.066045207800222,false,7.25,4,Daniel Durant,Britt Stewart,32,Actor/Actress,Actor,5,false,-4.16800584368152,-2.717400663738935,7.25,0
31,2,Gabby Windey_S31,0.06769173117350645,false,8.0,4,Gabby Windey,Valentin Chmerkovskiy,31,TV Personality,TV,2,false,-5.16800584368152,-2.6927764730187356,8.0,0
31,2,Heidi D'Amelio_S31,0.07669411962912774,false,7.0,4,Heidi D'Amelio,Artem Chigvintsev,50,Social Media Personality,TV,8,false,13.83199415631848,-2.567917201979803,7.0,0
31,2,Jessie James Decker_S31,0.07079287767212536,false,6.25,4,Jessie James Decker,Alan Bersten,34,Singer/Rapper,Singer,10,false,-2.16800584368152,-2.647982755579068,6.25,0
31,2,Jordin Sparks_S31,0.06814624999701721,false,6.75,4,Jordin Sparks,Brandon Armstrong,32,Singer/Rapper,Singer,9,false,-4.16800584368152,-2.686084473861879,6.75,0
31,2,Joseph Baena_S31,0.06806589193629908,false,6.0,4,Joseph Baena,Daniella Karagach,24,Actor/Actress,Actor,11,false,-12.16800584368152,-2.687264352381097,6.0,0
31,2,Sam Champion_S31,0.06510435568778263,false,6.5,4,Sam Champion,Cheryl Burke,61,News Anchor,TV,13,false,24.83199415631848,-2.7317484645219583,6.5,0
31,2,Shangela_S31,0.06943262504502849,false,7.0,4,Shangela,Gleb Savchenko,40,TV Personality,TV,4,false,3.83199415631848,-2.6673840180715245,7.0,0
31,2,Teresa Giudice_S31,0.041238719122936245,true,5.75,4,Teresa Giudice,Pasha Pashkov,50,TV Personality,TV,15,false,13.83199415631848,-3.188353430648612,5.75,0
31,2,Trevor Donovan_S31,0.0659124252465538,false,7.5,4,Trevor Donovan,Emma Slater,39,Actor/Actress,Actor,6,false,2.83199415631848,-2.719413136726576,7.5,0
31,2,Vinny Guadagnino_S31,0.07011639625324793,false,6.75,4,Vinny Guadagnino,Koko Iwasaki,34,TV Personality,TV,7,false,-2.16800584368152,-2.6575843523446108,6.75,0
31,2,Wayne Brady_S31,0.06129807013735161,false,8.0,4,Wayne Brady,Witney Carson,50,Comedian,Entertainment,3,false,13.83199415631848,-2.7919906052031203,8.0,0
31,3,Charli D'Amelio_S31,0.07841575943143513,false,8.25,4,Charli D'Amelio,Mark Ballas,18,Social Media Personality,TV,1,false,-18.16800584368152,-2.545717606212852,8.25,0
31,3,Cheryl Ladd_S31,0.055975751655779296,true,6.0,4,Cheryl Ladd,Louis van Amstel,71,Actor/Actress,Actor,14,false,34.83199415631848,-2.882818823449134,6.0,0
31,3,Daniel Durant_S31,0.07304597782285772,false,7.75,4,Daniel Durant,Britt Stewart,32,Actor/Actress,Actor,5,false,-4.16800584368152,-2.6166525129915854,7.75,0
31,3,Gabby Windey_S31,0.07391388565891725,false,8.25,4,Gabby Windey,Valentin Chmerkovskiy,31,TV Personality,TV,2,false,-5.16800584368152,-2.6048410415569223,8.25,0
31,3,Heidi D'Amelio_S31,0.07857770855524825,false,8.0,4,Heidi D'Amelio,Artem Chigvintsev,50,Social Media Personality,TV,8,false,13.83199415631848,-2.5436544997635586,8.0,0
31,3,Jessie James Decker_S31,0.07019652320448053,false,6.5,4,Jessie James Decker,Alan Bersten,34,Singer/Rapper,Singer,10,false,-2.16800584368152,-2.6564422505602523,6.5,0
31,3,Jordin Sparks_S31,0.070487865290145,false,7.25,4,Jordin Sparks,Brandon Armstrong,32,Singer/Rapper,Singer,9,false,-4.16800584368152,-2.652300520784494,7.25,0
31,3,Joseph Baena_S31,0.07092723734541749,false,7.25,4,Joseph Baena,Daniella Karagach,24,Actor/Actress,Actor,11,false,-12.16800584368152,-2.6460866546984168,7.25,0
31,3,Sam Champion_S31,0.06977282670221707,false,6.25,4,Sam Champion,Cheryl Burke,61,News Anchor,TV,13,false,24.83199415631848,-2.662496315147681,6.25,0
31,3,Shangela_S31,0.07111733487122629,false,7.5,4,Shangela,Gleb Savchenko,40,TV Personality,TV,4,false,3.83199415631848,-2.643410100997337,7.5,0
31,3,Trevor Donovan_S31,0.0735490527345998,false,6.75,4,Trevor Donovan,Emma Slater,39,Actor/Actress,Actor,6,false,2.83199415631848,-2.6097891149451473,6.75,0
31,3,Vinny Guadagnino_S31,0.07527356493913247,false,5.75,4,Vinny Guadagnino,Koko Iwasaki,34,TV Personality,TV,7,false,-2.16800584368152,-2.58661298425067,5.75,0
31,3,Wayne Brady_S31,0.06703444856572956,false,8.25,4,Wayne Brady,Witney Carson,50,Comedian,Entertainment,3,false,13.83199415631848,-2.7025337164356795,8.25,0
31,4,Charli D'Amelio_S31,0.08303834746410312,false,9.0,4,Charli D'Amelio,Mark Ballas,18,Social Media Personality,TV,1,false,-18.16800584368152,-2.4884407176866774,9.0,0
31,4,Daniel Durant_S31,0.08059025349647843,false,7.25,4,Daniel Durant,Britt Stewart,32,Actor/Actress,Actor,5,false,-4.16800584368152,-2.518365152771414,7.25,0
31,4,Gabby Windey_S31,0.07786085196357323,false,9.0,4,Gabby Windey,Valentin Chmerkovskiy,31,TV Personality,TV,2,false,-5.16800584368152,-2.552819151267483,9.0,0
31,4,Heidi D'Amelio_S31,0.08656850238847363,false,8.5,4,Heidi D'Amelio,Artem Chigvintsev,50,Social Media Personality,TV,8,false,13.83199415631848,-2.4468076918537562,8.5,0
31,4,Jessie James Decker_S31,0.07611599479170408,false,7.75,4,Jessie James Decker,Alan Bersten,34,Singer/Rapper,Singer,10,false,-2.16800584368152,-2.57548371721131,7.75,0
31,4,Jordin Sparks_S31,0.07834385389055658,false,8.5,4,Jordin Sparks,Brandon Armstrong,32,Singer/Rapper,Singer,9,false,-4.16800584368152,-2.546634993376683,8.5,0
31,4,Joseph Baena_S31,0.07968578410984094,false,7.0,4,Joseph Baena,Daniella Karagach,24,Actor/Actress,Actor,11,false,-12.16800584368152,-2.529651527389389,7.0,0
31,4,Sam Champion_S31,0.058128057826221095,true,6.25,4,Sam Champion,Cheryl Burke,61,News Anchor,TV,13,false,24.83199415631848,-2.8450896054473467,6.25,0
31,4,Shangela_S31,0.07941873903352857,false,8.0,4,Shangela,Gleb Savchenko,40,TV Personality,TV,4,false,3.83199415631848,-2.533008339188125,8.0,0
31,4,Trevor Donovan_S31,0.07812284612412285,false,7.0,4,Trevor Donovan,Emma Slater,39,Actor/Actress,Actor,6,false,2.83199415631848,-2.5494599406458707,7.0,0
31,4,Vinny Guadagnino_S31,0.077655393230882,false,7.25,4,Vinny Guadagnino,Koko Iwasaki,34,TV Personality,TV,7,false,-2.16800584368152,-2.555461398831015,7.25,0
31,4,Wayne Brady_S31,0.0694523939392137,false,9.0,4,Wayne Brady,Witney Carson,50,Comedian,Entertainment,3,false,13.83199415631848,-2.667099342160654,9.0,0
31,5,Charli D'Amelio_S31,0.09584070585342098,false,10.5,4,Charli D'Amelio,Mark Ballas,18,Social Media Personality,TV,1,false,-18.16800584368152,-2.3450573458019766,10.5,0
31,5,Daniel Durant_S31,0.09636280639073155,false,8.375,4,Daniel Durant,Britt Stewart,32,Actor/Actress,Actor,5,false,-4.16800584368152,-2.3396246002438317,8.375,0
31,5,Gabby Windey_S31,0.08897023877099243,false,10.25,4,Gabby Windey,Valentin Chmerkovskiy,31,TV Personality,TV,2,false,-5.16800584368152,-2.419442121353892,10.25,0
31,5,Heidi D'Amelio_S31,0.09726114911264595,false,9.75,4,Heidi D'Amelio,Artem Chigvintsev,50,Social Media Personality,TV,8,false,13.83199415631848,-2.330345377678076,9.75,0
31,5,Jessie James Decker_S31,0.09007782209212484,false,9.0,4,Jessie James Decker,Alan Bersten,34,Singer/Rapper,Singer,10,false,-2.16800584368152,-2.407070190918205,9.0,0
31,5,Jordin Sparks_S31,0.09107766949790612,false,8.875,4,Jordin Sparks,Brandon Armstrong,32,Singer/Rapper,Singer,9,false,-4.16800584368152,-2.396031645953177,8.875,0
31,5,Joseph Baena_S31,0.07237477298488897,true,8.75,4,Joseph Baena,Daniella Karagach,24,Actor/Actress,Actor,11,false,-12.16800584368152,-2.6258836628712072,8.75,0
31,5,Shangela_S31,0.0875261833751723,false,9.625,4,Shangela,Gleb Savchenko,40,TV Personality,TV,4,false,3.83199415631848,-2.4358058667207874,9.625,0
31,5,Trevor Donovan_S31,0.09510244777957534,false,9.0,4,Trevor Donovan,Emma Slater,39,Actor/Actress,Actor,6,false,2.83199415631848,-2.3527900558337524,9.0,0
31,5,Vinny Guadagnino_S31,0.09442050890050735,false,7.75,4,Vinny Guadagnino,Koko Iwasaki,34,TV Personality,TV,7,false,-2.16800584368152,-2.359986383261891,7.75,0
31,5,Wayne Brady_S31,0.07907187171739598,false,10.25,4,Wayne Brady,Witney Carson,50,Comedian,Entertainment,3,false,13.83199415631848,-2.5373854248867964,10.25,0
31,6,Charli D'Amelio_S31,0.10876842769801932,false,10.0,4,Charli D'Amelio,Mark Ballas,18,Social Media Personality,TV,1,false,-18.16800584368152,-2.2185249794695223,10.0,0
31,6,Daniel Durant_S31,0.10197976187270501,false,8.5,4,Daniel Durant,Britt Stewart,32,Actor/Actress,Actor,5,false,-4.16800584368152,-2.2829710925779247,8.5,0
31,6,Gabby Windey_S31,0.09851093702662636,false,9.25,4,Gabby Windey,Valentin Chmerkovskiy,31,TV Personality,TV,2,false,-5.16800584368152,-2.3175775500591995,9.25,0
31,6,Heidi D'Amelio_S31,0.11271184841611404,false,9.0,4,Heidi D'Amelio,Artem Chigvintsev,50,Social Media Personality,TV,8,false,13.83199415631848,-2.1829118589676852,9.0,0
31,6,Jessie James Decker_S31,0.08033738269706092,true,8.0,4,Jessie James Decker,Alan Bersten,34,Singer/Rapper,Singer,10,false,-2.16800584368152,-2.521507780984758,8.0,0
31,6,Jordin Sparks_S31,0.09787113908235105,false,8.5,4,Jordin Sparks,Brandon Armstrong,32,Singer/Rapper,Singer,9,false,-4.16800584368152,-2.3240933554191905,8.5,0
31,6,Shangela_S31,0.10046776017723892,false,9.0,4,Shangela,Gleb Savchenko,40,TV Personality,TV,4,false,3.83199415631848,-2.297908443812592,9.0,0
31,6,Trevor Donovan_S31,0.10177165081589565,false,8.5,4,Trevor Donovan,Emma Slater,39,Actor/Actress,Actor,6,false,2.83199415631848,-2.2850138669926707,8.5,0
31,6,Vinny Guadagnino_S31,0.10736800170097796,false,7.0,4,Vinny Guadagnino,Koko Iwasaki,34,TV Personality,TV,7,false,-2.16800584368152,-2.231483763325634,7.0,0
31,6,Wayne Brady_S31,0.0902130905130106,false,8.5,4,Wayne Brady,Witney Carson,50,Comedian,Entertainment,3,false,13.83199415631848,-2.4055696500005137,8.5,0
31,7,Charli D'Amelio_S31,0.12176897322669719,false,9.75,4,Charli D'Amelio,Mark Ballas,18,Social Media Personality,TV,1,false,-18.16800584368152,-2.105621479331052,9.75,0
31,7,Daniel Durant_S31,0.11313841825866564,false,9.125,4,Daniel Durant,Britt Stewart,32,Actor/Actress,Actor,5,false,-4.16800584368152,-2.1791344308633973,9.125,0
31,7,Gabby Windey_S31,0.1140176077094236,false,8.875,4,Gabby Windey,Valentin Chmerkovskiy,31,TV Personality,TV,2,false,-5.16800584368152,-2.171393618386218,8.875,0
31,7,Heidi D'Amelio_S31,0.12694942833577189,false,8.75,4,Heidi D'Amelio,Artem Chigvintsev,50,Social Media Personality,TV,8,false,13.83199415631848,-2.063958596786162,8.75,0
31,7,Jordin Sparks_S31,0.08912859650182012,true,8.625,4,Jordin Sparks,Brandon Armstrong,32,Singer/Rapper,Singer,9,false,-4.16800584368152,-2.4176638279245917,8.625,0
31,7,Shangela_S31,0.11065826075214699,false,9.125,4,Shangela,Gleb Savchenko,40,TV Personality,TV,4,false,3.83199415631848,-2.201299521887397,9.125,0
31,7,Trevor Donovan_S31,0.10914886039932119,false,9.75,4,Trevor Donovan,Emma Slater,39,Actor/Actress,Actor,6,false,2.83199415631848,-2.21503347496711,9.75,0
31,7,Vinny Guadagnino_S31,0.11549806980603552,false,7.875,4,Vinny Guadagnino,Koko Iwasaki,34,TV Personality,TV,7,false,-2.16800584368152,-2.1584928026801173,7.875,0
31,7,Wayne Brady_S31,0.09969178501011772,false,9.5,4,Wayne Brady,Witney Carson,50,Comedian,Entertainment,3,false,13.83199415631848,-2.305661971632784,9.5,0
31,8,Charli D'Amelio_S31,0.13457081585147326,false,11.25,4,Charli D'Amelio,Mark Ballas,18,Social Media Personality,TV,1,false,-18.16800584368152,-2.0056572755880384,11.25,0
31,8,Daniel Durant_S31,0.12704452754129655,false,9.75,4,Daniel Durant,Britt Stewart,32,Actor/Actress,Actor,5,false,-4.16800584368152,-2.063209772186651,9.75,0
31,8,Gabby Windey_S31,0.12365164946821455,false,10.0,4,Gabby Windey,Valentin Chmerkovskiy,31,TV Personality,TV,2,false,-5.16800584368152,-2.0902788580852363,10.0,0
31,8,Heidi D'Amelio_S31,0.13494845829693242,true,8.75,4,Heidi D'Amelio,Artem Chigvintsev,50,Social Media Personality,TV,8,false,13.83199415631848,-2.0028549536281997,8.75,0
31,8,Shangela_S31,0.12725790656388583,false,10.5,4,Shangela,Gleb Savchenko,40,TV Personality,TV,4,false,3.83199415631848,-2.0615316333573723,10.5,0
31,8,Trevor Donovan_S31,0.12502499756727123,false,9.75,4,Trevor Donovan,Emma Slater,39,Actor/Actress,Actor,6,false,2.83199415631848,-2.0792335827666197,9.75,0
31,8,Vinny Guadagnino_S31,0.11971344109946598,true,7.25,4,Vinny Guadagnino,Koko Iwasaki,34,TV Personality,TV,7,false,-2.16800584368152,-2.12264602958931,7.25,0
31,8,Wayne Brady_S31,0.10778820361146081,false,11.25,4,Wayne Brady,Witney Carson,50,Comedian,Entertainment,3,false,13.83199415631848,-2.2275777775500547,11.25,0
31,9,Charli D'Amelio_S31,0.18832571901030995,false,10.0,4,Charli D'Amelio,Mark Ballas,18,Social Media Personality,TV,1,false,-18.16800584368152,-1.6695769574197772,10.0,0
31,9,Daniel Durant_S31,0.13647004648868585,true,8.625,4,Daniel Durant,Britt Stewart,32,Actor/Actress,Actor,5,false,-4.16800584368152,-1.9916428004924027,8.625,0
31,9,Gabby Windey_S31,0.1723998999754985,false,10.0,4,Gabby Windey,Valentin Chmerkovskiy,31,TV Personality,TV,2,false,-5.16800584368152,-1.7579327004906564,10.0,0
31,9,Shangela_S31,0.1738087846297225,false,9.125,4,Shangela,Gleb Savchenko,40,TV Personality,TV,4,false,3.83199415631848,-1.7497937695207866,9.125,0
31,9,Trevor Donovan_S31,0.1696990866493906,true,8.125,4,Trevor Donovan,Emma Slater,39,Actor/Actress,Actor,6,false,2.83199415631848,-1.7737225961387244,8.125,0
31,9,Wayne Brady_S31,0.15929646324639252,false,9.125,4,Wayne Brady,Witney Carson,50,Comedian,Entertainment,3,false,13.83199415631848,-1.8369819865721342,9.125,0
31,10,Charli D'Amelio_S31,0.2894795901967895,false,10.0,4,Charli D'Amelio,Mark Ballas,18,Social Media Personality,TV,1,false,-18.16800584368152,-1.2396670301691355,10.0,0
31,10,Gabby Windey_S31,0.24083725273538056,false,10.0,4,Gabby Windey,Valentin Chmerkovskiy,31,TV Personality,TV,2,false,-5.16800584368152,-1.4236297212893843,10.0,0
31,10,Shangela_S31,0.17844172542768671,false,9.5,4,Shangela,Gleb Savchenko,40,TV Personality,TV,4,false,3.83199415631848,-1.723487595202272,9.5,0
31,10,Wayne Brady_S31,0.29124143164014327,false,9.5,4,Wayne Brady,Witney Carson,50,Comedian,Entertainment,3,false,13.83199415631848,-1.233599260224779,9.5,0
32,1,Adrian Peterson_S32,0.07416746719316761,false,6.0,3,Adrian Peterson,Britt Stewart,38,Athlete,Athlete,11,false,1.8319941563184798,-2.6014161895768173,6.0,0
32,1,Alyson Hannigan_S32,0.07516012973938044,false,4.333333333333333,3,Alyson Hannigan,Sasha Farber,49,Actor/Actress,Actor,5,false,12.83199415631848,-2.5881210734245004,4.333333333333333,0
32,1,Ariana Madix_S32,0.07193505598531984,false,7.0,3,Ariana Madix,Pasha Pashkov,38,TV Personality,TV,3,false,1.8319941563184798,-2.6319776658855902,7.0,0
32,1,Barry Williams_S32,0.07373603509408218,false,5.333333333333333,3,Barry Williams,Peta Murgatroyd,68,Actor/Actress,Actor,7,false,31.83199415631848,-2.6072500945504977,5.333333333333333,0
32,1,Charity Lawson_S32,0.07064502227390322,false,7.333333333333333,3,Charity Lawson,Artem Chigvintsev,27,TV Personality,TV,4,false,-9.16800584368152,-2.6500734732921902,7.333333333333333,0
32,1,Harry Jowsey_S32,0.07544576419095309,false,4.0,3,Harry Jowsey,Rylee Arnold,26,TV Personality,TV,6,false,-10.16800584368152,-2.5843279814877707,4.0,0
32,1,Jamie Lynn Spears_S32,0.07586073450917281,false,5.0,3,Jamie Lynn Spears,Alan Bersten,32,Actor/Actress,Actor,13,false,-4.16800584368152,-2.5788428783746444,5.0,0
32,1,Jason Mraz_S32,0.06984644007356372,false,7.0,3,Jason Mraz,Daniella Karagach,46,Singer/Rapper,Singer,2,false,9.83199415631848,-2.661441842861796,7.0,0
32,1,Lele Pons_S32,0.08029784490750151,false,6.333333333333333,3,Lele Pons,Brandon Armstrong,27,Social Media Personality,TV,8,false,-9.16800584368152,-2.5220000428464373,6.333333333333333,0
32,1,Matt Walsh_S32,0.05298447245133538,true,4.0,3,Matt Walsh,Koko Iwasaki,58,Comedian,Entertainment,14,false,21.83199415631848,-2.9377375076953576,4.0,0
32,1,Mauricio Umansky_S32,0.07332459054377084,false,5.0,3,Mauricio Umansky,Emma Slater,53,TV Personality,TV,9,false,16.83199415631848,-2.6128456103662487,5.0,0
32,1,Mira Sorvino_S32,0.07087846695539177,false,5.666666666666667,3,Mira Sorvino,Gleb Savchenko,55,Actor/Actress,Actor,10,false,18.83199415631848,-2.6467744930946315,5.666666666666667,0
32,1,Tyson Beckford_S32,0.06483326550939805,false,4.0,3,Tyson Beckford,Jenna Johnson,52,Model,Model,12,false,15.83199415631848,-2.735921026658121,4.0,0
32,1,Xochitl Gomez_S32,0.07088471057306019,false,6.0,3,Xochitl Gomez,Valentin Chmerkovskiy,17,Actor/Actress,Actor,1,false,-19.16800584368152,-2.64668640915496,6.0,0
32,2,Adrian Peterson_S32,0.08207502346901463,false,5.0,3,Adrian Peterson,Britt Stewart,38,Athlete,Athlete,11,false,1.8319941563184798,-2.5001093457482013,5.0,0
32,2,Alyson Hannigan_S32,0.07999301626822344,false,6.333333333333333,3,Alyson Hannigan,Sasha Farber,49,Actor/Actress,Actor,5,false,12.83199415631848,-2.525803443752871,6.333333333333333,0
32,2,Ariana Madix_S32,0.0802378015985693,false,6.666666666666667,3,Ariana Madix,Pasha Pashkov,38,TV Personality,TV,3,false,1.8319941563184798,-2.522748070652235,6.666666666666667,0
32,2,Barry Williams_S32,0.0840063631656565,false,5.0,3,Barry Williams,Peta Murgatroyd,68,Actor/Actress,Actor,7,false,31.83199415631848,-2.4768508272464445,5.0,0
32,2,Charity Lawson_S32,0.07989862476822891,false,7.0,3,Charity Lawson,Artem Chigvintsev,27,TV Personality,TV,4,false,-9.16800584368152,-2.5269841224884084,7.0,0
32,2,Harry Jowsey_S32,0.08396295567460828,false,5.0,3,Harry Jowsey,Rylee Arnold,26,TV Personality,TV,6,false,-10.16800584368152,-2.477367671339998,5.0,0
32,2,Jamie Lynn Spears_S32,0.05412906997479415,true,5.333333333333333,3,Jamie Lynn Spears,Alan Bersten,32,Actor/Actress,Actor,13,false,-4.16800584368152,-2.916365425456662,5.333333333333333,0
32,2,Jason Mraz_S32,0.07837154375852966,false,8.0,3,Jason Mraz,Daniella Karagach,46,Singer/Rapper,Singer,2,false,9.83199415631848,-2.546281620124235,8.0,0
32,2,Lele Pons_S32,0.08542293678051927,false,7.0,3,Lele Pons,Brandon Armstrong,27,Social Media Personality,TV,8,false,-9.16800584368152,-2.460128927291549,7.0,0
32,2,Mauricio Umansky_S32,0.08622325116447685,false,4.0,3,Mauricio Umansky,Emma Slater,53,TV Personality,TV,9,false,16.83199415631848,-2.4508038048652327,4.0,0
32,2,Mira Sorvino_S32,0.07569644953171191,false,6.0,3,Mira Sorvino,Gleb Savchenko,55,Actor/Actress,Actor,10,false,18.83199415631848,-2.581010810893476,6.0,0
32,2,Tyson Beckford_S32,0.05180332792580634,false,6.0,3,Tyson Beckford,Jenna Johnson,52,Model,Model,12,false,15.83199415631848,-2.960281582515622,6.0,0
32,2,Xochitl Gomez_S32,0.0781796359198614,false,8.0,3,Xochitl Gomez,Valentin Chmerkovskiy,17,Actor/Actress,Actor,1,false,-19.16800584368152,-2.548733284602553,8.0,0
32,3,Adrian Peterson_S32,0.08630149968805562,false,5.5,4,Adrian Peterson,Britt Stewart,38,Athlete,Athlete,11,false,1.8319941563184798,-2.449896716213097,5.5,0
32,3,Alyson Hannigan_S32,0.08808651544502817,false,6.0,4,Alyson Hannigan,Sasha Farber,49,Actor/Actress,Actor,5,false,12.83199415631848,-2.4294244649916688,6.0,0
32,3,Ariana Madix_S32,0.08608427424785883,false,8.5,4,Ariana Madix,Pasha Pashkov,38,TV Personality,TV,3,false,1.8319941563184798,-2.452416912978921,8.5,0
32,3,Barry Williams_S32,0.07859357016804636,false,6.25,4,Barry Williams,Peta Murgatroyd,68,Actor/Actress,Actor,7,false,31.83199415631848,-2.543452663764707,6.25,0
32,3,Charity Lawson_S32,0.08600201121647308,false,8.0,4,Charity Lawson,Artem Chigvintsev,27,TV Personality,TV,4,false,-9.16800584368152,-2.4533729691965744,8.0,0
32,3,Harry Jowsey_S32,0.08305518249762536,false,6.0,4,Harry Jowsey,Rylee Arnold,26,TV Personality,TV,6,false,-10.16800584368152,-2.488238002615612,6.0,0
32,3,Jason Mraz_S32,0.08175222399086866,false,8.5,4,Jason Mraz,Daniella Karagach,46,Singer/Rapper,Singer,2,false,9.83199415631848,-2.50405003278523,8.5,0
32,3,Lele Pons_S32,0.09335288518695874,false,6.75,4,Lele Pons,Brandon Armstrong,27,Social Media Personality,TV,8,false,-9.16800584368152,-2.3713577902894127,6.75,0
32,3,Mauricio Umansky_S32,0.08667910415602341,false,5.75,4,Mauricio Umansky,Emma Slater,53,TV Personality,TV,9,false,16.83199415631848,-2.4455309006992945,5.75,0
32,3,Mira Sorvino_S32,0.08655295205937982,false,6.5,4,Mira Sorvino,Gleb Savchenko,55,Actor/Actress,Actor,10,false,18.83199415631848,-2.446987336248968,6.5,0
32,3,Tyson Beckford_S32,0.060196849024932074,true,5.0,4,Tyson Beckford,Jenna Johnson,52,Model,Model,12,false,15.83199415631848,-2.8101186577885664,5.0,0
32,3,Xochitl Gomez_S32,0.08334293231874927,false,8.0,4,Xochitl Gomez,Valentin Chmerkovskiy,17,Actor/Actress,Actor,1,false,-19.16800584368152,-2.484779470050695,8.0,0
32,4,Adrian Peterson_S32,0.046296970324284634,true,7.0,3,Adrian Peterson,Britt Stewart,38,Athlete,Athlete,11,false,1.8319941563184798,-3.072657156339292,7.0,0
32,4,Alyson Hannigan_S32,0.09790826689747377,false,6.0,3,Alyson Hannigan,Sasha Farber,49,Actor/Actress,Actor,5,false,12.83199415631848,-2.3237140771585,6.0,0
32,4,Ariana Madix_S32,0.09583456812340325,false,8.333333333333334,3,Ariana Madix,Pasha Pashkov,38,TV Personality,TV,3,false,1.8319941563184798,-2.3451213881361825,8.333333333333334,0
32,4,Barry Williams_S32,0.09398515956269904,false,6.0,3,Barry Williams,Peta Murgatroyd,68,Actor/Actress,Actor,7,false,31.83199415631848,-2.364607746247505,6.0,0
32,4,Charity Lawson_S32,0.09125972214592776,false,8.0,3,Charity Lawson,Artem Chigvintsev,27,TV Personality,TV,4,false,-9.16800584368152,-2.394034790453398,8.0,0
32,4,Harry Jowsey_S32,0.09265064405403733,false,7.0,3,Harry Jowsey,Rylee Arnold,26,TV Personality,TV,6,false,-10.16800584368152,-2.3789085816263666,7.0,0
32,4,Jason Mraz_S32,0.09372720158380819,false,8.0,3,Jason Mraz,Daniella Karagach,46,Singer/Rapper,Singer,2,false,9.83199415631848,-2.3673561576071345,8.0,0
32,4,Lele Pons_S32,0.10465444423266385,false,7.333333333333333,3,Lele Pons,Brandon Armstrong,27,Social Media Personality,TV,8,false,-9.16800584368152,-2.2570818081975776,7.333333333333333,0
32,4,Mauricio Umansky_S32,0.09417878313260768,false,6.333333333333333,3,Mauricio Umansky,Emma Slater,53,TV Personality,TV,9,false,16.83199415631848,-2.362549736859891,6.333333333333333,0
32,4,Mira Sorvino_S32,0.09636039969460466,false,7.0,3,Mira Sorvino,Gleb Savchenko,55,Actor/Actress,Actor,10,false,18.83199415631848,-2.3396495756601343,7.0,0
32,4,Xochitl Gomez_S32,0.09314384024848857,false,9.0,3,Xochitl Gomez,Valentin Chmerkovskiy,17,Actor/Actress,Actor,1,false,-19.16800584368152,-2.3735995753260672,9.0,0
32,5,Alyson Hannigan_S32,0.10749676457423997,false,7.0,3,Alyson Hannigan,Sasha Farber,49,Actor/Actress,Actor,5,false,12.83199415631848,-2.2302852262888644,7.0,0
32,5,Ariana Madix_S32,0.10169364845788995,false,8.0,3,Ariana Madix,Pasha Pashkov,38,TV Personality,TV,3,false,1.8319941563184798,-2.2857805981785213,8.0,0
32,5,Barry Williams_S32,0.1008593868687209,false,8.0,3,Barry Williams,Peta Murgatroyd,68,Actor/Actress,Actor,7,false,31.83199415631848,-2.294018026640727,8.0,0
32,5,Charity Lawson_S32,0.09947420137884566,false,9.333333333333334,3,Charity Lawson,Artem Chigvintsev,27,TV Personality,TV,4,false,-9.16800584368152,-2.30784689825455,9.333333333333334,0
32,5,Harry Jowsey_S32,0.10387475204331564,false,6.0,3,Harry Jowsey,Rylee Arnold,26,TV Personality,TV,6,false,-10.16800584368152,-2.2645597859452176,6.0,0
32,5,Jason Mraz_S32,0.09961547199478708,false,9.0,3,Jason Mraz,Daniella Karagach,46,Singer/Rapper,Singer,2,false,9.83199415631848,-2.306427746591827,9.0,0
32,5,Lele Pons_S32,0.11262302969657023,false,8.0,3,Lele Pons,Brandon Armstrong,27,Social Media Personality,TV,8,false,-9.16800584368152,-2.1837001784375154,8.0,0
32,5,Mauricio Umansky_S32,0.10333615618184386,false,8.0,3,Mauricio Umansky,Emma Slater,53,TV Personality,TV,9,false,16.83199415631848,-2.269758275547198,8.0,0
32,5,Mira Sorvino_S32,0.07501743352463904,true,7.333333333333333,3,Mira Sorvino,Gleb Savchenko,55,Actor/Actress,Actor,10,false,18.83199415631848,-2.590021415316343,7.333333333333333,0
32,5,Xochitl Gomez_S32,0.09600915527914777,false,9.333333333333334,3,Xochitl Gomez,Valentin Chmerkovskiy,17,Actor/Actress,Actor,1,false,-19.16800584368152,-2.343301308951261,9.333333333333334,0
32,6,Alyson Hannigan_S32,0.11990991896856577,false,7.75,4,Alyson Hannigan,Sasha Farber,49,Actor/Actress,Actor,5,false,12.83199415631848,-2.1210061538009164,7.75,0
32,6,Ariana Madix_S32,0.10993779863165327,false,10.25,4,Ariana Madix,Pasha Pashkov,38,TV Personality,TV,3,false,1.8319941563184798,-2.2078314441002025,10.25,0
32,6,Barry Williams_S32,0.11770403018802604,false,8.0,4,Barry Williams,Peta Murgatroyd,68,Actor/Actress,Actor,7,false,31.83199415631848,-2.139573528262715,8.0,0
32,6,Charity Lawson_S32,0.1140823861198193,false,9.5,4,Charity Lawson,Artem Chigvintsev,27,TV Personality,TV,4,false,-9.16800584368152,-2.1708256407806767,9.5,0
32,6,Harry Jowsey_S32,0.12154660934054272,false,7.25,4,Harry Jowsey,Rylee Arnold,26,TV Personality,TV,6,false,-10.16800584368152,-2.107449246529075,7.25,0
32,6,Jason Mraz_S32,0.10598015423139573,false,9.75,4,Jason Mraz,Daniella Karagach,46,Singer/Rapper,Singer,2,false,9.83199415631848,-2.244493990946485,9.75,0
32,6,Lele Pons_S32,0.12261807565642095,false,9.25,4,Lele Pons,Brandon Armstrong,27,Social Media Personality,TV,8,false,-9.16800584368152,-2.098672674953443,9.25,0
32,6,Mauricio Umansky_S32,0.07901268049969803,true,8.25,4,Mauricio Umansky,Emma Slater,53,TV Personality,TV,9,false,16.83199415631848,-2.5381342706252084,8.25,0
32,6,Xochitl Gomez_S32,0.10920834636387783,false,10.5,4,Xochitl Gomez,Valentin Chmerkovskiy,17,Actor/Actress,Actor,1,false,-19.16800584368152,-2.2144886299210964,10.5,0
32,7,Alyson Hannigan_S32,0.14241308000790778,false,8.75,4,Alyson Hannigan,Sasha Farber,49,Actor/Actress,Actor,5,false,12.83199415631848,-1.9490164084321902,8.75,0
32,7,Ariana Madix_S32,0.12119320032355234,false,9.25,4,Ariana Madix,Pasha Pashkov,38,TV Personality,TV,3,false,1.8319941563184798,-2.110361058607777,9.25,0
32,7,Barry Williams_S32,0.14015669250502183,false,8.125,4,Barry Williams,Peta Murgatroyd,68,Actor/Actress,Actor,7,false,31.83199415631848,-1.9649871152213736,8.125,0
32,7,Charity Lawson_S32,0.1352112260927958,false,9.0,4,Charity Lawson,Artem Chigvintsev,27,TV Personality,TV,4,false,-9.16800584368152,-2.000909689781348,9.0,0
32,7,Harry Jowsey_S32,0.14561350813544635,false,8.0,4,Harry Jowsey,Rylee Arnold,26,TV Personality,TV,6,false,-10.16800584368152,-1.9267925043962577,8.0,0
32,7,Jason Mraz_S32,0.12449543775957302,false,9.0,4,Jason Mraz,Daniella Karagach,46,Singer/Rapper,Singer,2,false,9.83199415631848,-2.083478175859624,9.0,0
32,7,Lele Pons_S32,0.0827850657385053,true,9.125,4,Lele Pons,Brandon Armstrong,27,Social Media Personality,TV,8,false,-9.16800584368152,-2.4914955199352713,9.125,0
32,7,Xochitl Gomez_S32,0.1081317894371979,false,9.25,4,Xochitl Gomez,Valentin Chmerkovskiy,17,Actor/Actress,Actor,1,false,-19.16800584368152,-2.224395275287256,9.25,0
32,8,Alyson Hannigan_S32,0.15466325479841364,false,9.0,4,Alyson Hannigan,Sasha Farber,49,Actor/Actress,Actor,5,false,12.83199415631848,-1.8664986095213527,9.0,0
32,8,Ariana Madix_S32,0.1440407252816391,false,10.5,4,Ariana Madix,Pasha Pashkov,38,TV Personality,TV,3,false,1.8319941563184798,-1.9376522624778674,10.5,0
32,8,Barry Williams_S32,0.1109899625862637,true,8.75,4,Barry Williams,Peta Murgatroyd,68,Actor/Actress,Actor,7,false,31.83199415631848,-2.198306499126208,8.75,0
32,8,Charity Lawson_S32,0.14571332801873021,false,9.75,4,Charity Lawson,Artem Chigvintsev,27,TV Personality,TV,4,false,-9.16800584368152,-1.9261072314345566,9.75,0
32,8,Harry Jowsey_S32,0.15227437119963477,false,7.0,4,Harry Jowsey,Rylee Arnold,26,TV Personality,TV,6,false,-10.16800584368152,-1.8820647445699985,7.0,0
32,8,Jason Mraz_S32,0.1478252973794558,false,8.25,4,Jason Mraz,Daniella Karagach,46,Singer/Rapper,Singer,2,false,9.83199415631848,-1.9117173608587872,8.25,0
32,8,Xochitl Gomez_S32,0.14449306073586324,false,10.0,4,Xochitl Gomez,Valentin Chmerkovskiy,17,Actor/Actress,Actor,1,false,-19.16800584368152,-1.9345168744483245,10.0,0
32,9,Alyson Hannigan_S32,0.1775143582700514,false,8.0,4,Alyson Hannigan,Sasha Farber,49,Actor/Actress,Actor,5,false,12.83199415631848,-1.7286981483447004,8.0,0
32,9,Ariana Madix_S32,0.1733184304792504,false,9.25,4,Ariana Madix,Pasha Pashkov,38,TV Personality,TV,3,false,1.8319941563184798,-1.7526189680652247,9.25,0
32,9,Charity Lawson_S32,0.17254052620473154,false,9.5,4,Charity Lawson,Artem Chigvintsev,27,TV Personality,TV,4,false,-9.16800584368152,-1.757117339860298,9.5,0
32,9,Harry Jowsey_S32,0.1492268820191157,true,7.5,4,Harry Jowsey,Rylee Arnold,26,TV Personality,TV,6,false,-10.16800584368152,-1.9022807318680468,7.5,0
32,9,Jason Mraz_S32,0.16368897437615956,false,10.75,4,Jason Mraz,Daniella Karagach,46,Singer/Rapper,Singer,2,false,9.83199415631848,-1.809781040364712,10.75,0
32,9,Xochitl Gomez_S32,0.16371082865069173,false,10.25,4,Xochitl Gomez,Valentin Chmerkovskiy,17,Actor/Actress,Actor,1,false,-19.16800584368152,-1.8096475391172384,10.25,0
32,10,Alyson Hannigan_S32,0.20468224165298612,false,8.5,3,Alyson Hannigan,Sasha Farber,49,Actor/Actress,Actor,5,false,12.83199415631848,-1.586291657507058,8.5,0
32,10,Ariana Madix_S32,0.20009425546163803,false,9.666666666666666,3,Ariana Madix,Pasha Pashkov,38,TV Personality,TV,3,false,1.8319941563184798,-1.6089617485099472,9.666666666666666,0
32,10,Charity Lawson_S32,0.19618409182454377,false,9.833333333333334,3,Charity Lawson,Artem Chigvintsev,27,TV Personality,TV,4,false,-9.16800584368152,-1.6286967193222335,9.833333333333334,0
32,10,Jason Mraz_S32,0.20072546303937477,false,9.5,3,Jason Mraz,Daniella Karagach,46,Singer/Rapper,Singer,2,false,9.83199415631848,-1.605812178162888,9.5,0
32,10,Xochitl Gomez_S32,0.1983139480214572,false,10.0,3,Xochitl Gomez,Valentin Chmerkovskiy,17,Actor/Actress,Actor,1,false,-19.16800584368152,-1.617898865452916,10.0,0
32,11,Alyson Hannigan_S32,0.18335169534318324,false,8.833333333333334,3,Alyson Hannigan,Sasha Farber,49,Actor/Actress,Actor,5,false,12.83199415631848,-1.6963436840373576,8.833333333333334,0
32,11,Ariana Madix_S32,0.20509902740275165,false,9.833333333333334,3,Ariana Madix,Pasha Pashkov,38,TV Personality,TV,3,false,1.8319941563184798,-1.5842574802970257,9.833333333333334,0
32,11,Charity Lawson_S32,0.14906756642031316,false,9.833333333333334,3,Charity Lawson,Artem Chigvintsev,27,TV Personality,TV,4,false,-9.16800584368152,-1.90334890156825,9.833333333333334,0
32,11,Jason Mraz_S32,0.20458802729991687,false,10.0,3,Jason Mraz,Daniella Karagach,46,Singer/Rapper,Singer,2,false,9.83199415631848,-1.5867520569129328,10.0,0
32,11,Xochitl Gomez_S32,0.25789368353383646,false,10.0,3,Xochitl Gomez,Valentin Chmerkovskiy,17,Actor/Actress,Actor,1,false,-19.16800584368152,-1.355203980755413,10.0,0
33,1,Anna Delvey_S33,0.04695356107274717,false,6.0,3,Anna Delvey,Ezra Sosa,33,Con artist,Other,12,false,-3.16800584368152,-3.058574930597019,6.0,0
33,1,Brooks Nader_S33,0.07063912712945236,false,6.0,3,Brooks Nader,Gleb Savchenko,27,Model,Model,9,false,-9.16800584368152,-2.6501569230072426,6.0,0
33,1,Chandler Kinney_S33,0.08048627046211158,false,7.666666666666667,3,Chandler Kinney,Brandon Armstrong,24,Actor/Actress,Actor,3,false,-12.16800584368152,-2.5196562379670753,7.666666666666667,0
33,1,Danny Amendola_S33,0.08053890190382064,false,6.666666666666667,3,Danny Amendola,Witney Carson,39,Athlete,Athlete,5,false,2.83199415631848,-2.519002541540442,6.666666666666667,0
33,1,Dwight Howard _S33,0.08262533475919018,false,7.333333333333333,3,Dwight Howard ,Daniella Karagach,38,Athlete,Athlete,6,false,1.8319941563184798,-2.4934268265178914,7.333333333333333,0
33,1,Eric Roberts_S33,0.07879497720827452,false,5.0,3,Eric Roberts,Britt Stewart,68,Actor/Actress,Actor,10,false,31.83199415631848,-2.5408933340778472,5.0,0
33,1,Ilona Maher_S33,0.07889781185275802,false,6.0,3,Ilona Maher,Alan Bersten,28,Athlete,Athlete,2,false,-8.16800584368152,-2.5395891101441004,6.0,0
33,1,Jenn Tran_S33,0.07970317042824897,false,6.333333333333333,3,Jenn Tran,Sasha Farber,26,TV Personality,TV,7,false,-10.16800584368152,-2.5294333679771763,6.333333333333333,0
33,1,Joey Graziadei_S33,0.07970703495652152,false,7.0,3,Joey Graziadei,Jenna Johnson,29,TV Personality,TV,1,false,-7.16800584368152,-2.5293848832546426,7.0,0
33,1,Phaedra Parks_S33,0.0809554739592132,false,6.333333333333333,3,Phaedra Parks,Val Chmerkovskiy,51,TV Personality,TV,8,false,14.83199415631848,-2.5138436272667666,6.333333333333333,0
33,1,Reginald VelJohnson_S33,0.07813258457866054,false,5.333333333333333,3,Reginald VelJohnson,Emma Slater,74,Actor/Actress,Actor,10,false,37.83199415631848,-2.5493352943553678,5.333333333333333,0
33,1,Stephen Nedoroscik_S33,0.08142227340680828,false,7.0,3,Stephen Nedoroscik,Rylee Arnold,26,Athlete,Athlete,4,false,-10.16800584368152,-2.5080941327507325,7.0,0
33,1,Tori Spelling_S33,0.08114347828219158,false,5.666666666666667,3,Tori Spelling,Pasha Pashkov,51,Actor/Actress,Actor,12,false,14.83199415631848,-2.511524030686047,5.666666666666667,0
33,2,Anna Delvey_S33,0.03160757913677884,true,5.666666666666667,3,Anna Delvey,Ezra Sosa,33,Con artist,Other,12,false,-3.16800584368152,-3.4543267035662484,5.666666666666667,0
33,2,Brooks Nader_S33,0.07451730398588648,false,6.666666666666667,3,Brooks Nader,Gleb Savchenko,27,Model,Model,9,false,-9.16800584368152,-2.5967104926880107,6.666666666666667,0
33,2,Chandler Kinney_S33,0.08421490337851399,false,8.0,3,Chandler Kinney,Brandon Armstrong,24,Actor/Actress,Actor,3,false,-12.16800584368152,-2.474371499339343,8.0,0
33,2,Danny Amendola_S33,0.08627619940172636,false,7.0,3,Danny Amendola,Witney Carson,39,Athlete,Athlete,5,false,2.83199415631848,-2.4501899174023904,7.0,0
33,2,Dwight Howard _S33,0.08536712405901813,false,7.333333333333333,3,Dwight Howard ,Daniella Karagach,38,Athlete,Athlete,6,false,1.8319941563184798,-2.4607825024426835,7.333333333333333,0
33,2,Eric Roberts_S33,0.08214514101342937,false,5.0,3,Eric Roberts,Britt Stewart,68,Actor/Actress,Actor,10,false,31.83199415631848,-2.4992554104843885,5.0,0
33,2,Ilona Maher_S33,0.08472851171893755,false,7.0,3,Ilona Maher,Alan Bersten,28,Athlete,Athlete,2,false,-8.16800584368152,-2.4682913115767846,7.0,0
33,2,Jenn Tran_S33,0.0849025092370666,false,6.333333333333333,3,Jenn Tran,Sasha Farber,26,TV Personality,TV,7,false,-10.16800584368152,-2.4662398527491276,6.333333333333333,0
33,2,Joey Graziadei_S33,0.08428656827357968,false,7.333333333333333,3,Joey Graziadei,Jenna Johnson,29,TV Personality,TV,1,false,-7.16800584368152,-2.4735208949134044,7.333333333333333,0
33,2,Phaedra Parks_S33,0.08567547156791387,false,7.0,3,Phaedra Parks,Val Chmerkovskiy,51,TV Personality,TV,8,false,14.83199415631848,-2.4571770352042357,7.0,0
33,2,Reginald VelJohnson_S33,0.08335352538714427,false,5.0,3,Reginald VelJohnson,Emma Slater,74,Actor/Actress,Actor,10,false,37.83199415631848,-2.4846523774722145,5.0,0
33,2,Stephen Nedoroscik_S33,0.08367283698077851,false,7.333333333333333,3,Stephen Nedoroscik,Rylee Arnold,26,Athlete,Athlete,4,false,-10.16800584368152,-2.4808289312251004,7.333333333333333,0
33,2,Tori Spelling_S33,0.049252325859227473,true,6.333333333333333,3,Tori Spelling,Pasha Pashkov,51,Actor/Actress,Actor,12,false,14.83199415631848,-3.010778383507498,6.333333333333333,0
33,3,Brooks Nader_S33,0.08678831084400847,false,7.625,4,Brooks Nader,Gleb Savchenko,27,Model,Model,9,false,-9.16800584368152,-2.44427181185747,7.625,0
33,3,Chandler Kinney_S33,0.09798753578763424,false,8.625,4,Chandler Kinney,Brandon Armstrong,24,Actor/Actress,Actor,3,false,-12.16800584368152,-2.322904788913299,8.625,0
33,3,Danny Amendola_S33,0.09869874032618048,false,7.5,4,Danny Amendola,Witney Carson,39,Athlete,Athlete,5,false,2.83199415631848,-2.3156729634865827,7.5,0
33,3,Dwight Howard _S33,0.09880424318832182,false,6.5,4,Dwight Howard ,Daniella Karagach,38,Athlete,Athlete,6,false,1.8319941563184798,-2.314604606928698,6.5,0
33,3,Eric Roberts_S33,0.09629850972479413,true,5.75,4,Eric Roberts,Britt Stewart,68,Actor/Actress,Actor,10,false,31.83199415631848,-2.34029205131465,5.75,0
33,3,Ilona Maher_S33,0.10029602532838007,false,7.0,4,Ilona Maher,Alan Bersten,28,Athlete,Athlete,2,false,-8.16800584368152,-2.299619242197017,7.0,0
33,3,Jenn Tran_S33,0.09674021368479714,false,7.75,4,Jenn Tran,Sasha Farber,26,TV Personality,TV,7,false,-10.16800584368152,-2.3357157658235637,7.75,0
33,3,Joey Graziadei_S33,0.09863694114765101,false,8.75,4,Joey Graziadei,Jenna Johnson,29,TV Personality,TV,1,false,-7.16800584368152,-2.3162992927318458,8.75,0
33,3,Phaedra Parks_S33,0.09946399240545857,false,7.0,4,Phaedra Parks,Val Chmerkovskiy,51,TV Personality,TV,8,false,14.83199415631848,-2.307949531847107,7.0,0
33,3,Reginald VelJohnson_S33,0.03052379477346518,true,5.25,4,Reginald VelJohnson,Emma Slater,74,Actor/Actress,Actor,10,false,37.83199415631848,-3.4892159822359736,5.25,0
33,3,Stephen Nedoroscik_S33,0.09576169278931054,false,7.75,4,Stephen Nedoroscik,Rylee Arnold,26,Athlete,Athlete,4,false,-10.16800584368152,-2.3458820979386603,7.75,0
33,4,Brooks Nader_S33,0.0853855600720412,true,8.0,4,Brooks Nader,Gleb Savchenko,27,Model,Model,9,false,-9.16800584368152,-2.4605665667781538,8.0,0
33,4,Chandler Kinney_S33,0.11398032503522294,false,8.0,4,Chandler Kinney,Brandon Armstrong,24,Actor/Actress,Actor,3,false,-12.16800584368152,-2.1717206594873635,8.0,0
33,4,Danny Amendola_S33,0.1161753164015879,false,9.0,4,Danny Amendola,Witney Carson,39,Athlete,Athlete,5,false,2.83199415631848,-2.152646272880217,9.0,0
33,4,Dwight Howard _S33,0.1176981176327458,false,7.25,4,Dwight Howard ,Daniella Karagach,38,Athlete,Athlete,6,false,1.8319941563184798,-2.139623761492131,7.25,0
33,4,Ilona Maher_S33,0.11690995756268034,false,8.0,4,Ilona Maher,Alan Bersten,28,Athlete,Athlete,2,false,-8.16800584368152,-2.14634268040008,8.0,0
33,4,Jenn Tran_S33,0.11391551589309293,false,8.0,4,Jenn Tran,Sasha Farber,26,TV Personality,TV,7,false,-10.16800584368152,-2.172289415589774,8.0,0
33,4,Joey Graziadei_S33,0.11143261495225722,false,9.0,4,Joey Graziadei,Jenna Johnson,29,TV Personality,TV,1,false,-7.16800584368152,-2.1943262469860723,9.0,0
33,4,Phaedra Parks_S33,0.11523660361343818,false,8.0,4,Phaedra Parks,Val Chmerkovskiy,51,TV Personality,TV,8,false,14.83199415631848,-2.1607591637283075,8.0,0
33,4,Stephen Nedoroscik_S33,0.10926598883693293,false,8.25,4,Stephen Nedoroscik,Rylee Arnold,26,Athlete,Athlete,4,false,-10.16800584368152,-2.2139609528677475,8.25,0
33,5,Chandler Kinney_S33,0.1229855387876396,false,9.0,3,Chandler Kinney,Brandon Armstrong,24,Actor/Actress,Actor,3,false,-12.16800584368152,-2.095680370349693,9.0,0
33,5,Danny Amendola_S33,0.13369487108707942,false,8.5,3,Danny Amendola,Witney Carson,39,Athlete,Athlete,5,false,2.83199415631848,-2.0121876772727156,8.5,0
33,5,Dwight Howard _S33,0.13341315873503026,false,8.0,3,Dwight Howard ,Daniella Karagach,38,Athlete,Athlete,6,false,1.8319941563184798,-2.0142970136887888,8.0,0
33,5,Ilona Maher_S33,0.1260469801750889,false,8.666666666666666,3,Ilona Maher,Alan Bersten,28,Athlete,Athlete,2,false,-8.16800584368152,-2.071092649474302,8.666666666666666,0
33,5,Jenn Tran_S33,0.1294566020842515,false,8.5,3,Jenn Tran,Sasha Farber,26,TV Personality,TV,7,false,-10.16800584368152,-2.044401848481461,8.5,0
33,5,Joey Graziadei_S33,0.12471480439234797,false,8.666666666666666,3,Joey Graziadei,Jenna Johnson,29,TV Personality,TV,1,false,-7.16800584368152,-2.0817176950137593,8.666666666666666,0
33,5,Phaedra Parks_S33,0.09563582178917276,true,8.0,3,Phaedra Parks,Val Chmerkovskiy,51,TV Personality,TV,8,false,14.83199415631848,-2.3471973679231293,8.0,0
33,5,Stephen Nedoroscik_S33,0.1340522229493926,false,8.0,3,Stephen Nedoroscik,Rylee Arnold,26,Athlete,Athlete,4,false,-10.16800584368152,-2.0095183716992833,8.0,0
33,6,Chandler Kinney_S33,0.1411297629218744,false,10.666666666666666,3,Chandler Kinney,Brandon Armstrong,24,Actor/Actress,Actor,3,false,-12.16800584368152,-1.9580684217614768,10.666666666666666,0
33,6,Danny Amendola_S33,0.1605395644445126,false,9.333333333333334,3,Danny Amendola,Witney Carson,39,Athlete,Athlete,5,false,2.83199415631848,-1.8292086303728863,9.333333333333334,0
33,6,Dwight Howard _S33,0.15311790927488017,false,10.333333333333334,3,Dwight Howard ,Daniella Karagach,38,Athlete,Athlete,6,false,1.8319941563184798,-1.876540474638286,10.333333333333334,0
33,6,Ilona Maher_S33,0.15729197010631424,false,8.0,3,Ilona Maher,Alan Bersten,28,Athlete,Athlete,2,false,-8.16800584368152,-1.8496451609126723,8.0,0
33,6,Jenn Tran_S33,0.0943910166353371,true,10.333333333333334,3,Jenn Tran,Sasha Farber,26,TV Personality,TV,7,false,-10.16800584368152,-2.360298778947808,10.333333333333334,0
33,6,Joey Graziadei_S33,0.13900352425765378,false,10.666666666666666,3,Joey Graziadei,Jenna Johnson,29,TV Personality,TV,1,false,-7.16800584368152,-1.9732487977649258,10.666666666666666,0
33,6,Stephen Nedoroscik_S33,0.15452625235943152,false,9.333333333333334,3,Stephen Nedoroscik,Rylee Arnold,26,Athlete,Athlete,4,false,-10.16800584368152,-1.867384807523411,9.333333333333334,0
33,7,Chandler Kinney_S33,0.1677958617240626,false,10.0,3,Chandler Kinney,Brandon Armstrong,24,Actor/Actress,Actor,3,false,-12.16800584368152,-1.7850011876026934,10.0,0
33,7,Danny Amendola_S33,0.17293307032639774,false,8.5,3,Danny Amendola,Witney Carson,39,Athlete,Athlete,5,false,2.83199415631848,-1.7548448534992418,8.5,0
33,7,Dwight Howard _S33,0.1531884366828097,true,8.0,3,Dwight Howard ,Daniella Karagach,38,Athlete,Athlete,6,false,1.8319941563184798,-1.876079975209481,8.0,0
33,7,Ilona Maher_S33,0.17131685414601244,false,8.666666666666666,3,Ilona Maher,Alan Bersten,28,Athlete,Athlete,2,false,-8.16800584368152,-1.764234651727767,8.666666666666666,0
33,7,Joey Graziadei_S33,0.16479903176757787,false,9.166666666666666,3,Joey Graziadei,Jenna Johnson,29,TV Personality,TV,1,false,-7.16800584368152,-1.8030224687423555,9.166666666666666,0
33,7,Stephen Nedoroscik_S33,0.1699667453531392,false,9.0,3,Stephen Nedoroscik,Rylee Arnold,26,Athlete,Athlete,4,false,-10.16800584368152,-1.7721465931503275,9.0,0
33,8,Chandler Kinney_S33,0.19727036523334865,false,9.666666666666666,3,Chandler Kinney,Brandon Armstrong,24,Actor/Actress,Actor,3,false,-12.16800584368152,-1.623175009616918,9.666666666666666,0
33,8,Danny Amendola_S33,0.2039881026667384,false,9.0,3,Danny Amendola,Witney Carson,39,Athlete,Athlete,5,false,2.83199415631848,-1.5896887048650308,9.0,0
33,8,Ilona Maher_S33,0.20065430868828424,false,9.5,3,Ilona Maher,Alan Bersten,28,Athlete,Athlete,2,false,-8.16800584368152,-1.6061667251645102,9.5,0
33,8,Joey Graziadei_S33,0.19691615016894753,false,9.666666666666666,3,Joey Graziadei,Jenna Johnson,29,TV Personality,TV,1,false,-7.16800584368152,-1.6249721962212966,9.666666666666666,0
33,8,Stephen Nedoroscik_S33,0.20117107324268213,false,8.833333333333334,3,Stephen Nedoroscik,Rylee Arnold,26,Athlete,Athlete,4,false,-10.16800584368152,-1.6035946513710055,8.833333333333334,0
33,9,Chandler Kinney_S33,0.13774194507687618,false,10.0,3,Chandler Kinney,Brandon Armstrong,24,Actor/Actress,Actor,3,false,-12.16800584368152,-1.9823660476735443,10.0,0
33,9,Danny Amendola_S33,0.20077122546714232,false,9.333333333333334,3,Danny Amendola,Witney Carson,39,Athlete,Athlete,5,false,2.83199415631848,-1.605584220118313,9.333333333333334,0
33,9,Ilona Maher_S33,0.2605360111326759,false,9.5,3,Ilona Maher,Alan Bersten,28,Athlete,Athlete,2,false,-8.16800584368152,-1.3450103505959927,9.5,0
33,9,Joey Graziadei_S33,0.22662737410473918,false,9.833333333333334,3,Joey Graziadei,Jenna Johnson,29,TV Personality,TV,1,false,-7.16800584368152,-1.484443721524897,9.833333333333334,0
33,9,Stephen Nedoroscik_S33,0.17432344421856336,false,9.833333333333334,3,Stephen Nedoroscik,Rylee Arnold,26,Athlete,Athlete,4,false,-10.16800584368152,-1.7468370940713775,9.833333333333334,0
34,1,Alix Earle_S34,0.07414227494116431,false,6.5,2,Alix Earle,Val Chmerkovskiy (Joey Graziadei week 9),24,Social media personality,TV,2,false,-12.16800584368152,-2.6017559098428333,6.5,0
34,1,Andy Richter_S34,0.06690118581319394,false,4.5,2,Andy Richter,Emma Slater/Kaitlyn Bristowe (week 9),59,Comedian,Entertainment,7,false,22.83199415631848,-2.704523639538741,4.5,0
34,1,Baron Davis_S34,0.07566905866130848,false,5.0,2,Baron Davis,Britt Stewart,46,Athlete,Athlete,13,false,9.83199415631848,-2.581372723050575,5.0,0
34,1,Corey Feldman_S34,0.07674815245701354,false,4.5,2,Corey Feldman,Jenna Johnson,54,Actor/Actress,Actor,13,false,17.83199415631848,-2.567212935481165,4.5,0
34,1,Danielle Fishel_S34,0.07505223881528247,false,6.0,2,Danielle Fishel,Pasha Pashkov,44,Actor/Actress,Actor,8,false,7.83199415631848,-2.589557566400358,6.0,0
34,1,Dylan Efron_S34,0.07545406825363557,false,5.0,2,Dylan Efron,Daniella Karagach (Rumer Willis week 9),33,TV Personality,TV,4,false,-3.16800584368152,-2.584217922351227,5.0,0
34,1,Elaine Hendrix_S34,0.07339291514727422,false,6.0,2,Elaine Hendrix,Alan Bersten (Rashad Jennings week 9),55,Actor/Actress,Actor,5,false,18.83199415631848,-2.61191424669895,6.0,0
34,1,Hilaria Baldwin_S34,0.056709468385149515,false,7.0,2,Hilaria Baldwin,Gleb Savchenko,41,Entrepreneur,Other,11,false,4.83199415631848,-2.869796457685961,7.0,0
34,1,Jen Affleck_S34,0.07596062005075313,false,6.0,2,Jen Affleck,Jan Ravnik,26,TV Personality,TV,9,false,-10.16800584368152,-2.5775270655831095,6.0,0
34,1,Jordan Chiles_S34,0.07453799086591234,false,5.0,2,Jordan Chiles,Ezra Sosa (Apolo Anton Ohno week 9),24,Athlete,Athlete,3,false,-12.16800584368152,-2.596432923177854,5.0,0
34,1,Lauren Jauregui_S34,0.07275594372873044,false,6.5,2,Lauren Jauregui,Brandon Armstrong,29,Singer/Rapper,Singer,12,false,-7.16800584368152,-2.620630931042227,6.5,0
34,1,Robert Irwin_S34,0.04994718895218836,false,7.5,2,Robert Irwin,Witney Carson (Xoshitl Gomez week 9),22,Conservationist,Other,1,false,-14.16800584368152,-2.9967690317583293,7.5,0
34,1,Scott Hoying_S34,0.07671979584672291,false,5.0,2,Scott Hoying,Rylee Arnold,34,Singer/Rapper,Singer,10,false,-2.16800584368152,-2.567582475067602,5.0,0
34,1,Whitney Leavitt_S34,0.07600909808167111,false,7.5,2,Whitney Leavitt,Mark Ballas,32,TV Personality,TV,6,false,-4.16800584368152,-2.576889078026503,7.5,0
34,2,Alix Earle_S34,0.07070368111742019,false,7.0,3,Alix Earle,Val Chmerkovskiy (Joey Graziadei week 9),24,Social media personality,TV,2,false,-12.16800584368152,-2.649243497275419,7.0,0
34,2,Andy Richter_S34,0.0688047594172379,false,5.333333333333333,3,Andy Richter,Emma Slater/Kaitlyn Bristowe (week 9),59,Comedian,Entertainment,7,false,22.83199415631848,-2.6764678250866782,5.333333333333333,0
34,2,Baron Davis_S34,0.07171280219148325,true,6.0,3,Baron Davis,Britt Stewart,46,Athlete,Athlete,13,false,9.83199415631848,-2.635072050718286,6.0,0
34,2,Corey Feldman_S34,0.06784762105871912,true,5.0,3,Corey Feldman,Jenna Johnson,54,Actor/Actress,Actor,13,false,17.83199415631848,-2.6904762162870135,5.0,0
34,2,Danielle Fishel_S34,0.07603896867014152,false,6.333333333333333,3,Danielle Fishel,Pasha Pashkov,44,Actor/Actress,Actor,8,false,7.83199415631848,-2.576496173380122,6.333333333333333,0
34,2,Dylan Efron_S34,0.07590450649986838,false,6.666666666666667,3,Dylan Efron,Daniella Karagach (Rumer Willis week 9),33,TV Personality,TV,4,false,-3.16800584368152,-2.578266047806753,6.666666666666667,0
34,2,Elaine Hendrix_S34,0.07643226957367845,false,7.0,3,Elaine Hendrix,Alan Bersten (Rashad Jennings week 9),55,Actor/Actress,Actor,5,false,18.83199415631848,-2.571337211973237,7.0,0
34,2,Hilaria Baldwin_S34,0.06611061441245171,false,7.0,3,Hilaria Baldwin,Gleb Savchenko,41,Entrepreneur,Other,11,false,4.83199415631848,-2.7164108378402507,7.0,0
34,2,Jen Affleck_S34,0.07377903930259153,false,7.333333333333333,3,Jen Affleck,Jan Ravnik,26,TV Personality,TV,9,false,-10.16800584368152,-2.6066670541139456,7.333333333333333,0
34,2,Jordan Chiles_S34,0.07539315033372963,false,7.333333333333333,3,Jordan Chiles,Ezra Sosa (Apolo Anton Ohno week 9),24,Athlete,Athlete,3,false,-12.16800584368152,-2.5850255887586226,7.333333333333333,0
34,2,Lauren Jauregui_S34,0.07446626733902412,false,7.0,3,Lauren Jauregui,Brandon Armstrong,29,Singer/Rapper,Singer,12,false,-7.16800584368152,-2.5973956147223776,7.0,0
34,2,Robert Irwin_S34,0.05057616869694591,false,7.333333333333333,3,Robert Irwin,Witney Carson (Xoshitl Gomez week 9),22,Conservationist,Other,1,false,-14.16800584368152,-2.984255016038076,7.333333333333333,0
34,2,Scott Hoying_S34,0.07626848655784377,false,6.0,3,Scott Hoying,Rylee Arnold,34,Singer/Rapper,Singer,10,false,-2.16800584368152,-2.573482334730527,6.0,0
34,2,Whitney Leavitt_S34,0.07596166482886442,false,7.333333333333333,3,Whitney Leavitt,Mark Ballas,32,TV Personality,TV,6,false,-4.16800584368152,-2.5775133116515097,7.333333333333333,0
34,3,Alix Earle_S34,0.08565853860390896,false,7.666666666666667,3,Alix Earle,Val Chmerkovskiy (Joey Graziadei week 9),24,Social media personality,TV,2,false,-12.16800584368152,-2.457374693175179,7.666666666666667,0
34,3,Andy Richter_S34,0.08501999487116609,false,6.0,3,Andy Richter,Emma Slater/Kaitlyn Bristowe (week 9),59,Comedian,Entertainment,7,false,22.83199415631848,-2.4648570545066173,6.0,0
34,3,Danielle Fishel_S34,0.09070673702168057,false,7.0,3,Danielle Fishel,Pasha Pashkov,44,Actor/Actress,Actor,8,false,7.83199415631848,-2.4001126220627875,7.0,0
34,3,Dylan Efron_S34,0.08941415829392638,false,7.666666666666667,3,Dylan Efron,Daniella Karagach (Rumer Willis week 9),33,TV Personality,TV,4,false,-3.16800584368152,-2.4144650553151648,7.666666666666667,0
34,3,Elaine Hendrix_S34,0.08857286637861521,false,7.0,3,Elaine Hendrix,Alan Bersten (Rashad Jennings week 9),55,Actor/Actress,Actor,5,false,18.83199415631848,-2.4239184267475546,7.0,0
34,3,Hilaria Baldwin_S34,0.07871413904691235,false,7.333333333333333,3,Hilaria Baldwin,Gleb Savchenko,41,Entrepreneur,Other,11,false,4.83199415631848,-2.541919778056934,7.333333333333333,0
34,3,Jen Affleck_S34,0.09071168508500602,false,6.333333333333333,3,Jen Affleck,Jan Ravnik,26,TV Personality,TV,9,false,-10.16800584368152,-2.400058074032646,6.333333333333333,0
34,3,Jordan Chiles_S34,0.08284187379810116,false,8.0,3,Jordan Chiles,Ezra Sosa (Apolo Anton Ohno week 9),24,Athlete,Athlete,3,false,-12.16800584368152,-2.4908095521088467,8.0,0
34,3,Lauren Jauregui_S34,0.06682914907969778,true,6.0,3,Lauren Jauregui,Brandon Armstrong,29,Singer/Rapper,Singer,12,false,-7.16800584368152,-2.7056009667314687,6.0,0
34,3,Robert Irwin_S34,0.061231055265200986,false,7.333333333333333,3,Robert Irwin,Witney Carson (Xoshitl Gomez week 9),22,Conservationist,Other,1,false,-14.16800584368152,-2.793084447744962,7.333333333333333,0
34,3,Scott Hoying_S34,0.09051932972699873,false,7.333333333333333,3,Scott Hoying,Rylee Arnold,34,Singer/Rapper,Singer,10,false,-2.16800584368152,-2.402180815636175,7.333333333333333,0
34,3,Whitney Leavitt_S34,0.08978047282878569,false,8.0,3,Whitney Leavitt,Mark Ballas,32,TV Personality,TV,6,false,-4.16800584368152,-2.4103766408978426,8.0,0
34,4,Alix Earle_S34,0.09596155348977227,false,8.0,3,Alix Earle,Val Chmerkovskiy (Joey Graziadei week 9),24,Social media personality,TV,2,false,-12.16800584368152,-2.343797231425412,8.0,0
34,4,Andy Richter_S34,0.08828492729306728,false,6.0,3,Andy Richter,Emma Slater/Kaitlyn Bristowe (week 9),59,Comedian,Entertainment,7,false,22.83199415631848,-2.4271745578780246,6.0,0
34,4,Danielle Fishel_S34,0.10729818432836119,false,7.0,3,Danielle Fishel,Pasha Pashkov,44,Actor/Actress,Actor,8,false,7.83199415631848,-2.2321342311603876,7.0,0
34,4,Dylan Efron_S34,0.09517063985045265,false,7.666666666666667,3,Dylan Efron,Daniella Karagach (Rumer Willis week 9),33,TV Personality,TV,4,false,-3.16800584368152,-2.352073282296594,7.666666666666667,0
34,4,Elaine Hendrix_S34,0.09289141816550649,false,8.0,3,Elaine Hendrix,Alan Bersten (Rashad Jennings week 9),55,Actor/Actress,Actor,5,false,18.83199415631848,-2.3763132493506967,8.0,0
34,4,Hilaria Baldwin_S34,0.05300064077610181,true,7.666666666666667,3,Hilaria Baldwin,Gleb Savchenko,41,Entrepreneur,Other,11,false,4.83199415631848,-2.9374324078695486,7.666666666666667,0
34,4,Jen Affleck_S34,0.09432844097074236,false,7.666666666666667,3,Jen Affleck,Jan Ravnik,26,TV Personality,TV,9,false,-10.16800584368152,-2.360961932652551,7.666666666666667,0
34,4,Jordan Chiles_S34,0.09647938906108847,false,8.0,3,Jordan Chiles,Ezra Sosa (Apolo Anton Ohno week 9),24,Athlete,Athlete,3,false,-12.16800584368152,-2.3384155134545055,8.0,0
34,4,Robert Irwin_S34,0.07999654126558872,false,7.333333333333333,3,Robert Irwin,Witney Carson (Xoshitl Gomez week 9),22,Conservationist,Other,1,false,-14.16800584368152,-2.525759378960701,7.333333333333333,0
34,4,Scott Hoying_S34,0.10005326693836712,false,7.0,3,Scott Hoying,Rylee Arnold,34,Singer/Rapper,Singer,10,false,-2.16800584368152,-2.302042570802156,7.0,0
34,4,Whitney Leavitt_S34,0.0965349978609518,false,8.333333333333334,3,Whitney Leavitt,Mark Ballas,32,TV Personality,TV,6,false,-4.16800584368152,-2.337839305368874,8.333333333333334,0
34,5,Alix Earle_S34,0.10326889438111549,false,8.75,4,Alix Earle,Val Chmerkovskiy (Joey Graziadei week 9),24,Social media personality,TV,2,false,-12.16800584368152,-2.2704093840444286,8.75,0
34,5,Andy Richter_S34,0.0943829256800266,false,6.0,4,Andy Richter,Emma Slater/Kaitlyn Bristowe (week 9),59,Comedian,Entertainment,7,false,22.83199415631848,-2.3603844991430427,6.0,0
34,5,Danielle Fishel_S34,0.1075912159849575,false,7.25,4,Danielle Fishel,Pasha Pashkov,44,Actor/Actress,Actor,8,false,7.83199415631848,-2.2294069760185073,7.25,0
34,5,Dylan Efron_S34,0.10626023464510007,false,9.0,4,Dylan Efron,Daniella Karagach (Rumer Willis week 9),33,TV Personality,TV,4,false,-3.16800584368152,-2.241854738931226,9.0,0
34,5,Elaine Hendrix_S34,0.10362103162454352,false,7.5,4,Elaine Hendrix,Alan Bersten (Rashad Jennings week 9),55,Actor/Actress,Actor,5,false,18.83199415631848,-2.2670053112972197,7.5,0
34,5,Jen Affleck_S34,0.09933591172512109,false,7.25,4,Jen Affleck,Jan Ravnik,26,TV Personality,TV,9,false,-10.16800584368152,-2.3092380577152936,7.25,0
34,5,Jordan Chiles_S34,0.10456829322636244,false,8.0,4,Jordan Chiles,Ezra Sosa (Apolo Anton Ohno week 9),24,Athlete,Athlete,3,false,-12.16800584368152,-2.2579053342511086,8.0,0
34,5,Robert Irwin_S34,0.07123658480866198,false,8.75,4,Robert Irwin,Witney Carson (Xoshitl Gomez week 9),22,Conservationist,Other,1,false,-14.16800584368152,-2.641734723315857,8.75,0
34,5,Scott Hoying_S34,0.10548544547924643,false,7.5,4,Scott Hoying,Rylee Arnold,34,Singer/Rapper,Singer,10,false,-2.16800584368152,-2.2491728131898348,7.5,0
34,5,Whitney Leavitt_S34,0.10424946244486465,false,8.25,4,Whitney Leavitt,Mark Ballas,32,TV Personality,TV,6,false,-4.16800584368152,-2.260958982391102,8.25,0
34,6,Alix Earle_S34,0.1076266104460346,false,8.75,4,Alix Earle,Val Chmerkovskiy (Joey Graziadei week 9),24,Social media personality,TV,2,false,-12.16800584368152,-2.22907806151297,8.75,0
34,6,Andy Richter_S34,0.09946000396938441,false,6.75,4,Andy Richter,Emma Slater/Kaitlyn Bristowe (week 9),59,Comedian,Entertainment,7,false,22.83199415631848,-2.3079896315439528,6.75,0
34,6,Danielle Fishel_S34,0.10378689507521567,false,9.0,4,Danielle Fishel,Pasha Pashkov,44,Actor/Actress,Actor,8,false,7.83199415631848,-2.2654059328232186,9.0,0
34,6,Dylan Efron_S34,0.10987439591027114,false,8.0,4,Dylan Efron,Daniella Karagach (Rumer Willis week 9),33,TV Personality,TV,4,false,-3.16800584368152,-2.2084083197043696,8.0,0
34,6,Elaine Hendrix_S34,0.10442133519436485,false,9.0,4,Elaine Hendrix,Alan Bersten (Rashad Jennings week 9),55,Actor/Actress,Actor,5,false,18.83199415631848,-2.2593116877718655,9.0,0
34,6,Jen Affleck_S34,0.10921974268947233,false,8.0,4,Jen Affleck,Jan Ravnik,26,TV Personality,TV,9,false,-10.16800584368152,-2.214384282341015,8.0,0
34,6,Jordan Chiles_S34,0.10748693813742123,false,9.75,4,Jordan Chiles,Ezra Sosa (Apolo Anton Ohno week 9),24,Athlete,Athlete,3,false,-12.16800584368152,-2.2303766410825148,9.75,0
34,6,Robert Irwin_S34,0.07200709263383141,false,9.0,4,Robert Irwin,Witney Carson (Xoshitl Gomez week 9),22,Conservationist,Other,1,false,-14.16800584368152,-2.630976768590126,9.0,0
34,6,Scott Hoying_S34,0.080875604288765,true,7.0,4,Scott Hoying,Rylee Arnold,34,Singer/Rapper,Singer,10,false,-2.16800584368152,-2.5148306897115718,7.0,0
34,6,Whitney Leavitt_S34,0.10524138165523902,false,9.75,4,Whitney Leavitt,Mark Ballas,32,TV Personality,TV,6,false,-4.16800584368152,-2.25148919236259,9.75,0
34,7,Alix Earle_S34,0.12077735108828982,false,10.75,4,Alix Earle,Val Chmerkovskiy (Joey Graziadei week 9),24,Social media personality,TV,2,false,-12.16800584368152,-2.113798222387246,10.75,0
34,7,Andy Richter_S34,0.10765601848517364,false,7.25,4,Andy Richter,Emma Slater/Kaitlyn Bristowe (week 9),59,Comedian,Entertainment,7,false,22.83199415631848,-2.2288048600357633,7.25,0
34,7,Danielle Fishel_S34,0.1259528893497241,false,8.75,4,Danielle Fishel,Pasha Pashkov,44,Actor/Actress,Actor,8,false,7.83199415631848,-2.0718393965513338,8.75,0
34,7,Dylan Efron_S34,0.1161212353486771,false,9.5,4,Dylan Efron,Daniella Karagach (Rumer Willis week 9),33,TV Personality,TV,4,false,-3.16800584368152,-2.1531118896779144,9.5,0
34,7,Elaine Hendrix_S34,0.12217410639823835,false,8.0,4,Elaine Hendrix,Alan Bersten (Rashad Jennings week 9),55,Actor/Actress,Actor,5,false,18.83199415631848,-2.1022999649587852,8.0,0
34,7,Jen Affleck_S34,0.08741711028258961,true,8.5,4,Jen Affleck,Jan Ravnik,26,TV Personality,TV,9,false,-10.16800584368152,-2.437052806314702,8.5,0
34,7,Jordan Chiles_S34,0.11750429398721039,false,9.5,4,Jordan Chiles,Ezra Sosa (Apolo Anton Ohno week 9),24,Athlete,Athlete,3,false,-12.16800584368152,-2.1412718912025777,9.5,0
34,7,Robert Irwin_S34,0.0826379245693616,false,10.25,4,Robert Irwin,Witney Carson (Xoshitl Gomez week 9),22,Conservationist,Other,1,false,-14.16800584368152,-2.493274467694907,10.25,0
34,7,Whitney Leavitt_S34,0.11975907049073592,false,10.5,4,Whitney Leavitt,Mark Ballas,32,TV Personality,TV,6,false,-4.16800584368152,-2.122264950270938,10.5,0
34,8,Alix Earle_S34,0.13387155830454736,false,9.625,4,Alix Earle,Val Chmerkovskiy (Joey Graziadei week 9),24,Social media personality,TV,2,false,-12.16800584368152,-2.0108669890020447,9.625,0
34,8,Andy Richter_S34,0.12956596795056272,false,8.5,4,Andy Richter,Emma Slater/Kaitlyn Bristowe (week 9),59,Comedian,Entertainment,7,false,22.83199415631848,-2.0435574044752767,8.5,0
34,8,Danielle Fishel_S34,0.1073506083569159,true,9.25,4,Danielle Fishel,Pasha Pashkov,44,Actor/Actress,Actor,8,false,7.83199415631848,-2.231645772404273,9.25,0
34,8,Dylan Efron_S34,0.13345298454641927,false,9.5,4,Dylan Efron,Daniella Karagach (Rumer Willis week 9),33,TV Personality,TV,4,false,-3.16800584368152,-2.0139985456049256,9.5,0
34,8,Elaine Hendrix_S34,0.1403626094596991,false,9.375,4,Elaine Hendrix,Alan Bersten (Rashad Jennings week 9),55,Actor/Actress,Actor,5,false,18.83199415631848,-1.9635190128689326,9.375,0
34,8,Jordan Chiles_S34,0.1334931298696847,false,9.75,4,Jordan Chiles,Ezra Sosa (Apolo Anton Ohno week 9),24,Athlete,Athlete,3,false,-12.16800584368152,-2.013697773122184,9.75,0
34,8,Robert Irwin_S34,0.09091213625782822,false,9.5,4,Robert Irwin,Witney Carson (Xoshitl Gomez week 9),22,Conservationist,Other,1,false,-14.16800584368152,-2.397850774952304,9.5,0
34,8,Whitney Leavitt_S34,0.1309910052543428,false,9.875,4,Whitney Leavitt,Mark Ballas,32,TV Personality,TV,6,false,-4.16800584368152,-2.032618986236109,9.875,0
34,9,Alix Earle_S34,0.1582214031036388,false,10.0,4,Alix Earle,Val Chmerkovskiy (Joey Graziadei week 9),24,Social media personality,TV,2,false,-12.16800584368152,-1.8437536211358885,10.0,0
34,9,Andy Richter_S34,0.1320766129603948,true,7.25,4,Andy Richter,Emma Slater/Kaitlyn Bristowe (week 9),59,Comedian,Entertainment,7,false,22.83199415631848,-2.0243655522138106,7.25,0
34,9,Dylan Efron_S34,0.15854579377704592,false,10.5,4,Dylan Efron,Daniella Karagach (Rumer Willis week 9),33,TV Personality,TV,4,false,-3.16800584368152,-1.84170550035901,10.5,0
34,9,Elaine Hendrix_S34,0.15955741183205877,false,9.0,4,Elaine Hendrix,Alan Bersten (Rashad Jennings week 9),55,Actor/Actress,Actor,5,false,18.83199415631848,-1.8353452054160087,9.0,0
34,9,Jordan Chiles_S34,0.15858000024120114,false,9.75,4,Jordan Chiles,Ezra Sosa (Apolo Anton Ohno week 9),24,Athlete,Athlete,3,false,-12.16800584368152,-1.841489773671327,9.75,0
34,9,Robert Irwin_S34,0.07509811125560728,false,10.5,4,Robert Irwin,Witney Carson (Xoshitl Gomez week 9),22,Conservationist,Other,1,false,-14.16800584368152,-2.5889465544284467,10.5,0
34,9,Whitney Leavitt_S34,0.15792066683005335,false,10.5,4,Whitney Leavitt,Mark Ballas,32,TV Personality,TV,6,false,-4.16800584368152,-1.8456561484511145,10.5,0
34,10,Alix Earle_S34,0.1766082180791796,false,9.666666666666666,3,Alix Earle,Val Chmerkovskiy (Joey Graziadei week 9),24,Social media personality,TV,2,false,-12.16800584368152,-1.7338157946706716,9.666666666666666,0
34,10,Dylan Efron_S34,0.18903040205327784,false,9.166666666666666,3,Dylan Efron,Daniella Karagach (Rumer Willis week 9),33,TV Personality,TV,4,false,-3.16800584368152,-1.665842129293575,9.166666666666666,0
34,10,Elaine Hendrix_S34,0.19522084174273185,false,9.5,3,Elaine Hendrix,Alan Bersten (Rashad Jennings week 9),55,Actor/Actress,Actor,5,false,18.83199415631848,-1.6336187170889997,9.5,0
34,10,Jordan Chiles_S34,0.18835696720237227,false,9.5,3,Jordan Chiles,Ezra Sosa (Apolo Anton Ohno week 9),24,Athlete,Athlete,3,false,-12.16800584368152,-1.6694110457526574,9.5,0
34,10,Robert Irwin_S34,0.14234672213167568,false,9.833333333333334,3,Robert Irwin,Witney Carson (Xoshitl Gomez week 9),22,Conservationist,Other,1,false,-14.16800584368152,-1.9494824672710838,9.833333333333334,0
34,10,Whitney Leavitt_S34,0.10843684879076271,true,9.666666666666666,3,Whitney Leavitt,Mark Ballas,32,TV Personality,TV,6,false,-4.16800584368152,-2.2215780923318933,9.666666666666666,0
34,11,Alix Earle_S34,0.17333625754592868,false,10.0,3,Alix Earle,Val Chmerkovskiy (Joey Graziadei week 9),24,Social media personality,TV,2,false,-12.16800584368152,-1.7525161166429974,10.0,0
34,11,Dylan Efron_S34,0.1639375649669531,false,9.777733333333334,3,Dylan Efron,Daniella Karagach (Rumer Willis week 9),33,TV Personality,TV,4,false,-3.16800584368152,-1.808263525199534,9.777733333333334,0
34,11,Elaine Hendrix_S34,0.21941727540952724,false,9.6666,3,Elaine Hendrix,Alan Bersten (Rashad Jennings week 9),55,Actor/Actress,Actor,5,false,18.83199415631848,-1.5167754373924924,9.6666,0
34,11,Jordan Chiles_S34,0.20557143267492572,false,9.888866666666667,3,Jordan Chiles,Ezra Sosa (Apolo Anton Ohno week 9),24,Athlete,Athlete,3,false,-12.16800584368152,-1.581956836711365,9.888866666666667,0
34,11,Robert Irwin_S34,0.23773746940266535,false,9.888866666666667,3,Robert Irwin,Witney Carson (Xoshitl Gomez week 9),22,Conservationist,Other,1,false,-14.16800584368152,-1.4365840775648557,9.888866666666667,0
