season,week,contestant_id,fan_percent,judge_percent,left_contestants,fan_rank,judge_rank,rank_sum,percent_sum,rank_rank,percent_rank,rev_rank_rank,rev_percent_rank,week_rank,season_weeks,voting_method,week_elim,max_week_in_season,rank_rank_is_eliminated,percent_rank_is_eliminated
1,1,Evander Holyfield_S1,0.17241961900573974,0.1651376146788991,6,3,4,7,0.33755723368463886,3,3,4,4,5,6,rank_v1,0,6,false,false
1,1,Joey McIntyre_S1,0.16770444464477768,0.1834862385321101,6,5,2,7,0.3511906831768878,4,2,3,5,3,6,rank_v1,0,6,false,false
1,1,John O'Hurley_S1,0.1726220271887241,0.1834862385321101,6,2,2,4,0.3561082657208342,1,1,6,6,2,6,rank_v1,0,6,false,false
1,1,Kelly Monaco_S1,0.17328374973011942,0.11926605504587157,6,1,6,7,0.292549804775991,2,6,5,1,6,6,rank_v1,0,6,false,false
1,1,Rachel Hunter_S1,0.1451327927716438,0.1834862385321101,6,6,2,8,0.3286190313037539,6,5,1,2,1,6,rank_v1,0,6,false,false
1,1,Trista Sutter_S1,0.16883736665899537,0.1651376146788991,6,4,4,8,0.3339749813378945,5,4,2,3,4,6,rank_v1,0,6,false,false
1,2,Evander Holyfield_S1,0.20500052418654624,0.11570247933884298,6,1,6,7,0.3207030035253892,3,5,4,2,6,6,rank_v1,1,6,false,false
1,2,Joey McIntyre_S1,0.17404392873611574,0.17355371900826447,6,3,3,6,0.3475976477443802,2,2,5,5,3,6,rank_v1,1,6,false,false
1,2,John O'Hurley_S1,0.17087392153422762,0.21487603305785125,6,4,1,5,0.38574995459207884,1,1,6,6,1,6,rank_v1,1,6,false,false
1,2,Kelly Monaco_S1,0.18826022841012094,0.14049586776859505,6,2,5,7,0.328756096178716,4,4,3,3,5,6,rank_v1,1,6,false,false
1,2,Rachel Hunter_S1,0.14033548122822698,0.19834710743801653,6,5,2,7,0.3386825886662435,5,3,2,4,2,6,rank_v1,1,6,false,false
1,2,Trista Sutter_S1,0.12148591590476127,0.15702479338842976,6,6,4,10,0.278510709293191,6,6,1,1,4,6,rank_v1,1,6,true,true
1,3,Evander Holyfield_S1,0.18351336075987137,0.12264150943396226,5,4,5,9,0.30615487019383364,5,5,1,1,5,6,rank_v1,1,6,true,true
1,3,Joey McIntyre_S1,0.20966288994042434,0.20754716981132076,5,2,3,5,0.4172100597517451,2,4,4,2,3,6,rank_v1,1,6,false,false
1,3,John O'Hurley_S1,0.20756516212744583,0.22641509433962265,5,3,2,5,0.4339802564670685,3,1,3,5,2,6,rank_v1,1,6,false,false
1,3,Kelly Monaco_S1,0.22219985985309187,0.19811320754716982,5,1,4,5,0.4203130674002617,1,3,5,3,4,6,rank_v1,1,6,false,false
1,3,Rachel Hunter_S1,0.1770587273191666,0.24528301886792453,5,5,1,6,0.42234174618709114,4,2,2,4,1,6,rank_v1,1,6,false,false
1,4,Joey McIntyre_S1,0.3170583631490104,0.21739130434782608,4,1,4,5,0.5344496674968365,2,1,3,4,4,6,rank_v1,1,6,false,false
1,4,John O'Hurley_S1,0.27220634031508795,0.22826086956521738,4,2,3,5,0.5004672098803054,3,3,2,2,3,6,rank_v1,1,6,false,false
1,4,Kelly Monaco_S1,0.2325943325735733,0.2826086956521739,4,3,1,4,0.5152030282257472,1,2,4,3,1,6,rank_v1,1,6,false,false
1,4,Rachel Hunter_S1,0.17814096396232962,0.2717391304347826,4,4,2,6,0.4498800943971122,4,4,1,1,2,6,rank_v1,1,6,true,true
1,5,Joey McIntyre_S1,0.31825280797712496,0.3082191780821918,3,3,3,6,0.6264719860593168,3,3,1,1,3,6,rank_v1,1,6,true,true
1,5,John O'Hurley_S1,0.3326259641968195,0.3698630136986301,3,2,1,3,0.7024889778954496,2,1,2,3,1,6,rank_v1,1,6,false,false
1,5,Kelly Monaco_S1,0.34912122782605537,0.3219178082191781,3,1,2,3,0.6710390360452334,1,2,3,2,2,6,rank_v1,1,6,false,false
1,6,John O'Hurley_S1,0.4254459631813835,0.4954128440366973,2,2,2,4,0.9208588072180808,2,2,1,1,2,6,rank_v1,2,6,true,true
1,6,Kelly Monaco_S1,0.574554036818616,0.5045871559633027,2,1,1,2,1.0791411927819188,1,1,2,2,1,6,rank_v1,2,6,true,true
2,1,Drew Lachey_S2,0.1015467752569365,0.12307692307692308,10,7,1,8,0.2246236983338596,2,1,9,10,1,8,rank_v1,1,8,false,false
2,1,George Hamilton_S2,0.10592644663823435,0.09230769230769231,10,3,8,11,0.19823413894592667,6,8,5,3,8,8,rank_v1,1,8,false,false
2,1,Giselle Fernandez_S2,0.09758116914196349,0.11794871794871795,10,9,2,11,0.21552988709068144,7,3,4,8,3,8,rank_v1,1,8,false,false
2,1,Jerry Rice_S2,0.10313272225176108,0.1076923076923077,10,5,5,10,0.21082502994406876,4,5,7,6,5,8,rank_v1,1,8,false,false
2,1,Kenny Mayne_S2,0.06357907619585228,0.06666666666666667,10,10,9,19,0.13024574286251894,10,10,1,1,9,8,rank_v1,1,8,true,true
2,1,Lisa Rinna_S2,0.10745779026696521,0.09743589743589744,10,2,7,9,0.20489368770286265,3,7,8,4,7,8,rank_v1,1,8,false,false
2,1,Master P_S2,0.1134305098709769,0.06153846153846154,10,1,10,11,0.17496897140943846,5,9,6,2,10,8,rank_v1,1,8,false,false
2,1,Stacy Keibler_S2,0.1013082740143744,0.11282051282051282,10,8,4,12,0.21412878683488723,9,4,2,7,4,8,rank_v1,1,8,false,false
2,1,Tatum O'Neal_S2,0.10341912297986748,0.11794871794871795,10,4,2,6,0.2213678409285854,1,2,10,9,2,8,rank_v1,1,8,false,false
2,1,Tia Carrere_S2,0.1026181133830704,0.10256410256410256,10,6,6,12,0.20518221594717295,8,6,3,5,6,8,rank_v1,1,8,false,false
2,2,Drew Lachey_S2,0.11187225285967305,0.135,9,6,2,8,0.24687225285967307,2,2,8,8,2,8,rank_v1,1,8,false,false
2,2,George Hamilton_S2,0.11589627169308035,0.11,9,4,5,9,0.22589627169308035,5,5,5,5,6,8,rank_v1,1,8,false,false
2,2,Giselle Fernandez_S2,0.10520401788732456,0.12,9,8,3,11,0.22520401788732455,8,6,2,4,3,8,rank_v1,1,8,false,false
2,2,Jerry Rice_S2,0.11387256185991346,0.115,9,5,4,9,0.22887256185991345,6,3,4,7,4,8,rank_v1,1,8,false,false
2,2,Lisa Rinna_S2,0.11961440995940807,0.1,9,2,7,9,0.21961440995940806,4,7,6,3,7,8,rank_v1,1,8,false,false
2,2,Master P_S2,0.12290500344232953,0.08,9,1,9,10,0.20290500344232953,7,8,3,2,9,8,rank_v1,1,8,false,false
2,2,Stacy Keibler_S2,0.1107501298381871,0.145,9,7,1,8,0.2557501298381871,3,1,7,9,1,8,rank_v1,1,8,false,false
2,2,Tatum O'Neal_S2,0.08384026734098829,0.085,9,9,8,17,0.16884026734098828,9,9,1,1,8,8,rank_v1,1,8,true,true
2,2,Tia Carrere_S2,0.11604508511909849,0.11,9,3,5,8,0.2260450851190985,1,4,9,6,5,8,rank_v1,1,8,false,false
2,3,Drew Lachey_S2,0.12447017792734814,0.14835164835164835,8,7,1,8,0.2728218262789965,4,2,5,7,1,8,rank_v1,1,8,false,false
2,3,George Hamilton_S2,0.13076862988314075,0.12087912087912088,8,3,5,8,0.25164775076226165,3,5,6,4,5,8,rank_v1,1,8,false,false
2,3,Giselle Fernandez_S2,0.08768440938542235,0.12087912087912088,8,8,5,13,0.20856353026454322,8,8,1,1,6,8,rank_v1,1,8,true,true
2,3,Jerry Rice_S2,0.14110341427318487,0.1043956043956044,8,2,7,9,0.24549901866878926,6,6,3,3,7,8,rank_v1,1,8,false,false
2,3,Lisa Rinna_S2,0.12464530326849572,0.13736263736263737,8,6,4,10,0.2620079406311331,7,4,2,5,4,8,rank_v1,1,8,false,false
2,3,Master P_S2,0.14135380944135198,0.07692307692307693,8,1,8,9,0.2182768863644289,5,7,4,2,8,8,rank_v1,1,8,false,false
2,3,Stacy Keibler_S2,0.12478944879244054,0.14835164835164835,8,5,1,6,0.2731410971440889,1,1,8,8,2,8,rank_v1,1,8,false,false
2,3,Tia Carrere_S2,0.1251848070286152,0.14285714285714285,8,4,3,7,0.268041949885758,2,3,7,6,3,8,rank_v1,1,8,false,false
2,4,Drew Lachey_S2,0.14219752956419762,0.17721518987341772,7,6,1,7,0.31941271943761534,6,1,2,7,1,8,rank_v1,1,8,false,false
2,4,George Hamilton_S2,0.1573562175886941,0.13291139240506328,7,1,6,7,0.29026760999375734,2,6,6,2,6,8,rank_v1,1,8,false,false
2,4,Jerry Rice_S2,0.15210528556893457,0.1518987341772152,7,2,5,7,0.30400401974614977,3,5,5,3,5,8,rank_v1,1,8,false,false
2,4,Lisa Rinna_S2,0.14294927711080394,0.16455696202531644,7,5,2,7,0.3075062391361204,5,3,3,5,2,8,rank_v1,1,8,false,false
2,4,Master P_S2,0.11240875729638333,0.05063291139240506,7,7,7,14,0.1630416686887884,7,7,1,1,7,8,rank_v1,1,8,true,true
2,4,Stacy Keibler_S2,0.14473346464143033,0.16455696202531644,7,4,2,6,0.3092904266667468,1,2,7,6,3,8,rank_v1,1,8,false,false
2,4,Tia Carrere_S2,0.1482494682295582,0.15822784810126583,7,3,4,7,0.30647731633082403,4,4,4,4,4,8,rank_v1,1,8,false,false
2,5,Drew Lachey_S2,0.16238567018108183,0.17880794701986755,6,5,2,7,0.3411936172009494,5,2,2,5,2,8,rank_v1,1,8,false,false
2,5,George Hamilton_S2,0.1722800156445245,0.15894039735099338,6,2,4,6,0.33122041299551785,3,5,4,2,4,8,rank_v1,1,8,false,false
2,5,Jerry Rice_S2,0.18745516991337755,0.152317880794702,6,1,5,6,0.3397730507080795,2,3,5,4,5,8,rank_v1,1,8,false,false
2,5,Lisa Rinna_S2,0.1719144017955339,0.16556291390728478,6,3,3,6,0.3374773157028187,4,4,3,3,3,8,rank_v1,1,8,false,false
2,5,Stacy Keibler_S2,0.1718375441654092,0.1986754966887417,6,4,1,5,0.37051304085415093,1,1,6,6,1,8,rank_v1,1,8,false,false
2,5,Tia Carrere_S2,0.13412719830007214,0.1456953642384106,6,6,6,12,0.2798225625384827,6,6,1,1,6,8,rank_v1,1,8,true,true
2,6,Drew Lachey_S2,0.20476517400605093,0.22556390977443608,5,3,1,4,0.430329083780487,1,1,5,5,2,8,rank_v1,1,8,false,false
2,6,George Hamilton_S2,0.16741900119469844,0.17293233082706766,5,5,4,9,0.3403513320217661,5,5,1,1,4,8,rank_v1,1,8,true,true
2,6,Jerry Rice_S2,0.21462158344130422,0.17293233082706766,5,1,4,5,0.3875539142683719,2,4,4,2,5,8,rank_v1,1,8,false,false
2,6,Lisa Rinna_S2,0.20997919847404697,0.20300751879699247,5,2,3,5,0.4129867172710394,3,3,3,3,3,8,rank_v1,1,8,false,false
2,6,Stacy Keibler_S2,0.20321504288390047,0.22556390977443608,5,4,1,5,0.42877895265833654,4,2,2,4,1,8,rank_v1,1,8,false,false
2,7,Drew Lachey_S2,0.2622276510541752,0.2696078431372549,4,2,1,3,0.5318354941914301,1,1,4,4,1,8,rank_v1,1,8,false,false
2,7,Jerry Rice_S2,0.29790134530165235,0.20098039215686275,4,1,4,5,0.4988817374585151,3,3,2,2,4,8,rank_v1,1,8,false,false
2,7,Lisa Rinna_S2,0.1918352151884179,0.25980392156862747,4,4,3,7,0.45163913675704537,4,4,1,1,3,8,rank_v1,1,8,true,true
2,7,Stacy Keibler_S2,0.24803578845575408,0.2696078431372549,4,3,1,4,0.517643631593009,2,2,3,3,2,8,rank_v1,1,8,false,false
2,8,Drew Lachey_S2,0.32988927794060086,0.3438729131809768,3,2,1,3,0.6737621911215776,1,2,3,2,1,8,rank_v1,3,8,true,true
2,8,Jerry Rice_S2,0.38455222598148237,0.3162063678588072,3,1,3,4,0.7007585938402896,2,1,2,3,3,8,rank_v1,3,8,true,true
2,8,Stacy Keibler_S2,0.28555849607791683,0.339920718960216,3,3,2,5,0.6254792150381328,3,3,1,1,2,8,rank_v1,3,8,true,true
3,1,Emmitt Smith_S3,0.09404155095847015,0.11320754716981132,11,5,2,7,0.20724909812828146,1,2,11,10,2,10,percentage,1,10,false,false
3,1,Harry Hamlin_S3,0.09578529191088143,0.08018867924528301,11,2,8,10,0.17597397115616445,3,7,9,5,8,10,percentage,1,10,false,false
3,1,Jerry Springer_S3,0.09564996776226015,0.07547169811320754,11,3,9,12,0.17112166587546768,8,8,4,4,9,10,percentage,1,10,false,false
3,1,Joey Lawrence_S3,0.09237083455086174,0.09905660377358491,11,7,5,12,0.19142743832444664,9,5,3,7,5,10,percentage,1,10,false,false
3,1,Mario Lopez_S3,0.0917836643954544,0.12264150943396226,11,9,1,10,0.21442517382941667,5,1,7,11,1,10,percentage,1,10,false,false
3,1,Monique Coleman_S3,0.094834821817071,0.08962264150943396,11,4,6,10,0.18445746332650495,4,6,8,6,6,10,percentage,1,10,false,false
3,1,Sara Evans_S3,0.09691492953461416,0.07075471698113207,11,1,10,11,0.16766964651574623,6,9,6,3,10,10,percentage,1,10,false,false
3,1,Shanna Moakler_S3,0.08180594458695044,0.08490566037735849,11,10,7,17,0.16671160496430892,10,10,2,2,7,10,percentage,1,10,false,false
3,1,Tucker Carlson_S3,0.07176913141951373,0.05660377358490566,11,11,11,22,0.1283729050044194,11,11,1,1,11,10,percentage,1,10,true,true
3,1,Vivica A. Fox_S3,0.09322991342207201,0.10377358490566038,11,6,3,9,0.1970034983277324,2,3,10,9,4,10,percentage,1,10,false,false
3,1,Willa Ford_S3,0.09181394964185101,0.10377358490566038,11,8,3,11,0.19558753454751138,7,4,5,8,3,10,percentage,1,10,false,false
3,2,Emmitt Smith_S3,0.10595872292562279,0.10434782608695652,10,4,3,7,0.2103065490125793,1,3,10,8,4,10,percentage,1,10,false,false
3,2,Harry Hamlin_S3,0.10558030751334924,0.09130434782608696,10,5,8,13,0.1968846553394362,8,8,3,3,8,10,percentage,1,10,false,false
3,2,Jerry Springer_S3,0.10708272564774933,0.08260869565217391,10,2,10,12,0.18969142129992322,7,9,4,2,10,10,percentage,1,10,false,false
3,2,Joey Lawrence_S3,0.1034528752140436,0.12608695652173912,10,7,1,8,0.22953983173578274,3,1,8,10,1,10,percentage,1,10,false,false
3,2,Mario Lopez_S3,0.10737478855419343,0.09130434782608696,10,1,8,9,0.1986791363802804,4,6,7,5,9,10,percentage,1,10,false,false
3,2,Monique Coleman_S3,0.10383251485046485,0.11304347826086956,10,6,2,8,0.21687599311133443,2,2,9,9,2,10,percentage,1,10,false,false
3,2,Sara Evans_S3,0.10605965473674561,0.09130434782608696,10,3,8,11,0.19736400256283257,5,7,6,4,7,10,percentage,1,10,false,false
3,2,Shanna Moakler_S3,0.05856873187040071,0.09565217391304348,10,10,6,16,0.1542209057834442,10,10,1,1,6,10,percentage,1,10,true,true
3,2,Vivica A. Fox_S3,0.10160100911478699,0.10434782608695652,10,8,3,11,0.2059488352017435,6,4,5,7,3,10,percentage,1,10,false,false
3,2,Willa Ford_S3,0.10048866957264367,0.1,10,9,5,14,0.20048866957264366,9,5,2,6,5,10,percentage,1,10,false,false
3,3,Emmitt Smith_S3,0.12472649155533762,0.09178743961352658,9,1,9,10,0.2165139311688642,5,8,5,2,9,10,percentage,1,10,false,false
3,3,Harry Hamlin_S3,0.0685247177728983,0.10628019323671498,9,9,5,14,0.17480491100961326,9,9,1,1,6,10,percentage,1,10,true,true
3,3,Jerry Springer_S3,0.11545653393128179,0.10144927536231885,9,4,8,12,0.21690580929360065,8,7,2,3,8,10,percentage,1,10,false,false
3,3,Joey Lawrence_S3,0.11788961815435534,0.10628019323671498,9,2,5,7,0.2241698113910703,1,4,9,6,5,10,percentage,1,10,false,false
3,3,Mario Lopez_S3,0.1172366252034359,0.10628019323671498,9,3,5,8,0.22351681844015087,3,5,7,5,7,10,percentage,1,10,false,false
3,3,Monique Coleman_S3,0.11320230474699661,0.13043478260869565,9,8,1,9,0.24363708735569226,4,2,6,8,2,10,percentage,1,10,false,false
3,3,Sara Evans_S3,0.11345828548036523,0.12077294685990338,9,7,3,10,0.2342312323402686,7,3,3,7,3,10,percentage,1,10,false,false
3,3,Vivica A. Fox_S3,0.1141702595476648,0.13043478260869565,9,6,1,7,0.24460504215636045,2,1,8,9,1,10,percentage,1,10,false,false
3,3,Willa Ford_S3,0.11533516360766397,0.10628019323671498,9,5,5,10,0.22161535684437894,6,6,4,4,4,10,percentage,1,10,false,false
3,4,Emmitt Smith_S3,0.13219142452399982,0.12121212121212122,8,3,5,8,0.253403545736121,1,4,8,5,4,10,percentage,1,10,false,false
3,4,Jerry Springer_S3,0.1370733348729415,0.1111111111111111,8,2,7,9,0.2481844459840526,6,6,3,3,7,10,percentage,1,10,false,false
3,4,Joey Lawrence_S3,0.12889596141480614,0.13636363636363635,8,5,3,8,0.2652595977784425,2,3,7,6,3,10,percentage,1,10,false,false
3,4,Mario Lopez_S3,0.12603451602907323,0.14646464646464646,8,7,1,8,0.2724991624937197,4,1,5,8,1,10,percentage,1,10,false,false
3,4,Monique Coleman_S3,0.1302523747908351,0.12121212121212122,8,4,5,9,0.2514644960029563,7,5,2,4,6,10,percentage,1,10,false,false
3,4,Sara Evans_S3,0.13766141844548938,0.10101010101010101,8,1,8,9,0.2386715194555904,5,7,4,2,8,10,percentage,1,10,false,false
3,4,Vivica A. Fox_S3,0.08134895521840545,0.12121212121212122,8,8,5,13,0.20256107643052668,8,8,1,1,5,10,percentage,1,10,true,true
3,4,Willa Ford_S3,0.12654201470444928,0.1414141414141414,8,6,2,8,0.2679561561185907,3,2,6,7,2,10,percentage,1,10,false,false
3,5,Emmitt Smith_S3,0.15763834428009982,0.14917127071823205,7,3,2,5,0.30680961499833187,1,1,7,7,1,10,percentage,2,10,false,false
3,5,Jerry Springer_S3,0.1612211787527212,0.13259668508287292,7,2,6,8,0.29381786383559416,5,5,3,3,6,10,percentage,2,10,false,false
3,5,Joey Lawrence_S3,0.16152080962479823,0.13812154696132597,7,1,5,6,0.2996423565861242,2,4,6,4,5,10,percentage,2,10,false,false
3,5,Mario Lopez_S3,0.15554309008843537,0.14917127071823205,7,4,2,6,0.3047143608066674,3,2,5,6,2,10,percentage,2,10,false,false
3,5,Monique Coleman_S3,0.15412552158172352,0.14917127071823205,7,5,2,7,0.30329679229995554,4,3,4,5,4,10,percentage,2,10,false,false
3,5,Sara Evans_S3,0.11123188840530954,0.13259668508287292,7,6,6,12,0.24382857348818246,7,7,1,1,7,10,percentage,2,10,true,true
3,5,Willa Ford_S3,0.09871916726691214,0.14917127071823205,7,7,2,9,0.2478904379851442,6,6,2,2,3,10,percentage,2,10,true,true
3,6,Emmitt Smith_S3,0.20434506495911162,0.211864406779661,5,1,2,3,0.41620947173877265,1,2,5,4,2,10,percentage,0,10,false,false
3,6,Jerry Springer_S3,0.19450430555669052,0.15254237288135594,5,5,5,10,0.3470466784380465,5,5,1,1,5,10,percentage,0,10,false,false
3,6,Joey Lawrence_S3,0.19819953956441613,0.2033898305084746,5,4,3,7,0.40158937007289075,4,3,2,3,3,10,percentage,0,10,false,false
3,6,Mario Lopez_S3,0.2028177616512267,0.23728813559322035,5,2,1,3,0.44010589724444704,2,1,4,5,1,10,percentage,0,10,false,false
3,6,Monique Coleman_S3,0.20013332826855484,0.19491525423728814,5,3,4,7,0.39504858250584296,3,4,3,2,4,10,percentage,0,10,false,false
3,7,Emmitt Smith_S3,0.21267268620569593,0.2111111111111111,5,1,1,2,0.42378379731680704,1,1,5,5,1,10,percentage,1,10,false,false
3,7,Jerry Springer_S3,0.15614508082484752,0.17037037037037037,5,5,5,10,0.32651545119521785,5,5,1,1,5,10,percentage,1,10,true,true
3,7,Joey Lawrence_S3,0.20958171612109874,0.2111111111111111,5,4,1,5,0.42069282723220985,2,2,4,4,2,10,percentage,1,10,false,false
3,7,Mario Lopez_S3,0.20964112724406034,0.2074074074074074,5,3,3,6,0.41704853465146774,4,3,2,3,3,10,percentage,1,10,false,false
3,7,Monique Coleman_S3,0.21195938960429636,0.2,5,2,4,6,0.41195938960429634,3,4,3,2,4,10,percentage,1,10,false,false
3,8,Emmitt Smith_S3,0.27110328007497847,0.24770642201834864,4,2,2,4,0.5188097020933271,2,3,3,2,2,10,percentage,1,10,false,false
3,8,Joey Lawrence_S3,0.27514832994555694,0.24770642201834864,4,1,2,3,0.5228547519639055,1,2,4,3,3,10,percentage,1,10,false,false
3,8,Mario Lopez_S3,0.2657938031652624,0.26146788990825687,4,3,1,4,0.5272616930735192,3,1,2,4,1,10,percentage,1,10,false,false
3,8,Monique Coleman_S3,0.1879545868142017,0.24311926605504589,4,4,4,8,0.4310738528692476,4,4,1,1,4,10,percentage,1,10,true,true
3,9,Emmitt Smith_S3,0.37307779027873184,0.3333333333333333,3,1,2,3,0.7064111236120652,1,1,3,3,2,10,percentage,1,10,false,false
3,9,Joey Lawrence_S3,0.25828708245964416,0.3333333333333333,3,3,2,5,0.5916204157929774,3,3,1,1,3,10,percentage,1,10,true,true
3,9,Mario Lopez_S3,0.3686351272616244,0.3333333333333333,3,2,2,4,0.7019684605949577,2,2,2,2,1,10,percentage,1,10,false,false
3,10,Emmitt Smith_S3,0.5744646982709827,0.5,2,1,1,2,1.0744646982709827,1,1,2,2,2,10,percentage,2,10,true,true
3,10,Mario Lopez_S3,0.42553530172901655,0.5,2,2,1,3,0.9255353017290165,2,2,1,1,1,10,percentage,2,10,true,true
4,1,Apolo Anton Ohno_S4,0.093268798116699,0.10194174757281553,11,7,3,10,0.19521054568951451,6,4,6,8,3,10,percentage,0,10,false,false
4,1,Billy Ray Cyrus_S4,0.09396926223657337,0.06310679611650485,11,5,11,16,0.15707605835307822,8,11,4,1,11,10,percentage,0,10,false,false
4,1,Clyde Drexler_S4,0.09714979555677752,0.07766990291262135,11,1,9,10,0.17481969846939888,4,7,8,5,9,10,percentage,0,10,false,false
4,1,Heather Mills_S4,0.07994132359649604,0.08737864077669903,11,10,7,17,0.16731996437319507,11,9,1,3,7,10,percentage,0,10,false,false
4,1,Ian Ziering_S4,0.096231164409468,0.10194174757281553,11,3,3,6,0.19817291198228354,1,3,11,9,4,10,percentage,0,10,false,false
4,1,Joey Fatone_S4,0.09215175579769667,0.11650485436893204,11,8,1,9,0.20865661016662873,3,1,9,11,1,10,percentage,0,10,false,false
4,1,John Ratzenberger_S4,0.0964691321452302,0.0825242718446602,11,2,8,10,0.1789934039898904,5,5,7,7,8,10,percentage,0,10,false,false
4,1,Laila Ali_S4,0.09620695434687583,0.11165048543689321,11,4,2,6,0.20785743978376903,2,2,10,10,2,10,percentage,0,10,false,false
4,1,Leeza Gibbons_S4,0.0936527889699813,0.07281553398058252,11,6,10,16,0.16646832295056382,9,10,3,2,10,10,percentage,0,10,false,false
4,1,Paulina Porizkova_S4,0.07831045870897628,0.09223300970873786,11,11,5,16,0.17054346841771414,10,8,2,4,6,10,percentage,0,10,false,false
4,1,Shandi Finnessey_S4,0.08264856611522622,0.09223300970873786,11,9,5,14,0.17488157582396407,7,6,5,6,5,10,percentage,0,10,false,false
4,2,Apolo Anton Ohno_S4,0.09468161404363766,0.10612244897959183,11,7,2,9,0.2008040630232295,3,2,9,10,2,10,percentage,1,10,false,false
4,2,Billy Ray Cyrus_S4,0.09781463381365517,0.08571428571428572,11,2,7,9,0.18352891952794087,2,5,10,7,7,10,percentage,1,10,false,false
4,2,Clyde Drexler_S4,0.09995833100367803,0.07346938775510205,11,1,11,12,0.17342771875878008,8,9,4,3,11,10,percentage,1,10,false,false
4,2,Heather Mills_S4,0.08534013861572955,0.09795918367346938,11,10,3,13,0.18329932228919893,9,6,3,6,3,10,percentage,1,10,false,false
4,2,Ian Ziering_S4,0.09655202700919338,0.08979591836734693,11,5,5,10,0.1863479453765403,5,4,7,8,5,10,percentage,1,10,false,false
4,2,Joey Fatone_S4,0.09367341610795488,0.09795918367346938,11,8,3,11,0.19163259978142427,7,3,5,9,4,10,percentage,1,10,false,false
4,2,John Ratzenberger_S4,0.09752313884976724,0.08571428571428572,11,3,7,10,0.18323742456405295,4,7,8,5,6,10,percentage,1,10,false,false
4,2,Laila Ali_S4,0.09517712501502557,0.11020408163265306,11,6,1,7,0.20538120664767862,1,1,11,11,1,10,percentage,1,10,false,false
4,2,Leeza Gibbons_S4,0.09745888983402966,0.08571428571428572,11,4,7,11,0.18317317554831536,6,8,6,4,9,10,percentage,1,10,false,false
4,2,Paulina Porizkova_S4,0.05062285603122919,0.08571428571428572,11,11,7,18,0.1363371417455149,10,11,2,1,8,10,percentage,1,10,false,true
4,2,Shandi Finnessey_S4,0.09119782967609952,0.08163265306122448,11,9,10,19,0.172830482737324,11,10,1,2,10,10,percentage,1,10,true,false
4,3,Apolo Anton Ohno_S4,0.10286895060350468,0.10550458715596331,10,8,5,13,0.20837353775946799,8,4,3,7,5,10,percentage,1,10,false,false
4,3,Billy Ray Cyrus_S4,0.10637536224540428,0.0963302752293578,10,3,7,10,0.20270563747476208,4,6,7,5,6,10,percentage,1,10,false,false
4,3,Clyde Drexler_S4,0.11533400178952312,0.07339449541284404,10,1,10,11,0.18872849720236717,5,9,6,2,10,10,percentage,1,10,false,false
4,3,Heather Mills_S4,0.09301905452461029,0.11009174311926606,10,9,2,11,0.20311079764387635,7,5,4,6,4,10,percentage,1,10,false,false
4,3,Ian Ziering_S4,0.10287361393031931,0.11009174311926606,10,7,2,9,0.21296535704958536,3,3,8,8,1,10,percentage,1,10,false,false
4,3,Joey Fatone_S4,0.10304032107267569,0.11009174311926606,10,6,2,8,0.21313206419194175,2,2,9,9,2,10,percentage,1,10,false,false
4,3,John Ratzenberger_S4,0.10614548505471835,0.09174311926605505,10,5,9,14,0.1978886043207734,9,8,2,3,9,10,percentage,1,10,false,false
4,3,Laila Ali_S4,0.10624537311667161,0.0963302752293578,10,4,7,11,0.20257564834602942,6,7,5,4,7,10,percentage,1,10,false,false
4,3,Leeza Gibbons_S4,0.10791458590439777,0.11009174311926606,10,2,2,4,0.21800632902366385,1,1,10,10,3,10,percentage,1,10,false,false
4,3,Shandi Finnessey_S4,0.05618325175817516,0.0963302752293578,10,10,7,17,0.15251352698753295,10,10,1,1,8,10,percentage,1,10,true,true
4,4,Apolo Anton Ohno_S4,0.11580676073030467,0.1368421052631579,9,5,2,7,0.2526488659934626,2,2,8,8,2,10,percentage,1,10,false,false
4,4,Billy Ray Cyrus_S4,0.11404443246614707,0.11052631578947368,9,6,5,11,0.22457074825562073,7,5,3,5,6,10,percentage,1,10,false,false
4,4,Clyde Drexler_S4,0.12451137114771303,0.07894736842105263,9,1,9,10,0.20345873956876565,6,8,4,2,9,10,percentage,1,10,false,false
4,4,Heather Mills_S4,0.09988211373010338,0.12105263157894737,9,8,4,12,0.22093474530905075,8,6,2,4,4,10,percentage,1,10,false,false
4,4,Ian Ziering_S4,0.11691797593966398,0.12631578947368421,9,3,3,6,0.24323376541334818,1,3,9,7,3,10,percentage,1,10,false,false
4,4,Joey Fatone_S4,0.11128136674737472,0.14736842105263157,9,7,1,8,0.2586497878000063,3,1,7,9,1,10,percentage,1,10,false,false
4,4,John Ratzenberger_S4,0.12105242096458851,0.08421052631578947,9,2,7,9,0.20526294728037797,4,7,6,3,8,10,percentage,1,10,false,false
4,4,Laila Ali_S4,0.11625690393571982,0.11052631578947368,9,4,5,9,0.2267832197251935,5,4,5,6,5,10,percentage,1,10,false,false
4,4,Leeza Gibbons_S4,0.08024665433838461,0.08421052631578947,9,9,7,16,0.16445718065417408,9,9,1,1,7,10,percentage,1,10,true,true
4,5,Apolo Anton Ohno_S4,0.12474896565478766,0.17045454545454544,8,5,1,6,0.29520351110933307,2,1,7,8,1,10,percentage,1,10,false,false
4,5,Billy Ray Cyrus_S4,0.13372889670639054,0.09659090909090909,8,1,7,8,0.23031980579729963,3,7,6,2,7,10,percentage,1,10,false,false
4,5,Clyde Drexler_S4,0.10643119869229498,0.07386363636363637,8,8,8,16,0.18029483505593136,8,8,1,1,8,10,percentage,1,10,true,true
4,5,Heather Mills_S4,0.1162002198204343,0.11931818181818182,8,7,5,12,0.23551840163861612,7,5,2,4,5,10,percentage,1,10,false,false
4,5,Ian Ziering_S4,0.12980420065068565,0.13636363636363635,8,4,4,8,0.266167837014322,5,4,4,5,4,10,percentage,1,10,false,false
4,5,Joey Fatone_S4,0.12473233842917479,0.14204545454545456,8,6,3,9,0.26677779297462934,6,3,3,6,3,10,percentage,1,10,false,false
4,5,John Ratzenberger_S4,0.13275299981699207,0.10227272727272728,8,2,6,8,0.23502572708971936,4,6,5,3,6,10,percentage,1,10,false,false
4,5,Laila Ali_S4,0.13160118022923983,0.1590909090909091,8,3,2,5,0.2906920893201489,1,2,8,7,2,10,percentage,1,10,false,false
4,6,Apolo Anton Ohno_S4,0.1454422281987189,0.16470588235294117,7,6,1,7,0.3101481105516601,3,2,5,6,1,10,percentage,1,10,false,false
4,6,Billy Ray Cyrus_S4,0.15496356847282244,0.12352941176470589,7,2,6,8,0.27849298023752833,5,5,3,3,6,10,percentage,1,10,false,false
4,6,Heather Mills_S4,0.08690596102784262,0.13529411764705881,7,7,5,12,0.22220007867490144,7,7,1,1,5,10,percentage,1,10,true,true
4,6,Ian Ziering_S4,0.15371823404841872,0.1411764705882353,7,3,4,7,0.294894704636654,2,4,6,4,4,10,percentage,1,10,false,false
4,6,Joey Fatone_S4,0.14784629715076686,0.1588235294117647,7,5,3,8,0.30666982656253156,6,3,2,5,3,10,percentage,1,10,false,false
4,6,John Ratzenberger_S4,0.16105421824040378,0.11176470588235295,7,1,7,8,0.2728189241227567,4,6,4,2,7,10,percentage,1,10,false,false
4,6,Laila Ali_S4,0.15006949286102625,0.16470588235294117,7,4,1,5,0.3147753752139674,1,1,7,7,2,10,percentage,1,10,false,false
4,7,Apolo Anton Ohno_S4,0.17242626451900883,0.17475728155339806,6,4,3,7,0.34718354607240687,5,4,2,3,3,10,percentage,1,10,false,false
4,7,Billy Ray Cyrus_S4,0.1906948107176444,0.12297734627831715,6,1,6,7,0.31367215699596157,4,5,3,2,6,10,percentage,1,10,false,false
4,7,Ian Ziering_S4,0.17425775549861577,0.17475728155339806,6,3,3,6,0.34901503705201387,2,3,5,4,4,10,percentage,1,10,false,false
4,7,Joey Fatone_S4,0.165015588996774,0.19093851132686085,6,5,1,6,0.35595410032363484,3,2,4,5,2,10,percentage,1,10,false,false
4,7,John Ratzenberger_S4,0.12154813327139617,0.14563106796116504,6,6,5,11,0.2671792012325612,6,6,1,1,5,10,percentage,1,10,true,true
4,7,Laila Ali_S4,0.17605744699656123,0.19093851132686085,6,2,1,3,0.3669959583234221,1,1,6,6,1,10,percentage,1,10,false,false
4,8,Apolo Anton Ohno_S4,0.20425572919566298,0.23107569721115537,5,3,1,4,0.4353314264068183,1,1,5,5,1,10,percentage,1,10,false,false
4,8,Billy Ray Cyrus_S4,0.16521818718112108,0.15139442231075698,5,5,5,10,0.3166126094918781,5,5,1,1,5,10,percentage,1,10,true,true
4,8,Ian Ziering_S4,0.21590555523870483,0.18725099601593626,5,1,4,5,0.4031565512546411,2,4,4,2,4,10,percentage,1,10,false,false
4,8,Joey Fatone_S4,0.20418579199758716,0.21912350597609562,5,4,2,6,0.4233092979736828,4,2,2,4,2,10,percentage,1,10,false,false
4,8,Laila Ali_S4,0.21043473638692328,0.21115537848605578,5,2,3,5,0.42159011487297904,3,3,3,3,3,10,percentage,1,10,false,false
4,9,Apolo Anton Ohno_S4,0.27171521300415646,0.2489451476793249,4,1,3,4,0.5206603606834814,2,3,3,2,3,10,percentage,1,10,false,false
4,9,Ian Ziering_S4,0.18780363044711693,0.24472573839662448,4,4,4,8,0.4325293688437414,4,4,1,1,4,10,percentage,1,10,true,true
4,9,Joey Fatone_S4,0.26934268542336043,0.25316455696202533,4,3,1,4,0.5225072423853858,3,2,2,3,2,10,percentage,1,10,false,false
4,9,Laila Ali_S4,0.271138471125366,0.25316455696202533,4,2,1,3,0.5243030280873913,1,1,4,4,1,10,percentage,1,10,false,false
4,10,Apolo Anton Ohno_S4,0.40162738279392096,0.33976850076853665,3,1,1,2,0.7413958835624577,1,1,3,3,1,10,percentage,3,10,true,true
4,10,Joey Fatone_S4,0.33261742116762993,0.3320460681848982,3,2,2,4,0.6646634893525281,2,2,2,2,2,10,percentage,3,10,true,true
4,10,Laila Ali_S4,0.2657551960384498,0.32818543104656506,3,3,3,6,0.5939406270850149,3,3,1,1,3,10,percentage,3,10,true,true
5,1,Albert Reed_S5,0.07737425934320946,0.08171206225680934,12,11,7,18,0.1590863216000188,10,10,3,3,8,10,percentage,1,10,false,false
5,1,Cameron Mathison_S5,0.0888610955316347,0.08171206225680934,12,3,7,10,0.17057315778844404,4,5,9,8,5,10,percentage,1,10,false,false
5,1,Floyd Mayweather Jr. _S5,0.09016951287332281,0.07003891050583658,12,1,11,12,0.1602084233791594,6,9,7,4,11,10,percentage,1,10,false,false
5,1,Helio Castroneves_S5,0.08948384333247622,0.09727626459143969,12,2,2,4,0.1867601079239159,1,1,12,12,2,10,percentage,1,10,false,false
5,1,Jane Seymour_S5,0.08663777312677541,0.0933852140077821,12,6,3,9,0.1800229871345575,2,3,11,10,4,10,percentage,1,10,false,false
5,1,Jennie Garth_S5,0.0880637853957387,0.08171206225680934,12,4,7,11,0.16977584765254805,5,6,8,7,6,10,percentage,1,10,false,false
5,1,Josie Maran_S5,0.05467476855678434,0.0622568093385214,12,12,12,24,0.11693157789530574,12,12,1,1,12,10,percentage,1,10,true,true
5,1,Marie Osmond_S5,0.08761743593413952,0.08171206225680934,12,5,7,12,0.16932949819094886,7,7,6,6,9,10,percentage,1,10,false,false
5,1,Mark Cuban_S5,0.0863597580858148,0.08171206225680934,12,7,7,14,0.16807182034262413,9,8,4,5,7,10,percentage,1,10,false,false
5,1,Mel B_S5,0.08332952339706029,0.0933852140077821,12,9,3,12,0.1767147374048424,8,4,5,9,3,10,percentage,1,10,false,false
5,1,Sabrina Bryan_S5,0.08531786829464999,0.10116731517509728,12,8,1,9,0.18648518346974727,3,2,10,11,1,10,percentage,1,10,false,false
5,1,Wayne Newton_S5,0.08211037612839353,0.07392996108949416,12,10,10,20,0.15604033721788768,11,11,2,2,10,10,percentage,1,10,false,false
5,2,Albert Reed_S5,0.046055442580563884,0.08823529411764706,11,11,7,18,0.13429073669821096,11,11,1,1,8,10,percentage,1,10,true,true
5,2,Cameron Mathison_S5,0.09475137280432837,0.08823529411764706,11,6,7,13,0.18298666692197543,8,7,4,5,6,10,percentage,1,10,false,false
5,2,Floyd Mayweather Jr. _S5,0.0967867730478389,0.08823529411764706,11,3,7,10,0.18502206716548597,2,5,10,7,7,10,percentage,1,10,false,false
5,2,Helio Castroneves_S5,0.09608275800060823,0.1134453781512605,11,4,1,5,0.20952813615186872,1,1,11,11,1,10,percentage,1,10,false,false
5,2,Jane Seymour_S5,0.09348224769475236,0.08823529411764706,11,7,7,14,0.1817175418123994,10,8,2,4,5,10,percentage,1,10,false,false
5,2,Jennie Garth_S5,0.09532376726642679,0.08823529411764706,11,5,7,12,0.18355906138407385,6,6,6,6,9,10,percentage,1,10,false,false
5,2,Marie Osmond_S5,0.09337244629920799,0.10084033613445378,11,8,3,11,0.19421278243366177,3,3,9,9,3,10,percentage,1,10,false,false
5,2,Mark Cuban_S5,0.09720738801529656,0.07563025210084033,11,2,10,12,0.1728376401161369,5,9,7,3,10,10,percentage,1,10,false,false
5,2,Mel B_S5,0.09303304792201905,0.09663865546218488,11,9,4,13,0.18967170338420392,9,4,3,8,4,10,percentage,1,10,false,false
5,2,Sabrina Bryan_S5,0.09263989726873725,0.1092436974789916,11,10,2,12,0.20188359474772885,7,2,5,10,2,10,percentage,1,10,false,false
5,2,Wayne Newton_S5,0.10126485910022034,0.06302521008403361,11,1,11,12,0.16429006918425396,4,10,8,2,11,10,percentage,1,10,false,false
5,3,Cameron Mathison_S5,0.10164177147482858,0.09623430962343096,10,6,7,13,0.19787608109825955,9,7,2,4,7,10,percentage,1,10,false,false
5,3,Floyd Mayweather Jr. _S5,0.10672384732031627,0.08786610878661087,10,1,8,9,0.19458995610692714,4,8,7,3,8,10,percentage,1,10,false,false
5,3,Helio Castroneves_S5,0.10631092632557608,0.100418410041841,10,2,6,8,0.20672933636741708,3,6,8,5,6,10,percentage,1,10,false,false
5,3,Jane Seymour_S5,0.10255872381197446,0.11297071129707113,10,4,2,6,0.2155294351090456,1,1,10,10,1,10,percentage,1,10,false,false
5,3,Jennie Garth_S5,0.10157837156027229,0.1087866108786611,10,7,4,11,0.21036498243893337,5,4,6,7,5,10,percentage,1,10,false,false
5,3,Marie Osmond_S5,0.10078113008675176,0.1087866108786611,10,8,4,12,0.20956774096541286,8,5,3,6,4,10,percentage,1,10,false,false
5,3,Mark Cuban_S5,0.10551433399553889,0.08368200836820083,10,3,9,12,0.18919634236373972,7,9,4,2,9,10,percentage,1,10,false,false
5,3,Mel B_S5,0.09879929412827845,0.11297071129707113,10,9,2,11,0.21177000542534957,6,3,5,8,3,10,percentage,1,10,false,false
5,3,Sabrina Bryan_S5,0.10203366372168322,0.11297071129707113,10,5,2,7,0.21500437501875436,2,2,9,9,2,10,percentage,1,10,false,false
5,3,Wayne Newton_S5,0.07405793757477991,0.07531380753138076,10,10,10,20,0.14937174510616066,10,10,1,1,10,10,percentage,1,10,true,true
5,4,Cameron Mathison_S5,0.11558506741096491,0.11538461538461539,9,3,3,6,0.2309696827955803,2,3,8,7,4,10,percentage,1,10,false,false
5,4,Floyd Mayweather Jr. _S5,0.07573410803680687,0.09829059829059829,9,9,8,17,0.17402470632740516,9,9,1,1,8,10,percentage,1,10,true,true
5,4,Helio Castroneves_S5,0.1211708372127845,0.11538461538461539,9,1,3,4,0.2365554525973999,1,2,9,8,3,10,percentage,1,10,false,false
5,4,Jane Seymour_S5,0.11400374708545838,0.1111111111111111,9,5,6,11,0.22511485819656948,7,6,3,4,6,10,percentage,1,10,false,false
5,4,Jennie Garth_S5,0.11265156154634483,0.11538461538461539,9,7,3,10,0.22803617693096023,5,4,5,6,2,10,percentage,1,10,false,false
5,4,Marie Osmond_S5,0.11377097477434633,0.1111111111111111,9,6,6,12,0.22488208588545744,8,7,2,3,5,10,percentage,1,10,false,false
5,4,Mark Cuban_S5,0.12107969067071615,0.09401709401709402,9,2,9,11,0.21509678468781018,6,8,4,2,9,10,percentage,1,10,false,false
5,4,Mel B_S5,0.11441011082457604,0.1111111111111111,9,4,6,10,0.22552122193568713,4,5,6,5,7,10,percentage,1,10,false,false
5,4,Sabrina Bryan_S5,0.11159390243800164,0.1282051282051282,9,8,1,9,0.23979903064312985,3,1,7,9,1,10,percentage,1,10,false,false
5,5,Cameron Mathison_S5,0.13015863191477825,0.1306532663316583,8,3,3,6,0.2608118982464366,1,3,8,6,4,10,percentage,1,10,false,false
5,5,Helio Castroneves_S5,0.1372555604991899,0.11557788944723618,8,1,6,7,0.2528334499464261,2,6,7,3,6,10,percentage,1,10,false,false
5,5,Jane Seymour_S5,0.12742285632148118,0.1306532663316583,8,5,3,8,0.2580761226531395,4,4,5,5,3,10,percentage,1,10,false,false
5,5,Jennie Garth_S5,0.12858603766494736,0.12562814070351758,8,4,5,9,0.25421417836846494,6,5,3,4,5,10,percentage,1,10,false,false
5,5,Marie Osmond_S5,0.1363882904818192,0.10552763819095477,8,2,7,9,0.24191592867277395,5,7,4,2,8,10,percentage,1,10,false,false
5,5,Mark Cuban_S5,0.09102885320063746,0.10552763819095477,8,8,7,15,0.19655649139159223,8,8,1,1,7,10,percentage,1,10,true,true
5,5,Mel B_S5,0.12634448054292388,0.1457286432160804,8,6,1,7,0.2720731237590043,3,1,6,8,1,10,percentage,1,10,false,false
5,5,Sabrina Bryan_S5,0.12281528937422262,0.1407035175879397,8,7,2,9,0.26351880696216234,7,2,2,7,2,10,percentage,1,10,false,false
5,6,Cameron Mathison_S5,0.1513342741119822,0.1388888888888889,7,4,4,8,0.2902231630008711,5,4,3,4,5,10,percentage,1,10,false,false
5,6,Helio Castroneves_S5,0.15163929084340608,0.15555555555555556,7,3,2,5,0.30719484639896166,1,2,7,6,2,10,percentage,1,10,false,false
5,6,Jane Seymour_S5,0.15739354512406584,0.12222222222222222,7,1,7,8,0.27961576734628807,3,6,5,2,7,10,percentage,1,10,false,false
5,6,Jennie Garth_S5,0.1505437619457066,0.15,7,5,3,8,0.3005437619457066,6,3,2,5,3,10,percentage,1,10,false,false
5,6,Marie Osmond_S5,0.15461843563444033,0.12777777777777777,7,2,6,8,0.2823962134122181,4,5,4,3,6,10,percentage,1,10,false,false
5,6,Mel B_S5,0.14153503946169427,0.16666666666666666,7,6,1,7,0.30820170612836095,2,1,6,7,1,10,percentage,1,10,false,false
5,6,Sabrina Bryan_S5,0.09293565287870592,0.1388888888888889,7,7,4,11,0.23182454176759482,7,7,1,1,4,10,percentage,1,10,true,true
5,7,Cameron Mathison_S5,0.17888778361584606,0.16346153846153846,6,2,5,7,0.34234932207738455,5,5,2,2,5,10,percentage,1,10,false,false
5,7,Helio Castroneves_S5,0.18451146409735264,0.16666666666666666,6,1,3,4,0.35117813076401927,1,1,6,6,4,10,percentage,1,10,false,false
5,7,Jane Seymour_S5,0.11447568321228024,0.16025641025641027,6,6,6,12,0.27473209346869054,6,6,1,1,6,10,percentage,1,10,true,true
5,7,Jennie Garth_S5,0.17463595271518148,0.16987179487179488,6,4,2,6,0.34450774758697633,3,2,4,5,2,10,percentage,1,10,false,false
5,7,Marie Osmond_S5,0.1766004785053296,0.16666666666666666,6,3,3,6,0.34326714517199625,2,4,5,3,3,10,percentage,1,10,false,false
5,7,Mel B_S5,0.17088863785401,0.17307692307692307,6,5,1,6,0.3439655609309331,4,3,3,4,1,10,percentage,1,10,false,false
5,8,Cameron Mathison_S5,0.14178318515345906,0.19391634980988592,5,5,3,8,0.335699534963345,5,5,1,1,3,10,percentage,1,10,true,true
5,8,Helio Castroneves_S5,0.21833362070618545,0.21673003802281368,5,1,1,2,0.4350636587289991,1,1,5,5,1,10,percentage,1,10,false,false
5,8,Jennie Garth_S5,0.21689673500789386,0.19011406844106463,5,3,4,7,0.40701080344895846,4,3,2,3,4,10,percentage,1,10,false,false
5,8,Marie Osmond_S5,0.21742311711653795,0.18631178707224336,5,2,5,7,0.40373490418878133,3,4,3,2,5,10,percentage,1,10,false,false
5,8,Mel B_S5,0.20556334201592388,0.21292775665399238,5,4,2,6,0.4184910986699163,2,2,4,4,2,10,percentage,1,10,false,false
5,9,Helio Castroneves_S5,0.2779596925209756,0.2564102564102564,4,1,1,2,0.5343699489312319,1,1,4,4,1,10,percentage,1,10,false,false
5,9,Jennie Garth_S5,0.18202320292831609,0.24786324786324787,4,4,3,7,0.42988645079156396,4,4,1,1,3,10,percentage,1,10,true,true
5,9,Marie Osmond_S5,0.27372095127934165,0.23931623931623933,4,2,4,6,0.513037190595581,3,3,2,2,4,10,percentage,1,10,false,false
5,9,Mel B_S5,0.26629615327136735,0.2564102564102564,4,3,1,4,0.5227064096816237,2,2,3,3,2,10,percentage,1,10,false,false
5,10,Helio Castroneves_S5,0.40513583028871153,0.35294095402801606,3,1,2,3,0.7580767843167275,1,1,3,3,2,10,percentage,3,10,true,true
5,10,Marie Osmond_S5,0.2795836286900305,0.2899168190830813,3,3,3,6,0.5695004477731118,3,3,1,1,3,10,percentage,3,10,true,true
5,10,Mel B_S5,0.31528054102125846,0.35714222688890257,3,2,1,3,0.6724227679101611,2,2,2,2,1,10,percentage,3,10,true,true
6,1,Adam Carolla_S6,0.07306602402680289,0.06172839506172839,12,11,11,22,0.1347944190885313,11,12,2,1,12,10,percentage,0,10,false,false
6,1,Cristian de la Fuente_S6,0.08491826829283526,0.08641975308641975,12,8,6,14,0.17133802137925502,9,7,4,6,7,10,percentage,0,10,false,false
6,1,Jason Taylor_S6,0.08685556628526486,0.09053497942386832,12,2,4,6,0.17739054570913318,1,4,12,9,4,10,percentage,0,10,false,false
6,1,Kristi Yamaguchi_S6,0.08563079452982927,0.1111111111111111,12,7,1,8,0.19674190564094038,3,1,10,12,1,10,percentage,0,10,false,false
6,1,Mario_S6,0.08304947893928355,0.09876543209876543,12,9,2,11,0.18181491103804898,7,2,6,11,3,10,percentage,0,10,false,false
6,1,Marissa Jaret Winokur_S6,0.08707388199930108,0.07407407407407407,12,1,8,9,0.16114795607337515,4,8,9,5,8,10,percentage,0,10,false,false
6,1,Marlee Matlin_S6,0.08656064479444005,0.09053497942386832,12,4,4,8,0.17709562421830838,2,5,11,8,5,10,percentage,0,10,false,false
6,1,Monica Seles_S6,0.08618462694133011,0.06172839506172839,12,6,11,17,0.1479130220030585,10,10,3,3,11,10,percentage,0,10,false,false
6,1,Penn Jillette_S6,0.07054438147793587,0.06584362139917696,12,12,10,22,0.13638800287711283,12,11,1,2,10,10,percentage,0,10,false,false
6,1,Priscilla Presley_S6,0.08301813668947534,0.09876543209876543,12,10,2,12,0.18178356878824076,8,3,5,10,2,10,percentage,0,10,false,false
6,1,Shannon Elizabeth_S6,0.0864802226595221,0.08641975308641975,12,5,6,11,0.17289997574594185,6,6,7,7,6,10,percentage,0,10,false,false
6,1,Steve Guttenberg_S6,0.08661797336397979,0.07407407407407407,12,3,8,11,0.16069204743805388,5,9,8,4,9,10,percentage,0,10,false,false
6,2,Adam Carolla_S6,0.08202652073384094,0.07392996108949416,12,10,9,19,0.1559564818233351,10,10,3,3,9,10,percentage,2,10,false,false
6,2,Cristian de la Fuente_S6,0.08937232782857168,0.07782101167315175,12,3,8,11,0.16719333950172344,6,8,7,5,8,10,percentage,2,10,false,false
6,2,Jason Taylor_S6,0.08572051842869141,0.10505836575875487,12,8,1,9,0.19077888418744626,5,2,8,11,1,10,percentage,2,10,false,false
6,2,Kristi Yamaguchi_S6,0.0858640421065239,0.10505836575875487,12,7,1,8,0.19092240786527875,3,1,10,12,2,10,percentage,2,10,false,false
6,2,Mario_S6,0.08462576557864823,0.10116731517509728,12,9,3,12,0.1857930807537455,9,3,4,10,3,10,percentage,2,10,false,false
6,2,Marissa Jaret Winokur_S6,0.08941341147418973,0.08171206225680934,12,2,6,8,0.17112547373099907,1,6,12,7,7,10,percentage,2,10,false,false
6,2,Marlee Matlin_S6,0.0882444628055077,0.0933852140077821,12,5,4,9,0.1816296768132898,4,5,9,8,5,10,percentage,2,10,false,false
6,2,Monica Seles_S6,0.06795409187307402,0.058365758754863814,12,11,12,23,0.12631985062793782,12,11,1,2,12,10,percentage,2,10,true,true
6,2,Penn Jillette_S6,0.05680690908462425,0.06614785992217899,12,12,10,22,0.12295476900680324,11,12,2,1,10,10,percentage,2,10,true,true
6,2,Priscilla Presley_S6,0.08716198015836275,0.08171206225680934,12,6,6,12,0.1688740424151721,8,7,5,6,6,10,percentage,2,10,false,false
6,2,Shannon Elizabeth_S6,0.08860971470028026,0.0933852140077821,12,4,4,8,0.18199492870806236,2,4,11,9,4,10,percentage,2,10,false,false
6,2,Steve Guttenberg_S6,0.09420025522768645,0.0622568093385214,12,1,11,12,0.15645706456620784,7,9,6,4,11,10,percentage,2,10,false,false
6,3,Adam Carolla_S6,0.09853015883573385,0.09210526315789473,10,9,7,16,0.1906354219936286,9,9,2,2,7,10,percentage,1,10,false,false
6,3,Cristian de la Fuente_S6,0.10058146498206458,0.10964912280701754,10,8,3,11,0.2102305877890821,8,4,3,7,3,10,percentage,1,10,false,false
6,3,Jason Taylor_S6,0.10493153257269949,0.10087719298245613,10,5,5,10,0.2058087255551556,5,5,6,6,5,10,percentage,1,10,false,false
6,3,Kristi Yamaguchi_S6,0.10331683476844161,0.11842105263157894,10,6,1,7,0.22173788740002054,2,1,9,10,1,10,percentage,1,10,false,false
6,3,Mario_S6,0.10547158734212399,0.09210526315789473,10,4,7,11,0.19757685050001872,7,7,4,4,6,10,percentage,1,10,false,false
6,3,Marissa Jaret Winokur_S6,0.1099673408586622,0.08333333333333333,10,1,10,11,0.19330067419199554,6,8,5,3,10,10,percentage,1,10,false,false
6,3,Marlee Matlin_S6,0.10723206508187201,0.09210526315789473,10,2,7,9,0.19933732823976674,3,6,8,5,9,10,percentage,1,10,false,false
6,3,Priscilla Presley_S6,0.10138782366753278,0.11403508771929824,10,7,2,9,0.215422911386831,4,2,7,9,2,10,percentage,1,10,false,false
6,3,Shannon Elizabeth_S6,0.10549179603532943,0.10526315789473684,10,3,4,7,0.21075495393006627,1,3,10,8,4,10,percentage,1,10,false,false
6,3,Steve Guttenberg_S6,0.0630893958555401,0.09210526315789473,10,10,7,17,0.15519465901343482,10,10,1,1,8,10,percentage,1,10,true,true
6,4,Adam Carolla_S6,0.07782464302586585,0.08444444444444445,9,9,9,18,0.1622690874703103,9,9,1,1,9,10,percentage,1,10,true,true
6,4,Cristian de la Fuente_S6,0.1158200429337955,0.11555555555555555,9,3,4,7,0.23137559848935105,2,4,8,6,4,10,percentage,1,10,false,false
6,4,Jason Taylor_S6,0.11301153343428268,0.1288888888888889,9,7,1,8,0.24190042232317155,4,1,6,9,2,10,percentage,1,10,false,false
6,4,Kristi Yamaguchi_S6,0.11233637348409202,0.1288888888888889,9,8,1,9,0.24122526237298092,6,2,4,8,1,10,percentage,1,10,false,false
6,4,Mario_S6,0.11582001166136384,0.10666666666666667,9,4,6,10,0.2224866783280305,7,7,3,3,5,10,percentage,1,10,false,false
6,4,Marissa Jaret Winokur_S6,0.11664140508860779,0.10666666666666667,9,2,6,8,0.22330807175527445,3,6,7,4,7,10,percentage,1,10,false,false
6,4,Marlee Matlin_S6,0.11940409817198194,0.10666666666666667,9,1,6,7,0.22607076483864863,1,5,9,5,6,10,percentage,1,10,false,false
6,4,Priscilla Presley_S6,0.11467584195152197,0.09777777777777778,9,5,8,13,0.21245361972929977,8,8,2,2,8,10,percentage,1,10,false,false
6,4,Shannon Elizabeth_S6,0.11446605024848797,0.12444444444444444,9,6,3,9,0.2389104946929324,5,3,5,7,3,10,percentage,1,10,false,false
6,5,Cristian de la Fuente_S6,0.13354611208312456,0.11734693877551021,8,1,5,6,0.2508930508586348,1,5,8,4,6,10,percentage,1,10,false,false
6,5,Jason Taylor_S6,0.1294182575028016,0.1377551020408163,8,5,2,7,0.26717335954361787,2,2,7,7,3,10,percentage,1,10,false,false
6,5,Kristi Yamaguchi_S6,0.12922339372469072,0.14795918367346939,8,6,1,7,0.2771825773981601,3,1,6,8,1,10,percentage,1,10,false,false
6,5,Mario_S6,0.12389893088674155,0.1377551020408163,8,7,2,9,0.26165403292755784,7,3,2,6,2,10,percentage,1,10,false,false
6,5,Marissa Jaret Winokur_S6,0.1302383968271822,0.12244897959183673,8,4,4,8,0.25268737641901895,5,4,4,5,4,10,percentage,1,10,false,false
6,5,Marlee Matlin_S6,0.1328035908068609,0.11224489795918367,8,2,7,9,0.24504848876604457,6,7,3,2,7,10,percentage,1,10,false,false
6,5,Priscilla Presley_S6,0.08901744931463326,0.10714285714285714,8,8,8,16,0.19616030645749039,8,8,1,1,8,10,percentage,1,10,true,true
6,5,Shannon Elizabeth_S6,0.1318538688539652,0.11734693877551021,8,3,5,8,0.24920080762947538,4,6,5,3,5,10,percentage,1,10,false,false
6,6,Cristian de la Fuente_S6,0.14741420424353013,0.15,7,5,3,8,0.29741420424353016,5,3,3,5,3,10,percentage,1,10,false,false
6,6,Jason Taylor_S6,0.15326076341331027,0.13333333333333333,7,1,5,6,0.2865940967466436,2,5,6,3,5,10,percentage,1,10,false,false
6,6,Kristi Yamaguchi_S6,0.14844359844436078,0.16666666666666666,7,4,1,5,0.31511026511102747,1,1,7,7,1,10,percentage,1,10,false,false
6,6,Mario_S6,0.14229209823995476,0.15555555555555556,7,6,2,8,0.2978476537955103,6,2,2,6,2,10,percentage,1,10,false,false
6,6,Marissa Jaret Winokur_S6,0.14855708066813206,0.14444444444444443,7,3,4,7,0.2930015251125765,4,4,4,4,4,10,percentage,1,10,false,false
6,6,Marlee Matlin_S6,0.10814287632040397,0.11666666666666667,7,7,7,14,0.22480954298707062,7,7,1,1,7,10,percentage,1,10,true,true
6,6,Shannon Elizabeth_S6,0.15188937867030888,0.13333333333333333,7,2,5,7,0.28522271200364224,3,6,5,2,6,10,percentage,1,10,false,false
6,7,Cristian de la Fuente_S6,0.18263160877973433,0.1488673139158576,6,1,6,7,0.33149892269559195,4,5,3,2,6,10,percentage,1,10,false,false
6,7,Jason Taylor_S6,0.17385166326110024,0.1779935275080906,6,5,1,6,0.35184519076919085,3,2,4,5,1,10,percentage,1,10,false,false
6,7,Kristi Yamaguchi_S6,0.17777904575814396,0.17475728155339806,6,3,2,5,0.35253632731154205,2,1,5,6,2,10,percentage,1,10,false,false
6,7,Mario_S6,0.17555637095030174,0.1650485436893204,6,4,4,8,0.34060491463962217,5,4,2,3,5,10,percentage,1,10,false,false
6,7,Marissa Jaret Winokur_S6,0.18142041199672623,0.16828478964401294,6,2,3,5,0.34970520164073915,1,3,6,4,3,10,percentage,1,10,false,false
6,7,Shannon Elizabeth_S6,0.10876089925399438,0.1650485436893204,6,6,4,10,0.2738094429433148,6,6,1,1,4,10,percentage,1,10,true,true
6,8,Cristian de la Fuente_S6,0.21239973395656236,0.21348314606741572,5,4,1,5,0.4258828800239781,2,1,4,5,1,10,percentage,1,10,false,false
6,8,Jason Taylor_S6,0.21690137321718228,0.1947565543071161,5,2,4,6,0.4116579275242984,4,3,2,3,4,10,percentage,1,10,false,false
6,8,Kristi Yamaguchi_S6,0.21593877885986057,0.20599250936329588,5,3,2,5,0.42193128822315645,1,2,5,4,2,10,percentage,1,10,false,false
6,8,Mario_S6,0.13522938611785462,0.19850187265917604,5,5,3,8,0.3337312587770307,5,5,1,1,3,10,percentage,1,10,true,true
6,8,Marissa Jaret Winokur_S6,0.2195307278485401,0.18726591760299627,5,1,5,6,0.4067966454515364,3,4,3,2,5,10,percentage,1,10,false,false
6,9,Cristian de la Fuente_S6,0.2689080016883153,0.2545454545454545,4,2,2,4,0.5234534562337698,2,2,3,3,2,10,percentage,1,10,false,false
6,9,Jason Taylor_S6,0.27261231077735587,0.25,4,1,3,4,0.5226123107773559,1,3,4,2,3,10,percentage,1,10,false,false
6,9,Kristi Yamaguchi_S6,0.26807514384525166,0.2590909090909091,4,3,1,4,0.5271660529361608,3,1,2,4,1,10,percentage,1,10,false,false
6,9,Marissa Jaret Winokur_S6,0.19040454368907636,0.23636363636363636,4,4,4,8,0.4267681800527127,4,4,1,1,4,10,percentage,1,10,true,true
6,10,Cristian de la Fuente_S6,0.2745898480828635,0.3076923076923077,3,3,3,6,0.5822821557751712,3,3,1,1,3,10,percentage,3,10,true,true
6,10,Jason Taylor_S6,0.3304562592227828,0.33727810650887574,3,2,2,4,0.6677343657316586,2,2,2,2,2,10,percentage,3,10,true,true
6,10,Kristi Yamaguchi_S6,0.39495389269435366,0.35502958579881655,3,1,1,2,0.7499834784931703,1,1,3,3,1,10,percentage,3,10,true,true
7,1,Brooke Burke_S7,0.08093529728843593,0.09722222222222222,13,6,1,7,0.17815751951065817,1,1,13,13,1,10,percentage,2,10,false,false
7,1,Cloris Leachman_S7,0.0830937598192982,0.06349206349206349,13,3,12,15,0.1465858233113617,9,11,5,3,12,10,percentage,2,10,false,false
7,1,Cody Linley_S7,0.07835831190238154,0.08134920634920635,13,9,6,15,0.1597075182515879,10,7,4,7,6,10,percentage,2,10,false,false
7,1,Jeffrey Ross_S7,0.06510765105494905,0.047619047619047616,13,12,13,25,0.11272669867399666,13,13,1,1,13,10,percentage,2,10,true,true
7,1,Kim Kardashian_S7,0.08131736682299849,0.07341269841269842,13,4,9,13,0.1547300652356969,6,8,8,6,10,10,percentage,2,10,false,false
7,1,Lance Bass_S7,0.07879095332637556,0.08531746031746032,13,8,3,11,0.16410841364383588,4,4,10,10,4,10,percentage,2,10,false,false
7,1,Maurice Greene_S7,0.08330783992210773,0.07738095238095238,13,2,7,9,0.1606887923030601,2,6,12,8,7,10,percentage,2,10,false,false
7,1,Misty May-Treanor_S7,0.07764980429894966,0.08333333333333333,13,10,5,15,0.160983137632283,11,5,3,9,5,10,percentage,2,10,false,false
7,1,Rocco DiSpirito_S7,0.08408705558730674,0.06944444444444445,13,1,11,12,0.1535315000317512,5,10,9,4,11,10,percentage,2,10,false,false
7,1,Susan Lucci_S7,0.0810977094990707,0.07341269841269842,13,5,9,14,0.15451040791176912,8,9,6,5,8,10,percentage,2,10,false,false
7,1,Ted McGinley_S7,0.049371952906958165,0.07341269841269842,13,13,9,22,0.12278465131965657,12,12,2,2,9,10,percentage,2,10,true,true
7,1,Toni Braxton_S7,0.07615633946686745,0.08928571428571429,13,11,2,13,0.16544205375258175,7,3,7,11,2,10,percentage,2,10,false,false
7,1,Warren Sapp_S7,0.08072595810430033,0.08531746031746032,13,7,3,10,0.16604341842176065,3,2,11,12,3,10,percentage,2,10,false,false
7,2,Brooke Burke_S7,0.09043398434788956,0.1085972850678733,11,9,1,10,0.19903126941576288,4,2,8,10,1,10,percentage,2,10,false,false
7,2,Cloris Leachman_S7,0.10435110678852956,0.06787330316742081,11,2,11,13,0.17222440995595037,9,9,3,3,11,10,percentage,2,10,false,false
7,2,Cody Linley_S7,0.09499304474019898,0.09502262443438914,11,5,5,10,0.19001566917458812,3,4,9,8,5,10,percentage,2,10,false,false
7,2,Kim Kardashian_S7,0.06825410832019745,0.07692307692307693,11,10,9,19,0.1451771852432744,11,11,1,1,9,10,percentage,2,10,true,true
7,2,Lance Bass_S7,0.09787037521352476,0.09049773755656108,11,4,7,11,0.18836811277008586,7,6,5,6,7,10,percentage,2,10,false,false
7,2,Maurice Greene_S7,0.10076949136003235,0.08597285067873303,11,3,8,11,0.18674234203876539,6,7,6,5,8,10,percentage,2,10,false,false
7,2,Misty May-Treanor_S7,0.05531119046652612,0.09502262443438914,11,11,5,16,0.15033381490091524,10,10,2,2,6,10,percentage,2,10,true,true
7,2,Rocco DiSpirito_S7,0.10608431022030869,0.07239819004524888,11,1,10,11,0.17848250026555756,5,8,7,4,10,10,percentage,2,10,false,false
7,2,Susan Lucci_S7,0.09376884238541539,0.09502262443438914,11,7,5,12,0.18879146681980452,8,5,4,7,4,10,percentage,2,10,false,false
7,2,Toni Braxton_S7,0.09486425642964408,0.10407239819004525,11,6,3,9,0.19893665461968935,1,3,11,9,3,10,percentage,2,10,false,false
7,2,Warren Sapp_S7,0.09329928972773305,0.1085972850678733,11,8,1,9,0.20189657479560635,2,1,10,11,2,10,percentage,2,10,false,false
7,3,Brooke Burke_S7,0.1140971395209639,0.1407035175879397,9,1,1,2,0.2548006571089036,1,1,9,9,1,10,percentage,0,10,false,false
7,3,Cloris Leachman_S7,0.10614348694475344,0.08040201005025126,9,9,9,18,0.1865454969950047,9,9,1,1,9,10,percentage,0,10,false,false
7,3,Cody Linley_S7,0.11077300244683182,0.10552763819095477,9,5,6,11,0.2163006406377866,5,6,5,4,6,10,percentage,0,10,false,false
7,3,Lance Bass_S7,0.10963247659650364,0.11055276381909548,9,8,4,12,0.22018524041559911,6,5,4,5,4,10,percentage,0,10,false,false
7,3,Maurice Greene_S7,0.11391559911306359,0.12060301507537688,9,2,3,5,0.23451861418844047,2,3,8,7,3,10,percentage,0,10,false,false
7,3,Rocco DiSpirito_S7,0.11028824378889787,0.10050251256281408,9,6,8,14,0.21079075635171196,8,8,2,2,8,10,percentage,0,10,false,false
7,3,Susan Lucci_S7,0.10982287737744055,0.10552763819095477,9,7,6,13,0.21535051556839532,7,7,3,3,7,10,percentage,0,10,false,false
7,3,Toni Braxton_S7,0.11160466046200812,0.11055276381909548,9,4,4,8,0.2221574242811036,4,4,6,6,5,10,percentage,0,10,false,false
7,3,Warren Sapp_S7,0.11372251374953717,0.12562814070351758,9,3,2,5,0.23935065445305476,3,2,7,8,2,10,percentage,0,10,false,false
7,4,Brooke Burke_S7,0.1160891874265725,0.12807881773399016,9,4,1,5,0.24416800516056264,1,1,9,9,2,10,percentage,1,10,false,false
7,4,Cloris Leachman_S7,0.1107327644013887,0.10837438423645321,9,8,6,14,0.21910714863784192,8,7,2,3,5,10,percentage,1,10,false,false
7,4,Cody Linley_S7,0.1115928355569964,0.11330049261083744,9,7,4,11,0.22489332816783383,7,5,3,5,4,10,percentage,1,10,false,false
7,4,Lance Bass_S7,0.11311563977078035,0.12807881773399016,9,5,1,6,0.2411944575047705,2,2,8,8,1,10,percentage,1,10,false,false
7,4,Maurice Greene_S7,0.1182258715467238,0.09852216748768473,9,1,8,9,0.21674803903440854,4,8,6,2,8,10,percentage,1,10,false,false
7,4,Rocco DiSpirito_S7,0.08355539768806713,0.08866995073891626,9,9,9,18,0.1722253484269834,9,9,1,1,9,10,percentage,1,10,true,true
7,4,Susan Lucci_S7,0.11247533046681728,0.11822660098522167,9,6,3,9,0.23070193145203893,6,3,4,7,3,10,percentage,1,10,false,false
7,4,Toni Braxton_S7,0.11624984623179672,0.10837438423645321,9,3,6,9,0.22462423046824992,5,6,5,4,7,10,percentage,1,10,false,false
7,4,Warren Sapp_S7,0.11796312691085703,0.10837438423645321,9,2,6,8,0.22633751114731024,3,4,7,6,6,10,percentage,1,10,false,false
7,5,Brooke Burke_S7,0.12983985886131472,0.14871794871794872,8,6,1,7,0.2785578075792634,2,1,7,8,1,10,percentage,1,10,false,false
7,5,Cloris Leachman_S7,0.1330143408678548,0.1076923076923077,8,2,7,9,0.2407066485601625,5,7,4,2,8,10,percentage,1,10,false,false
7,5,Cody Linley_S7,0.12463986714816508,0.14358974358974358,8,7,2,9,0.26822961073790863,7,3,2,6,2,10,percentage,1,10,false,false
7,5,Lance Bass_S7,0.13426276606628743,0.1076923076923077,8,1,7,8,0.24195507375859512,3,6,6,3,7,10,percentage,1,10,false,false
7,5,Maurice Greene_S7,0.13082203423383698,0.13846153846153847,8,5,3,8,0.26928357269537545,4,2,5,7,3,10,percentage,1,10,false,false
7,5,Susan Lucci_S7,0.13182743694174398,0.11282051282051282,8,4,5,9,0.2446479497622568,6,5,3,4,5,10,percentage,1,10,false,false
7,5,Toni Braxton_S7,0.0830928283968876,0.11282051282051282,8,8,5,13,0.19591334121740042,8,8,1,1,6,10,percentage,1,10,true,true
7,5,Warren Sapp_S7,0.13250086748391005,0.1282051282051282,8,3,4,7,0.26070599568903824,1,4,8,5,4,10,percentage,1,10,false,false
7,6,Brooke Burke_S7,0.14592007670774956,0.1625,7,4,2,6,0.30842007670774957,3,2,5,6,2,10,percentage,1,10,false,false
7,6,Cloris Leachman_S7,0.11857049758317248,0.09375,7,7,7,14,0.21232049758317248,7,7,1,1,7,10,percentage,1,10,true,true
7,6,Cody Linley_S7,0.14552596002670654,0.14375,7,6,4,10,0.2892759600267065,6,5,2,3,4,10,percentage,1,10,false,false
7,6,Lance Bass_S7,0.14632311805415843,0.16875,7,3,1,4,0.31507311805415844,1,1,7,7,1,10,percentage,1,10,false,false
7,6,Maurice Greene_S7,0.14967324557448378,0.13125,7,1,6,7,0.2809232455744838,4,6,4,2,6,10,percentage,1,10,false,false
7,6,Susan Lucci_S7,0.14580655524867145,0.14375,7,5,4,9,0.2895565552486714,5,4,3,4,5,10,percentage,1,10,false,false
7,6,Warren Sapp_S7,0.14818054680505777,0.15625,7,2,3,5,0.30443054680505777,2,3,6,5,3,10,percentage,1,10,false,false
7,7,Brooke Burke_S7,0.17048828476574865,0.20408163265306123,6,5,1,6,0.37456991741880985,3,1,4,6,1,10,percentage,1,10,false,false
7,7,Cody Linley_S7,0.18078323458422232,0.14965986394557823,6,2,5,7,0.3304430985298006,5,4,2,3,5,10,percentage,1,10,false,false
7,7,Lance Bass_S7,0.17438171515381679,0.17006802721088435,6,4,2,6,0.34444974236470116,2,3,5,4,3,10,percentage,1,10,false,false
7,7,Maurice Greene_S7,0.18041640725867203,0.17006802721088435,6,3,2,5,0.35048443446955635,1,2,6,5,2,10,percentage,1,10,false,false
7,7,Susan Lucci_S7,0.10915061916437431,0.16326530612244897,6,6,4,10,0.2724159252868233,6,6,1,1,4,10,percentage,1,10,true,true
7,7,Warren Sapp_S7,0.18477973907316572,0.14285714285714285,6,1,6,7,0.3276368819303086,4,5,3,2,6,10,percentage,1,10,false,false
7,8,Brooke Burke_S7,0.20794258941918417,0.21568627450980393,5,4,1,5,0.42362886392898813,3,2,3,4,1,10,percentage,1,10,false,false
7,8,Cody Linley_S7,0.21538773417481105,0.18823529411764706,5,1,4,5,0.4036230282924581,2,4,4,2,4,10,percentage,1,10,false,false
7,8,Lance Bass_S7,0.2122222499790054,0.19607843137254902,5,3,3,6,0.4083006813515544,4,3,2,3,3,10,percentage,1,10,false,false
7,8,Maurice Greene_S7,0.14930625810049752,0.18823529411764706,5,5,4,9,0.3375415522181446,5,5,1,1,5,10,percentage,1,10,true,true
7,8,Warren Sapp_S7,0.21514116832650226,0.21176470588235294,5,2,2,4,0.4269058742088552,1,1,5,5,2,10,percentage,1,10,false,false
7,9,Brooke Burke_S7,0.2733738020271488,0.24378109452736318,4,2,2,4,0.517154896554512,2,3,3,2,2,10,percentage,1,10,false,false
7,9,Cody Linley_S7,0.19519512315855525,0.22885572139303484,4,4,4,8,0.4240508445515901,4,4,1,1,4,10,percentage,1,10,true,true
7,9,Lance Bass_S7,0.25560283652055066,0.2835820895522388,4,3,1,4,0.5391849260727894,3,1,2,4,1,10,percentage,1,10,false,false
7,9,Warren Sapp_S7,0.2758282382937453,0.24378109452736318,4,1,2,3,0.5196093328211084,1,2,4,3,3,10,percentage,1,10,false,false
7,10,Brooke Burke_S7,0.39391398173067577,0.35294117647058826,3,1,1,2,0.746855158201264,1,1,3,3,1,10,percentage,3,10,true,true
7,10,Lance Bass_S7,0.26297372131562957,0.3235294117647059,3,3,2,5,0.5865031330803354,3,3,1,1,2,10,percentage,3,10,true,true
7,10,Warren Sapp_S7,0.3431122969536947,0.3235294117647059,3,2,2,4,0.6666417087184007,2,2,2,2,3,10,percentage,3,10,true,true
8,1,Belinda Carlisle_S8,0.07588570235840368,0.06995884773662552,13,10,9,19,0.1458445500950292,11,9,3,5,9,11,percentage,0,11,false,false
8,1,Chuck Wicks_S8,0.07953995567322512,0.0823045267489712,13,4,5,9,0.16184448242219632,3,5,11,9,5,11,percentage,0,11,false,false
8,1,David Alan Grier_S8,0.07444458349797704,0.07818930041152264,13,12,6,18,0.15263388390949967,9,8,5,6,6,11,percentage,0,11,false,false
8,1,Denise Richards_S8,0.08055931478199974,0.07407407407407407,13,2,7,9,0.1546333888560738,2,6,12,8,7,11,percentage,0,11,false,false
8,1,Gilles Marini_S8,0.08137791053879989,0.09876543209876543,13,1,1,2,0.18014334263756532,1,1,13,13,1,11,percentage,0,11,false,false
8,1,Holly Madison_S8,0.07879492862953871,0.07407407407407407,13,5,7,12,0.15286900270361278,7,7,7,7,8,11,percentage,0,11,false,false
8,1,Lawrence Taylor_S8,0.07644935479161132,0.06584362139917696,13,8,11,19,0.1422929761907883,10,11,4,3,11,11,percentage,0,11,false,false
8,1,Lil' Kim_S8,0.07841907354054595,0.08641975308641975,13,6,4,10,0.1648388266269657,5,4,9,10,4,11,percentage,0,11,false,false
8,1,Melissa Rycroft_S8,0.07636645669073483,0.09465020576131687,13,9,2,11,0.17101666245205172,6,3,8,11,2,11,percentage,0,11,false,false
8,1,Shawn Johnson_S8,0.07649725507295,0.09465020576131687,13,7,2,9,0.17114746083426685,4,2,10,12,3,11,percentage,0,11,false,false
8,1,Steve Wozniak_S8,0.0666384827006498,0.053497942386831275,13,13,13,26,0.12013642508748107,13,13,1,1,13,11,percentage,0,11,false,false
8,1,Steve-O_S8,0.07463305748228605,0.06995884773662552,13,11,9,20,0.14459190521891158,12,10,2,4,10,11,percentage,0,11,false,false
8,1,Ty Murray_S8,0.0803939242412781,0.05761316872427984,13,3,12,15,0.13800709296555794,8,12,6,2,12,11,percentage,0,11,false,false
8,2,Belinda Carlisle_S8,0.04512618966447882,0.06792452830188679,13,13,9,22,0.11305071796636562,12,13,2,1,10,11,percentage,1,11,false,true
8,2,Chuck Wicks_S8,0.07930608580454411,0.07547169811320754,13,8,7,15,0.15477778391775165,9,8,5,6,8,11,percentage,1,11,false,false
8,2,David Alan Grier_S8,0.07958998603715683,0.06415094339622641,13,6,11,17,0.14374092943338324,11,10,3,4,12,11,percentage,1,11,false,false
8,2,Denise Richards_S8,0.07668264136148702,0.07924528301886792,13,10,5,15,0.15592792438035494,10,7,4,7,5,11,percentage,1,11,false,false
8,2,Gilles Marini_S8,0.08099174521388908,0.1018867924528302,13,3,1,4,0.18287853766671927,1,1,13,13,1,11,percentage,1,11,false,false
8,2,Holly Madison_S8,0.08416131778533303,0.06792452830188679,13,2,9,11,0.1520858460872198,3,9,11,5,9,11,percentage,1,11,false,false
8,2,Lawrence Taylor_S8,0.08050983634022003,0.07547169811320754,13,5,7,12,0.15598153445342758,5,6,9,8,6,11,percentage,1,11,false,false
8,2,Lil' Kim_S8,0.07895458049888172,0.08679245283018867,13,9,4,13,0.1657470333290704,6,3,8,11,4,11,percentage,1,11,false,false
8,2,Melissa Rycroft_S8,0.07946696735758128,0.09811320754716982,13,7,2,9,0.1775801749047511,2,2,12,12,2,11,percentage,1,11,false,false
8,2,Shawn Johnson_S8,0.07438661190872614,0.09056603773584905,13,11,3,14,0.16495264964457518,8,4,6,10,3,11,percentage,1,11,false,false
8,2,Steve Wozniak_S8,0.07412400259627658,0.06415094339622641,13,12,11,23,0.138274945992503,13,12,1,2,11,11,percentage,1,11,true,false
8,2,Steve-O_S8,0.08582967652902239,0.052830188679245285,13,1,13,14,0.13865986520826767,7,11,7,3,13,11,percentage,1,11,false,false
8,2,Ty Murray_S8,0.08087035890240318,0.07547169811320754,13,4,7,11,0.1563420570156107,4,5,10,9,7,11,percentage,1,11,false,false
8,3,Chuck Wicks_S8,0.08440933128430354,0.09055118110236221,12,8,6,14,0.17496051238666577,9,6,4,7,7,11,percentage,1,11,false,false
8,3,David Alan Grier_S8,0.08501772644559782,0.09448818897637795,12,6,5,11,0.17950591542197578,3,4,10,9,5,11,percentage,1,11,false,false
8,3,Denise Richards_S8,0.053361874515801336,0.06299212598425197,12,12,10,22,0.1163540005000533,12,12,1,1,10,11,percentage,1,11,true,true
8,3,Gilles Marini_S8,0.08440029831097973,0.1062992125984252,12,9,2,11,0.19069951090940493,4,3,9,10,3,11,percentage,1,11,false,false
8,3,Holly Madison_S8,0.08822022649666147,0.06692913385826772,12,3,9,12,0.1551493603549292,5,9,8,4,9,11,percentage,1,11,false,false
8,3,Lawrence Taylor_S8,0.08723125778402903,0.07874015748031496,12,4,8,12,0.165971415264344,6,8,7,5,8,11,percentage,1,11,false,false
8,3,Lil' Kim_S8,0.08081695323482527,0.0984251968503937,12,11,4,15,0.179242150085219,10,5,3,8,4,11,percentage,1,11,false,false
8,3,Melissa Rycroft_S8,0.08498392611460923,0.1062992125984252,12,7,2,9,0.19128313871303443,2,2,11,11,1,11,percentage,1,11,false,false
8,3,Shawn Johnson_S8,0.08671106652297708,0.1062992125984252,12,5,2,7,0.19301027912140228,1,1,12,12,2,11,percentage,1,11,false,false
8,3,Steve Wozniak_S8,0.09317004431650927,0.03937007874015748,12,1,12,13,0.13254012305666674,7,11,6,2,12,11,percentage,1,11,false,false
8,3,Steve-O_S8,0.08894867906523907,0.05905511811023622,12,2,11,13,0.1480037971754753,8,10,5,3,11,11,percentage,1,11,false,false
8,3,Ty Murray_S8,0.08272861590846681,0.09055118110236221,12,10,6,16,0.17327979701082902,11,7,2,6,6,11,percentage,1,11,false,false
8,4,Chuck Wicks_S8,0.09122801683800483,0.09090909090909091,11,9,6,15,0.18213710774709574,9,7,3,5,7,11,percentage,2,11,false,false
8,4,David Alan Grier_S8,0.09532433822162861,0.09090909090909091,11,5,6,11,0.18623342913071952,7,6,5,6,6,11,percentage,2,11,false,false
8,4,Gilles Marini_S8,0.09187735862476752,0.12396694214876033,11,8,1,9,0.21584430077352784,4,1,8,11,1,11,percentage,2,11,false,false
8,4,Holly Madison_S8,0.0697636782283991,0.06611570247933884,11,11,9,20,0.13587938070773795,10,10,2,2,9,11,percentage,2,11,true,true
8,4,Lawrence Taylor_S8,0.09824160013808751,0.07851239669421488,11,2,8,10,0.1767539968323024,5,8,7,4,8,11,percentage,2,11,false,false
8,4,Lil' Kim_S8,0.09322011874788325,0.1115702479338843,11,6,3,9,0.20479036668176753,3,3,9,9,3,11,percentage,2,11,false,false
8,4,Melissa Rycroft_S8,0.09561653728982782,0.11983471074380166,11,4,2,6,0.21545124803362947,1,2,11,10,2,11,percentage,2,11,false,false
8,4,Shawn Johnson_S8,0.09221336718843255,0.10330578512396695,11,7,4,11,0.1955191523123995,8,5,4,7,5,11,percentage,2,11,false,false
8,4,Steve Wozniak_S8,0.07090606445520882,0.049586776859504134,11,10,11,21,0.12049284131471295,11,11,1,1,11,11,percentage,2,11,true,true
8,4,Steve-O_S8,0.10473660554931043,0.06198347107438017,11,1,10,11,0.1667200766236906,6,9,6,3,10,11,percentage,2,11,false,false
8,4,Ty Murray_S8,0.09687231471845112,0.10330578512396695,11,3,4,7,0.20017809984241808,2,4,10,8,4,11,percentage,2,11,false,false
8,5,Chuck Wicks_S8,0.11558925032961227,0.10952380952380952,9,4,5,9,0.22511305985342178,2,5,8,5,5,11,percentage,1,11,false,false
8,5,David Alan Grier_S8,0.06854087041401681,0.10476190476190476,9,9,6,15,0.17330277517592158,9,9,1,1,6,11,percentage,1,11,true,true
8,5,Gilles Marini_S8,0.10914074599190003,0.1380952380952381,9,8,1,9,0.24723598408713815,5,1,5,9,1,11,percentage,1,11,false,false
8,5,Lawrence Taylor_S8,0.12112540650515471,0.09523809523809523,9,2,8,10,0.21636350174324995,7,7,3,3,8,11,percentage,1,11,false,false
8,5,Lil' Kim_S8,0.11353775446683338,0.12380952380952381,9,6,2,8,0.2373472782763572,1,2,9,8,2,11,percentage,1,11,false,false
8,5,Melissa Rycroft_S8,0.1143770954317024,0.11904761904761904,9,5,4,9,0.23342471447932145,3,4,7,6,4,11,percentage,1,11,false,false
8,5,Shawn Johnson_S8,0.11295796535693618,0.12380952380952381,9,7,2,9,0.23676748916646,4,3,6,7,3,11,percentage,1,11,false,false
8,5,Steve-O_S8,0.12426819572744974,0.08571428571428572,9,1,9,10,0.20998248144173545,6,8,4,2,9,11,percentage,1,11,false,false
8,5,Ty Murray_S8,0.12046271577639406,0.1,9,3,7,10,0.22046271577639406,8,6,2,4,7,11,percentage,1,11,false,false
8,6,Chuck Wicks_S8,0.12742642300085777,0.12365591397849462,8,4,5,9,0.2510823369793524,7,5,2,4,5,11,percentage,1,11,false,false
8,6,Gilles Marini_S8,0.12793959322620227,0.13978494623655913,8,3,3,6,0.2677245394627614,1,3,8,6,3,11,percentage,1,11,false,false
8,6,Lawrence Taylor_S8,0.12968286053164632,0.11827956989247312,8,2,6,8,0.24796243042411945,3,6,6,3,6,11,percentage,1,11,false,false
8,6,Lil' Kim_S8,0.12320168302341555,0.15053763440860216,8,7,1,8,0.27373931743201774,6,1,3,8,1,11,percentage,1,11,false,false
8,6,Melissa Rycroft_S8,0.12554426651700196,0.14516129032258066,8,6,2,8,0.27070555683958264,5,2,4,7,2,11,percentage,1,11,false,false
8,6,Shawn Johnson_S8,0.12739520054060777,0.13978494623655913,8,5,3,8,0.2671801467771669,4,4,5,5,4,11,percentage,1,11,false,false
8,6,Steve-O_S8,0.10095346971689607,0.08602150537634409,8,8,8,16,0.18697497509324018,8,8,1,1,8,11,percentage,1,11,true,true
8,6,Ty Murray_S8,0.13785650344337289,0.0967741935483871,8,1,7,8,0.23463069699175998,2,7,7,2,7,11,percentage,1,11,false,false
8,7,Chuck Wicks_S8,0.14655725031288186,0.14835164835164835,7,4,3,7,0.2949088986645302,4,4,4,4,4,11,percentage,1,11,false,false
8,7,Gilles Marini_S8,0.1501391172308824,0.14835164835164835,7,2,3,5,0.29849076558253074,1,2,7,6,3,11,percentage,1,11,false,false
8,7,Lawrence Taylor_S8,0.11107159208271783,0.11538461538461539,7,7,7,14,0.22645620746733322,7,7,1,1,7,11,percentage,1,11,true,true
8,7,Lil' Kim_S8,0.14880916770018657,0.14285714285714285,7,3,5,8,0.2916663105573294,5,5,3,3,5,11,percentage,1,11,false,false
8,7,Melissa Rycroft_S8,0.14477451523061052,0.15934065934065933,7,5,1,6,0.30411517457126985,2,1,6,7,1,11,percentage,1,11,false,false
8,7,Shawn Johnson_S8,0.14384395968447453,0.15384615384615385,7,6,2,8,0.29769011353062835,6,3,2,5,2,11,percentage,1,11,false,false
8,7,Ty Murray_S8,0.15480439775824642,0.13186813186813187,7,1,6,7,0.2866725296263783,3,6,5,2,6,11,percentage,1,11,false,false
8,8,Chuck Wicks_S8,0.1126978435414465,0.16346153846153846,6,6,5,11,0.27615938200298495,6,6,1,1,5,11,percentage,1,11,true,true
8,8,Gilles Marini_S8,0.17402774384027836,0.1762820512820513,6,3,2,5,0.3503097951223296,2,2,5,5,2,11,percentage,1,11,false,false
8,8,Lil' Kim_S8,0.17337119425526706,0.1794871794871795,6,5,1,6,0.35285837374244655,3,1,4,6,1,11,percentage,1,11,false,false
8,8,Melissa Rycroft_S8,0.18490886130354833,0.14743589743589744,6,1,6,7,0.3323447587394458,4,5,3,2,6,11,percentage,1,11,false,false
8,8,Shawn Johnson_S8,0.17340670291326546,0.16666666666666666,6,4,3,7,0.3400733695799321,5,4,2,3,4,11,percentage,1,11,false,false
8,8,Ty Murray_S8,0.18158765414619443,0.16666666666666666,6,2,3,5,0.3482543208128611,1,3,6,4,3,11,percentage,1,11,false,false
8,9,Gilles Marini_S8,0.21199613372284035,0.20973782771535582,5,2,2,4,0.4217339614381962,1,1,5,5,3,11,percentage,1,11,false,false
8,9,Lil' Kim_S8,0.14309096179624234,0.1947565543071161,5,5,4,9,0.33784751610335845,5,5,1,1,4,11,percentage,1,11,true,true
8,9,Melissa Rycroft_S8,0.2078050723623131,0.21348314606741572,5,4,1,5,0.42128821842972886,3,2,3,4,1,11,percentage,1,11,false,false
8,9,Shawn Johnson_S8,0.208390165647234,0.20973782771535582,5,3,2,5,0.4181279933625898,2,3,4,3,2,11,percentage,1,11,false,false
8,9,Ty Murray_S8,0.22871766647137004,0.17228464419475656,5,1,5,6,0.40100231066612657,4,4,2,2,5,11,percentage,1,11,false,false
8,10,Gilles Marini_S8,0.2636456400326666,0.273972602739726,4,3,1,4,0.5376182427723926,3,1,2,4,1,11,percentage,1,11,false,false
8,10,Melissa Rycroft_S8,0.26760094290441416,0.2511415525114155,4,1,3,4,0.5187424954158297,1,3,4,2,3,11,percentage,1,11,false,false
8,10,Shawn Johnson_S8,0.2637638456681698,0.2557077625570776,4,2,2,4,0.5194716082252474,2,2,3,3,2,11,percentage,1,11,false,false
8,10,Ty Murray_S8,0.2049895713947495,0.2191780821917808,4,4,4,8,0.4241676535865303,4,4,1,1,4,11,percentage,1,11,true,true
8,11,Gilles Marini_S8,0.3362080842050335,0.3314285714285714,3,2,2,4,0.6676366556336049,2,2,2,2,2,11,percentage,3,11,true,true
8,11,Melissa Rycroft_S8,0.26323940886771974,0.32571428571428573,3,3,3,6,0.5889536945820055,3,3,1,1,3,11,percentage,3,11,true,true
8,11,Shawn Johnson_S8,0.4005525069272466,0.34285714285714286,3,1,1,2,0.7434096497843894,1,1,3,3,1,11,percentage,3,11,true,true
9,1,Aaron Carter_S9,0.06312380495460998,0.07881779829674204,16,13,2,15,0.14194160325135202,11,1,6,16,2,10,percentage,2,10,false,false
9,1,Ashley Hamiliton_S9,0.04501810166594118,0.046797967676719905,16,15,15,30,0.0918160693426611,15,15,2,2,16,10,percentage,2,10,true,true
9,1,Chuck Liddell_S9,0.06797082179834046,0.05418740566465287,16,4,10,14,0.12215822746299333,6,11,11,6,11,10,percentage,2,10,false,false
9,1,Debi Mazar_S9,0.06837905130116,0.05418740566465287,16,2,10,12,0.12256645696581286,2,10,15,7,10,10,percentage,2,10,false,false
9,1,Donny Osmond_S9,0.06582399243720415,0.07389167050904633,16,5,5,10,0.13971566294625049,1,3,16,14,5,10,percentage,2,10,false,false
9,1,Joanna Krupa_S9,0.05549310360145157,0.08374392608443776,16,14,1,15,0.13923702968588933,12,5,5,12,1,10,percentage,2,10,false,false
9,1,Kathy Ireland_S9,0.06377480856188895,0.04926103157056776,16,11,12,23,0.11303584013245671,14,14,3,3,12,10,percentage,2,10,false,false
9,1,Kelly Osbourne_S9,0.06407623487276351,0.07635448809650482,16,10,4,14,0.14043072296926834,7,2,10,15,4,10,percentage,2,10,false,false
9,1,Louie Vito_S9,0.06470022127469706,0.06650223252111338,16,8,7,15,0.13120245379581044,9,8,8,9,7,10,percentage,2,10,false,false
9,1,Macy Gray_S9,0.04488327757478806,0.046797967676719905,16,16,15,31,0.09168124525150796,16,16,1,1,15,10,percentage,2,10,true,true
9,1,Mark Dacascos_S9,0.06529308247915892,0.0714283603088091,16,7,6,13,0.13672144278796802,5,6,12,11,6,10,percentage,2,10,false,false
9,1,Melissa Joan Hart_S9,0.06815090422058159,0.05911353345234858,16,3,9,12,0.12726443767293016,3,9,14,8,9,10,percentage,2,10,false,false
9,1,Michael Irvin_S9,0.07011497688488766,0.046798213983109294,16,1,14,15,0.11691319086799695,8,12,9,5,14,10,percentage,2,10,false,false
9,1,Mya_S9,0.06329188407582,0.07635473440289418,16,12,3,15,0.13964661847871418,10,4,7,13,3,10,percentage,2,10,false,false
9,1,Natalie Coughlin_S9,0.06569024055953084,0.06650223252111338,16,6,7,13,0.13219247308064422,4,7,13,10,8,10,percentage,2,10,false,false
9,1,Tom DeLay_S9,0.0642154937371762,0.04926103157056776,16,9,12,21,0.11347652530774396,13,13,4,4,13,10,percentage,2,10,false,false
9,2,Aaron Carter_S9,0.07360300203150691,0.09183673469387756,14,9,1,10,0.16543973672538448,2,1,13,14,2,10,percentage,1,10,false,false
9,2,Chuck Liddell_S9,0.0762507623983835,0.06462585034013606,14,4,10,14,0.14087661273851956,10,10,5,5,10,10,percentage,1,10,false,false
9,2,Debi Mazar_S9,0.07376741072254175,0.07142857142857142,14,8,5,13,0.14519598215111318,8,6,7,9,4,10,percentage,1,10,false,false
9,2,Donny Osmond_S9,0.07294899547939729,0.08503401360544217,14,10,3,13,0.15798300908483948,9,3,6,12,3,10,percentage,1,10,false,false
9,2,Joanna Krupa_S9,0.06667968792042493,0.06802721088435375,14,13,7,20,0.13470689880477868,12,12,3,3,8,10,percentage,1,10,false,false
9,2,Kathy Ireland_S9,0.04104157223591516,0.061224489795918366,14,14,13,27,0.10226606203183353,14,14,1,1,14,10,percentage,1,10,true,true
9,2,Kelly Osbourne_S9,0.07701435407260848,0.06462585034013606,14,1,10,11,0.14164020441274455,3,8,12,7,12,10,percentage,1,10,false,false
9,2,Louie Vito_S9,0.07695498107709882,0.06462585034013606,14,2,10,12,0.14158083141723488,5,9,10,6,11,10,percentage,1,10,false,false
9,2,Mark Dacascos_S9,0.07572557568602487,0.07142857142857142,14,6,5,11,0.1471541471145963,4,4,11,11,6,10,percentage,1,10,false,false
9,2,Melissa Joan Hart_S9,0.07589263340596583,0.06462585034013606,14,5,10,15,0.14051848374610187,11,11,4,4,9,10,percentage,1,10,false,false
9,2,Michael Irvin_S9,0.07651755579635441,0.06802721088435375,14,3,7,10,0.14454476668070815,1,7,14,8,7,10,percentage,1,10,false,false
9,2,Mya_S9,0.07219520399727364,0.09183673469387756,14,11,1,12,0.16403193869115118,7,2,8,13,1,10,percentage,1,10,false,false
9,2,Natalie Coughlin_S9,0.07391482620793152,0.07142857142857142,14,7,5,12,0.14534339763650295,6,5,9,10,5,10,percentage,1,10,false,false
9,2,Tom DeLay_S9,0.06749343896857568,0.061224489795918366,14,12,13,25,0.12871792876449406,13,13,2,2,13,10,percentage,1,10,false,false
9,3,Aaron Carter_S9,0.07865179282287764,0.08139534883720931,13,9,4,13,0.16004714166008693,9,4,5,10,5,10,percentage,2,10,false,false
9,3,Chuck Liddell_S9,0.08533599747639985,0.06589147286821706,13,2,10,12,0.15122747034461692,4,10,10,4,11,10,percentage,2,10,false,false
9,3,Debi Mazar_S9,0.05508027087148046,0.06589147286821706,13,12,10,22,0.12097174373969752,12,12,2,2,10,10,percentage,2,10,true,true
9,3,Donny Osmond_S9,0.07919961192041654,0.08139534883720931,13,8,4,12,0.16059496075762586,8,3,6,11,4,10,percentage,2,10,false,false
9,3,Joanna Krupa_S9,0.06916463941983625,0.08914728682170543,13,11,3,14,0.15831192624154167,11,6,3,8,3,10,percentage,2,10,false,false
9,3,Kelly Osbourne_S9,0.0806632749653761,0.07751937984496124,13,6,6,12,0.15818265481033733,7,7,7,7,6,10,percentage,2,10,false,false
9,3,Louie Vito_S9,0.0811107614077698,0.07751937984496124,13,5,6,11,0.15863014125273103,2,5,12,9,7,10,percentage,2,10,false,false
9,3,Mark Dacascos_S9,0.08388143631944642,0.06976744186046512,13,3,9,12,0.15364887817991152,5,9,9,5,9,10,percentage,2,10,false,false
9,3,Melissa Joan Hart_S9,0.08362558992477423,0.07364341085271318,13,4,8,12,0.1572690007774874,6,8,8,6,8,10,percentage,2,10,false,false
9,3,Michael Irvin_S9,0.09168731127333088,0.05426356589147287,13,1,13,14,0.14595087716480376,10,11,4,3,13,10,percentage,2,10,false,false
9,3,Mya_S9,0.07729800559058404,0.10465116279069768,13,10,1,11,0.18194916838128172,3,1,11,13,1,10,percentage,2,10,false,false
9,3,Natalie Coughlin_S9,0.07949756235472655,0.10077519379844961,13,7,2,9,0.18027275615317617,1,2,13,12,2,10,percentage,2,10,false,false
9,3,Tom DeLay_S9,0.05480374565297933,0.05813953488372093,13,13,12,25,0.11294328053670026,13,13,1,1,12,10,percentage,2,10,true,true
9,4,Aaron Carter_S9,0.09819797907384496,0.0743801652892562,11,3,8,11,0.17257814436310115,5,8,7,4,8,10,percentage,1,10,false,false
9,4,Chuck Liddell_S9,0.06382874283041376,0.07024793388429752,11,11,9,20,0.1340766767147113,11,11,1,1,9,10,percentage,1,10,true,true
9,4,Donny Osmond_S9,0.09219959557454431,0.09917355371900827,11,8,4,12,0.1913731492935526,7,4,5,8,5,10,percentage,1,10,false,false
9,4,Joanna Krupa_S9,0.08058508088923644,0.10743801652892562,11,10,3,13,0.18802309741816206,10,6,2,6,3,10,percentage,1,10,false,false
9,4,Kelly Osbourne_S9,0.09311437781526596,0.09504132231404959,11,7,6,13,0.18815570012931554,9,5,3,7,6,10,percentage,1,10,false,false
9,4,Louie Vito_S9,0.10015860220996527,0.06611570247933884,11,2,10,12,0.1662743046893041,6,10,6,2,10,10,percentage,1,10,false,false
9,4,Mark Dacascos_S9,0.09341682607195659,0.09090909090909091,11,6,7,13,0.1843259169810475,8,7,4,5,7,10,percentage,1,10,false,false
9,4,Melissa Joan Hart_S9,0.0938403474995636,0.11570247933884298,11,5,1,6,0.20954282683840658,1,1,11,11,2,10,percentage,1,10,false,false
9,4,Michael Irvin_S9,0.101099437800658,0.06611570247933884,11,1,10,11,0.16721514027999684,4,9,8,3,11,10,percentage,1,10,false,false
9,4,Mya_S9,0.08954887487550149,0.11570247933884298,11,9,1,10,0.20525135421434448,3,2,9,10,1,10,percentage,1,10,false,false
9,4,Natalie Coughlin_S9,0.09401013535904813,0.09917355371900827,11,4,4,8,0.1931836890780564,2,3,10,9,4,10,percentage,1,10,false,false
9,5,Aaron Carter_S9,0.10341379159021599,0.09917355371900827,10,6,5,11,0.20258734530922426,8,5,3,6,5,10,percentage,1,10,false,false
9,5,Donny Osmond_S9,0.10160670479192833,0.11983471074380166,10,8,1,9,0.22144141553573,3,1,8,10,1,10,percentage,1,10,false,false
9,5,Joanna Krupa_S9,0.09479200459689868,0.09917355371900827,10,9,5,14,0.19396555831590695,9,9,2,2,4,10,percentage,1,10,false,false
9,5,Kelly Osbourne_S9,0.10387256514817375,0.09917355371900827,10,5,5,10,0.20304611886718202,6,4,5,7,6,10,percentage,1,10,false,false
9,5,Louie Vito_S9,0.10776269014554792,0.09090909090909091,10,2,8,10,0.19867178105463884,4,7,7,4,8,10,percentage,1,10,false,false
9,5,Mark Dacascos_S9,0.10493560711511113,0.10743801652892562,10,4,3,7,0.21237362364403675,1,3,10,8,3,10,percentage,1,10,false,false
9,5,Melissa Joan Hart_S9,0.10691510138788606,0.09504132231404959,10,3,7,10,0.20195642370193564,5,6,6,5,7,10,percentage,1,10,false,false
9,5,Michael Irvin_S9,0.10940872156144171,0.08677685950413223,10,1,10,11,0.19618558106557393,7,8,4,3,10,10,percentage,1,10,false,false
9,5,Mya_S9,0.10219423626772853,0.1115702479338843,10,7,2,9,0.21376448420161281,2,2,9,9,2,10,percentage,1,10,false,false
9,5,Natalie Coughlin_S9,0.06509857739506861,0.09090909090909091,10,10,8,18,0.15600766830415952,10,10,1,1,9,10,percentage,1,10,true,true
9,6,Aaron Carter_S9,0.11228444137316371,0.12692274704027823,9,6,3,9,0.23920718841344193,6,4,4,6,3,10,percentage,2,10,false,false
9,6,Donny Osmond_S9,0.11722197455825371,0.11923079733737539,9,3,5,8,0.2364527718956291,3,5,7,5,5,10,percentage,2,10,false,false
9,6,Joanna Krupa_S9,0.10295497726014415,0.13846163313642237,9,7,1,8,0.24141661039656653,5,1,5,9,1,10,percentage,2,10,false,false
9,6,Kelly Osbourne_S9,0.12674031074952063,0.09615340976180302,9,2,6,8,0.22289372051132367,2,6,8,4,6,10,percentage,2,10,false,false
9,6,Louie Vito_S9,0.08861562017797998,0.09230801183542559,9,9,7,16,0.18092363201340556,9,9,1,1,7,10,percentage,2,10,true,true
9,6,Mark Dacascos_S9,0.11695087883672764,0.12307734911390078,9,4,4,8,0.24002822795062842,4,3,6,7,4,10,percentage,2,10,false,false
9,6,Melissa Joan Hart_S9,0.0886312710204563,0.09230762721870961,9,8,8,16,0.18093889823916592,8,8,2,2,8,10,percentage,2,10,true,true
9,6,Michael Irvin_S9,0.13246765756161863,0.08461490828237482,9,1,9,10,0.21708256584399344,7,7,3,3,9,10,percentage,2,10,false,false
9,6,Mya_S9,0.11413286846213577,0.12692351627371018,9,5,2,7,0.24105638473584595,1,2,9,8,2,10,percentage,2,10,false,false
9,7,Aaron Carter_S9,0.15478313701479313,0.150997150997151,7,4,2,6,0.3057802880119441,4,1,4,7,2,10,percentage,2,10,false,false
9,7,Donny Osmond_S9,0.15585700277086464,0.14814814814814814,7,2,3,5,0.3040051509190128,1,2,7,6,3,10,percentage,2,10,false,false
9,7,Joanna Krupa_S9,0.14171832737583287,0.15669515669515668,7,5,1,6,0.29841348407098955,5,5,3,3,1,10,percentage,2,10,false,false
9,7,Kelly Osbourne_S9,0.15577842302232597,0.14814814814814814,7,3,3,6,0.3039265711704741,3,3,5,5,4,10,percentage,2,10,false,false
9,7,Mark Dacascos_S9,0.12071459418915571,0.1225071225071225,7,6,7,13,0.24322171669627823,6,7,2,1,7,10,percentage,2,10,true,true
9,7,Michael Irvin_S9,0.1116307427050129,0.1339031339031339,7,7,6,13,0.2455338766081468,7,6,1,2,6,10,percentage,2,10,true,true
9,7,Mya_S9,0.15951777292201558,0.1396011396011396,7,1,5,6,0.29911891252315514,2,4,6,4,5,10,percentage,2,10,false,false
9,8,Aaron Carter_S9,0.14541004025446413,0.19083969465648856,5,5,4,9,0.33624973491095267,5,5,1,1,4,10,percentage,1,10,true,true
9,8,Donny Osmond_S9,0.2207356353278903,0.19083969465648856,5,1,4,5,0.41157532998437885,2,3,4,3,5,10,percentage,1,10,false,false
9,8,Joanna Krupa_S9,0.2006823655037112,0.1984732824427481,5,4,2,6,0.3991556479464593,4,4,2,2,2,10,percentage,1,10,false,false
9,8,Kelly Osbourne_S9,0.21888180947384966,0.1946564885496183,5,2,3,5,0.413538298023468,3,2,3,4,3,10,percentage,1,10,false,false
9,8,Mya_S9,0.2142901494400869,0.22519083969465647,5,3,1,4,0.43948098913474337,1,1,5,5,1,10,percentage,1,10,false,false
9,9,Donny Osmond_S9,0.28071764548746647,0.2312501699224591,4,1,4,5,0.5119678154099255,2,3,3,2,4,10,percentage,1,10,false,false
9,9,Joanna Krupa_S9,0.171920631230715,0.2531258701201785,4,4,2,6,0.4250465013508935,4,4,1,1,2,10,percentage,1,10,true,true
9,9,Kelly Osbourne_S9,0.279543078390741,0.2437489628870599,4,2,3,5,0.5232920412778009,3,2,2,3,3,10,percentage,1,10,false,false
9,9,Mya_S9,0.2678186448910742,0.27187499707030244,4,3,1,4,0.5396936419613767,1,1,4,4,1,10,percentage,1,10,false,false
9,10,Donny Osmond_S9,0.39656305897790767,0.35127769056340485,3,1,1,2,0.7478407495413125,1,1,3,3,1,10,percentage,3,10,true,true
9,10,Kelly Osbourne_S9,0.2780074976528026,0.305519216233502,3,3,3,6,0.5835267138863045,3,3,1,1,3,10,percentage,3,10,true,true
9,10,Mya_S9,0.3254294433692938,0.34320309320309317,3,2,2,4,0.668632536572387,2,2,2,2,2,10,percentage,3,10,true,true
10,1,Aiden Turner_S10,0.0964456006701073,0.07177033492822966,11,6,10,16,0.16821593559833697,10,10,2,2,10,10,percentage,0,10,false,false
10,1,Buzz Aldrin_S10,0.0697281274257639,0.06698564593301436,11,11,11,22,0.13671377335877827,11,11,1,1,11,10,percentage,0,10,false,false
10,1,Chad Ochocinco_S10,0.09676739263849796,0.0861244019138756,11,4,7,11,0.18289179455237356,5,5,7,7,6,10,percentage,0,10,false,false
10,1,Erin Andrews_S10,0.07678765835226081,0.10047846889952153,11,10,3,13,0.17726612725178234,7,8,5,4,4,10,percentage,0,10,false,false
10,1,Evan Lysacek_S10,0.09817730253255184,0.11004784688995216,11,1,2,3,0.208225149422504,1,2,11,10,2,10,percentage,0,10,false,false
10,1,Jake Pavelka_S10,0.09728967816824716,0.09569377990430622,11,3,5,8,0.19298345807255338,2,3,10,9,5,10,percentage,0,10,false,false
10,1,Kate Gosselin_S10,0.09660592479193769,0.07655502392344497,11,5,9,14,0.17316094871538268,8,9,4,3,9,10,percentage,0,10,false,false
10,1,Nicole Scherzinger_S10,0.09446838719833711,0.11961722488038277,11,8,1,9,0.2140856120787199,4,1,8,11,1,10,percentage,0,10,false,false
10,1,Niecy Nash_S10,0.098159075528284,0.0861244019138756,11,2,7,9,0.18428347744215962,3,4,9,8,8,10,percentage,0,10,false,false
10,1,Pamela Anderson_S10,0.08031102097669374,0.10047846889952153,11,9,3,12,0.18078948987621526,6,7,6,5,3,10,percentage,0,10,false,false
10,1,Shannen Doherty_S10,0.09525983171731876,0.0861244019138756,11,7,7,14,0.18138423363119438,9,6,3,6,7,10,percentage,0,10,false,false
10,2,Aiden Turner_S10,0.09973009773118081,0.08636363636363636,11,3,8,11,0.18609373409481716,6,5,6,7,8,10,percentage,1,10,false,false
10,2,Buzz Aldrin_S10,0.09810142920663885,0.05454545454545454,11,5,11,16,0.1526468837520934,10,10,2,2,11,10,percentage,1,10,false,false
10,2,Chad Ochocinco_S10,0.10200381690652731,0.07272727272727272,11,2,9,11,0.17473108963380002,5,8,7,4,9,10,percentage,1,10,false,false
10,2,Erin Andrews_S10,0.08025670942395466,0.10454545454545454,11,10,3,13,0.18480216396940918,9,6,3,6,3,10,percentage,1,10,false,false
10,2,Evan Lysacek_S10,0.09644550212023718,0.10909090909090909,11,7,2,9,0.20553641121114627,1,2,11,10,2,10,percentage,1,10,false,false
10,2,Jake Pavelka_S10,0.09923613385082837,0.09090909090909091,11,4,6,10,0.1901452247599193,3,4,9,8,6,10,percentage,1,10,false,false
10,2,Kate Gosselin_S10,0.10363685634003328,0.06818181818181818,11,1,10,11,0.17181867452185146,4,9,8,3,10,10,percentage,1,10,false,false
10,2,Nicole Scherzinger_S10,0.09288067881722491,0.12727272727272726,11,8,1,9,0.22015340608995215,2,1,10,11,1,10,percentage,1,10,false,false
10,2,Niecy Nash_S10,0.09705300712473951,0.09545454545454546,11,6,5,11,0.19250755257928498,7,3,5,9,5,10,percentage,1,10,false,false
10,2,Pamela Anderson_S10,0.08405186138953415,0.1,11,9,4,13,0.18405186138953417,8,7,4,5,4,10,percentage,1,10,false,false
10,2,Shannen Doherty_S10,0.04660390708910168,0.09090909090909091,11,11,6,17,0.13751299799819258,11,11,1,1,7,10,percentage,1,10,true,true
10,3,Aiden Turner_S10,0.109608700635341,0.09852216748768473,10,2,7,9,0.20813086812302573,3,6,8,5,7,10,percentage,1,10,false,false
10,3,Buzz Aldrin_S10,0.06546404415886785,0.06403940886699508,10,10,10,20,0.1295034530258629,10,10,1,1,10,10,percentage,1,10,true,true
10,3,Chad Ochocinco_S10,0.11015806407272276,0.09852216748768473,10,1,7,8,0.2086802315604075,2,5,9,6,8,10,percentage,1,10,false,false
10,3,Erin Andrews_S10,0.08700731792815361,0.11330049261083744,10,9,2,11,0.20030781053899105,7,7,4,4,2,10,percentage,1,10,false,false
10,3,Evan Lysacek_S10,0.10360351007903022,0.12807881773399016,10,6,1,7,0.2316823278130204,1,1,10,10,1,10,percentage,1,10,false,false
10,3,Jake Pavelka_S10,0.10709216879364276,0.10344827586206896,10,5,5,10,0.21054044465571173,6,4,5,7,6,10,percentage,1,10,false,false
10,3,Kate Gosselin_S10,0.10948549160342944,0.07389162561576355,10,3,9,12,0.18337711721919298,8,9,3,2,9,10,percentage,1,10,false,false
10,3,Nicole Scherzinger_S10,0.1035076050512558,0.11330049261083744,10,7,2,9,0.21680809766209325,5,2,6,9,3,10,percentage,1,10,false,false
10,3,Niecy Nash_S10,0.10749302175651174,0.10344827586206896,10,4,5,9,0.21094129761858071,4,3,7,8,5,10,percentage,1,10,false,false
10,3,Pamela Anderson_S10,0.09658007592104426,0.10344827586206896,10,8,5,13,0.20002835178311323,9,8,2,3,4,10,percentage,1,10,false,false
10,4,Aiden Turner_S10,0.08072507350472592,0.0889487870619946,9,9,8,17,0.1696738605667205,9,9,1,1,8,10,percentage,1,10,true,true
10,4,Chad Ochocinco_S10,0.11734989268717758,0.11859838274932614,9,4,4,8,0.2359482754365037,2,3,8,7,4,10,percentage,1,10,false,false
10,4,Erin Andrews_S10,0.10144074380559671,0.10512129380053908,9,8,5,13,0.20656203760613578,8,8,2,2,5,10,percentage,1,10,false,false
10,4,Evan Lysacek_S10,0.11503129347309285,0.14016172506738545,9,5,1,6,0.25519301854047827,1,1,9,9,1,10,percentage,1,10,false,false
10,4,Jake Pavelka_S10,0.12255364906607687,0.10242587601078167,9,3,6,9,0.22497952507685853,5,5,5,5,6,10,percentage,1,10,false,false
10,4,Kate Gosselin_S10,0.12371846496477386,0.0862533692722372,9,1,9,10,0.20997183423701105,6,7,4,3,9,10,percentage,1,10,false,false
10,4,Nicole Scherzinger_S10,0.11423513019691418,0.1347708894878706,9,6,2,8,0.2490060196847848,3,2,7,8,2,10,percentage,1,10,false,false
10,4,Niecy Nash_S10,0.12320715939794459,0.09703504043126684,9,2,7,9,0.22024219982921145,4,6,6,4,7,10,percentage,1,10,false,false
10,4,Pamela Anderson_S10,0.10173859290369731,0.12668463611859837,9,7,3,10,0.22842322902229567,7,4,3,6,3,10,percentage,1,10,false,false
10,5,Chad Ochocinco_S10,0.13869738146447097,0.10404624277456648,8,2,6,8,0.24274362423903745,5,5,4,4,7,10,percentage,1,10,false,false
10,5,Erin Andrews_S10,0.11368659656771313,0.12716763005780346,8,7,4,11,0.2408542266255166,7,7,2,2,4,10,percentage,1,10,false,false
10,5,Evan Lysacek_S10,0.12936091634668745,0.15606936416184972,8,4,2,6,0.28543028050853714,2,2,7,7,2,10,percentage,1,10,false,false
10,5,Jake Pavelka_S10,0.13442890174950234,0.1329479768786127,8,3,3,6,0.26737687862811504,1,3,8,6,3,10,percentage,1,10,false,false
10,5,Kate Gosselin_S10,0.10006336269334222,0.08670520231213873,8,8,8,16,0.18676856500548095,8,8,1,1,8,10,percentage,1,10,true,true
10,5,Nicole Scherzinger_S10,0.12492844355033025,0.1676300578034682,8,5,1,6,0.29255850135379846,3,1,6,8,1,10,percentage,1,10,false,false
10,5,Niecy Nash_S10,0.13927166221676562,0.10404624277456648,8,1,6,7,0.2433179049913321,4,4,5,5,6,10,percentage,1,10,false,false
10,5,Pamela Anderson_S10,0.11956273541118802,0.12138728323699421,8,6,5,11,0.24095001864818222,6,6,3,3,5,10,percentage,1,10,false,false
10,6,Chad Ochocinco_S10,0.15497814938419902,0.14832537716633498,7,3,3,6,0.303303526550534,2,2,6,6,3,10,percentage,1,10,false,false
10,6,Erin Andrews_S10,0.12577603536121656,0.16267997069846646,7,6,2,8,0.288456006059683,5,3,3,5,2,10,percentage,1,10,false,false
10,6,Evan Lysacek_S10,0.15914839344235238,0.12918703555466454,7,2,5,7,0.2883354289970169,4,4,4,4,5,10,percentage,1,10,false,false
10,6,Jake Pavelka_S10,0.10620363426077548,0.1196171470430762,7,7,7,14,0.2258207813038517,7,7,1,1,7,10,percentage,1,10,true,true
10,6,Nicole Scherzinger_S10,0.1544620021429976,0.17224890226905065,7,4,1,5,0.32671090441204825,1,1,7,7,1,10,percentage,1,10,false,false
10,6,Niecy Nash_S10,0.16060285325665463,0.1244013735931173,7,1,6,7,0.28500422684977195,3,5,5,3,6,10,percentage,1,10,false,false
10,6,Pamela Anderson_S10,0.13882893215180395,0.1435401936752898,7,5,4,9,0.2823691258270937,6,6,2,2,4,10,percentage,1,10,false,false
10,7,Chad Ochocinco_S10,0.18552731476647435,0.16720257234726688,6,1,3,4,0.3527298871137412,1,3,6,4,3,10,percentage,1,10,false,false
10,7,Erin Andrews_S10,0.16044721694379652,0.1639871382636656,6,5,4,9,0.3244343552074621,5,5,2,2,4,10,percentage,1,10,false,false
10,7,Evan Lysacek_S10,0.1837363877971856,0.17363344051446947,6,3,1,4,0.3573698283116551,2,1,5,6,2,10,percentage,1,10,false,false
10,7,Nicole Scherzinger_S10,0.17914646835762343,0.17363344051446947,6,4,1,5,0.3527799088720929,3,2,4,5,1,10,percentage,1,10,false,false
10,7,Niecy Nash_S10,0.1841902280162488,0.15755627009646303,6,2,6,8,0.34174649811271185,4,4,3,3,6,10,percentage,1,10,false,false
10,7,Pamela Anderson_S10,0.10695238411867065,0.1639871382636656,6,6,4,10,0.27093952238233626,6,6,1,1,5,10,percentage,1,10,true,true
10,8,Chad Ochocinco_S10,0.22574130375435794,0.17786561264822134,5,1,4,5,0.4036069164025793,3,3,3,3,4,10,percentage,1,10,false,false
10,8,Erin Andrews_S10,0.18500688062800785,0.20948616600790515,5,4,2,6,0.394493046635913,4,4,2,2,3,10,percentage,1,10,false,false
10,8,Evan Lysacek_S10,0.2171750825966324,0.20948616600790515,5,2,2,4,0.4266612486045376,1,2,5,4,2,10,percentage,1,10,false,false
10,8,Nicole Scherzinger_S10,0.20916427127440804,0.233201581027668,5,3,1,4,0.44236585230207603,2,1,4,5,1,10,percentage,1,10,false,false
10,8,Niecy Nash_S10,0.1629124617465939,0.16996047430830039,5,5,5,10,0.3328729360548943,5,5,1,1,5,10,percentage,1,10,true,true
10,9,Chad Ochocinco_S10,0.20080888636649097,0.23008849557522124,4,4,4,8,0.43089738194171223,4,4,1,1,4,10,percentage,1,10,true,true
10,9,Erin Andrews_S10,0.2482980634837221,0.24778761061946902,4,3,3,6,0.49608567410319115,3,3,2,2,3,10,percentage,1,10,false,false
10,9,Evan Lysacek_S10,0.278220984875525,0.2610619469026549,4,1,1,2,0.5392829317781799,1,1,4,4,2,10,percentage,1,10,false,false
10,9,Nicole Scherzinger_S10,0.27267206527426235,0.2610619469026549,4,2,1,3,0.5337340121769172,2,2,3,3,1,10,percentage,1,10,false,false
10,10,Erin Andrews_S10,0.2401086496553562,0.32661232765023673,3,3,2,5,0.5667209773055929,3,3,1,1,2,10,percentage,3,10,true,true
10,10,Evan Lysacek_S10,0.3471796063196555,0.325268368450467,3,2,3,5,0.6724479747701225,2,2,2,2,3,10,percentage,3,10,true,true
10,10,Nicole Scherzinger_S10,0.41271174402498956,0.3481193038992962,3,1,1,2,0.7608310479242857,1,1,3,3,1,10,percentage,3,10,true,true
11,1,Audrina Patridge_S11,0.087164436379293,0.08370044052863436,12,5,5,10,0.17086487690792734,4,6,9,7,5,10,percentage,1,10,false,false
11,1,Brandy_S11,0.08401492640173713,0.1013215859030837,12,8,2,10,0.18533651230482084,5,2,8,11,2,10,percentage,1,10,false,false
11,1,Bristol Palin_S11,0.08314173376649224,0.07929515418502203,12,10,7,17,0.16243688795151429,10,8,3,5,8,10,percentage,1,10,false,false
11,1,David Hasselhoff_S11,0.05560886206543876,0.06607929515418502,12,12,11,23,0.12168815721962378,12,12,1,1,10,10,percentage,1,10,true,true
11,1,Florence Henderson_S11,0.08648352299880574,0.07929515418502203,12,6,7,13,0.16577867718382777,7,7,6,6,7,10,percentage,1,10,false,false
11,1,Jennifer Grey_S11,0.08768309865223348,0.10572687224669604,12,3,1,4,0.19340997089892953,1,1,12,12,1,10,percentage,1,10,false,false
11,1,Kurt Warner_S11,0.08778556183268459,0.08370044052863436,12,2,5,7,0.17148600236131895,2,5,11,8,6,10,percentage,1,10,false,false
11,1,Kyle Massey_S11,0.08303160509344609,0.1013215859030837,12,11,2,13,0.1843531909965298,8,3,5,10,3,10,percentage,1,10,false,false
11,1,Margaret Cho_S11,0.08370898820784925,0.06607929515418502,12,9,11,20,0.14978828336203426,11,11,2,2,12,10,percentage,1,10,false,false
11,1,Michael Bolton_S11,0.08487889460690792,0.07048458149779736,12,7,9,16,0.1553634761047053,9,10,4,3,9,10,percentage,1,10,false,false
11,1,Rick Fox_S11,0.08717626169653703,0.09691629955947137,12,4,4,8,0.1840925612560084,3,4,10,9,4,10,percentage,1,10,false,false
11,1,The Situation_S11,0.08932210829857441,0.06607929515418502,12,1,11,12,0.15540140345275943,6,9,7,4,11,10,percentage,1,10,false,false
11,2,Audrina Patridge_S11,0.09157245855826865,0.10407239819004525,11,7,2,9,0.1956448567483139,6,2,6,10,2,10,percentage,1,10,false,false
11,2,Brandy_S11,0.09127538347094544,0.09502262443438914,11,8,6,14,0.18629800790533457,8,7,4,5,7,10,percentage,1,10,false,false
11,2,Bristol Palin_S11,0.09367152491337817,0.09954751131221719,11,4,3,7,0.19321903622559536,3,3,9,9,4,10,percentage,1,10,false,false
11,2,Florence Henderson_S11,0.08877562871444404,0.08597285067873303,11,10,8,18,0.17474847939317706,10,9,2,3,8,10,percentage,1,10,false,false
11,2,Jennifer Grey_S11,0.09288075259841454,0.1085972850678733,11,5,1,6,0.20147803766628786,1,1,11,11,1,10,percentage,1,10,false,false
11,2,Kurt Warner_S11,0.09597876557180823,0.09502262443438914,11,2,6,8,0.19100139000619737,4,6,8,6,5,10,percentage,1,10,false,false
11,2,Kyle Massey_S11,0.09240137695481304,0.09954751131221719,11,6,3,9,0.19194888826703022,5,5,7,7,3,10,percentage,1,10,false,false
11,2,Margaret Cho_S11,0.0890389663629303,0.08144796380090498,11,9,9,18,0.17048693016383526,9,10,3,2,9,10,percentage,1,10,false,false
11,2,Michael Bolton_S11,0.07233572566844991,0.05429864253393665,11,11,11,22,0.12663436820238655,11,11,1,1,11,10,percentage,1,10,true,true
11,2,Rick Fox_S11,0.09796156855563647,0.09502262443438914,11,1,6,7,0.19298419299002562,2,4,10,8,6,10,percentage,1,10,false,false
11,2,The Situation_S11,0.09410784863091039,0.08144796380090498,11,3,9,12,0.17555581243181537,7,8,5,4,10,10,percentage,1,10,false,false
11,3,Audrina Patridge_S11,0.10318213399596268,0.11764705882352941,10,7,1,8,0.2208291928194921,4,1,7,10,1,10,percentage,1,10,false,false
11,3,Brandy_S11,0.1030623248481422,0.1085972850678733,10,8,3,11,0.2116596099160155,8,4,3,7,3,10,percentage,1,10,false,false
11,3,Bristol Palin_S11,0.10540119019284278,0.08597285067873303,10,1,9,10,0.1913740408715758,6,8,5,3,9,10,percentage,1,10,false,false
11,3,Florence Henderson_S11,0.10034445234763667,0.09049773755656108,10,9,7,16,0.19084218990419777,9,9,2,2,7,10,percentage,1,10,false,false
11,3,Jennifer Grey_S11,0.1039112833756915,0.1085972850678733,10,4,3,7,0.2125085684435648,1,2,10,9,4,10,percentage,1,10,false,false
11,3,Kurt Warner_S11,0.10475095284455807,0.10407239819004525,10,3,5,8,0.2088233510346033,2,5,9,6,6,10,percentage,1,10,false,false
11,3,Kyle Massey_S11,0.10341720356144085,0.10407239819004525,10,6,5,11,0.20748960175148612,7,6,4,5,5,10,percentage,1,10,false,false
11,3,Margaret Cho_S11,0.06716984591005816,0.08144796380090498,10,10,10,20,0.14861780971096314,10,10,1,1,10,10,percentage,1,10,true,true
11,3,Rick Fox_S11,0.10378823307315038,0.1085972850678733,10,5,3,8,0.2123855181410237,3,3,8,8,2,10,percentage,1,10,false,false
11,3,The Situation_S11,0.1049723798505172,0.09049773755656108,10,2,7,9,0.1954701174070783,5,7,6,4,8,10,percentage,1,10,false,false
11,4,Audrina Patridge_S11,0.11256325582935071,0.12849162011173185,9,7,3,10,0.24105487594108255,6,3,4,7,3,10,percentage,1,10,false,false
11,4,Brandy_S11,0.10824740598456357,0.1340782122905028,9,8,2,10,0.24232561827506638,7,2,3,8,2,10,percentage,1,10,false,false
11,4,Bristol Palin_S11,0.11742383550639414,0.0893854748603352,9,3,8,11,0.20680931036672934,8,8,2,2,8,10,percentage,1,10,false,false
11,4,Florence Henderson_S11,0.11333173479977479,0.09776536312849161,9,4,6,10,0.21109709792826642,4,7,6,3,6,10,percentage,1,10,false,false
11,4,Jennifer Grey_S11,0.11324780936974443,0.1564245810055866,9,5,1,6,0.26967239037533103,2,1,8,9,1,10,percentage,1,10,false,false
11,4,Kurt Warner_S11,0.11867812586494243,0.09497206703910614,9,2,7,9,0.21365019290404857,3,6,7,4,7,10,percentage,1,10,false,false
11,4,Kyle Massey_S11,0.11265781715522843,0.11173184357541899,9,6,4,10,0.22438966073064742,5,5,5,5,4,10,percentage,1,10,false,false
11,4,Rick Fox_S11,0.1188123907850564,0.10893854748603352,9,1,5,6,0.22775093827108991,1,4,9,6,5,10,percentage,1,10,false,false
11,4,The Situation_S11,0.08503762470494537,0.0782122905027933,9,9,9,18,0.16324991520773868,9,9,1,1,9,10,percentage,1,10,true,true
11,5,Audrina Patridge_S11,0.13089962813561393,0.12637362637362637,8,4,5,9,0.2572732545092403,6,5,3,4,5,10,percentage,1,10,false,false
11,5,Brandy_S11,0.12710023198162337,0.14835164835164835,8,7,1,8,0.2754518803332717,3,1,6,8,1,10,percentage,1,10,false,false
11,5,Bristol Palin_S11,0.13784176312024637,0.0989010989010989,8,1,8,9,0.23674286202134526,4,7,5,2,8,10,percentage,1,10,false,false
11,5,Florence Henderson_S11,0.08086292305775204,0.11538461538461539,8,8,6,14,0.19624753844236742,8,8,1,1,6,10,percentage,1,10,true,true
11,5,Jennifer Grey_S11,0.13014388842854302,0.13736263736263737,8,5,2,7,0.2675065257911804,2,2,7,7,2,10,percentage,1,10,false,false
11,5,Kurt Warner_S11,0.1315337106527665,0.13186813186813187,8,3,3,6,0.2634018425208984,1,3,8,6,4,10,percentage,1,10,false,false
11,5,Kyle Massey_S11,0.1337368388800021,0.10989010989010989,8,2,7,9,0.24362694877011198,5,6,4,3,7,10,percentage,1,10,false,false
11,5,Rick Fox_S11,0.12788101574345284,0.13186813186813187,8,6,3,9,0.25974914761158474,7,4,2,5,3,10,percentage,1,10,false,false
11,6,Audrina Patridge_S11,0.07862692352526843,0.15458892856159417,7,7,2,9,0.2332158520868626,6,7,2,1,2,10,percentage,1,10,false,true
11,6,Brandy_S11,0.1438828720001489,0.1739131484985698,7,6,1,7,0.3177960204987187,3,1,5,7,1,10,percentage,1,10,false,false
11,6,Bristol Palin_S11,0.1513310502906762,0.13526519171803963,7,4,6,10,0.2865962420087158,7,5,1,3,6,10,percentage,1,10,true,false
11,6,Jennifer Grey_S11,0.15612323241701895,0.14009709211577043,7,2,5,7,0.29622032453278935,2,3,6,5,5,10,percentage,1,10,false,false
11,6,Kurt Warner_S11,0.16819428753029605,0.1062800695461289,7,1,7,8,0.274474357076425,4,6,4,2,7,10,percentage,1,10,false,false
11,6,Kyle Massey_S11,0.1487614667191444,0.14492754323323798,7,5,4,9,0.29368900995238234,5,4,3,4,4,10,percentage,1,10,false,false
11,6,Rick Fox_S11,0.15308016751744638,0.14492802632665908,7,3,3,6,0.2980081938441055,1,2,7,6,3,10,percentage,1,10,false,false
11,7,Brandy_S11,0.17222951338506365,0.1750599520383693,6,5,1,6,0.347289465423433,3,3,4,4,1,10,percentage,1,10,false,false
11,7,Bristol Palin_S11,0.18002534536772472,0.15587529976019185,6,2,6,8,0.33590064512791656,4,5,3,2,6,10,percentage,1,10,false,false
11,7,Jennifer Grey_S11,0.17365103703764975,0.1750599520383693,6,4,1,5,0.34871098907601905,2,2,5,5,2,10,percentage,1,10,false,false
11,7,Kurt Warner_S11,0.18269274819427056,0.16786570743405277,6,1,3,4,0.35055845562832333,1,1,6,6,3,10,percentage,1,10,false,false
11,7,Kyle Massey_S11,0.17874193512707118,0.1606714628297362,6,3,5,8,0.33941339795680736,5,4,2,3,5,10,percentage,1,10,false,false
11,7,Rick Fox_S11,0.11265942088821933,0.16546762589928057,6,6,4,10,0.2781270467874999,6,6,1,1,4,10,percentage,1,10,true,true
11,8,Brandy_S11,0.2068595942371462,0.21509433962264152,5,4,1,5,0.42195393385978774,3,3,3,3,1,10,percentage,1,10,false,false
11,8,Bristol Palin_S11,0.2195664993927528,0.17735849056603772,5,1,5,6,0.39692498995879055,4,4,2,2,5,10,percentage,1,10,false,false
11,8,Jennifer Grey_S11,0.20910947641972408,0.21509433962264152,5,3,1,4,0.42420381604236557,1,1,5,5,2,10,percentage,1,10,false,false
11,8,Kurt Warner_S11,0.15247904357670963,0.1811320754716981,5,5,4,9,0.33361111904840773,5,5,1,1,4,10,percentage,1,10,true,true
11,8,Kyle Massey_S11,0.21198538637366768,0.21132075471698114,5,2,3,5,0.4233061410906488,2,2,4,4,3,10,percentage,1,10,false,false
11,9,Brandy_S11,0.18140095605932288,0.25,4,4,3,7,0.4314009560593229,4,4,1,1,3,10,percentage,1,10,true,true
11,9,Bristol Palin_S11,0.276751265572866,0.2324561403508772,4,1,4,5,0.5092074059237433,3,3,2,2,4,10,percentage,1,10,false,false
11,9,Jennifer Grey_S11,0.27082539096546504,0.2631578947368421,4,3,1,4,0.5339832857023071,2,1,3,4,1,10,percentage,1,10,false,false
11,9,Kyle Massey_S11,0.27102238740234674,0.2543859649122807,4,2,2,4,0.5254083523146275,1,2,4,3,2,10,percentage,1,10,false,false
11,10,Bristol Palin_S11,0.2670607878868056,0.3092368897274451,3,3,3,6,0.5762976776142508,3,3,1,1,3,10,percentage,3,10,true,true
11,10,Jennifer Grey_S11,0.3941085011852679,0.36144665408832316,3,1,1,2,0.7555551552735911,1,1,3,3,1,10,percentage,3,10,true,true
11,10,Kyle Massey_S11,0.3388307109279275,0.3293164561842318,3,2,2,4,0.6681471671121593,2,2,2,2,2,10,percentage,3,10,true,true
12,1,Chelsea Kane_S12,0.09045587356520324,0.10144927536231885,11,9,3,12,0.19190514892752208,8,4,4,8,4,10,percentage,0,10,false,false
12,1,Chris Jericho_S12,0.09338719341990243,0.09178743961352658,11,4,5,9,0.18517463303342901,4,5,8,7,6,10,percentage,0,10,false,false
12,1,Hines Ward_S12,0.09653589820550672,0.10144927536231885,11,2,3,5,0.19798517356782558,2,3,10,9,3,10,percentage,0,10,false,false
12,1,Kendra Wilkinson_S12,0.09330903073094136,0.08695652173913043,11,5,7,12,0.1802655524700718,6,7,6,5,8,10,percentage,0,10,false,false
12,1,Kirstie Alley_S12,0.09264577221021587,0.1111111111111111,11,6,2,8,0.20375688332132696,3,2,9,10,2,10,percentage,0,10,false,false
12,1,Mike Catherwood_S12,0.08056924319929748,0.06280193236714976,11,10,11,21,0.14337117556644724,11,11,1,1,11,10,percentage,0,10,false,false
12,1,Petra Nemcova_S12,0.07965081863997296,0.08695652173913043,11,11,7,18,0.1666073403791034,10,9,2,3,7,10,percentage,0,10,false,false
12,1,Ralph Macchio_S12,0.09395511034945628,0.11594202898550725,11,3,1,4,0.2098971393349635,1,1,11,11,1,10,percentage,0,10,false,false
12,1,Romeo_S12,0.0909730984170202,0.09178743961352658,11,7,5,12,0.18276053803054676,7,6,5,6,5,10,percentage,0,10,false,false
12,1,Sugar Ray Leonard_S12,0.09771047672286887,0.0821256038647343,11,1,9,10,0.17983608058760317,5,8,7,4,9,10,percentage,0,10,false,false
12,1,Wendy Williams_S12,0.09080748453961425,0.06763285024154589,11,8,10,18,0.15844033478116015,9,10,3,2,10,10,percentage,0,10,false,false
12,2,Chelsea Kane_S12,0.09604127718106509,0.08333333333333333,11,4,7,11,0.1793746105143984,5,7,7,5,8,10,percentage,1,10,false,false
12,2,Chris Jericho_S12,0.09642446373743392,0.10648148148148148,11,3,2,5,0.20290594521891542,1,1,11,11,1,10,percentage,1,10,false,false
12,2,Hines Ward_S12,0.09566604972036041,0.10648148148148148,11,6,2,8,0.2021475312018419,2,2,10,10,2,10,percentage,1,10,false,false
12,2,Kendra Wilkinson_S12,0.09424619805351064,0.08796296296296297,11,8,6,14,0.1822091610164736,9,6,3,6,6,10,percentage,1,10,false,false
12,2,Kirstie Alley_S12,0.09593270935681401,0.09259259259259259,11,5,5,10,0.1885253019494066,3,5,9,7,5,10,percentage,1,10,false,false
12,2,Mike Catherwood_S12,0.05409804219238033,0.0787037037037037,11,11,10,21,0.13280174589608404,11,11,1,1,9,10,percentage,1,10,true,true
12,2,Petra Nemcova_S12,0.08554549383802816,0.08333333333333333,11,10,7,17,0.1688788271713615,10,10,2,2,7,10,percentage,1,10,false,false
12,2,Ralph Macchio_S12,0.09552259969903759,0.09722222222222222,11,7,4,11,0.1927448219212598,6,4,6,8,4,10,percentage,1,10,false,false
12,2,Romeo_S12,0.09071074642095217,0.10648148148148148,11,9,2,11,0.19719222790243365,7,3,5,9,3,10,percentage,1,10,false,false
12,2,Sugar Ray Leonard_S12,0.09711477098928163,0.0787037037037037,11,2,10,12,0.17581847469298534,8,9,4,3,11,10,percentage,1,10,false,false
12,2,Wendy Williams_S12,0.09869764881113674,0.0787037037037037,11,1,10,11,0.17740135251484046,4,8,8,4,10,10,percentage,1,10,false,false
12,3,Chelsea Kane_S12,0.10314590517590135,0.10747663551401869,10,5,3,8,0.21062254068992003,3,2,8,9,3,10,percentage,1,10,false,false
12,3,Chris Jericho_S12,0.10783710091302336,0.09813084112149532,10,1,6,7,0.20596794203451868,2,5,9,6,7,10,percentage,1,10,false,false
12,3,Hines Ward_S12,0.10317895178312148,0.11682242990654206,10,4,1,5,0.22000138168966354,1,1,10,10,2,10,percentage,1,10,false,false
12,3,Kendra Wilkinson_S12,0.10043831939926132,0.10747663551401869,10,8,3,11,0.20791495491328,7,3,4,8,4,10,percentage,1,10,false,false
12,3,Kirstie Alley_S12,0.10253530229227989,0.09813084112149532,10,6,6,12,0.2006661434137752,8,7,3,4,6,10,percentage,1,10,false,false
12,3,Petra Nemcova_S12,0.08956841996163552,0.11682242990654206,10,9,1,10,0.20639084986817757,6,4,5,7,1,10,percentage,1,10,false,false
12,3,Ralph Macchio_S12,0.10530420639089752,0.09813084112149532,10,3,6,9,0.20343504751239283,4,6,7,5,5,10,percentage,1,10,false,false
12,3,Romeo_S12,0.10167202927179644,0.09345794392523364,10,7,8,15,0.19512997319703007,9,9,2,2,9,10,percentage,1,10,false,false
12,3,Sugar Ray Leonard_S12,0.10646280145412722,0.09345794392523364,10,2,8,10,0.19992074537936086,5,8,6,3,8,10,percentage,1,10,false,false
12,3,Wendy Williams_S12,0.07985696335795701,0.07009345794392523,10,10,10,20,0.14995042130188224,10,10,1,1,10,10,percentage,1,10,true,true
12,4,Chelsea Kane_S12,0.11288677761133145,0.1262135922330097,9,7,1,8,0.23910036984434116,4,2,6,8,1,10,percentage,1,10,false,false
12,4,Chris Jericho_S12,0.11891477426219502,0.11165048543689321,9,2,5,7,0.23056525969908823,2,4,8,6,4,10,percentage,1,10,false,false
12,4,Hines Ward_S12,0.11833083298688753,0.12135922330097088,9,3,2,5,0.2396900562878584,1,1,9,9,2,10,percentage,1,10,false,false
12,4,Kendra Wilkinson_S12,0.1238139867192305,0.08737864077669903,9,1,9,10,0.21119262749592954,5,8,5,2,9,10,percentage,1,10,false,false
12,4,Kirstie Alley_S12,0.1169042251073241,0.10679611650485436,9,4,7,11,0.22370034161217844,6,6,4,4,7,10,percentage,1,10,false,false
12,4,Petra Nemcova_S12,0.10413741909797555,0.11165048543689321,9,8,5,13,0.21578790453486876,8,7,2,3,6,10,percentage,1,10,false,false
12,4,Ralph Macchio_S12,0.11585073940995244,0.12135922330097088,9,5,2,7,0.23720996271092332,3,3,7,7,3,10,percentage,1,10,false,false
12,4,Romeo_S12,0.11562261714924922,0.11165048543689321,9,6,5,11,0.22727310258614242,7,5,3,5,5,10,percentage,1,10,false,false
12,4,Sugar Ray Leonard_S12,0.0735386276558548,0.10194174757281553,9,9,8,17,0.17548037522867033,9,9,1,1,8,10,percentage,1,10,true,true
12,5,Chelsea Kane_S12,0.1281214808995761,0.13402061855670103,8,6,3,9,0.2621420994562771,5,3,4,6,4,10,percentage,1,10,false,false
12,5,Chris Jericho_S12,0.1321354432345542,0.13402061855670103,8,3,3,6,0.2661560617912552,2,2,7,7,2,10,percentage,1,10,false,false
12,5,Hines Ward_S12,0.131234964436969,0.13917525773195877,8,4,1,5,0.27041022216892774,1,1,8,8,1,10,percentage,1,10,false,false
12,5,Kendra Wilkinson_S12,0.13372498216747614,0.1134020618556701,8,2,7,9,0.24712704402314623,4,7,5,2,8,10,percentage,1,10,false,false
12,5,Kirstie Alley_S12,0.13046127298050408,0.11855670103092783,8,5,5,10,0.24901797401143191,6,6,3,3,5,10,percentage,1,10,false,false
12,5,Petra Nemcova_S12,0.08014464247390866,0.1134020618556701,8,8,7,15,0.19354670432957877,8,8,1,1,7,10,percentage,1,10,true,true
12,5,Ralph Macchio_S12,0.13618868941454582,0.1134020618556701,8,1,7,8,0.2495907512702159,3,5,6,4,6,10,percentage,1,10,false,false
12,5,Romeo_S12,0.1279885243924665,0.13402061855670103,8,7,3,10,0.26200914294916755,7,4,2,5,3,10,percentage,1,10,false,false
12,6,Chelsea Kane_S12,0.14793087266644483,0.15555555555555556,7,4,1,5,0.3034864282220004,1,1,7,7,1,10,percentage,1,10,false,false
12,6,Chris Jericho_S12,0.10525272241058782,0.12222222222222222,7,7,7,14,0.22747494463281004,7,7,1,1,7,10,percentage,1,10,true,true
12,6,Hines Ward_S12,0.14930757747791737,0.15,7,3,3,6,0.29930757747791736,2,3,6,5,3,10,percentage,1,10,false,false
12,6,Kendra Wilkinson_S12,0.15025344510499086,0.1388888888888889,7,2,5,7,0.2891423339938798,4,5,4,3,5,10,percentage,1,10,false,false
12,6,Kirstie Alley_S12,0.14723192584655895,0.14444444444444443,7,5,4,9,0.29167637029100335,6,4,2,4,4,10,percentage,1,10,false,false
12,6,Ralph Macchio_S12,0.15389086876390853,0.13333333333333333,7,1,6,7,0.28722420209724187,3,6,5,2,6,10,percentage,1,10,false,false
12,6,Romeo_S12,0.14613258772959192,0.15555555555555556,7,6,1,7,0.3016881432851475,5,2,3,6,2,10,percentage,1,10,false,false
12,7,Chelsea Kane_S12,0.17524124588617324,0.16976127320954906,6,5,3,8,0.3450025190957223,5,3,2,4,3,10,percentage,1,10,false,false
12,7,Hines Ward_S12,0.1759540110077532,0.17506631299734748,6,4,1,5,0.3510203240051007,2,2,5,5,1,10,percentage,1,10,false,false
12,7,Kendra Wilkinson_S12,0.11252174354423539,0.16180371352785147,6,6,4,10,0.2743254570720869,6,6,1,1,4,10,percentage,1,10,true,true
12,7,Kirstie Alley_S12,0.1804304433017005,0.15915119363395225,6,1,5,6,0.33958163693565274,3,4,4,3,5,10,percentage,1,10,false,false
12,7,Ralph Macchio_S12,0.17773118156502096,0.17506631299734748,6,3,1,4,0.3527974945623684,1,1,6,6,2,10,percentage,1,10,false,false
12,7,Romeo_S12,0.178121374695116,0.15915119363395225,6,2,5,7,0.33727256832906827,4,5,3,2,6,10,percentage,1,10,false,false
12,8,Chelsea Kane_S12,0.21177279601619683,0.21153846153846154,5,4,1,5,0.42331125755465837,3,1,3,5,1,10,percentage,1,10,false,false
12,8,Hines Ward_S12,0.213549651592077,0.2076923076923077,5,3,2,5,0.4212419592843847,2,2,4,4,2,10,percentage,1,10,false,false
12,8,Kirstie Alley_S12,0.21462819574675096,0.20384615384615384,5,2,3,5,0.4184743495929048,1,3,5,3,3,10,percentage,1,10,false,false
12,8,Ralph Macchio_S12,0.2227761861549384,0.17692307692307693,5,1,5,6,0.39969926307801534,4,4,2,2,5,10,percentage,1,10,false,false
12,8,Romeo_S12,0.13727317049003734,0.2,5,5,4,9,0.33727317049003736,5,5,1,1,4,10,percentage,1,10,true,true
12,9,Chelsea Kane_S12,0.2535689732830368,0.31063829787234043,4,3,1,4,0.5642072711553772,3,1,2,4,1,10,percentage,1,10,false,false
12,9,Hines Ward_S12,0.2694089941429924,0.2553191489361702,4,2,2,4,0.5247281430791626,2,2,3,3,2,10,percentage,1,10,false,false
12,9,Kirstie Alley_S12,0.2709646879896815,0.2297872340425532,4,1,3,4,0.5007519220322347,1,3,4,2,3,10,percentage,1,10,false,false
12,9,Ralph Macchio_S12,0.20605734458428993,0.20425531914893616,4,4,4,8,0.41031266373322606,4,4,1,1,4,10,percentage,1,10,true,true
12,10,Chelsea Kane_S12,0.25641487712829214,0.33969480071129965,3,3,1,4,0.5961096778395918,2,3,2,1,2,10,percentage,3,10,true,true
12,10,Hines Ward_S12,0.40163107734388187,0.33969480071129965,3,1,1,2,0.7413258780551815,1,1,3,3,1,10,percentage,3,10,true,true
12,10,Kirstie Alley_S12,0.3419540455278271,0.32061039857740076,3,2,3,5,0.6625644441052279,3,2,1,2,3,10,percentage,3,10,true,true
13,1,Carson Kressley_S13,0.08749380784103773,0.07834101382488479,12,4,7,11,0.1658348216659225,2,8,11,5,8,10,percentage,1,10,false,false
13,1,Chaz Bono_S13,0.08814802943687826,0.07834101382488479,12,2,7,9,0.16648904326176306,1,7,12,6,7,10,percentage,1,10,false,false
13,1,Chynna Phillips_S13,0.08089783718370175,0.10138248847926268,12,11,1,12,0.18228032566296443,9,2,4,11,1,10,percentage,1,10,false,false
13,1,David Arquette_S13,0.08491795406743725,0.08294930875576037,12,7,6,13,0.16786726282319764,10,6,3,7,6,10,percentage,1,10,false,false
13,1,Elisabetta Canalis_S13,0.09020775952838468,0.06912442396313365,12,1,11,12,0.15933218349151834,5,11,8,2,11,10,percentage,1,10,false,false
13,1,Hope Solo_S13,0.08280361167892633,0.0967741935483871,12,9,3,12,0.17957780522731343,8,3,5,10,3,10,percentage,1,10,false,false
13,1,J.R. Martinez_S13,0.0822842349161078,0.10138248847926268,12,10,1,11,0.1836667233953705,4,1,9,12,2,10,percentage,1,10,false,false
13,1,Kristin Cavallari_S13,0.0857114388340025,0.08755760368663594,12,6,5,11,0.17326904252063846,3,5,10,8,5,10,percentage,1,10,false,false
13,1,Metta World Peace (Ron)_S13,0.05959108438254052,0.06451612903225806,12,12,12,24,0.12410721341479858,12,12,1,1,12,10,percentage,1,10,true,true
13,1,Nancy Grace_S13,0.08777282799327615,0.07373271889400922,12,3,9,12,0.16150554688728536,6,9,7,4,10,10,percentage,1,10,false,false
13,1,Ricki Lake_S13,0.08392880292205568,0.09216589861751152,12,8,4,12,0.1760947015395672,7,4,6,9,4,10,percentage,1,10,false,false
13,1,Rob Kardashian_S13,0.08624261121565115,0.07373271889400922,12,5,9,14,0.15997533010966036,11,10,2,3,9,10,percentage,1,10,false,false
13,2,Carson Kressley_S13,0.09549718253235995,0.08071748878923767,11,4,9,13,0.17621467132159763,10,9,2,3,9,10,percentage,1,10,false,false
13,2,Chaz Bono_S13,0.09844593849981165,0.07623318385650224,11,1,11,12,0.1746791223563139,7,10,5,2,11,10,percentage,1,10,false,false
13,2,Chynna Phillips_S13,0.09489184393723193,0.09417040358744394,11,5,5,10,0.18906224752467587,2,4,10,8,4,10,percentage,1,10,false,false
13,2,David Arquette_S13,0.0967296936063571,0.08071748878923767,11,3,9,12,0.17744718239559476,8,8,4,4,10,10,percentage,1,10,false,false
13,2,Elisabetta Canalis_S13,0.05028572603237705,0.09417040358744394,11,11,5,16,0.144456129619821,11,11,1,1,7,10,percentage,1,10,true,true
13,2,Hope Solo_S13,0.09789885750977304,0.08520179372197309,11,2,8,10,0.18310065123174613,1,7,11,5,8,10,percentage,1,10,false,false
13,2,J.R. Martinez_S13,0.09337493313011722,0.09865470852017937,11,8,2,10,0.19202964165029657,3,2,9,10,2,10,percentage,1,10,false,false
13,2,Kristin Cavallari_S13,0.09333427746316506,0.09865470852017937,11,9,2,11,0.1919889859833444,5,3,7,9,3,10,percentage,1,10,false,false
13,2,Nancy Grace_S13,0.09382835155970287,0.09417040358744394,11,7,5,12,0.1879987551471468,9,6,3,6,6,10,percentage,1,10,false,false
13,2,Ricki Lake_S13,0.09171304638640143,0.1031390134529148,11,10,1,11,0.19485205983931625,6,1,6,11,1,10,percentage,1,10,false,false
13,2,Rob Kardashian_S13,0.09400014934270237,0.09417040358744394,11,6,5,11,0.1881705529301463,4,5,8,7,5,10,percentage,1,10,false,false
13,3,Carson Kressley_S13,0.10421503624118315,0.0970464135021097,10,5,8,13,0.20126144974329285,9,7,2,4,8,10,percentage,1,10,false,false
13,3,Chaz Bono_S13,0.11112038559810075,0.0759493670886076,10,1,10,11,0.18706975268670833,5,9,6,2,10,10,percentage,1,10,false,false
13,3,Chynna Phillips_S13,0.10190772340426274,0.10970464135021098,10,9,2,11,0.2116123647544737,7,3,4,8,3,10,percentage,1,10,false,false
13,3,David Arquette_S13,0.10570045293830233,0.10126582278481013,10,4,5,9,0.20696627572311244,3,5,8,6,7,10,percentage,1,10,false,false
13,3,Hope Solo_S13,0.10679337529678556,0.10126582278481013,10,3,5,8,0.20805919808159568,2,4,9,7,6,10,percentage,1,10,false,false
13,3,J.R. Martinez_S13,0.10239195911888625,0.10970464135021098,10,8,2,10,0.21209660046909723,4,2,7,9,2,10,percentage,1,10,false,false
13,3,Kristin Cavallari_S13,0.055266481905786674,0.10126582278481013,10,10,5,15,0.1565323046905968,10,10,1,1,5,10,percentage,1,10,true,true
13,3,Nancy Grace_S13,0.1069295310671234,0.08860759493670886,10,2,9,11,0.19553712600383227,6,8,5,3,9,10,percentage,1,10,false,false
13,3,Ricki Lake_S13,0.10291568629178001,0.11392405063291139,10,6,1,7,0.21683973692469138,1,1,10,10,1,10,percentage,1,10,false,false
13,3,Rob Kardashian_S13,0.1027593681377894,0.10126582278481013,10,7,5,12,0.20402519092259952,8,6,3,5,4,10,percentage,1,10,false,false
13,4,Carson Kressley_S13,0.11892947012670121,0.09569377990430622,9,1,9,10,0.21462325003100743,4,8,6,2,9,10,percentage,1,10,false,false
13,4,Chaz Bono_S13,0.11629995946020069,0.10047846889952153,9,5,7,12,0.21677842835972222,8,7,2,3,7,10,percentage,1,10,false,false
13,4,Chynna Phillips_S13,0.07376442704215419,0.10047846889952153,9,9,7,16,0.17424289594167572,9,9,1,1,6,10,percentage,1,10,true,true
13,4,David Arquette_S13,0.11793592306769635,0.11004784688995216,9,2,5,7,0.22798376995764852,2,4,8,6,5,10,percentage,1,10,false,false
13,4,Hope Solo_S13,0.11334317818792199,0.11483253588516747,9,7,3,10,0.22817571407308945,6,3,4,7,3,10,percentage,1,10,false,false
13,4,J.R. Martinez_S13,0.11713274141126218,0.12440191387559808,9,4,2,6,0.24153465528686024,1,2,9,8,2,10,percentage,1,10,false,false
13,4,Nancy Grace_S13,0.11727654326762105,0.10047846889952153,9,3,7,10,0.21775501216714258,5,6,5,4,8,10,percentage,1,10,false,false
13,4,Ricki Lake_S13,0.11376229633897618,0.13875598086124402,9,6,1,7,0.2525182772002202,3,1,7,9,1,10,percentage,1,10,false,false
13,4,Rob Kardashian_S13,0.11155546109746652,0.11483253588516747,9,8,3,11,0.22638799698263398,7,5,3,5,4,10,percentage,1,10,false,false
13,5,Carson Kressley_S13,0.0944269106993072,0.10106382978723404,8,8,8,16,0.19549074048654125,8,8,1,1,8,10,percentage,1,10,true,true
13,5,Chaz Bono_S13,0.13439391278590795,0.11170212765957446,8,1,7,8,0.24609604044548242,2,7,7,2,7,10,percentage,1,10,false,false
13,5,David Arquette_S13,0.12938300135797712,0.13297872340425532,8,3,2,5,0.2623617247622324,1,2,8,7,3,10,percentage,1,10,false,false
13,5,Hope Solo_S13,0.12921286051625344,0.1276595744680851,8,4,4,8,0.25687243498433854,4,4,5,5,4,10,percentage,1,10,false,false
13,5,J.R. Martinez_S13,0.12562997707498763,0.14893617021276595,8,7,1,8,0.2745661472877536,6,1,3,8,1,10,percentage,1,10,false,false
13,5,Nancy Grace_S13,0.1329812669416012,0.11702127659574468,8,2,6,8,0.25000254353734586,3,6,6,3,6,10,percentage,1,10,false,false
13,5,Ricki Lake_S13,0.12795755294894914,0.1276595744680851,8,5,4,9,0.25561712741703424,7,5,2,4,5,10,percentage,1,10,false,false
13,5,Rob Kardashian_S13,0.12601451767501595,0.13297872340425532,8,6,2,8,0.25899324107927124,5,3,4,6,2,10,percentage,1,10,false,false
13,6,Chaz Bono_S13,0.10973667495553857,0.1144578313253012,7,7,7,14,0.22419450628083976,7,7,1,1,7,10,percentage,1,10,true,true
13,6,David Arquette_S13,0.15053299998298064,0.13855421686746988,7,2,4,6,0.2890872168504505,1,4,7,4,4,10,percentage,1,10,false,false
13,6,Hope Solo_S13,0.15436940384566827,0.12048192771084337,7,1,6,7,0.27485133155651165,3,6,5,2,6,10,percentage,1,10,false,false
13,6,J.R. Martinez_S13,0.14437546189502967,0.1746987951807229,7,6,1,7,0.31907425707575254,5,2,3,6,1,10,percentage,1,10,false,false
13,6,Nancy Grace_S13,0.14711617181973669,0.14457831325301204,7,4,3,7,0.29169448507274875,4,3,4,5,3,10,percentage,1,10,false,false
13,6,Ricki Lake_S13,0.14584336076653281,0.1746987951807229,7,5,1,6,0.3205421559472557,2,1,6,7,2,10,percentage,1,10,false,false
13,6,Rob Kardashian_S13,0.1480259267345139,0.13253012048192772,7,3,5,8,0.2805560472164416,6,5,2,3,5,10,percentage,1,10,false,false
13,7,David Arquette_S13,0.11387667881923641,0.16040955631399317,6,6,5,11,0.2742862351332296,6,6,1,1,5,10,percentage,1,10,true,true
13,7,Hope Solo_S13,0.17846571447706,0.17064846416382254,6,2,3,5,0.34911417864088257,1,2,6,5,3,10,percentage,1,10,false,false
13,7,J.R. Martinez_S13,0.17782229063446744,0.16382252559726962,6,3,4,7,0.34164481623173704,4,4,3,3,4,10,percentage,1,10,false,false
13,7,Nancy Grace_S13,0.18347544755111547,0.15017064846416384,6,1,6,7,0.3336460960152793,3,5,4,2,6,10,percentage,1,10,false,false
13,7,Ricki Lake_S13,0.17385753211489738,0.18088737201365188,6,4,1,5,0.35474490412854925,2,1,5,6,1,10,percentage,1,10,false,false
13,7,Rob Kardashian_S13,0.17250233640322357,0.17406143344709898,6,5,2,7,0.34656376985032256,5,3,2,4,2,10,percentage,1,10,false,false
13,8,Hope Solo_S13,0.21137433889145965,0.20077220077220076,5,2,2,4,0.41214653966366044,1,2,5,4,2,10,percentage,1,10,false,false
13,8,J.R. Martinez_S13,0.20894977224605088,0.23166023166023167,5,4,1,5,0.4406100039062826,4,1,2,5,1,10,percentage,1,10,false,false
13,8,Nancy Grace_S13,0.15661630453475656,0.16988416988416988,5,5,5,10,0.32650047441892643,5,5,1,1,5,10,percentage,1,10,true,true
13,8,Ricki Lake_S13,0.20954119872724267,0.20077220077220076,5,3,2,5,0.41031339949944345,3,4,3,2,3,10,percentage,1,10,false,false
13,8,Rob Kardashian_S13,0.21351838560049047,0.1969111969111969,5,1,4,5,0.4104295825116874,2,3,4,3,4,10,percentage,1,10,false,false
13,9,Hope Solo_S13,0.20960561342576667,0.20675023945248716,4,4,4,8,0.41635585287825383,4,4,1,1,4,10,percentage,1,10,true,true
13,9,J.R. Martinez_S13,0.27185620080666917,0.2362879168266533,4,1,3,4,0.5081441176333225,2,3,3,2,3,10,percentage,1,10,false,false
13,9,Ricki Lake_S13,0.26050991514876987,0.2827007708893286,4,2,1,3,0.5432106860380985,1,1,4,4,1,10,percentage,1,10,false,false
13,9,Rob Kardashian_S13,0.25802827061879335,0.27426107283153095,4,3,2,5,0.5322893434503243,3,2,2,3,2,10,percentage,1,10,false,false
13,10,J.R. Martinez_S13,0.40666998912197555,0.3333329388541484,3,1,2,3,0.740002927976124,1,1,3,3,2,10,percentage,3,10,true,true
13,10,Ricki Lake_S13,0.26219866152224275,0.3313613318879616,3,3,3,6,0.5935599934102043,3,3,1,1,3,10,percentage,3,10,true,true
13,10,Rob Kardashian_S13,0.3311313493557825,0.33530572925788993,3,2,1,3,0.6664370786136724,2,2,2,2,1,10,percentage,3,10,true,true
14,1,Donald Driver_S14,0.08468032443058861,0.07777777777777778,12,3,8,11,0.16245810220836637,3,8,10,5,9,10,percentage,0,10,false,false
14,1,Gavin DeGraw_S14,0.0820693082601915,0.07407407407407407,12,9,11,20,0.15614338233426556,12,12,1,1,12,10,percentage,0,10,false,false
14,1,Gladys Knight_S14,0.07892486174592135,0.08518518518518518,12,12,5,17,0.16411004693110653,11,7,2,6,6,10,percentage,0,10,false,false
14,1,Jack Wagner_S14,0.08111347913305965,0.08518518518518518,12,11,5,16,0.16629866431824483,10,6,3,7,5,10,percentage,0,10,false,false
14,1,Jaleel White_S14,0.08191642054368443,0.0962962962962963,12,10,1,11,0.17821271683998074,5,2,8,11,1,10,percentage,0,10,false,false
14,1,Katherine Jenkins_S14,0.08413967372227552,0.0962962962962963,12,5,1,6,0.1804359700185718,2,1,11,12,2,10,percentage,0,10,false,false
14,1,Maria Menounos_S14,0.08276028397561534,0.07777777777777778,12,8,8,16,0.16053806175339314,9,10,4,3,8,10,percentage,0,10,false,false
14,1,Martina Navratilova_S14,0.0845926172712124,0.07407407407407407,12,4,11,15,0.15866669134528646,8,11,5,2,11,10,percentage,0,10,false,false
14,1,Melissa Gilbert_S14,0.08667154921234431,0.07407407407407407,12,1,11,12,0.1607456232864184,6,9,7,4,10,10,percentage,0,10,false,false
14,1,Roshon Fegan_S14,0.0839600100989735,0.08518518518518518,12,6,5,11,0.16914519528415867,4,4,9,9,7,10,percentage,0,10,false,false
14,1,Sherri Sheperd_S14,0.08389974858493979,0.08518518518518518,12,7,5,12,0.16908493377012496,7,5,6,8,4,10,percentage,0,10,false,false
14,1,William Levy_S14,0.08527172302119436,0.08888888888888889,12,2,3,5,0.17416061191008325,1,3,12,10,3,10,percentage,0,10,false,false
14,2,Donald Driver_S14,0.08513727009490529,0.08921933085501858,12,8,5,13,0.1743566009499239,10,5,3,8,5,10,percentage,1,10,false,false
14,2,Gavin DeGraw_S14,0.08722738699514995,0.07806691449814127,12,3,8,11,0.16529430149329122,4,9,9,4,8,10,percentage,1,10,false,false
14,2,Gladys Knight_S14,0.08526289614745462,0.07063197026022305,12,7,11,18,0.1558948664076777,11,11,2,2,11,10,percentage,1,10,false,false
14,2,Jack Wagner_S14,0.08723965618358372,0.07806691449814127,12,2,8,10,0.165306570681725,2,8,11,5,9,10,percentage,1,10,false,false
14,2,Jaleel White_S14,0.08657390811642775,0.08178438661710037,12,4,7,11,0.16835829473352812,5,7,8,6,7,10,percentage,1,10,false,false
14,2,Katherine Jenkins_S14,0.0824546716254944,0.09665427509293681,12,10,1,11,0.1791089467184312,7,1,6,12,1,10,percentage,1,10,false,false
14,2,Maria Menounos_S14,0.08463435973325005,0.09293680297397769,12,9,3,12,0.17757116270722773,8,4,5,9,3,10,percentage,1,10,false,false
14,2,Martina Navratilova_S14,0.059497028300315495,0.06319702602230483,12,12,12,24,0.12269405432262032,12,12,1,1,12,10,percentage,1,10,true,true
14,2,Melissa Gilbert_S14,0.08806142371487098,0.07434944237918216,12,1,10,11,0.16241086609405314,3,10,10,3,10,10,percentage,1,10,false,false
14,2,Roshon Fegan_S14,0.0822870567070466,0.09665427509293681,12,11,1,12,0.1789413317999834,9,2,4,11,2,10,percentage,1,10,false,false
14,2,Sherri Sheperd_S14,0.08625832099080563,0.08550185873605948,12,5,6,11,0.1717601797268651,6,6,7,7,6,10,percentage,1,10,false,false
14,2,William Levy_S14,0.08536602139069527,0.09293680297397769,12,6,3,9,0.17830282436467296,1,3,12,10,4,10,percentage,1,10,false,false
14,3,Donald Driver_S14,0.09607314330298578,0.09285714285714286,11,2,4,6,0.18893028616012864,1,4,11,8,4,10,percentage,1,10,false,false
14,3,Gavin DeGraw_S14,0.09561697972113908,0.08571428571428572,11,4,9,13,0.1813312654354248,9,9,3,3,11,10,percentage,1,10,false,false
14,3,Gladys Knight_S14,0.09330726609985313,0.08571428571428572,11,9,9,18,0.17902155181413884,10,10,2,2,10,10,percentage,1,10,false,false
14,3,Jack Wagner_S14,0.055668604124033454,0.08571428571428572,11,11,9,20,0.14138288983831918,11,11,1,1,9,10,percentage,1,10,true,true
14,3,Jaleel White_S14,0.09493763370202672,0.08928571428571429,11,5,5,10,0.184223347987741,3,5,9,7,5,10,percentage,1,10,false,false
14,3,Katherine Jenkins_S14,0.09104804130145477,0.10357142857142858,11,10,1,11,0.19461946987288337,7,1,5,11,1,10,percentage,1,10,false,false
14,3,Maria Menounos_S14,0.09356505872906225,0.09642857142857143,11,7,3,10,0.18999363015763368,4,3,8,9,3,10,percentage,1,10,false,false
14,3,Melissa Gilbert_S14,0.09646799095870078,0.08571428571428572,11,1,9,10,0.18218227667298648,2,7,10,5,8,10,percentage,1,10,false,false
14,3,Roshon Fegan_S14,0.09384986561529042,0.08928571428571429,11,6,5,11,0.1831355799010047,6,6,6,6,6,10,percentage,1,10,false,false
14,3,Sherri Sheperd_S14,0.09602185448177249,0.08571428571428572,11,3,9,12,0.18173614019605822,8,8,4,4,7,10,percentage,1,10,false,false
14,3,William Levy_S14,0.09344356196368206,0.1,11,8,2,10,0.19344356196368206,5,2,7,10,2,10,percentage,1,10,false,false
14,4,Donald Driver_S14,0.1030929847231907,0.11587982832618025,10,6,1,7,0.21897281304937094,1,1,10,10,1,10,percentage,1,10,false,false
14,4,Gavin DeGraw_S14,0.10326249958187811,0.09871244635193133,10,5,5,10,0.20197494593380944,5,6,6,5,5,10,percentage,1,10,false,false
14,4,Gladys Knight_S14,0.10532655206134457,0.08583690987124463,10,4,10,14,0.1911634619325892,9,9,2,2,10,10,percentage,1,10,false,false
14,4,Jaleel White_S14,0.10628585817637783,0.0944206008583691,10,2,7,9,0.20070645903474693,3,7,8,4,8,10,percentage,1,10,false,false
14,4,Katherine Jenkins_S14,0.10152224398574804,0.10300429184549356,10,7,4,11,0.20452653583124158,7,4,4,7,4,10,percentage,1,10,false,false
14,4,Maria Menounos_S14,0.10072531728478756,0.11158798283261803,10,8,2,10,0.2123133001174056,6,2,5,9,2,10,percentage,1,10,false,false
14,4,Melissa Gilbert_S14,0.10591143796358532,0.0944206008583691,10,3,7,10,0.20033203882195444,4,8,7,3,6,10,percentage,1,10,false,false
14,4,Roshon Fegan_S14,0.10068809147619957,0.11158798283261803,10,9,2,11,0.21227607430881762,8,3,3,8,3,10,percentage,1,10,false,false
14,4,Sherri Sheperd_S14,0.06553181089038058,0.09012875536480687,10,10,9,19,0.15566056625518745,10,10,1,1,9,10,percentage,1,10,true,true
14,4,William Levy_S14,0.10765320385650755,0.0944206008583691,10,1,7,8,0.20207380471487665,2,5,9,6,7,10,percentage,1,10,false,false
14,5,Donald Driver_S14,0.11769081067059273,0.12053571428571429,9,2,3,5,0.23822652495630703,1,3,9,7,4,10,percentage,1,10,false,false
14,5,Gavin DeGraw_S14,0.08099028098477917,0.08482142857142858,9,9,9,18,0.16581170955620775,9,9,1,1,9,10,percentage,1,10,true,true
14,5,Gladys Knight_S14,0.11386761970812764,0.09821428571428571,9,6,7,13,0.21208190542241334,8,8,2,2,7,10,percentage,1,10,false,false
14,5,Jaleel White_S14,0.11421967440568195,0.10714285714285714,9,5,6,11,0.22136253154853908,6,6,4,4,6,10,percentage,1,10,false,false
14,5,Katherine Jenkins_S14,0.11099672696405932,0.12946428571428573,9,8,1,9,0.24046101267834505,5,2,5,8,1,10,percentage,1,10,false,false
14,5,Maria Menounos_S14,0.11666102891358869,0.12053571428571429,9,3,3,6,0.23719674319930298,3,4,7,6,3,10,percentage,1,10,false,false
14,5,Melissa Gilbert_S14,0.11955882694244646,0.09375,9,1,8,9,0.21330882694244646,4,7,6,3,8,10,percentage,1,10,false,false
14,5,Roshon Fegan_S14,0.11146397507226335,0.11607142857142858,9,7,5,12,0.22753540364369193,7,5,3,5,5,10,percentage,1,10,false,false
14,5,William Levy_S14,0.11455105633846059,0.12946428571428573,9,4,1,5,0.24401534205274633,2,1,8,9,2,10,percentage,1,10,false,false
14,6,Donald Driver_S14,0.12889603930648819,0.13178291569008133,8,5,4,9,0.2606789549965695,6,4,3,5,4,10,percentage,1,10,false,false
14,6,Gladys Knight_S14,0.09755759495349997,0.09302350820331683,8,8,8,16,0.1905811031568168,8,8,1,1,8,10,percentage,1,10,true,true
14,6,Jaleel White_S14,0.12891311738546948,0.14341046661754508,8,4,2,6,0.2723235840030146,1,2,8,7,2,10,percentage,1,10,false,false
14,6,Katherine Jenkins_S14,0.12500204428755912,0.151162813232439,8,7,1,8,0.2761648575199981,4,1,5,8,1,10,percentage,1,10,false,false
14,6,Maria Menounos_S14,0.1305367852728705,0.11627899765619518,8,3,6,9,0.24681578292906567,5,6,4,3,6,10,percentage,1,10,false,false
14,6,Melissa Gilbert_S14,0.1305880858195766,0.11627938525414604,8,2,5,7,0.24686747107372264,2,5,7,4,5,10,percentage,1,10,false,false
14,6,Roshon Fegan_S14,0.13163428826288714,0.10852665104130127,8,1,7,8,0.24016093930418841,3,7,6,2,7,10,percentage,1,10,false,false
14,6,William Levy_S14,0.1268720447116487,0.13953526230497523,8,6,3,9,0.26640730701662396,7,3,2,6,3,10,percentage,1,10,false,false
14,7,Donald Driver_S14,0.15305257842821524,0.1444141689373297,7,2,3,5,0.2974667473655449,1,2,7,6,4,10,percentage,1,10,false,false
14,7,Jaleel White_S14,0.09536116750482085,0.13896457765667575,7,7,6,13,0.2343257451614966,7,7,1,1,6,10,percentage,1,10,true,true
14,7,Katherine Jenkins_S14,0.14877382117865853,0.14713896457765668,7,5,2,7,0.2959127857563152,3,4,5,4,2,10,percentage,1,10,false,false
14,7,Maria Menounos_S14,0.14501006042464074,0.1553133514986376,7,6,1,7,0.3003234119232783,4,1,4,7,1,10,percentage,1,10,false,false
14,7,Melissa Gilbert_S14,0.1547260280230075,0.12806539509536785,7,1,7,8,0.28279142311837535,5,6,3,2,7,10,percentage,1,10,false,false
14,7,Roshon Fegan_S14,0.1509879868041439,0.14168937329700274,7,4,5,9,0.29267736010114664,6,5,2,3,5,10,percentage,1,10,false,false
14,7,William Levy_S14,0.1520883576365125,0.1444141689373297,7,3,3,6,0.2965025265738422,2,3,6,5,3,10,percentage,1,10,false,false
14,8,Donald Driver_S14,0.18947352840073461,0.16819571865443425,6,1,3,4,0.3576692470551689,1,2,6,5,4,10,percentage,2,10,false,false
14,8,Katherine Jenkins_S14,0.1864083666954823,0.16819571865443425,6,3,3,6,0.35460408534991655,3,3,4,4,3,10,percentage,2,10,false,false
14,8,Maria Menounos_S14,0.18900843800421668,0.1620795107033639,6,2,5,7,0.3510879487075806,4,4,3,3,5,10,percentage,2,10,false,false
14,8,Melissa Gilbert_S14,0.1284759548330829,0.1559633027522936,6,5,6,11,0.28443925758537647,6,6,1,1,6,10,percentage,2,10,true,true
14,8,Roshon Fegan_S14,0.1221526927159686,0.1712538226299694,6,6,2,8,0.293406515345938,5,5,2,2,2,10,percentage,2,10,true,true
14,8,William Levy_S14,0.18448101935051495,0.1743119266055046,6,4,1,5,0.3587929459560195,2,1,5,6,1,10,percentage,2,10,false,false
14,9,Donald Driver_S14,0.276352625109124,0.24782608695652175,4,1,3,4,0.5241787120656458,1,2,4,3,3,10,percentage,1,10,false,false
14,9,Katherine Jenkins_S14,0.27181477409317323,0.24347826086956523,4,3,4,7,0.5152930349627385,4,3,1,2,4,10,percentage,1,10,true,false
14,9,Maria Menounos_S14,0.17822978805177195,0.2565217391304348,4,4,1,5,0.4347515271822068,3,4,2,1,1,10,percentage,1,10,false,true
14,9,William Levy_S14,0.27360281274593123,0.25217391304347825,4,2,2,4,0.5257767257894095,2,1,3,4,2,10,percentage,1,10,false,false
14,10,Donald Driver_S14,0.4054285489194067,0.33208930162582334,3,1,2,3,0.73751785054523,1,1,3,3,3,10,percentage,3,10,true,true
14,10,Katherine Jenkins_S14,0.3299317047528286,0.3358213967483533,3,2,1,3,0.6657531015011819,2,2,2,2,1,10,percentage,3,10,true,true
14,10,William Levy_S14,0.26463974632776466,0.33208930162582334,3,3,2,5,0.596729047953588,3,3,1,1,2,10,percentage,3,10,true,true
15,1,Apolo Anton Ohno_S15,0.0812945621304858,0.07956600361663653,13,8,4,12,0.16086056574712232,6,6,8,8,5,10,percentage,1,10,false,false
15,1,Bristol Palin_S15,0.0816531595921248,0.0705244122965642,13,5,11,16,0.152177571888689,8,11,6,3,11,10,percentage,1,10,false,false
15,1,Drew Lachey_S15,0.07932527166687808,0.07775768535262206,13,12,7,19,0.15708295701950015,10,9,4,5,7,10,percentage,1,10,false,false
15,1,Emmitt Smith_S15,0.08029216776842511,0.08860759493670886,13,11,1,12,0.16889976270513396,7,1,7,13,1,10,percentage,1,10,false,false
15,1,Gilles Marini_S15,0.08143329859038667,0.0867992766726944,13,6,2,8,0.16823257526308105,4,2,10,12,2,10,percentage,1,10,false,false
15,1,Helio Castroneves_S15,0.08338897071859656,0.07775768535262206,13,1,7,8,0.16114665607121864,2,5,12,9,6,10,percentage,1,10,false,false
15,1,Joey Fatone_S15,0.08059884795219124,0.07414104882459313,13,10,10,20,0.15473989677678437,11,10,3,4,10,10,percentage,1,10,false,false
15,1,Kelly Monaco_S15,0.08257431657959069,0.07775768535262206,13,3,7,10,0.16033200193221275,5,7,9,7,8,10,percentage,1,10,false,false
15,1,Kirstie Alley_S15,0.08069540749065919,0.06871609403254973,13,9,12,21,0.14941150152320892,12,12,2,2,12,10,percentage,1,10,false,false
15,1,Melissa Rycroft_S15,0.08133160484480663,0.0759493670886076,13,7,9,16,0.15728097193341423,9,8,5,6,9,10,percentage,1,10,false,false
15,1,Pamela Anderson_S15,0.022623713173119175,0.06148282097649186,13,13,13,26,0.08410653414961103,13,13,1,1,13,10,percentage,1,10,true,true
15,1,Sabrina Bryan_S15,0.08272739629141303,0.081374321880651,13,2,3,5,0.16410171817206404,1,3,13,11,3,10,percentage,1,10,false,false
15,1,Shawn Johnson_S15,0.0820612832013236,0.07956600361663653,13,4,4,8,0.16162728681796013,3,4,11,10,4,10,percentage,1,10,false,false
15,2,Apolo Anton Ohno_S15,0.08442391239947639,0.08876811594202899,12,8,4,12,0.17319202834150538,3,4,10,9,4,10,percentage,1,10,false,false
15,2,Bristol Palin_S15,0.09085310946920166,0.06521739130434782,12,1,12,13,0.1560705007735495,4,11,9,2,12,10,percentage,1,10,false,false
15,2,Drew Lachey_S15,0.0866503899565865,0.08152173913043478,12,5,8,13,0.16817212908702128,6,8,7,5,8,10,percentage,1,10,false,false
15,2,Emmitt Smith_S15,0.08640333544392814,0.08152173913043478,12,7,8,15,0.16792507457436293,11,9,2,4,9,10,percentage,1,10,false,false
15,2,Gilles Marini_S15,0.08342618984532646,0.09239130434782608,12,11,2,13,0.17581749419315254,8,2,5,11,2,10,percentage,1,10,false,false
15,2,Helio Castroneves_S15,0.08976961019849937,0.08333333333333333,12,2,6,8,0.1731029435318327,2,5,11,8,6,10,percentage,1,10,false,false
15,2,Joey Fatone_S15,0.04753456732613633,0.08152173913043478,12,12,8,20,0.12905630645657112,12,12,1,1,7,10,percentage,1,10,true,true
15,2,Kelly Monaco_S15,0.08901375440418963,0.07971014492753623,12,3,10,13,0.16872389933172585,5,7,8,6,10,10,percentage,1,10,false,false
15,2,Kirstie Alley_S15,0.08688014938633609,0.07608695652173914,12,4,11,15,0.16296710590807523,10,10,3,3,11,10,percentage,1,10,false,false
15,2,Melissa Rycroft_S15,0.08439924139276118,0.08514492753623189,12,9,5,14,0.16954416892899307,9,6,4,7,5,10,percentage,1,10,false,false
15,2,Sabrina Bryan_S15,0.08644242885571735,0.09420289855072464,12,6,1,7,0.18064532740644199,1,1,12,12,1,10,percentage,1,10,false,false
15,2,Shawn Johnson_S15,0.08420331132183978,0.09057971014492754,12,10,3,13,0.17478302146676733,7,3,6,10,3,10,percentage,1,10,false,false
15,3,Apolo Anton Ohno_S15,0.09934766564826143,0.09172661870503597,11,2,5,7,0.1910742843532974,1,2,11,10,6,10,percentage,2,10,false,false
15,3,Bristol Palin_S15,0.09994801683655798,0.08093525179856115,11,1,11,12,0.1808832686351191,6,9,6,3,11,10,percentage,2,10,false,false
15,3,Drew Lachey_S15,0.061569011859371435,0.08633093525179857,11,10,9,19,0.14789994711117,11,11,1,1,10,10,percentage,2,10,true,true
15,3,Emmitt Smith_S15,0.0987490979726859,0.08992805755395683,11,5,8,13,0.18867715552664271,9,6,3,6,8,10,percentage,2,10,false,false
15,3,Gilles Marini_S15,0.09910589857996274,0.09172661870503597,11,3,5,8,0.19083251728499873,3,3,9,9,4,10,percentage,2,10,false,false
15,3,Helio Castroneves_S15,0.06063790092521101,0.09172661870503597,11,11,5,16,0.15236451963024697,10,10,2,2,7,10,percentage,2,10,true,true
15,3,Kelly Monaco_S15,0.0983593144541928,0.09712230215827339,11,6,1,7,0.19548161661246619,2,1,10,11,2,10,percentage,2,10,false,false
15,3,Kirstie Alley_S15,0.09908499174546365,0.08633093525179857,11,4,9,13,0.18541592699726223,8,8,4,4,9,10,percentage,2,10,false,false
15,3,Melissa Rycroft_S15,0.0930480946769788,0.09712230215827339,11,9,1,10,0.1901703968352522,4,4,8,8,1,10,percentage,2,10,false,false
15,3,Sabrina Bryan_S15,0.09661403345229459,0.09172661870503597,11,7,5,12,0.18834065215733056,7,7,5,5,5,10,percentage,2,10,false,false
15,3,Shawn Johnson_S15,0.0935359738490176,0.09532374100719425,11,8,3,11,0.18885971485621184,5,5,7,7,3,10,percentage,2,10,false,false
15,4,Apolo Anton Ohno_S15,0.11912712526832578,0.10730948678071539,9,2,7,9,0.22643661204904117,3,6,7,4,7,10,percentage,1,10,false,false
15,4,Bristol Palin_S15,0.07494880316065541,0.09953343701399689,9,9,8,17,0.1744822401746523,9,9,1,1,8,10,percentage,1,10,true,true
15,4,Emmitt Smith_S15,0.11515415752311717,0.1119751166407465,9,4,5,9,0.22712927416386366,4,5,6,5,5,10,percentage,1,10,false,false
15,4,Gilles Marini_S15,0.11311818851796566,0.12286158631415241,9,7,1,8,0.23597977483211807,2,1,8,9,1,10,percentage,1,10,false,false
15,4,Kelly Monaco_S15,0.1171765007454173,0.1166407465007776,9,3,3,6,0.2338172472461949,1,3,9,7,3,10,percentage,1,10,false,false
15,4,Kirstie Alley_S15,0.11977659619358709,0.09331259720062209,9,1,9,10,0.21308919339420918,7,8,3,2,9,10,percentage,1,10,false,false
15,4,Melissa Rycroft_S15,0.11471451802690494,0.1150855365474339,9,5,4,9,0.22980005457433883,5,4,5,6,4,10,percentage,1,10,false,false
15,4,Sabrina Bryan_S15,0.11444662789748657,0.1104199066874028,9,6,6,12,0.22486653458488937,8,7,2,3,6,10,percentage,1,10,false,false
15,4,Shawn Johnson_S15,0.1115374826665394,0.12286158631415241,9,8,1,9,0.2343990689806918,6,2,4,8,2,10,percentage,1,10,false,false
15,5,Apolo Anton Ohno_S15,0.12513350432199247,0.12710911136107986,8,5,3,8,0.2522426156830723,3,4,6,5,5,10,percentage,0,10,false,false
15,5,Emmitt Smith_S15,0.126282815408961,0.12598425196850394,8,3,6,9,0.25226706737746496,5,3,4,6,6,10,percentage,0,10,false,false
15,5,Gilles Marini_S15,0.12629710294562654,0.12710911136107986,8,2,3,5,0.2534062143067064,1,2,8,7,2,10,percentage,0,10,false,false
15,5,Kelly Monaco_S15,0.12659461966919391,0.11586051743532058,8,1,8,9,0.2424551371045145,4,7,5,2,8,10,percentage,0,10,false,false
15,5,Kirstie Alley_S15,0.12289388627672859,0.11811023622047244,8,7,7,14,0.24100412249720105,8,8,1,1,7,10,percentage,0,10,false,false
15,5,Melissa Rycroft_S15,0.12276148494454993,0.12710911136107986,8,8,3,11,0.2498705963056298,7,6,2,3,4,10,percentage,0,10,false,false
15,5,Sabrina Bryan_S15,0.12613259721413114,0.13160854893138357,8,4,1,5,0.2577411461455147,2,1,7,8,1,10,percentage,0,10,false,false
15,5,Shawn Johnson_S15,0.12390398921881692,0.12710911136107986,8,6,3,9,0.2510131005798968,6,5,3,4,3,10,percentage,0,10,false,false
15,6,Apolo Anton Ohno_S15,0.1339967979100577,0.13274336283185842,8,2,1,3,0.2667401607419161,1,1,8,8,2,10,percentage,1,10,false,false
15,6,Emmitt Smith_S15,0.13543778679207805,0.1172566371681416,8,1,8,9,0.2526944239602196,3,6,6,3,8,10,percentage,1,10,false,false
15,6,Gilles Marini_S15,0.13351172680599427,0.12168141592920353,8,3,5,8,0.2551931427351978,2,3,7,6,6,10,percentage,1,10,false,false
15,6,Kelly Monaco_S15,0.13291950650877402,0.11946902654867257,8,4,7,11,0.2523885330574466,8,7,1,2,7,10,percentage,1,10,true,false
15,6,Kirstie Alley_S15,0.13200587747682221,0.12168141592920353,8,5,5,10,0.25368729340602575,5,5,4,4,5,10,percentage,1,10,false,false
15,6,Melissa Rycroft_S15,0.12932131649720582,0.13053097345132744,8,7,3,10,0.25985228994853327,7,2,2,7,3,10,percentage,1,10,false,false
15,6,Sabrina Bryan_S15,0.07242696579659735,0.13274336283185842,8,8,1,9,0.20517032862845577,4,8,5,1,1,10,percentage,1,10,false,true
15,6,Shawn Johnson_S15,0.13038002221247,0.12389380530973451,8,6,4,10,0.2542738275222045,6,4,3,5,4,10,percentage,1,10,false,false
15,7,Apolo Anton Ohno_S15,0.14353615254561555,0.13636403080504778,7,4,6,10,0.27990018335066336,5,6,3,2,6,10,percentage,0,10,false,false
15,7,Emmitt Smith_S15,0.14744686831363651,0.14256198261730507,7,1,4,5,0.2900088509309416,2,4,6,4,4,10,percentage,0,10,false,false
15,7,Gilles Marini_S15,0.14227190257137678,0.1384293260352406,7,5,5,10,0.2807012286066174,6,5,2,3,5,10,percentage,0,10,false,false
15,7,Kelly Monaco_S15,0.14601380663954994,0.14876076087823395,7,3,3,6,0.29477456751778386,3,2,5,6,3,10,percentage,0,10,false,false
15,7,Kirstie Alley_S15,0.13795133462619244,0.1157024007920684,7,6,7,13,0.25365373541826086,7,7,1,1,7,10,percentage,0,10,false,false
15,7,Melissa Rycroft_S15,0.14641053932409967,0.16115707772708432,7,2,1,3,0.30756761705118396,1,1,7,7,1,10,percentage,0,10,false,false
15,7,Shawn Johnson_S15,0.13636939597952868,0.15702442114501983,7,7,2,9,0.2933938171245485,4,3,4,5,2,10,percentage,0,10,false,false
15,8,Apolo Anton Ohno_S15,0.15671408034256742,0.1469193195013584,7,3,2,5,0.3036333998439258,1,2,7,6,3,10,percentage,2,10,false,false
15,8,Emmitt Smith_S15,0.1557749509337351,0.1458037890899821,7,4,4,8,0.3015787400237172,5,4,3,4,4,10,percentage,2,10,false,false
15,8,Gilles Marini_S15,0.09945808067491166,0.1469193195013584,7,7,2,9,0.24637740017627005,6,6,2,2,2,10,percentage,2,10,true,true
15,8,Kelly Monaco_S15,0.1594488618484453,0.1421801970519487,7,1,5,6,0.30162905890039404,2,3,6,5,5,10,percentage,2,10,false,false
15,8,Kirstie Alley_S15,0.11474047074606358,0.127962327890669,7,6,7,13,0.24270279863673258,7,7,1,1,7,10,percentage,2,10,true,true
15,8,Melissa Rycroft_S15,0.15535354694798514,0.15054391516549293,7,5,1,6,0.30589746211347807,3,1,5,7,1,10,percentage,2,10,false,false
15,8,Shawn Johnson_S15,0.15851000850629263,0.13967113179919047,7,2,6,8,0.2981811403054831,4,5,4,3,6,10,percentage,2,10,false,false
15,9,Apolo Anton Ohno_S15,0.154006697801061,0.20291532535175605,5,5,3,8,0.35692202315281707,4,4,2,2,3,10,percentage,2,10,true,true
15,9,Emmitt Smith_S15,0.16266104068978038,0.19148976912716836,5,4,5,9,0.35415080981694874,5,5,1,1,5,10,percentage,2,10,true,true
15,9,Kelly Monaco_S15,0.23148705408245088,0.19227700484469115,5,1,4,5,0.42376405892714203,3,3,3,3,4,10,percentage,2,10,false,false
15,9,Melissa Rycroft_S15,0.2278525174922991,0.20409759737077457,5,2,2,4,0.43195011486307366,1,2,5,4,2,10,percentage,2,10,false,false
15,9,Shawn Johnson_S15,0.22399268993440946,0.2092203033056099,5,3,1,4,0.4332129932400194,2,1,4,5,1,10,percentage,2,10,false,false
15,10,Kelly Monaco_S15,0.2581182331247332,0.3331212530739241,3,3,2,5,0.5912394861986573,3,3,1,1,2,10,percentage,3,10,true,true
15,10,Melissa Rycroft_S15,0.40709369839789344,0.33566392755094215,3,1,1,2,0.7427576259488355,1,1,3,3,1,10,percentage,3,10,true,true
15,10,Shawn Johnson_S15,0.3347880684773732,0.3312148193751337,3,2,3,5,0.6660028878525068,2,2,2,2,3,10,percentage,3,10,true,true
16,1,Alexandra Raisman_S16,0.08414696814887931,0.09170305676855896,12,6,3,9,0.17585002491743829,2,3,11,10,3,10,percentage,0,10,false,false
16,1,Andy Dick_S16,0.0754979806309785,0.07423580786026202,12,12,11,23,0.14973378849124053,12,11,1,2,11,10,percentage,0,10,false,false
16,1,D. L. Hughley_S16,0.07712457179402074,0.05240174672489083,12,11,12,23,0.12952631851891155,11,12,2,1,12,10,percentage,0,10,false,false
16,1,Dorothy Hamill_S16,0.08733330116598527,0.09170305676855896,12,1,3,4,0.17903635793454423,1,2,12,11,4,10,percentage,0,10,false,false
16,1,Ingo Rademacher_S16,0.08461970013480133,0.08733624454148471,12,5,5,10,0.17195594467628605,5,5,8,8,6,10,percentage,0,10,false,false
16,1,Jacoby Jones_S16,0.08376623240642497,0.08733624454148471,12,7,5,12,0.1711024769479097,7,6,6,7,5,10,percentage,0,10,false,false
16,1,Kellie Pickler_S16,0.08351048409969745,0.09170305676855896,12,9,3,12,0.1752135408682564,8,4,5,9,2,10,percentage,0,10,false,false
16,1,Lisa Vanderpump_S16,0.08506343806668776,0.07860262008733625,12,4,9,13,0.16366605815402402,9,9,4,4,9,10,percentage,0,10,false,false
16,1,Sean Lowe_S16,0.08573108301673821,0.08296943231441048,12,3,7,10,0.1687005153311487,4,7,9,6,7,10,percentage,0,10,false,false
16,1,Victor Ortiz_S16,0.08667299899485435,0.07860262008733625,12,2,9,11,0.1652756190821906,6,8,7,5,10,10,percentage,0,10,false,false
16,1,Wynonna Judd_S16,0.0828750965663974,0.07860262008733625,12,10,9,19,0.16147771665373364,10,10,3,3,8,10,percentage,0,10,false,false
16,1,Zendaya_S16,0.08365814497453421,0.10480349344978165,12,8,1,9,0.18846163842431585,3,1,10,12,1,10,percentage,0,10,false,false
16,2,Alexandra Raisman_S16,0.08498390136554698,0.09836065573770492,12,7,3,10,0.1833445571032519,4,3,9,10,3,10,percentage,1,10,false,false
16,2,Andy Dick_S16,0.0791460171810533,0.08196721311475409,12,11,6,17,0.16111323029580737,10,9,3,4,7,10,percentage,1,10,false,false
16,2,D. L. Hughley_S16,0.08412380115586943,0.06557377049180328,12,8,11,19,0.14969757164767272,11,11,2,2,11,10,percentage,1,10,false,false
16,2,Dorothy Hamill_S16,0.05868431771577288,0.06147540983606557,12,12,12,24,0.12015972755183846,12,12,1,1,12,10,percentage,1,10,true,true
16,2,Ingo Rademacher_S16,0.08515426540571254,0.08196721311475409,12,6,6,12,0.16712147852046663,8,6,5,7,5,10,percentage,1,10,false,false
16,2,Jacoby Jones_S16,0.08755143486865534,0.0942622950819672,12,4,4,8,0.18181372995062256,1,4,12,9,4,10,percentage,1,10,false,false
16,2,Kellie Pickler_S16,0.0838580036510764,0.10655737704918032,12,9,1,10,0.1904153807002567,5,1,8,12,1,10,percentage,1,10,false,false
16,2,Lisa Vanderpump_S16,0.08774179487670249,0.07377049180327869,12,2,9,11,0.1615122866799812,6,8,7,5,10,10,percentage,1,10,false,false
16,2,Sean Lowe_S16,0.0877275637739309,0.08196721311475409,12,3,6,9,0.169694776888685,2,5,11,8,6,10,percentage,1,10,false,false
16,2,Victor Ortiz_S16,0.0902203027926455,0.07377049180327869,12,1,9,10,0.1639907945959242,3,7,10,6,9,10,percentage,1,10,false,false
16,2,Wynonna Judd_S16,0.08709083828600038,0.07377049180327869,12,5,9,14,0.16086133008927905,9,10,4,3,8,10,percentage,1,10,false,false
16,2,Zendaya_S16,0.08371775892703413,0.10655737704918032,12,10,1,11,0.19027513597621445,7,2,6,11,2,10,percentage,1,10,false,false
16,3,Alexandra Raisman_S16,0.09045800520369418,0.09787250701703322,11,10,4,14,0.1883305122207274,8,5,4,7,4,10,percentage,1,10,false,false
16,3,Andy Dick_S16,0.09258801049364906,0.07659587505680861,11,8,9,17,0.16918388555045766,10,9,2,3,9,10,percentage,1,10,false,false
16,3,D. L. Hughley_S16,0.0932254763395978,0.06808522227271875,11,5,10,15,0.16131069861231656,9,10,3,2,10,10,percentage,1,10,false,false
16,3,Ingo Rademacher_S16,0.09375984767944842,0.08936185423294336,11,3,7,10,0.1831217019123918,5,7,7,5,7,10,percentage,1,10,false,false
16,3,Jacoby Jones_S16,0.0960836304683996,0.11063763512788957,11,1,1,2,0.20672126559628917,1,1,11,11,2,10,percentage,1,10,false,false
16,3,Kellie Pickler_S16,0.09191478141867841,0.10638315980112306,11,9,3,12,0.1982979412198015,6,3,6,9,3,10,percentage,1,10,false,false
16,3,Lisa Vanderpump_S16,0.09288687260470518,0.08936185423294336,11,7,7,14,0.18224872683764853,7,8,5,4,6,10,percentage,1,10,false,false
16,3,Sean Lowe_S16,0.0955790842073898,0.08936185423294336,11,2,7,9,0.18494093844033316,4,6,8,6,8,10,percentage,1,10,false,false
16,3,Victor Ortiz_S16,0.09374358966773848,0.09787250701703322,11,4,4,8,0.1916160966847717,3,4,9,8,5,10,percentage,1,10,false,false
16,3,Wynonna Judd_S16,0.06666571398104017,0.06382989588067384,11,11,11,22,0.130495609861714,11,11,1,1,11,10,percentage,1,10,true,true
16,3,Zendaya_S16,0.09309498793565948,0.11063763512788957,11,6,1,7,0.20373262306354906,2,2,10,10,1,10,percentage,1,10,false,false
16,4,Alexandra Raisman_S16,0.10167463157512081,0.12053571428571429,10,5,1,6,0.2222103458608351,1,1,10,10,1,10,percentage,1,10,false,false
16,4,Andy Dick_S16,0.0976842013987047,0.09375,10,9,6,15,0.1914342013987047,9,9,2,2,7,10,percentage,1,10,false,false
16,4,D. L. Hughley_S16,0.0984600369390282,0.09375,10,8,6,14,0.19221003693902822,8,7,3,4,6,10,percentage,1,10,false,false
16,4,Ingo Rademacher_S16,0.10495097432998128,0.10267857142857142,10,3,5,8,0.2076295457585527,2,5,9,6,5,10,percentage,1,10,false,false
16,4,Jacoby Jones_S16,0.10447907650602205,0.10714285714285714,10,4,4,8,0.21162193364887918,3,4,8,7,4,10,percentage,1,10,false,false
16,4,Kellie Pickler_S16,0.10103091521674731,0.11607142857142858,10,7,2,9,0.2171023437881759,5,3,6,8,2,10,percentage,1,10,false,false
16,4,Lisa Vanderpump_S16,0.07055374757989259,0.08035714285714286,10,10,9,19,0.15091089043703546,10,10,1,1,10,10,percentage,1,10,true,true
16,4,Sean Lowe_S16,0.1088625739722998,0.08928571428571429,10,2,8,10,0.1981482882580141,7,6,4,5,8,10,percentage,1,10,false,false
16,4,Victor Ortiz_S16,0.11119260899677706,0.08035714285714286,10,1,9,10,0.19154975185391993,6,8,5,3,9,10,percentage,1,10,false,false
16,4,Zendaya_S16,0.10111123348542603,0.11607142857142858,10,6,2,8,0.2171826620568546,4,2,7,9,3,10,percentage,1,10,false,false
16,5,Alexandra Raisman_S16,0.11493586748307044,0.11961722488038277,9,4,4,8,0.23455309236345323,3,4,7,6,4,10,percentage,1,10,false,false
16,5,Andy Dick_S16,0.11394088284762126,0.0861244019138756,9,5,8,13,0.20006528476149688,8,8,2,2,8,10,percentage,1,10,false,false
16,5,D. L. Hughley_S16,0.07893982671875585,0.0861244019138756,9,9,8,17,0.16506422863263145,9,9,1,1,9,10,percentage,1,10,true,true
16,5,Ingo Rademacher_S16,0.11997735754898882,0.10047846889952153,9,2,6,8,0.22045582644851036,2,6,8,4,7,10,percentage,1,10,false,false
16,5,Jacoby Jones_S16,0.12033861361245372,0.12440191387559808,9,1,3,4,0.2447405274880518,1,2,9,8,3,10,percentage,1,10,false,false
16,5,Kellie Pickler_S16,0.10847697427793158,0.1291866028708134,9,8,2,10,0.23766357714874498,6,3,4,7,2,10,percentage,1,10,false,false
16,5,Sean Lowe_S16,0.11373349464118267,0.11483253588516747,9,6,5,11,0.22856603052635013,7,5,3,5,5,10,percentage,1,10,false,false
16,5,Victor Ortiz_S16,0.11995838765673453,0.10047846889952153,9,3,6,9,0.22043685655625606,5,7,5,3,6,10,percentage,1,10,false,false
16,5,Zendaya_S16,0.10969859521326131,0.13875598086124402,9,7,1,8,0.24845457607450533,4,1,6,9,1,10,percentage,1,10,false,false
16,6,Alexandra Raisman_S16,0.12865343583157304,0.13793103448275862,8,4,2,6,0.26658447031433163,2,2,7,7,2,10,percentage,1,10,false,false
16,6,Andy Dick_S16,0.12706303599909968,0.11405835543766578,8,6,7,13,0.24112139143676548,7,7,2,2,7,10,percentage,1,10,false,false
16,6,Ingo Rademacher_S16,0.1327657750436478,0.1220159151193634,8,3,4,7,0.2547816901630112,3,5,6,4,5,10,percentage,1,10,false,false
16,6,Jacoby Jones_S16,0.1339388937282589,0.11936339522546419,8,2,6,8,0.2533022889537231,4,6,5,3,6,10,percentage,1,10,false,false
16,6,Kellie Pickler_S16,0.12596470452477823,0.14323607427055704,8,7,1,8,0.26920077879533527,6,1,3,8,1,10,percentage,1,10,false,false
16,6,Sean Lowe_S16,0.13402965265399233,0.1220159151193634,8,1,4,5,0.25604556777335574,1,4,8,5,4,10,percentage,1,10,false,false
16,6,Victor Ortiz_S16,0.0890482655264264,0.10610079575596817,8,8,8,16,0.19514906128239456,8,8,1,1,8,10,percentage,1,10,true,true
16,6,Zendaya_S16,0.12853623669222394,0.13527851458885942,8,5,3,8,0.26381475128108334,5,3,4,6,3,10,percentage,1,10,false,false
16,7,Alexandra Raisman_S16,0.1439616062209453,0.17391304347826086,7,6,1,7,0.3178746496992062,5,1,3,7,1,10,percentage,1,10,false,false
16,7,Andy Dick_S16,0.11686239578194264,0.09239130434782608,7,7,7,14,0.20925370012976874,7,7,1,1,7,10,percentage,1,10,true,true
16,7,Ingo Rademacher_S16,0.14741788119918084,0.1358695652173913,7,3,5,8,0.2832874464165721,6,5,2,3,5,10,percentage,1,10,false,false
16,7,Jacoby Jones_S16,0.14983988963413664,0.14673913043478262,7,2,4,6,0.29657902006891923,1,4,7,4,4,10,percentage,1,10,false,false
16,7,Kellie Pickler_S16,0.1455285677997501,0.15760869565217392,7,4,3,7,0.30313726345192404,3,3,5,5,3,10,percentage,1,10,false,false
16,7,Sean Lowe_S16,0.15138722167962684,0.13043478260869565,7,1,6,7,0.2818220042883225,2,6,6,2,6,10,percentage,1,10,false,false
16,7,Zendaya_S16,0.1450024376844177,0.16304347826086957,7,5,2,7,0.3080459159452873,4,2,4,6,2,10,percentage,1,10,false,false
16,8,Alexandra Raisman_S16,0.17033407080748839,0.18006430868167203,6,4,2,6,0.3503983794891604,4,2,3,5,2,10,percentage,1,10,false,false
16,8,Ingo Rademacher_S16,0.17891462671125766,0.15434083601286175,6,1,5,6,0.33325546272411943,2,5,5,2,5,10,percentage,1,10,false,false
16,8,Jacoby Jones_S16,0.17757191929551214,0.16720257234726688,6,2,4,6,0.344774491642779,3,4,4,3,4,10,percentage,1,10,false,false
16,8,Kellie Pickler_S16,0.17013463097567127,0.17684887459807075,6,5,3,8,0.346983505573742,5,3,2,4,3,10,percentage,1,10,false,false
16,8,Sean Lowe_S16,0.13256863249960976,0.13504823151125403,6,6,6,12,0.2676168640108638,6,6,1,1,6,10,percentage,1,10,true,true
16,8,Zendaya_S16,0.17047611971046062,0.1864951768488746,6,3,1,4,0.35697129655933524,1,1,6,6,1,10,percentage,1,10,false,false
16,9,Alexandra Raisman_S16,0.2142642020170138,0.20921985815602837,5,2,1,3,0.4234840601730422,1,1,5,5,1,10,percentage,1,10,false,false
16,9,Ingo Rademacher_S16,0.14911580059622045,0.18085106382978725,5,5,5,10,0.3299668644260077,5,5,1,1,5,10,percentage,1,10,true,true
16,9,Jacoby Jones_S16,0.21166661677802384,0.20921985815602837,5,3,1,4,0.4208864749340522,2,2,4,4,2,10,percentage,1,10,false,false
16,9,Kellie Pickler_S16,0.20884031415224077,0.20567375886524822,5,4,3,7,0.414514073017489,4,3,2,3,3,10,percentage,1,10,false,false
16,9,Zendaya_S16,0.2161130664565008,0.1950354609929078,5,1,4,5,0.4111485274494086,3,4,3,2,4,10,percentage,1,10,false,false
16,10,Alexandra Raisman_S16,0.18841516401964606,0.24786345971235874,4,4,3,7,0.43627862373200477,4,4,1,1,3,10,percentage,4,10,true,true
16,10,Jacoby Jones_S16,0.24244990142599426,0.2393155891586232,4,3,4,7,0.4817654905846175,3,3,2,2,4,10,percentage,4,10,true,true
16,10,Kellie Pickler_S16,0.3063858170514217,0.256410475564509,4,1,1,2,0.5627962926159307,1,1,4,4,1,10,percentage,4,10,true,true
16,10,Zendaya_S16,0.26274911750293695,0.256410475564509,4,2,1,3,0.519159593067446,2,2,3,3,2,10,percentage,4,10,true,true
17,1,Amber Riley_S17,0.0839107830366556,0.10546875,12,6,1,7,0.1893795330366556,3,1,10,12,1,11,percentage,0,11,false,false
17,1,Bill Engvall_S17,0.07538169447518098,0.0703125,12,12,10,22,0.14569419447518098,11,11,2,2,10,11,percentage,0,11,false,false
17,1,Bill Nye_S17,0.08086076864451656,0.0546875,12,11,12,23,0.13554826864451658,12,12,1,1,12,11,percentage,0,11,false,false
17,1,Brant Daugherty_S17,0.08406560395821791,0.0859375,12,5,6,11,0.1700031039582179,6,7,7,6,7,11,percentage,0,11,false,false
17,1,Christina Milian_S17,0.08473842285706519,0.0859375,12,4,6,10,0.17067592285706518,4,6,9,7,6,11,percentage,0,11,false,false
17,1,Corbin Bleu_S17,0.08701220135952022,0.09375,12,1,2,3,0.1807622013595202,1,2,12,11,3,11,percentage,0,11,false,false
17,1,Elizabeth Berkley Lauren_S17,0.0834860518838279,0.09375,12,8,2,10,0.1772360518838279,5,3,8,10,2,11,percentage,0,11,false,false
17,1,Jack Osbourne_S17,0.08486125851524993,0.08984375,12,3,4,7,0.17470500851524995,2,4,11,9,4,11,percentage,0,11,false,false
17,1,Keyshawn Johnson_S17,0.08649182251507734,0.06640625,12,2,11,13,0.15289807251507734,7,10,6,3,11,11,percentage,0,11,false,false
17,1,Leah Remini_S17,0.08329559004964555,0.08203125,12,9,8,17,0.16532684004964554,10,9,3,4,9,11,percentage,0,11,false,false
17,1,"Nicole ""Snooki"" Polizzi_S17",0.0820016081039788,0.08984375,12,10,4,14,0.1718453581039788,8,5,5,8,5,11,percentage,0,11,false,false
17,1,Valerie Harper_S17,0.08389419460106345,0.08203125,12,7,8,15,0.16592544460106345,9,8,4,5,8,11,percentage,0,11,false,false
17,2,Amber Riley_S17,0.08263318264900667,0.09022556390977443,12,10,5,15,0.17285874655878108,10,7,3,6,4,11,percentage,1,11,false,false
17,2,Bill Engvall_S17,0.08095851486346865,0.07894736842105263,12,11,8,19,0.15990588328452127,11,9,2,4,8,11,percentage,1,11,false,false
17,2,Bill Nye_S17,0.09073849422573577,0.06390977443609022,12,1,12,13,0.154648268661826,7,11,6,2,12,11,percentage,1,11,false,false
17,2,Brant Daugherty_S17,0.0882693474885201,0.08646616541353383,12,4,7,11,0.1747355129020539,4,5,9,8,7,11,percentage,1,11,false,false
17,2,Christina Milian_S17,0.08302057475469667,0.09398496240601503,12,9,2,11,0.1770055371607117,5,4,8,9,3,11,percentage,1,11,false,false
17,2,Corbin Bleu_S17,0.08359660044146339,0.09774436090225563,12,8,1,9,0.18134096134371902,3,1,10,12,1,11,percentage,1,11,false,false
17,2,Elizabeth Berkley Lauren_S17,0.08555600550548978,0.09398496240601503,12,6,2,8,0.1795409679115048,2,2,11,11,2,11,percentage,1,11,false,false
17,2,Jack Osbourne_S17,0.08434499927975377,0.09022556390977443,12,7,5,12,0.17457056318952818,6,6,7,7,5,11,percentage,1,11,false,false
17,2,Keyshawn Johnson_S17,0.05711963580330688,0.06766917293233082,12,12,11,23,0.1247888087356377,12,12,1,1,11,11,percentage,1,11,true,true
17,2,Leah Remini_S17,0.08904850856377577,0.09022556390977443,12,2,5,7,0.1792740724735502,1,3,12,10,6,11,percentage,1,11,false,false
17,2,"Nicole ""Snooki"" Polizzi_S17",0.08632915400138905,0.07518796992481203,12,5,9,14,0.16151712392620107,9,8,4,5,9,11,percentage,1,11,false,false
17,2,Valerie Harper_S17,0.08838498242339293,0.07142857142857142,12,3,10,13,0.15981355385196436,8,10,5,3,10,11,percentage,1,11,false,false
17,3,Amber Riley_S17,0.09462546533783808,0.09411764705882353,11,2,7,9,0.1887431123966616,3,6,9,6,7,11,percentage,1,11,false,false
17,3,Bill Engvall_S17,0.08618954860990584,0.09411764705882353,11,10,7,17,0.18030719566872938,10,8,2,4,6,11,percentage,1,11,false,false
17,3,Bill Nye_S17,0.07006999038797085,0.06274509803921569,11,11,10,21,0.13281508842718653,11,11,1,1,11,11,percentage,1,11,true,true
17,3,Brant Daugherty_S17,0.09148664951537924,0.10588235294117647,11,8,1,9,0.1973690024565557,4,1,8,11,1,11,percentage,1,11,false,false
17,3,Christina Milian_S17,0.09072211530079426,0.10196078431372549,11,9,2,11,0.19268289961451973,8,3,4,9,3,11,percentage,1,11,false,false
17,3,Corbin Bleu_S17,0.09336874341735031,0.10196078431372549,11,5,2,7,0.1953295277310758,2,2,10,10,2,11,percentage,1,11,false,false
17,3,Elizabeth Berkley Lauren_S17,0.09314305422749591,0.09803921568627451,11,7,4,11,0.1911822699137704,7,5,5,7,5,11,percentage,1,11,false,false
17,3,Jack Osbourne_S17,0.09316762786990718,0.08627450980392157,11,6,9,15,0.17944213767382874,9,9,3,3,9,11,percentage,1,11,false,false
17,3,Leah Remini_S17,0.0938390161829625,0.09411764705882353,11,4,7,11,0.18795666324178603,6,7,6,5,8,11,percentage,1,11,false,false
17,3,"Nicole ""Snooki"" Polizzi_S17",0.09437155618176903,0.09803921568627451,11,3,4,7,0.19241077186804353,1,4,11,8,4,11,percentage,1,11,false,false
17,3,Valerie Harper_S17,0.09901623296862745,0.06274509803921569,11,1,10,11,0.16176133100784312,5,10,7,2,10,11,percentage,1,11,false,false
17,4,Amber Riley_S17,0.10229302527139891,0.11392405063291139,10,6,2,8,0.2162170759043103,3,1,8,10,3,11,percentage,1,11,false,false
17,4,Bill Engvall_S17,0.09827143555686507,0.08860759493670886,10,9,8,17,0.18687903049357393,9,9,2,2,8,11,percentage,1,11,false,false
17,4,Brant Daugherty_S17,0.10848469292586177,0.08860759493670886,10,1,8,9,0.19709228786257063,4,8,7,3,9,11,percentage,1,11,false,false
17,4,Christina Milian_S17,0.10270218498780498,0.10126582278481013,10,5,5,10,0.2039680077726151,7,7,4,4,7,11,percentage,1,11,false,false
17,4,Corbin Bleu_S17,0.10051314794785997,0.11392405063291139,10,7,2,9,0.21443719858077137,6,2,5,9,2,11,percentage,1,11,false,false
17,4,Elizabeth Berkley Lauren_S17,0.09969558043277484,0.11392405063291139,10,8,2,10,0.2136196310656862,8,3,3,8,1,11,percentage,1,11,false,false
17,4,Jack Osbourne_S17,0.10303868999496149,0.10126582278481013,10,4,5,9,0.20430451277977163,5,6,6,5,4,11,percentage,1,11,false,false
17,4,Leah Remini_S17,0.10680190904993932,0.10126582278481013,10,2,5,7,0.20806773183474944,1,4,10,7,6,11,percentage,1,11,false,false
17,4,"Nicole ""Snooki"" Polizzi_S17",0.1038205405388067,0.10126582278481013,10,3,5,8,0.20508636332361682,2,5,9,6,5,11,percentage,1,11,false,false
17,4,Valerie Harper_S17,0.07437879329372717,0.0759493670886076,10,10,10,20,0.15032816038233476,10,10,1,1,10,11,percentage,1,11,true,true
17,5,Amber Riley_S17,0.11898576263201552,0.11063829787234042,9,2,6,8,0.22962406050435594,2,5,8,5,7,11,percentage,1,11,false,false
17,5,Bill Engvall_S17,0.1137147117978521,0.10212765957446808,9,8,8,16,0.21584237137232018,9,7,1,3,8,11,percentage,1,11,true,false
17,5,Brant Daugherty_S17,0.11628268193212198,0.1148936170212766,9,6,4,10,0.23117629895339858,6,3,4,7,3,11,percentage,1,11,false,false
17,5,Christina Milian_S17,0.0614810677166487,0.11914893617021277,9,9,1,10,0.18063000388686146,7,9,3,1,2,11,percentage,1,11,false,true
17,5,Corbin Bleu_S17,0.11702379740609761,0.11914893617021277,9,5,1,6,0.23617273357631038,1,1,9,9,1,11,percentage,1,11,false,false
17,5,Elizabeth Berkley Lauren_S17,0.11839398100642001,0.11063829787234042,9,3,6,9,0.22903227887876043,4,6,6,4,6,11,percentage,1,11,false,false
17,5,Jack Osbourne_S17,0.11720927125839514,0.1148936170212766,9,4,4,8,0.23210288827967174,3,2,7,8,5,11,percentage,1,11,false,false
17,5,Leah Remini_S17,0.12086530976073151,0.09361702127659574,9,1,9,10,0.21448233103732725,5,8,5,2,9,11,percentage,1,11,false,false
17,5,"Nicole ""Snooki"" Polizzi_S17",0.11604341648971749,0.1148936170212766,9,7,4,11,0.2309370335109941,8,4,2,6,4,11,percentage,1,11,false,false
17,6,Amber Riley_S17,0.1274266875055648,0.13852818537899697,8,5,1,6,0.26595487288456177,4,2,5,7,1,11,percentage,0,11,false,false
17,6,Bill Engvall_S17,0.11290574157731052,0.10389603080876471,8,8,8,16,0.21680177238607523,8,8,1,1,8,11,percentage,0,11,false,false
17,6,Brant Daugherty_S17,0.12855402360507223,0.13419959895965008,8,2,3,5,0.26275362256472234,1,3,8,6,3,11,percentage,0,11,false,false
17,6,Corbin Bleu_S17,0.12832357617099238,0.1168830887726018,8,4,6,10,0.24520666494359417,5,6,4,3,6,11,percentage,0,11,false,false
17,6,Elizabeth Berkley Lauren_S17,0.12839620094942175,0.13852775247706486,8,3,2,5,0.2669239534264866,2,1,7,8,2,11,percentage,0,11,false,false
17,6,Jack Osbourne_S17,0.12318662619661329,0.11688265587066968,8,6,7,13,0.24006928206728295,7,7,2,2,7,11,percentage,0,11,false,false
17,6,Leah Remini_S17,0.12882930335395598,0.12121210809388083,8,1,5,6,0.2500414114478368,3,5,6,4,5,11,percentage,0,11,false,false
17,6,"Nicole ""Snooki"" Polizzi_S17",0.12237784064106967,0.12987057963837104,8,7,4,11,0.2522484202794407,6,4,3,5,4,11,percentage,0,11,false,false
17,7,Amber Riley_S17,0.13090812027842494,0.13318284424379231,8,5,1,6,0.26409096452221725,2,1,7,8,2,11,percentage,1,11,false,false
17,7,Bill Engvall_S17,0.1284676060972952,0.11286681715575621,8,7,8,15,0.24133442325305143,8,7,1,2,8,11,percentage,1,11,true,false
17,7,Brant Daugherty_S17,0.1337801691569689,0.12866817155756208,8,2,3,5,0.26244834071453094,1,3,8,6,3,11,percentage,1,11,false,false
17,7,Corbin Bleu_S17,0.1294362413990238,0.13318284424379231,8,6,1,7,0.2626190856428161,4,2,5,7,1,11,percentage,1,11,false,false
17,7,Elizabeth Berkley Lauren_S17,0.13325635505350056,0.12189616252821671,8,3,5,8,0.25515251758171725,6,5,3,4,5,11,percentage,1,11,false,false
17,7,Jack Osbourne_S17,0.13169441699754988,0.12866817155756208,8,4,3,7,0.26036258855511196,3,4,6,5,4,11,percentage,1,11,false,false
17,7,Leah Remini_S17,0.13432218251422987,0.11963882618510158,8,1,7,8,0.25396100869933147,5,6,4,3,7,11,percentage,1,11,false,false
17,7,"Nicole ""Snooki"" Polizzi_S17",0.0781349085030066,0.12189616252821671,8,8,5,13,0.2000310710312233,7,8,2,1,6,11,percentage,1,11,false,true
17,8,Amber Riley_S17,0.15242108534290977,0.14583333333333334,7,2,3,5,0.29825441867624314,1,3,7,5,4,11,percentage,1,11,false,false
17,8,Bill Engvall_S17,0.15017700021697566,0.125,7,4,7,11,0.27517700021697566,6,6,2,2,7,11,percentage,1,11,false,false
17,8,Brant Daugherty_S17,0.09163666669536819,0.140625,7,7,5,12,0.23226166669536819,7,7,1,1,5,11,percentage,1,11,true,true
17,8,Corbin Bleu_S17,0.1480588728160102,0.15625,7,5,1,6,0.3043088728160102,3,1,5,7,1,11,percentage,1,11,false,false
17,8,Elizabeth Berkley Lauren_S17,0.1581281990699971,0.13020833333333334,7,1,6,7,0.28833653240333046,4,5,4,3,6,11,percentage,1,11,false,false
17,8,Jack Osbourne_S17,0.147505290278212,0.15625,7,6,1,7,0.303755290278212,5,2,3,6,2,11,percentage,1,11,false,false
17,8,Leah Remini_S17,0.152072885580527,0.14583333333333334,7,3,3,6,0.2979062189138604,2,4,6,4,3,11,percentage,1,11,false,false
17,9,Amber Riley_S17,0.17892196272392744,0.1619047619047619,6,3,5,8,0.34082672462868935,5,4,2,3,5,11,percentage,1,11,false,false
17,9,Bill Engvall_S17,0.185122102092988,0.13333333333333333,6,1,6,7,0.3184554354263213,3,5,4,2,6,11,percentage,1,11,false,false
17,9,Corbin Bleu_S17,0.17485854570676176,0.18412698412698414,6,5,1,6,0.3589855298337459,2,1,5,6,1,11,percentage,1,11,false,false
17,9,Elizabeth Berkley Lauren_S17,0.10341017648746773,0.17777777777777778,6,6,2,8,0.2811879542652455,6,6,1,1,2,11,percentage,1,11,true,true
17,9,Jack Osbourne_S17,0.1809384746226402,0.17142857142857143,6,2,3,5,0.3523670460512116,1,2,6,5,3,11,percentage,1,11,false,false
17,9,Leah Remini_S17,0.1767487383662151,0.17142857142857143,6,4,3,7,0.34817730979478656,4,3,3,4,4,11,percentage,1,11,false,false
17,10,Amber Riley_S17,0.2099211451379453,0.2257142857142857,5,4,1,5,0.435635430852231,3,1,3,5,1,11,percentage,1,11,false,false
17,10,Bill Engvall_S17,0.213672115880915,0.17142857142857143,5,2,5,7,0.38510068730948643,4,4,2,2,5,11,percentage,1,11,false,false
17,10,Corbin Bleu_S17,0.21267995407277232,0.21428571428571427,5,3,2,5,0.4269656683584866,2,2,4,4,2,11,percentage,1,11,false,false
17,10,Jack Osbourne_S17,0.21470705336385693,0.20285714285714285,5,1,3,4,0.4175641962209998,1,3,5,3,3,11,percentage,1,11,false,false
17,10,Leah Remini_S17,0.14901973154451106,0.18571428571428572,5,5,4,9,0.3347340172587968,5,5,1,1,4,11,percentage,1,11,true,true
17,11,Amber Riley_S17,0.3092208751449765,0.27365383574062396,4,1,1,2,0.5828747108856005,1,1,4,4,1,11,percentage,4,11,true,true
17,11,Bill Engvall_S17,0.1901172005251912,0.22270771724567986,4,4,4,8,0.41282491777087105,4,4,1,1,4,11,percentage,4,11,true,true
17,11,Corbin Bleu_S17,0.2665885674542399,0.25909655421775135,4,2,2,4,0.5256851216719913,2,2,3,3,2,11,percentage,4,11,true,true
17,11,Jack Osbourne_S17,0.23407335687559125,0.24454189279594477,4,3,3,6,0.478615249671536,3,3,2,2,3,11,percentage,4,11,true,true
18,1,Amy Purdy_S18,0.08686266644125992,0.0916030534351145,12,5,4,9,0.17846571987637444,2,4,11,9,4,10,percentage,1,10,false,false
18,1,Billy Dee Williams_S18,0.09373301044415583,0.05725190839694656,12,1,12,13,0.15098491884110238,8,11,5,2,12,10,percentage,1,10,false,false
18,1,Candace Cameron Bure_S18,0.08489196936222258,0.09541984732824428,12,7,2,9,0.18031181669046686,3,2,10,11,2,10,percentage,1,10,false,false
18,1,Charlie White_S18,0.08286170613738861,0.10305343511450382,12,9,1,10,0.18591514125189243,4,1,9,12,1,10,percentage,1,10,false,false
18,1,Cody Simpson_S18,0.08253577034726285,0.08396946564885496,12,10,6,16,0.16650523599611783,10,7,3,6,6,10,percentage,1,10,false,false
18,1,Danica McKellar_S18,0.08737223679190093,0.0916030534351145,12,4,4,8,0.17897529022701542,1,3,12,10,5,10,percentage,1,10,false,false
18,1,Diana Nyad_S18,0.05667253908642096,0.06870229007633588,12,12,11,23,0.12537482916275683,12,12,1,1,11,10,percentage,1,10,true,true
18,1,Drew Carey_S18,0.07786973021144164,0.08015267175572519,12,11,8,19,0.15802240196716683,11,10,2,3,7,10,percentage,1,10,false,false
18,1,James Maslow_S18,0.08789238917069904,0.08015267175572519,12,3,8,11,0.16804506092642424,5,6,8,7,8,10,percentage,1,10,false,false
18,1,Meryl Davis_S18,0.08411925647040586,0.0916030534351145,12,8,4,12,0.17572230990552035,7,5,6,8,3,10,percentage,1,10,false,false
18,1,NeNe Leakes_S18,0.08587710226516035,0.08015267175572519,12,6,8,14,0.16602977402088553,9,8,4,5,9,10,percentage,1,10,false,false
18,1,Sean Avery_S18,0.08931162327168188,0.07633587786259542,12,2,10,12,0.1656475011342773,6,9,7,4,10,10,percentage,1,10,false,false
18,2,Amy Purdy_S18,0.09706800729747457,0.09836065573770492,11,3,4,7,0.19542866303517947,1,4,11,8,4,10,percentage,2,10,false,false
18,2,Billy Dee Williams_S18,0.07725195570213746,0.06147540983606557,11,10,11,21,0.13872736553820303,11,11,1,1,11,10,percentage,2,10,true,true
18,2,Candace Cameron Bure_S18,0.09926421647876893,0.0860655737704918,11,1,8,9,0.18532979024926072,4,7,8,5,10,10,percentage,2,10,false,false
18,2,Charlie White_S18,0.09466908338383988,0.10245901639344263,11,7,2,9,0.19712809977728252,5,2,7,10,3,10,percentage,2,10,false,false
18,2,Cody Simpson_S18,0.09572335887317092,0.09016393442622951,11,5,6,11,0.18588729329940043,8,6,4,6,6,10,percentage,2,10,false,false
18,2,Danica McKellar_S18,0.09618430803013553,0.09836065573770492,11,4,4,8,0.19454496376784045,2,5,10,7,5,10,percentage,2,10,false,false
18,2,Drew Carey_S18,0.09183213619292213,0.0860655737704918,11,9,8,17,0.17789770996341392,9,9,3,3,9,10,percentage,2,10,false,false
18,2,James Maslow_S18,0.09404169369899355,0.10245901639344263,11,8,2,10,0.1965007100924362,7,3,5,9,1,10,percentage,2,10,false,false
18,2,Meryl Davis_S18,0.09515409051719186,0.10245901639344263,11,6,2,8,0.1976131069106345,3,1,9,11,2,10,percentage,2,10,false,false
18,2,NeNe Leakes_S18,0.09792965517664395,0.0860655737704918,11,2,8,10,0.18399522894713577,6,8,6,4,7,10,percentage,2,10,false,false
18,2,Sean Avery_S18,0.060881494648721605,0.0860655737704918,11,11,8,19,0.1469470684192134,10,10,2,2,8,10,percentage,2,10,true,true
18,3,Amy Purdy_S18,0.11323279003006609,0.1157556270096463,9,4,3,7,0.2289884170397124,2,2,8,8,3,10,percentage,0,10,false,false
18,3,Candace Cameron Bure_S18,0.11435827451371658,0.10289389067524116,9,2,7,9,0.21725216518895774,4,7,6,3,7,10,percentage,0,10,false,false
18,3,Charlie White_S18,0.11300580408184499,0.1157556270096463,9,5,3,8,0.22876143109149127,3,3,7,7,2,10,percentage,0,10,false,false
18,3,Cody Simpson_S18,0.10780569267121493,0.11254019292604502,9,8,6,14,0.22034588559725993,8,6,2,4,6,10,percentage,0,10,false,false
18,3,Danica McKellar_S18,0.11201420264203366,0.1157556270096463,9,6,3,9,0.22776982965167997,5,4,5,6,4,10,percentage,0,10,false,false
18,3,Drew Carey_S18,0.09940407939892335,0.09646302250803858,9,9,9,18,0.19586710190696194,9,9,1,1,9,10,percentage,0,10,false,false
18,3,James Maslow_S18,0.1113097455879876,0.1157556270096463,9,7,3,10,0.2270653725976339,6,5,4,5,5,10,percentage,0,10,false,false
18,3,Meryl Davis_S18,0.11554646165754097,0.12540192926045016,9,1,1,2,0.24094839091799114,1,1,9,9,1,10,percentage,0,10,false,false
18,3,NeNe Leakes_S18,0.11332294941667082,0.09967845659163987,9,3,8,11,0.2130014060083107,7,8,3,2,8,10,percentage,0,10,false,false
18,4,Amy Purdy_S18,0.11455713552201927,0.11447811447811448,9,3,3,6,0.22903525000013375,1,2,9,8,3,10,percentage,0,10,false,false
18,4,Candace Cameron Bure_S18,0.11649612862302573,0.09427609427609428,9,1,9,10,0.21077222289912,6,9,4,1,9,10,percentage,0,10,false,false
18,4,Charlie White_S18,0.11352236050041355,0.1111111111111111,9,4,4,8,0.22463347161152464,4,4,6,6,4,10,percentage,0,10,false,false
18,4,Cody Simpson_S18,0.10651201307949405,0.10437710437710437,9,8,8,16,0.21088911745659844,9,8,1,2,8,10,percentage,0,10,false,false
18,4,Danica McKellar_S18,0.11476138247840785,0.10774410774410774,9,2,6,8,0.2225054902225156,3,5,7,5,6,10,percentage,0,10,false,false
18,4,Drew Carey_S18,0.10086909749217335,0.1111111111111111,9,9,4,13,0.21198020860328445,8,7,2,3,5,10,percentage,0,10,false,false
18,4,James Maslow_S18,0.11029277185000487,0.11784511784511785,9,6,2,8,0.22813788969512272,5,3,5,7,2,10,percentage,0,10,false,false
18,4,Meryl Davis_S18,0.1131837708899035,0.13131313131313133,9,5,1,6,0.24449690220303483,2,1,8,9,1,10,percentage,0,10,false,false
18,4,NeNe Leakes_S18,0.10980533956455744,0.10774410774410774,9,7,6,13,0.21754944730866518,7,6,3,4,7,10,percentage,0,10,false,false
18,5,Amy Purdy_S18,0.11601917527860826,0.11490683229813664,9,6,3,9,0.23092600757674492,6,3,4,7,4,10,percentage,1,10,false,false
18,5,Candace Cameron Bure_S18,0.11973256688257584,0.10869565217391304,9,1,7,8,0.22842821905648888,4,7,6,3,7,10,percentage,1,10,false,false
18,5,Charlie White_S18,0.11582020505645355,0.11490683229813664,9,7,3,10,0.2307270373545902,7,4,3,6,3,10,percentage,1,10,false,false
18,5,Cody Simpson_S18,0.06495184273106094,0.10559006211180125,9,9,8,17,0.1705419048428622,9,9,1,1,8,10,percentage,1,10,true,true
18,5,Danica McKellar_S18,0.1168679008456288,0.12111801242236025,9,4,2,6,0.23798591326798907,1,2,9,8,2,10,percentage,1,10,false,false
18,5,Drew Carey_S18,0.1137491935247794,0.08695652173913043,9,8,9,17,0.20070571526390985,8,8,2,2,9,10,percentage,1,10,false,false
18,5,James Maslow_S18,0.11647837852089274,0.12422360248447205,9,5,1,6,0.24070198100536477,2,1,8,9,1,10,percentage,1,10,false,false
18,5,Meryl Davis_S18,0.1183339038006785,0.11180124223602485,9,2,5,7,0.23013514603670335,3,5,7,5,5,10,percentage,1,10,false,false
18,5,NeNe Leakes_S18,0.11804683335932112,0.11180124223602485,9,3,5,8,0.22984807559534598,5,6,5,4,6,10,percentage,1,10,false,false
18,6,Amy Purdy_S18,0.12819280608937894,0.1347517730496454,8,7,2,9,0.26294457913902436,6,2,3,7,2,10,percentage,1,10,false,false
18,6,Candace Cameron Bure_S18,0.1323541125006412,0.11347517730496454,8,2,7,9,0.24582928980560573,5,7,4,2,7,10,percentage,1,10,false,false
18,6,Charlie White_S18,0.13149755953872164,0.1276595744680851,8,3,3,6,0.25915713400680673,1,3,8,6,3,10,percentage,1,10,false,false
18,6,Danica McKellar_S18,0.13115700220604296,0.1276595744680851,8,4,3,7,0.25881657667412805,3,4,6,5,4,10,percentage,1,10,false,false
18,6,Drew Carey_S18,0.0832215638929006,0.11347517730496454,8,8,7,15,0.19669674119786512,8,8,1,1,8,10,percentage,1,10,true,true
18,6,James Maslow_S18,0.1309755786036781,0.12411347517730496,8,5,5,10,0.25508905378098307,7,5,2,4,5,10,percentage,1,10,false,false
18,6,Meryl Davis_S18,0.1282454861862283,0.14184397163120568,8,6,1,7,0.270089457817434,4,1,5,8,1,10,percentage,1,10,false,false
18,6,NeNe Leakes_S18,0.13435589098240877,0.11702127659574468,8,1,6,7,0.2513771675781534,2,6,7,3,6,10,percentage,1,10,false,false
18,7,Amy Purdy_S18,0.15165834404398723,0.1482213438735178,7,2,2,4,0.299879687917505,1,1,7,7,2,10,percentage,1,10,false,false
18,7,Candace Cameron Bure_S18,0.14934139399627708,0.14624505928853754,7,4,3,7,0.2955864532848146,3,4,5,4,3,10,percentage,1,10,false,false
18,7,Charlie White_S18,0.1489556310174626,0.14031620553359683,7,5,5,10,0.2892718365510594,6,6,2,2,5,10,percentage,1,10,false,false
18,7,Danica McKellar_S18,0.15335360131634812,0.1422924901185771,7,1,4,5,0.2956460914349252,2,3,6,5,4,10,percentage,1,10,false,false
18,7,James Maslow_S18,0.15110900656314702,0.1383399209486166,7,3,6,9,0.28944892751176365,5,5,3,3,6,10,percentage,1,10,false,false
18,7,Meryl Davis_S18,0.1447425283415838,0.1541501976284585,7,6,1,7,0.2988927259700423,4,2,4,6,1,10,percentage,1,10,false,false
18,7,NeNe Leakes_S18,0.10083949472119395,0.13043478260869565,7,7,7,14,0.2312742773298896,7,7,1,1,7,10,percentage,1,10,true,true
18,8,Amy Purdy_S18,0.1738905904176816,0.17699115044247787,6,4,1,5,0.35088174086015944,1,1,6,6,1,10,percentage,1,10,false,false
18,8,Candace Cameron Bure_S18,0.17982567263143887,0.1592920353982301,6,3,5,8,0.33911770802966895,5,5,2,2,5,10,percentage,1,10,false,false
18,8,Charlie White_S18,0.17157196797043806,0.17699115044247787,6,5,1,6,0.34856311841291593,3,2,4,5,2,10,percentage,1,10,false,false
18,8,Danica McKellar_S18,0.11176784695689987,0.168141592920354,6,6,3,9,0.27990943987725386,6,6,1,1,3,10,percentage,1,10,true,true
18,8,James Maslow_S18,0.18032784620707326,0.1592920353982301,6,2,5,7,0.3396198816053033,4,4,3,3,4,10,percentage,1,10,false,false
18,8,Meryl Davis_S18,0.18261607581646883,0.1592920353982301,6,1,5,6,0.3419081112146989,2,3,5,4,6,10,percentage,1,10,false,false
18,9,Amy Purdy_S18,0.21539069986683015,0.20418848167539266,5,3,2,5,0.41957918154222285,2,2,4,4,2,10,percentage,1,10,false,false
18,9,Candace Cameron Bure_S18,0.22118529321947772,0.18848167539267016,5,1,5,6,0.4096669686121479,3,4,3,2,5,10,percentage,1,10,false,false
18,9,Charlie White_S18,0.1367629786262927,0.19895287958115182,5,5,3,8,0.33571585820744454,5,5,1,1,3,10,percentage,1,10,true,true
18,9,James Maslow_S18,0.21097785775598654,0.19895287958115182,5,4,3,7,0.40993073733713836,4,3,2,3,4,10,percentage,1,10,false,false
18,9,Meryl Davis_S18,0.21568317053141137,0.2094240837696335,5,2,1,3,0.4251072543010449,1,1,5,5,1,10,percentage,1,10,false,false
18,10,Amy Purdy_S18,0.26275147412002003,0.2587209505138384,4,2,2,4,0.5214724246338585,2,2,3,3,2,10,percentage,4,10,true,true
18,10,Candace Cameron Bure_S18,0.2512797266295006,0.22674296916969572,4,3,4,7,0.4780226957991963,3,3,2,2,4,10,percentage,4,10,true,true
18,10,James Maslow_S18,0.17419273105611946,0.2529075649013137,4,4,3,7,0.42710029595743315,4,4,1,1,3,10,percentage,4,10,true,true
18,10,Meryl Davis_S18,0.3117760681943604,0.2616285154151521,4,1,1,2,0.5734045836095125,1,1,4,4,1,10,percentage,4,10,true,true
19,1,Alfonso Ribeiro_S19,0.07838885420766341,0.0967741935483871,13,9,1,10,0.17516304775605052,3,1,11,13,1,11,percentage,1,11,false,false
19,1,Antonio Sabato Jr._S19,0.08191064688489698,0.06720430107526881,13,3,10,13,0.14911494796016578,9,9,5,5,10,11,percentage,1,11,false,false
19,1,Bethany Mota_S19,0.08810183321940249,0.08602150537634409,13,1,3,4,0.17412333859574658,1,2,13,12,4,11,percentage,1,11,false,false
19,1,Betsey Johnson_S19,0.07502961928137863,0.053763440860215055,13,10,13,23,0.1287930601415937,12,12,2,2,13,11,percentage,1,11,false,false
19,1,Janel Parrish_S19,0.0807640738336604,0.07795698924731183,13,4,7,11,0.15872106308097222,4,7,10,7,7,11,percentage,1,11,false,false
19,1,Jonathan Bennett_S19,0.08054857229234065,0.08064516129032258,13,6,6,12,0.16119373358266323,7,6,7,8,6,11,percentage,1,11,false,false
19,1,Lea Thompson_S19,0.07859102317867608,0.08602150537634409,13,8,3,11,0.16461252855502018,5,4,9,10,3,11,percentage,1,11,false,false
19,1,Lolo Jones_S19,0.05068923914009382,0.05913978494623656,13,13,12,25,0.10982902408633038,13,13,1,1,12,11,percentage,1,11,true,true
19,1,Michael Waltrip_S19,0.08439835898222009,0.06720430107526881,13,2,10,12,0.1516026600574889,6,8,8,6,11,11,percentage,1,11,false,false
19,1,Randy Couture_S19,0.07953379424262033,0.08333333333333333,13,7,5,12,0.16286712757595367,8,5,6,9,5,11,percentage,1,11,false,false
19,1,Sadie Robertson_S19,0.08069896925227381,0.0913978494623656,13,5,2,7,0.1720968187146394,2,3,12,11,2,11,percentage,1,11,false,false
19,1,Tavis Smiley_S19,0.07040080999108998,0.07795698924731183,13,12,7,19,0.1483577992384018,10,10,4,4,8,11,percentage,1,11,false,false
19,1,Tommy Chong_S19,0.0709442054936836,0.07258064516129033,13,11,9,20,0.14352485065497395,11,11,3,3,9,11,percentage,1,11,false,false
19,2,Alfonso Ribeiro_S19,0.0881716947254997,0.08839779005524862,12,6,4,10,0.1765694847807483,4,4,9,9,4,11,percentage,1,11,false,false
19,2,Antonio Sabato Jr._S19,0.08860100813066472,0.0856353591160221,12,5,5,10,0.17423636724668684,3,5,10,8,6,11,percentage,1,11,false,false
19,2,Bethany Mota_S19,0.09535565362451014,0.09116022099447514,12,1,3,4,0.18651587461898528,1,1,12,12,3,11,percentage,1,11,false,false
19,2,Betsey Johnson_S19,0.07396433645288249,0.07734806629834254,12,11,9,20,0.15131240275122504,11,11,2,2,11,11,percentage,1,11,false,false
19,2,Janel Parrish_S19,0.08367917291821987,0.09392265193370165,12,9,2,11,0.17760182485192152,6,3,7,10,2,11,percentage,1,11,false,false
19,2,Jonathan Bennett_S19,0.08945873168225349,0.08287292817679558,12,4,7,11,0.17233165985904908,5,6,8,7,7,11,percentage,1,11,false,false
19,2,Lea Thompson_S19,0.08442571228510568,0.09668508287292818,12,7,1,8,0.18111079515803385,2,2,11,11,1,11,percentage,1,11,false,false
19,2,Michael Waltrip_S19,0.09511048334576894,0.06629834254143646,12,2,12,14,0.1614088258872054,9,9,4,4,12,11,percentage,1,11,false,false
19,2,Randy Couture_S19,0.09004793218242796,0.07734806629834254,12,3,9,12,0.1673959984807705,7,8,6,5,9,11,percentage,1,11,false,false
19,2,Sadie Robertson_S19,0.08441416063584216,0.0856353591160221,12,8,5,13,0.17004951975186428,8,7,5,6,5,11,percentage,1,11,false,false
19,2,Tavis Smiley_S19,0.04546220387958483,0.07734806629834254,12,12,9,21,0.12281027017792737,12,12,1,1,10,11,percentage,1,11,true,true
19,2,Tommy Chong_S19,0.08130891013723981,0.07734806629834254,12,10,9,19,0.15865697643558235,10,10,3,3,8,11,percentage,1,11,false,false
19,3,Alfonso Ribeiro_S19,0.09473874268005208,0.0906515580736544,11,6,5,11,0.1853903007537065,7,5,5,7,4,11,percentage,1,11,false,false
19,3,Antonio Sabato Jr._S19,0.09607586105596758,0.0821529745042493,11,3,8,11,0.17822883556021688,6,9,6,3,8,11,percentage,1,11,false,false
19,3,Bethany Mota_S19,0.10011710783535546,0.11331444759206799,11,2,1,3,0.21343155542742345,1,1,11,11,2,11,percentage,1,11,false,false
19,3,Betsey Johnson_S19,0.08332092039732474,0.0821529745042493,11,9,8,17,0.16547389490157405,10,10,2,2,9,11,percentage,1,11,false,false
19,3,Janel Parrish_S19,0.09432875540111416,0.11331444759206799,11,7,1,8,0.20764320299318215,2,2,10,10,1,11,percentage,1,11,false,false
19,3,Jonathan Bennett_S19,0.09544058430581011,0.0906515580736544,11,4,5,9,0.1860921423794645,3,3,9,9,6,11,percentage,1,11,false,false
19,3,Lea Thompson_S19,0.0938298372877437,0.08781869688385269,11,8,7,15,0.18164853417159638,9,7,3,5,7,11,percentage,1,11,false,false
19,3,Michael Waltrip_S19,0.10274421067267671,0.07932011331444759,11,1,10,11,0.1820643239871243,5,6,7,6,10,11,percentage,1,11,false,false
19,3,Randy Couture_S19,0.062238822782617186,0.07365439093484419,11,11,11,22,0.13589321371746138,11,11,1,1,11,11,percentage,1,11,true,true
19,3,Sadie Robertson_S19,0.09510045777162023,0.0906515580736544,11,5,5,10,0.18575201584527462,4,4,8,8,5,11,percentage,1,11,false,false
19,3,Tommy Chong_S19,0.0820646998097174,0.09631728045325778,11,10,3,13,0.1783819802629752,8,8,4,4,3,11,percentage,1,11,false,false
19,4,Alfonso Ribeiro_S19,0.10116953277455366,0.125,10,7,1,8,0.22616953277455365,3,1,8,10,1,11,percentage,1,11,false,false
19,4,Antonio Sabato Jr._S19,0.10609803946590358,0.090625,10,4,6,10,0.19672303946590358,4,6,7,5,7,11,percentage,1,11,false,false
19,4,Bethany Mota_S19,0.11453667521023984,0.103125,10,1,5,6,0.21766167521023982,1,3,10,8,5,11,percentage,1,11,false,false
19,4,Betsey Johnson_S19,0.05632362904519026,0.090625,10,10,6,16,0.14694862904519027,9,10,2,1,6,11,percentage,1,11,false,true
19,4,Janel Parrish_S19,0.10240905005646403,0.1125,10,6,4,10,0.21490905005646405,5,5,6,6,4,11,percentage,1,11,false,false
19,4,Jonathan Bennett_S19,0.11017133093557545,0.075,10,3,10,13,0.18517133093557545,8,8,3,3,10,11,percentage,1,11,false,false
19,4,Lea Thompson_S19,0.1034813563007494,0.121875,10,5,2,7,0.2253563563007494,2,2,9,9,2,11,percentage,1,11,false,false
19,4,Michael Waltrip_S19,0.11113014993574659,0.078125,10,2,9,11,0.1892551499357466,6,7,5,4,9,11,percentage,1,11,false,false
19,4,Sadie Robertson_S19,0.10044769539444838,0.115625,10,8,3,11,0.2160726953944484,7,4,4,7,3,11,percentage,1,11,false,false
19,4,Tommy Chong_S19,0.09423254088112887,0.0875,10,9,8,17,0.18173254088112886,10,9,1,2,8,11,percentage,1,11,true,false
19,5,Alfonso Ribeiro_S19,0.11266920781025018,0.12878787878787878,9,4,2,6,0.24145708659812898,2,3,8,7,2,11,percentage,0,11,false,false
19,5,Antonio Sabato Jr._S19,0.1105416813256162,0.10606060606060606,9,7,6,13,0.21660228738622228,8,6,2,4,6,11,percentage,0,11,false,false
19,5,Bethany Mota_S19,0.12378676887445701,0.12121212121212122,9,1,5,6,0.2449988900865782,1,1,9,9,5,11,percentage,0,11,false,false
19,5,Janel Parrish_S19,0.11284788645353962,0.125,9,3,4,7,0.2378478864535396,3,5,7,5,4,11,percentage,0,11,false,false
19,5,Jonathan Bennett_S19,0.11057892523536192,0.09090909090909091,9,6,7,13,0.20148801614445283,7,7,3,3,7,11,percentage,0,11,false,false
19,5,Lea Thompson_S19,0.11078475584627782,0.12878787878787878,9,5,2,7,0.23957263463415662,4,4,6,6,3,11,percentage,0,11,false,false
19,5,Michael Waltrip_S19,0.11704794876412339,0.07575757575757576,9,2,9,11,0.19280552452169913,6,8,4,2,9,11,percentage,0,11,false,false
19,5,Sadie Robertson_S19,0.10765244906791095,0.13636363636363635,9,8,1,9,0.2440160854315473,5,2,5,8,1,11,percentage,0,11,false,false
19,5,Tommy Chong_S19,0.0940903766224635,0.08712121212121213,9,9,8,17,0.18121158874367563,9,9,1,1,8,11,percentage,0,11,false,false
19,6,Alfonso Ribeiro_S19,0.11380623318879314,0.13310580204778158,9,5,1,6,0.24691203523657473,2,1,8,9,1,11,percentage,1,11,false,false
19,6,Antonio Sabato Jr._S19,0.12074633164657374,0.09556313993174062,9,2,8,10,0.21630947157831437,5,7,5,3,8,11,percentage,1,11,false,false
19,6,Bethany Mota_S19,0.12071089629551651,0.12286689419795221,9,3,2,5,0.24357779049346873,1,2,9,8,2,11,percentage,1,11,false,false
19,6,Janel Parrish_S19,0.11256231431063214,0.11262798634812286,9,6,4,10,0.225190300658755,6,6,4,4,4,11,percentage,1,11,false,false
19,6,Jonathan Bennett_S19,0.06772220389475467,0.10921501706484642,9,9,5,14,0.17693722095960107,8,9,2,1,6,11,percentage,1,11,false,true
19,6,Lea Thompson_S19,0.117370886388763,0.10921501706484642,9,4,5,9,0.2265859034536094,4,4,6,6,5,11,percentage,1,11,false,false
19,6,Michael Waltrip_S19,0.12359459674439278,0.10238907849829351,9,1,7,8,0.2259836752426863,3,5,7,5,7,11,percentage,1,11,false,false
19,6,Sadie Robertson_S19,0.11175871985843319,0.11945392491467577,9,7,3,10,0.23121264477310896,7,3,3,7,3,11,percentage,1,11,false,false
19,6,Tommy Chong_S19,0.1117278176721412,0.09556313993174062,9,8,8,16,0.20729095760388183,9,8,1,2,9,11,percentage,1,11,true,false
19,7,Alfonso Ribeiro_S19,0.1290745827784307,0.13152804642166344,8,5,3,8,0.26060262920009414,4,3,5,6,3,11,percentage,1,11,false,false
19,7,Antonio Sabato Jr._S19,0.08302391744504937,0.11411992263056092,8,8,7,15,0.1971438400756103,8,8,1,1,7,11,percentage,1,11,true,true
19,7,Bethany Mota_S19,0.13936628127013173,0.1450676982591876,8,1,1,2,0.28443397952931937,1,1,8,8,1,11,percentage,1,11,false,false
19,7,Janel Parrish_S19,0.12893657156070493,0.12959381044487428,8,6,4,10,0.2585303820055792,6,4,3,5,4,11,percentage,1,11,false,false
19,7,Lea Thompson_S19,0.12911220605113874,0.13539651837524178,8,4,2,6,0.2645087244263805,2,2,7,7,2,11,percentage,1,11,false,false
19,7,Michael Waltrip_S19,0.1389724043423478,0.10831721470019343,8,2,8,10,0.24728961904254124,5,6,4,3,8,11,percentage,1,11,false,false
19,7,Sadie Robertson_S19,0.1302721325977767,0.11992263056092843,8,3,5,8,0.25019476315870515,3,5,6,4,5,11,percentage,1,11,false,false
19,7,Tommy Chong_S19,0.12124190395442035,0.11605415860735009,8,7,6,13,0.23729606256177044,7,7,2,2,6,11,percentage,1,11,false,false
19,8,Alfonso Ribeiro_S19,0.1469168055128823,0.16532258064516128,7,3,2,5,0.3122393861580436,2,3,6,5,2,11,percentage,1,11,false,false
19,8,Bethany Mota_S19,0.15666431693139557,0.16129032258064516,7,1,3,4,0.3179546395120407,1,1,7,7,3,11,percentage,1,11,false,false
19,8,Janel Parrish_S19,0.14262559387127052,0.17338709677419356,7,4,1,5,0.3160126906454641,3,2,5,6,1,11,percentage,1,11,false,false
19,8,Lea Thompson_S19,0.15331293846743518,0.12903225806451613,7,2,5,7,0.28234519653195134,4,5,4,3,5,11,percentage,1,11,false,false
19,8,Michael Waltrip_S19,0.11700308937502123,0.10080645161290322,7,7,7,14,0.21780954098792443,7,7,1,1,7,11,percentage,1,11,true,true
19,8,Sadie Robertson_S19,0.14211718933470155,0.1532258064516129,7,5,4,9,0.29534299578631446,5,4,3,4,4,11,percentage,1,11,false,false
19,8,Tommy Chong_S19,0.14136006650729405,0.11693548387096774,7,6,6,12,0.2582955503782618,6,6,2,2,6,11,percentage,1,11,false,false
19,9,Alfonso Ribeiro_S19,0.17453812187615958,0.17990654205607476,6,5,1,6,0.35444466393223434,3,3,4,4,2,11,percentage,1,11,false,false
19,9,Bethany Mota_S19,0.18523694409984043,0.17289719626168223,6,1,3,4,0.3581341403615227,1,1,6,6,3,11,percentage,1,11,false,false
19,9,Janel Parrish_S19,0.17493838600248085,0.17990654205607476,6,4,1,5,0.3548449280585556,2,2,5,5,1,11,percentage,1,11,false,false
19,9,Lea Thompson_S19,0.11126241372514323,0.16355140186915887,6,6,5,11,0.27481381559430207,6,6,1,1,5,11,percentage,1,11,true,true
19,9,Sadie Robertson_S19,0.17528477666386458,0.1705607476635514,6,3,4,7,0.345845524327416,4,4,3,3,4,11,percentage,1,11,false,false
19,9,Tommy Chong_S19,0.17873935763251222,0.13317757009345793,6,2,6,8,0.31191692772597013,5,5,2,2,6,11,percentage,1,11,false,false
19,10,Alfonso Ribeiro_S19,0.21243981078985824,0.2054794520547945,5,2,3,5,0.41791926284465275,3,3,3,3,3,11,percentage,1,11,false,false
19,10,Bethany Mota_S19,0.2226408975210183,0.20821917808219179,5,1,2,3,0.43086007560321005,1,1,5,5,2,11,percentage,1,11,false,false
19,10,Janel Parrish_S19,0.2074712867565401,0.2136986301369863,5,3,1,4,0.42116991689352645,2,2,4,4,1,11,percentage,1,11,false,false
19,10,Sadie Robertson_S19,0.20658526081392076,0.20273972602739726,5,4,4,8,0.409324986841318,4,4,2,2,4,11,percentage,1,11,false,false
19,10,Tommy Chong_S19,0.15086274411866224,0.16986301369863013,5,5,5,10,0.3207257578172924,5,5,1,1,5,11,percentage,1,11,true,true
19,11,Alfonso Ribeiro_S19,0.31073509609511407,0.255864084998049,4,1,1,2,0.5665991810931631,1,1,4,4,1,11,percentage,4,11,true,true
19,11,Bethany Mota_S19,0.19433201145729886,0.2430708807481466,4,4,4,8,0.4374028922054455,4,4,1,1,4,11,percentage,4,11,true,true
19,11,Janel Parrish_S19,0.23056797141696433,0.24946620355267282,4,3,3,6,0.4800341749696372,3,3,2,2,3,11,percentage,4,11,true,true
19,11,Sadie Robertson_S19,0.26436492103061976,0.2515988307011316,4,2,2,4,0.5159637517317514,2,2,3,3,2,11,percentage,4,11,true,true
20,1,Charlotte McKinney_S20,0.07411809047731678,0.06918238993710692,12,10,11,21,0.1433004804144237,12,12,1,1,12,10,percentage,0,10,false,false
20,1,Chris Soules_S20,0.08962172096823463,0.08176100628930817,12,2,6,8,0.1713827272575428,4,5,9,8,5,10,percentage,0,10,false,false
20,1,Michael Sam_S20,0.09048217514319028,0.08176100628930817,12,1,6,7,0.17224318143249845,3,4,10,9,7,10,percentage,0,10,false,false
20,1,Nastia Liukin_S20,0.08699488977033118,0.09433962264150944,12,7,3,10,0.18133451241184062,5,3,8,10,3,10,percentage,0,10,false,false
20,1,Noah Galloway_S20,0.06643979672995212,0.08176100628930817,12,12,6,18,0.1482008030192603,11,11,2,2,6,10,percentage,0,10,false,false
20,1,Patti LaBelle_S20,0.08265347388453494,0.07861635220125786,12,9,9,18,0.1612698260857928,10,8,3,5,10,10,percentage,0,10,false,false
20,1,Redfoo_S20,0.08714332201316838,0.06918238993710692,12,6,11,17,0.15632571195027528,8,10,5,3,11,10,percentage,0,10,false,false
20,1,Riker Lynch_S20,0.08826728141448639,0.09748427672955975,12,4,2,6,0.18575155814404615,2,2,11,11,2,10,percentage,0,10,false,false
20,1,Robert Herjavec_S20,0.07262072962941146,0.0880503144654088,12,11,4,15,0.16067104409482025,7,9,6,4,4,10,percentage,0,10,false,false
20,1,Rumer Willis_S20,0.08830650728636016,0.10062893081761007,12,3,1,4,0.18893543810397023,1,1,12,12,1,10,percentage,0,10,false,false
20,1,Suzanne Somers_S20,0.08580830108225969,0.07861635220125786,12,8,9,17,0.16442465328351755,9,7,4,6,9,10,percentage,0,10,false,false
20,1,Willow Shields_S20,0.08754371160075514,0.07861635220125786,12,5,9,14,0.16616006380201298,6,6,7,7,8,10,percentage,0,10,false,false
20,2,Charlotte McKinney_S20,0.08219455373035124,0.07492795389048991,12,9,11,20,0.15712250762084115,11,10,2,3,11,10,percentage,1,10,false,false
20,2,Chris Soules_S20,0.09690217680046317,0.06051873198847262,12,1,12,13,0.1574209087889358,6,9,7,4,12,10,percentage,1,10,false,false
20,2,Michael Sam_S20,0.09043530434135476,0.08069164265129683,12,3,7,10,0.17112694699265157,4,5,9,8,7,10,percentage,1,10,false,false
20,2,Nastia Liukin_S20,0.0897284556972189,0.09798270893371758,12,4,1,5,0.18771116463093648,2,1,11,12,1,10,percentage,1,10,false,false
20,2,Noah Galloway_S20,0.07563476292122129,0.07780979827089338,12,11,10,21,0.15344456119211466,12,11,1,2,10,10,percentage,1,10,true,false
20,2,Patti LaBelle_S20,0.08784026977100719,0.08069164265129683,12,7,7,14,0.16853191242230403,8,7,5,6,6,10,percentage,1,10,false,false
20,2,Redfoo_S20,0.04068275415080873,0.0893371757925072,12,12,5,17,0.13001992994331593,10,12,3,1,5,10,percentage,1,10,false,true
20,2,Riker Lynch_S20,0.08907254503395184,0.09221902017291066,12,5,3,8,0.18129156520686251,3,3,10,10,4,10,percentage,1,10,false,false
20,2,Robert Herjavec_S20,0.08104863084546889,0.08069164265129683,12,10,7,17,0.16174027349676573,9,8,4,5,8,10,percentage,1,10,false,false
20,2,Rumer Willis_S20,0.09162818754342987,0.09221902017291066,12,2,3,5,0.18384720771634053,1,2,12,11,3,10,percentage,1,10,false,false
20,2,Suzanne Somers_S20,0.08793429597914132,0.08069164265129683,12,6,7,13,0.16862593863043815,7,6,6,7,9,10,percentage,1,10,false,false
20,2,Willow Shields_S20,0.0868980631855828,0.09221902017291066,12,8,3,11,0.17911708335849347,5,4,8,9,2,10,percentage,1,10,false,false
20,3,Charlotte McKinney_S20,0.05978448689209239,0.07028753993610223,11,11,10,21,0.13007202682819463,11,11,1,1,10,10,percentage,1,10,true,true
20,3,Chris Soules_S20,0.09996521784231942,0.08945686900958466,11,2,7,9,0.1894220868519041,4,5,8,7,7,10,percentage,1,10,false,false
20,3,Michael Sam_S20,0.10014932978349562,0.07667731629392971,11,1,9,10,0.17682664607742532,5,7,7,5,9,10,percentage,1,10,false,false
20,3,Nastia Liukin_S20,0.09677801806546574,0.10862619808306709,11,7,1,8,0.20540421614853283,3,2,9,10,1,10,percentage,1,10,false,false
20,3,Noah Galloway_S20,0.07652895559645344,0.09584664536741214,11,10,5,15,0.17237560096386556,9,9,3,3,5,10,percentage,1,10,false,false
20,3,Patti LaBelle_S20,0.09682003683692439,0.07028753993610223,11,6,10,16,0.16710757677302662,10,10,2,2,11,10,percentage,1,10,false,false
20,3,Riker Lynch_S20,0.09697945773597012,0.10862619808306709,11,5,1,6,0.20560565581903723,2,1,10,11,2,10,percentage,1,10,false,false
20,3,Robert Herjavec_S20,0.08415240160124846,0.0926517571884984,11,9,6,15,0.17680415878974687,8,8,4,4,6,10,percentage,1,10,false,false
20,3,Rumer Willis_S20,0.09766557804966501,0.10543130990415335,11,3,3,6,0.20309688795381836,1,3,11,9,3,10,percentage,1,10,false,false
20,3,Suzanne Somers_S20,0.0970539522749179,0.07987220447284345,11,4,8,12,0.17692615674776135,6,6,6,6,8,10,percentage,1,10,false,false
20,3,Willow Shields_S20,0.09412256532144699,0.10223642172523961,11,8,4,12,0.19635898704668658,7,4,5,8,4,10,percentage,1,10,false,false
20,4,Chris Soules_S20,0.11159003003331598,0.08307692307692308,10,1,10,11,0.19466695311023907,5,8,6,3,10,10,percentage,1,10,false,false
20,4,Michael Sam_S20,0.06380266634380848,0.09230769230769231,10,10,7,17,0.1561103586515008,10,10,1,1,7,10,percentage,1,10,true,true
20,4,Nastia Liukin_S20,0.10677595682153235,0.11076923076923077,10,5,2,7,0.21754518759076313,3,2,8,9,2,10,percentage,1,10,false,false
20,4,Noah Galloway_S20,0.0904359303981251,0.09846153846153846,10,9,6,15,0.18889746885966358,9,9,2,2,6,10,percentage,1,10,false,false
20,4,Patti LaBelle_S20,0.105817217347837,0.09230769230769231,10,6,7,13,0.1981249096555293,8,6,3,5,8,10,percentage,1,10,false,false
20,4,Riker Lynch_S20,0.10817079009348338,0.10461538461538461,10,3,4,7,0.212786174708868,1,4,10,7,5,10,percentage,1,10,false,false
20,4,Robert Herjavec_S20,0.09494388106484648,0.10461538461538461,10,8,4,12,0.19955926568023108,7,5,4,6,4,10,percentage,1,10,false,false
20,4,Rumer Willis_S20,0.10695536983915478,0.1076923076923077,10,4,3,7,0.21464767753146247,2,3,9,8,3,10,percentage,1,10,false,false
20,4,Suzanne Somers_S20,0.10926586135025888,0.08615384615384615,10,2,9,11,0.19541970750410503,6,7,5,4,9,10,percentage,1,10,false,false
20,4,Willow Shields_S20,0.10224229670764041,0.12,10,7,1,8,0.2222422967076404,4,1,7,10,1,10,percentage,1,10,false,false
20,5,Chris Soules_S20,0.12266787453117622,0.09540636042402827,9,1,7,8,0.2180742349552045,4,5,6,5,7,10,percentage,1,10,false,false
20,5,Nastia Liukin_S20,0.11884261349594023,0.13427561837455831,9,3,2,5,0.25311823187049853,2,2,8,8,2,10,percentage,1,10,false,false
20,5,Noah Galloway_S20,0.10365625351498643,0.0989399293286219,9,8,5,13,0.20259618284360834,7,7,3,3,6,10,percentage,1,10,false,false
20,5,Patti LaBelle_S20,0.1179142197181066,0.09540636042402827,9,4,7,11,0.21332058014213487,6,6,4,4,8,10,percentage,1,10,false,false
20,5,Riker Lynch_S20,0.11644269070214606,0.13427561837455831,9,5,2,7,0.2507183090767044,3,3,7,7,3,10,percentage,1,10,false,false
20,5,Robert Herjavec_S20,0.11503553847477378,0.08480565371024736,9,7,9,16,0.19984119218502114,9,8,1,2,9,10,percentage,1,10,true,false
20,5,Rumer Willis_S20,0.11945855128620421,0.13780918727915195,9,2,1,3,0.2572677385653562,1,1,9,9,1,10,percentage,1,10,false,false
20,5,Suzanne Somers_S20,0.07037607946908933,0.0989399293286219,9,9,5,14,0.16931600879771125,8,9,2,1,5,10,percentage,1,10,false,true
20,5,Willow Shields_S20,0.11560617880757902,0.12014134275618374,9,6,4,10,0.23574752156376277,5,4,5,6,4,10,percentage,1,10,false,false
20,6,Chris Soules_S20,0.13729597785077433,0.12367491166077739,8,3,5,8,0.26097088951155173,5,5,4,4,5,10,percentage,1,10,false,false
20,6,Nastia Liukin_S20,0.13732438065974828,0.12897526501766785,8,2,2,4,0.26629964567741615,1,2,8,7,3,10,percentage,1,10,false,false
20,6,Noah Galloway_S20,0.1161703077376726,0.12014134275618374,8,7,6,13,0.23631165049385633,6,7,3,2,6,10,percentage,1,10,false,false
20,6,Patti LaBelle_S20,0.07854885147167405,0.12014134275618374,8,8,6,14,0.19869019422785777,8,8,1,1,7,10,percentage,1,10,true,true
20,6,Riker Lynch_S20,0.1352336045592181,0.13427561837455831,8,4,1,5,0.26950922293377644,3,1,6,8,1,10,percentage,1,10,false,false
20,6,Robert Herjavec_S20,0.12443888184975346,0.11837455830388692,8,6,8,14,0.24281344015364037,7,6,2,3,8,10,percentage,1,10,false,false
20,6,Rumer Willis_S20,0.13760323337096747,0.1254416961130742,8,1,4,5,0.2630449294840417,2,3,7,6,4,10,percentage,1,10,false,false
20,6,Willow Shields_S20,0.13338476250019127,0.12897526501766785,8,5,2,7,0.26236002751785914,4,4,5,5,2,10,percentage,1,10,false,false
20,7,Chris Soules_S20,0.16597598339698955,0.1220472440944882,7,1,6,7,0.28802322749147774,3,4,5,4,7,10,percentage,1,10,false,false
20,7,Nastia Liukin_S20,0.15207725078565962,0.16141732283464566,7,5,1,6,0.3134945736203053,2,1,6,7,1,10,percentage,1,10,false,false
20,7,Noah Galloway_S20,0.13142680380083535,0.14960629921259844,7,6,3,9,0.28103310301343376,5,5,3,3,3,10,percentage,1,10,false,false
20,7,Riker Lynch_S20,0.15649962021554012,0.14566929133858267,7,3,4,7,0.3021689115541228,4,3,4,5,4,10,percentage,1,10,false,false
20,7,Robert Herjavec_S20,0.15297757512770013,0.1220472440944882,7,4,6,10,0.27502481922218835,7,6,1,2,6,10,percentage,1,10,true,false
20,7,Rumer Willis_S20,0.15912097190285177,0.14566929133858267,7,2,4,6,0.30479026324143443,1,2,7,6,5,10,percentage,1,10,false,false
20,7,Willow Shields_S20,0.08192179477042195,0.15354330708661418,7,7,2,9,0.23546510185703612,6,7,2,1,2,10,percentage,1,10,false,true
20,8,Chris Soules_S20,0.1354925105840987,0.15130023640661938,6,5,4,9,0.2867927469907181,5,5,2,2,4,10,percentage,2,10,true,true
20,8,Nastia Liukin_S20,0.19019483020634564,0.17966903073286053,6,1,3,4,0.3698638609392062,2,2,5,5,3,10,percentage,2,10,false,false
20,8,Noah Galloway_S20,0.1779739074306366,0.14893617021276595,6,4,5,9,0.3269100776434025,4,4,3,3,5,10,percentage,2,10,false,false
20,8,Riker Lynch_S20,0.1852692637697788,0.18439716312056736,6,3,2,5,0.3696664268903462,3,3,4,4,2,10,percentage,2,10,false,false
20,8,Robert Herjavec_S20,0.12565696393260536,0.14657210401891252,6,6,6,12,0.2722290679515179,6,6,1,1,6,10,percentage,2,10,true,true
20,8,Rumer Willis_S20,0.18541252407653236,0.18912529550827423,6,2,1,3,0.3745378195848066,1,1,6,6,1,10,percentage,2,10,false,false
20,9,Nastia Liukin_S20,0.1810773690828519,0.25477707006369427,4,4,1,5,0.4358544391465462,3,4,2,1,2,10,percentage,1,10,false,true
20,9,Noah Galloway_S20,0.25018805563646995,0.24203821656050956,4,3,4,7,0.4922262721969795,4,3,1,2,4,10,percentage,1,10,true,false
20,9,Riker Lynch_S20,0.28392790763038567,0.25477707006369427,4,2,1,3,0.53870497769408,1,1,4,4,1,10,percentage,1,10,false,false
20,9,Rumer Willis_S20,0.28480666765029244,0.2484076433121019,4,1,3,4,0.5332143109623944,2,2,3,3,3,10,percentage,1,10,false,false
20,10,Noah Galloway_S20,0.24500430940291557,0.3103448275862069,3,3,3,6,0.5553491369891225,3,3,1,1,3,10,percentage,3,10,true,true
20,10,Riker Lynch_S20,0.3338212486484332,0.3448275862068966,3,2,1,3,0.6786488348553298,2,2,2,2,2,10,percentage,3,10,true,true
20,10,Rumer Willis_S20,0.4211744419486513,0.3448275862068966,3,1,1,2,0.7660020281555479,1,1,3,3,1,10,percentage,3,10,true,true
21,1,Alek Skarlatos_S21,0.05448975213549834,0.088,13,13,5,18,0.14248975213549833,11,8,3,6,5,11,percentage,0,11,false,false
21,1,Alexa PenaVega_S21,0.08007963882434727,0.088,13,2,5,7,0.16807963882434726,1,6,13,8,6,11,percentage,0,11,false,false
21,1,Andy Grammer_S21,0.07822075292627675,0.084,13,6,7,13,0.16222075292627675,6,7,8,7,7,11,percentage,0,11,false,false
21,1,Bindi Irwin_S21,0.07801026937890781,0.096,13,7,1,8,0.17401026937890782,4,1,10,13,1,11,percentage,0,11,false,false
21,1,Carlos PenaVega_S21,0.07904576759128337,0.092,13,5,3,8,0.17104576759128337,3,4,11,10,4,11,percentage,0,11,false,false
21,1,Chaka Khan_S21,0.0754683904737978,0.052,13,11,12,23,0.1274683904737978,13,13,1,1,12,11,percentage,0,11,false,false
21,1,Gary Busey_S21,0.07780275567316118,0.06,13,8,10,18,0.1378027556731612,10,10,4,4,9,11,percentage,0,11,false,false
21,1,Hayes Grier_S21,0.08713336834822932,0.084,13,1,7,8,0.17113336834822934,2,2,12,12,8,11,percentage,0,11,false,false
21,1,Kim Zolciak-Biermann_S21,0.08005562166484388,0.048,13,3,13,16,0.12805562166484388,9,12,5,2,13,11,percentage,0,11,false,false
21,1,Nick Carter_S21,0.07512804200965813,0.096,13,12,1,13,0.17112804200965814,7,3,7,11,2,11,percentage,0,11,false,false
21,1,Paula Deen_S21,0.0772289803297486,0.06,13,10,10,20,0.13722898032974862,12,11,2,3,10,11,percentage,0,11,false,false
21,1,Tamar Braxton_S21,0.07753650684540118,0.092,13,9,3,12,0.16953650684540117,5,5,9,9,3,11,percentage,0,11,false,false
21,1,Victor Espinoza_S21,0.07980015379884596,0.06,13,4,10,14,0.13980015379884597,8,9,6,5,11,11,percentage,0,11,false,false
21,2,Alek Skarlatos_S21,0.06753501162255704,0.08317929759704251,13,10,5,15,0.15071430921959955,10,10,4,4,5,11,percentage,3,11,false,false
21,2,Alexa PenaVega_S21,0.08275067865997676,0.08502772643253234,13,5,3,8,0.1677784050925091,2,3,12,11,3,11,percentage,3,11,false,false
21,2,Andy Grammer_S21,0.08405127460436547,0.08133086876155268,13,4,8,12,0.16538214336591817,6,5,8,9,8,11,percentage,3,11,false,false
21,2,Bindi Irwin_S21,0.07805602118397235,0.08872458410351201,13,9,2,11,0.16678060528748437,5,4,9,10,2,11,percentage,3,11,false,false
21,2,Carlos PenaVega_S21,0.08199805563689468,0.08317929759704251,13,7,5,12,0.16517735323393717,7,7,7,7,6,11,percentage,3,11,false,false
21,2,Chaka Khan_S21,0.0644166224642536,0.05545286506469501,13,11,13,24,0.1198694875289486,13,13,1,1,13,11,percentage,3,11,true,true
21,2,Gary Busey_S21,0.09032862195249496,0.06099815157116451,13,1,12,13,0.15132677352365947,8,9,6,5,12,11,percentage,3,11,false,false
21,2,Hayes Grier_S21,0.08758701846262609,0.08317929759704251,13,2,5,7,0.1707663160596686,1,2,13,12,4,11,percentage,3,11,false,false
21,2,Kim Zolciak-Biermann_S21,0.057689649961253996,0.06839186691312385,13,12,10,22,0.12608151687437785,11,11,3,3,11,11,percentage,3,11,true,true
21,2,Nick Carter_S21,0.08210053627630022,0.08317929759704251,13,6,5,11,0.16527983387334272,4,6,10,8,7,11,percentage,3,11,false,false
21,2,Paula Deen_S21,0.08660900514424964,0.06839186691312385,13,3,10,13,0.1550008720573735,9,8,5,6,9,11,percentage,3,11,false,false
21,2,Tamar Braxton_S21,0.08134940929006962,0.09057301293900184,13,8,1,9,0.17192242222907145,3,1,11,13,1,11,percentage,3,11,false,false
21,2,Victor Espinoza_S21,0.05552809474098052,0.06839186691312385,13,13,10,23,0.12391996165410438,12,12,2,2,10,11,percentage,3,11,true,true
21,3,Alek Skarlatos_S21,0.06786878342100887,0.10819672131147541,10,10,3,13,0.17606550473248428,7,9,4,2,4,11,percentage,0,11,false,false
21,3,Alexa PenaVega_S21,0.10303792429534403,0.1180327868852459,10,5,1,6,0.22107071118058993,3,2,8,9,2,11,percentage,0,11,false,false
21,3,Andy Grammer_S21,0.10227521120529347,0.09508196721311475,10,6,8,14,0.19735717841840822,8,7,3,4,8,11,percentage,0,11,false,false
21,3,Bindi Irwin_S21,0.102209986760141,0.10491803278688525,10,7,5,12,0.20712801954702625,6,5,5,6,5,11,percentage,0,11,false,false
21,3,Carlos PenaVega_S21,0.10318823718552206,0.10163934426229508,10,4,6,10,0.20482758144781715,5,6,6,5,6,11,percentage,0,11,false,false
21,3,Gary Busey_S21,0.09972758801747025,0.08196721311475409,10,9,9,18,0.18169480113222436,10,8,1,3,9,11,percentage,0,11,false,false
21,3,Hayes Grier_S21,0.11381739320255897,0.09836065573770492,10,1,7,8,0.21217804894026387,4,4,7,7,7,11,percentage,0,11,false,false
21,3,Nick Carter_S21,0.10322691736481777,0.1180327868852459,10,3,1,4,0.2212597042500637,1,1,10,10,1,11,percentage,0,11,false,false
21,3,Paula Deen_S21,0.10024796996718688,0.06557377049180328,10,8,10,18,0.16582174045899017,9,10,2,1,10,11,percentage,0,11,false,false
21,3,Tamar Braxton_S21,0.1043999885806568,0.10819672131147541,10,2,3,5,0.2125967098921322,2,3,9,8,3,11,percentage,0,11,false,false
21,4,Alek Skarlatos_S21,0.07867954844995112,0.1016949152542373,10,9,6,15,0.18037446370418841,9,9,2,2,6,11,percentage,1,11,false,false
21,4,Alexa PenaVega_S21,0.10736090082669539,0.08898305084745763,10,2,8,10,0.19634395167415303,5,7,6,4,8,11,percentage,1,11,false,false
21,4,Andy Grammer_S21,0.1046157464515798,0.09745762711864407,10,5,7,12,0.20207337357022387,8,6,3,5,7,11,percentage,1,11,false,false
21,4,Bindi Irwin_S21,0.10053150960117932,0.11864406779661017,10,7,1,8,0.21917557739778948,2,2,9,9,1,11,percentage,1,11,false,false
21,4,Carlos PenaVega_S21,0.10595724432241199,0.1059322033898305,10,4,5,9,0.2118894477122425,3,5,8,6,5,11,percentage,1,11,false,false
21,4,Gary Busey_S21,0.07726798961022013,0.06779661016949153,10,10,10,20,0.14506459977971164,10,10,1,1,10,11,percentage,1,11,true,true
21,4,Hayes Grier_S21,0.11372100513348116,0.11440677966101695,10,1,3,4,0.2281277847944981,1,1,10,10,2,11,percentage,1,11,false,false
21,4,Nick Carter_S21,0.10443062076160925,0.11440677966101695,10,6,3,9,0.2188374004226262,4,3,7,8,4,11,percentage,1,11,false,false
21,4,Paula Deen_S21,0.10728587392608033,0.07627118644067797,10,3,9,12,0.18355706036675828,7,8,4,3,9,11,percentage,1,11,false,false
21,4,Tamar Braxton_S21,0.100149560916791,0.11440677966101695,10,8,3,11,0.21455634057780795,6,4,5,7,3,11,percentage,1,11,false,false
21,5,Alek Skarlatos_S21,0.06393858190222498,0.09634551495016612,9,9,7,16,0.1602840968523911,8,9,2,1,8,11,percentage,0,11,false,false
21,5,Alexa PenaVega_S21,0.11665841035767355,0.132890365448505,9,4,1,5,0.24954877580617854,2,1,8,9,1,11,percentage,0,11,false,false
21,5,Andy Grammer_S21,0.11644351382824586,0.11960132890365449,9,5,4,9,0.23604484273190035,5,4,5,6,4,11,percentage,0,11,false,false
21,5,Bindi Irwin_S21,0.11473230609999882,0.12292358803986711,9,7,3,10,0.23765589413986593,6,3,4,7,3,11,percentage,0,11,false,false
21,5,Carlos PenaVega_S21,0.11752941385350478,0.12956810631229235,9,2,2,4,0.2470975201657971,1,2,9,8,2,11,percentage,0,11,false,false
21,5,Hayes Grier_S21,0.12715153597968842,0.09966777408637874,9,1,6,7,0.22681931006606715,3,6,7,4,6,11,percentage,0,11,false,false
21,5,Nick Carter_S21,0.1167571069869399,0.11627906976744186,9,3,5,8,0.23303617675438176,4,5,6,5,5,11,percentage,0,11,false,false
21,5,Paula Deen_S21,0.112050480535039,0.08637873754152824,9,8,9,17,0.19842921807656722,9,8,1,2,9,11,percentage,0,11,false,false
21,5,Tamar Braxton_S21,0.1147386504566839,0.09634551495016612,9,6,7,13,0.21108416540685002,7,7,3,3,7,11,percentage,0,11,false,false
21,6,Alek Skarlatos_S21,0.0978127641747218,0.09584664536741214,9,8,7,15,0.19365940954213395,8,8,2,2,7,11,percentage,1,11,false,false
21,6,Alexa PenaVega_S21,0.11880695704292768,0.09584664536741214,9,2,7,9,0.21465360241033982,4,7,6,3,8,11,percentage,1,11,false,false
21,6,Andy Grammer_S21,0.11494484037681686,0.12779552715654952,9,4,2,6,0.24274036753336636,2,2,8,8,2,11,percentage,1,11,false,false
21,6,Bindi Irwin_S21,0.11193571758155228,0.12779552715654952,9,7,2,9,0.2397312447381018,5,3,5,7,1,11,percentage,1,11,false,false
21,6,Carlos PenaVega_S21,0.11458086227293564,0.12140575079872204,9,5,5,10,0.2359866130716577,6,5,4,5,5,11,percentage,1,11,false,false
21,6,Hayes Grier_S21,0.12717638634144837,0.10223642172523961,9,1,6,7,0.22941280806668798,3,6,7,4,6,11,percentage,1,11,false,false
21,6,Nick Carter_S21,0.11297392535912407,0.12460063897763578,9,6,4,10,0.23757456433675983,7,4,3,6,4,11,percentage,1,11,false,false
21,6,Paula Deen_S21,0.08604738684306064,0.07667731629392971,9,9,9,18,0.16272470313699033,9,9,1,1,9,11,percentage,1,11,true,true
21,6,Tamar Braxton_S21,0.11572116000741219,0.12779552715654952,9,3,2,5,0.2435166871639617,1,1,9,9,3,11,percentage,1,11,false,false
21,7,Alek Skarlatos_S21,0.11569013739706524,0.11990950226244344,8,7,8,15,0.2355996396595087,8,7,1,2,8,11,percentage,1,11,true,false
21,7,Alexa PenaVega_S21,0.13554274962363472,0.1244343891402715,8,1,5,6,0.2599771387639062,2,4,7,5,5,11,percentage,1,11,false,false
21,7,Andy Grammer_S21,0.13362613038389065,0.12669683257918551,8,5,3,8,0.26032296296307617,4,3,5,6,2,11,percentage,1,11,false,false
21,7,Bindi Irwin_S21,0.13146883446244398,0.13122171945701358,8,6,1,7,0.26269055391945756,3,1,6,8,1,11,percentage,1,11,false,false
21,7,Carlos PenaVega_S21,0.13506645038660672,0.12669683257918551,8,2,3,5,0.2617632829657922,1,2,8,7,3,11,percentage,1,11,false,false
21,7,Hayes Grier_S21,0.079705119076923,0.12669683257918551,8,8,3,11,0.20640195165610853,7,8,2,1,4,11,percentage,1,11,false,true
21,7,Nick Carter_S21,0.13457996650087223,0.12217194570135746,8,3,6,9,0.2567519122022297,5,5,4,4,7,11,percentage,1,11,false,false
21,7,Tamar Braxton_S21,0.13432061216856325,0.12217194570135746,8,4,6,10,0.2564925578699207,6,6,3,3,6,11,percentage,1,11,false,false
21,8,Alek Skarlatos_S21,0.13053004573120594,0.12886637793725134,7,6,6,12,0.2593964236684573,6,6,2,2,6,11,percentage,1,11,false,false
21,8,Alexa PenaVega_S21,0.15588217190415352,0.13917465724120795,7,1,5,6,0.29505682914536147,3,5,5,3,5,11,percentage,1,11,false,false
21,8,Andy Grammer_S21,0.1010618328033303,0.1237106918887378,7,7,7,14,0.2247725246920681,7,7,1,1,7,11,percentage,1,11,true,true
21,8,Bindi Irwin_S21,0.15196076736616793,0.1443303432897215,7,5,3,8,0.2962911106558894,5,4,3,4,4,11,percentage,1,11,false,false
21,8,Carlos PenaVega_S21,0.15309685733879178,0.14948396747618806,7,4,2,6,0.30258082481497983,4,2,4,6,2,11,percentage,1,11,false,false
21,8,Nick Carter_S21,0.1531052395394113,0.17010361887717176,7,3,1,4,0.3232088584165831,1,1,7,7,1,11,percentage,1,11,false,false
21,8,Tamar Braxton_S21,0.15436308531693801,0.1443303432897215,7,2,3,5,0.2986934286066595,2,3,6,5,3,11,percentage,1,11,false,false
21,9,Alek Skarlatos_S21,0.17741425039834688,0.15501519756838905,6,4,5,9,0.3324294479667359,5,4,2,3,5,11,percentage,2,11,true,false
21,9,Alexa PenaVega_S21,0.1147408079013873,0.182370820668693,6,6,1,7,0.29711162857008033,4,5,3,2,2,11,percentage,2,11,false,true
21,9,Bindi Irwin_S21,0.18579815799605992,0.182370820668693,6,3,1,4,0.36816897866475295,1,1,6,6,1,11,percentage,2,11,false,false
21,9,Carlos PenaVega_S21,0.192406556275505,0.1641337386018237,6,1,4,5,0.3565402948773287,2,3,5,4,4,11,percentage,2,11,false,false
21,9,Nick Carter_S21,0.19199978441082358,0.16717325227963525,6,2,3,5,0.35917303669045886,3,2,4,5,3,11,percentage,2,11,false,false
21,9,Tamar Braxton_S21,0.1376404430178771,0.14893617021276595,6,5,6,11,0.28657661323064304,6,6,1,1,6,11,percentage,2,11,true,true
21,10,Alek Skarlatos_S21,0.19142554345469923,0.24050632911392406,4,4,3,7,0.4319318725686233,4,4,1,1,3,11,percentage,0,11,false,false
21,10,Bindi Irwin_S21,0.2640606161966312,0.26582278481012656,4,3,1,4,0.5298834010067577,2,2,3,3,2,11,percentage,0,11,false,false
21,10,Carlos PenaVega_S21,0.27283938545529024,0.26582278481012656,4,1,1,2,0.5386621702654169,1,1,4,4,1,11,percentage,0,11,false,false
21,10,Nick Carter_S21,0.27167445489337966,0.22784810126582278,4,2,4,6,0.49952255615920244,3,3,2,2,4,11,percentage,0,11,false,false
21,11,Alek Skarlatos_S21,0.2332003844157333,0.23728748922668577,4,3,4,7,0.47048787364241906,4,3,1,2,4,11,percentage,4,11,true,true
21,11,Bindi Irwin_S21,0.3211156450179459,0.25423750359110475,4,1,2,3,0.5753531486090506,1,1,4,4,2,11,percentage,4,11,true,true
21,11,Carlos PenaVega_S21,0.17691757910398612,0.25423750359110475,4,4,2,6,0.43115508269509084,3,4,2,1,1,11,percentage,4,11,true,true
21,11,Nick Carter_S21,0.2687663914623367,0.25423750359110475,4,2,2,4,0.5230038950534415,2,2,3,3,3,11,percentage,4,11,true,true
22,1,Antonio Brown_S22,0.08861440876226796,0.08860759493670886,12,4,5,9,0.17722200369897684,2,4,11,9,4,10,percentage,0,10,false,false
22,1,Doug Flutie_S22,0.08900445611873968,0.06329113924050633,12,1,11,12,0.15229559535924603,5,11,8,2,11,10,percentage,0,10,false,false
22,1,Geraldo Rivera_S22,0.05658983841962052,0.05485232067510549,12,12,12,24,0.11144215909472602,12,12,1,1,12,10,percentage,0,10,false,false
22,1,Ginger Zee_S22,0.08357535283548456,0.0970464135021097,12,10,2,12,0.18062176633759425,7,2,6,11,3,10,percentage,0,10,false,false
22,1,Jodie Sweetin_S22,0.0888194681247616,0.08438818565400844,12,3,8,11,0.17320765377877004,4,7,9,6,8,10,percentage,0,10,false,false
22,1,Kim Fields_S22,0.08802505356292649,0.08438818565400844,12,5,8,13,0.1724132392169349,8,8,5,5,9,10,percentage,0,10,false,false
22,1,Marla Maples_S22,0.08586995018159334,0.08860759493670886,12,7,5,12,0.1744775451183022,6,5,7,8,7,10,percentage,0,10,false,false
22,1,Mischa Barton_S22,0.08712678347639669,0.06751054852320675,12,6,10,16,0.15463733199960344,11,10,2,3,10,10,percentage,0,10,false,false
22,1,Nyle DiMarco_S22,0.0732559176357713,0.0970464135021097,12,11,2,13,0.170302331137881,9,9,4,4,1,10,percentage,0,10,false,false
22,1,Paige VanZant_S22,0.08481353630901452,0.08860759493670886,12,9,5,14,0.1734211312457234,10,6,3,7,5,10,percentage,0,10,false,false
22,1,Von Miller_S22,0.08882657543992219,0.08860759493670886,12,2,5,7,0.17743417037663106,1,3,12,10,6,10,percentage,0,10,false,false
22,1,Wanya Morris_S22,0.08547865913350074,0.0970464135021097,12,8,2,10,0.18252507263561044,3,1,10,12,2,10,percentage,0,10,false,false
22,2,Antonio Brown_S22,0.08925451776811213,0.08050847457627118,12,2,9,11,0.1697629923443833,4,8,9,5,9,10,percentage,1,10,false,false
22,2,Doug Flutie_S22,0.08744937988494243,0.0847457627118644,12,7,6,13,0.17219514259680685,8,6,5,7,6,10,percentage,1,10,false,false
22,2,Geraldo Rivera_S22,0.04818556746874396,0.05508474576271186,12,12,12,24,0.10327031323145583,12,12,1,1,12,10,percentage,1,10,true,true
22,2,Ginger Zee_S22,0.08492327572884478,0.08898305084745763,12,9,3,12,0.1739063265763024,7,4,6,9,3,10,percentage,1,10,false,false
22,2,Jodie Sweetin_S22,0.08806200669325648,0.08898305084745763,12,4,3,7,0.1770450575407141,1,3,12,10,4,10,percentage,1,10,false,false
22,2,Kim Fields_S22,0.08796015225907251,0.08050847457627118,12,5,9,14,0.1684686268353437,9,9,4,4,10,10,percentage,1,10,false,false
22,2,Marla Maples_S22,0.0867604397918247,0.0847457627118644,12,8,6,14,0.1715062025036891,10,7,3,6,7,10,percentage,1,10,false,false
22,2,Mischa Barton_S22,0.09054231337192033,0.0635593220338983,12,1,11,12,0.15410163540581862,6,11,7,2,11,10,percentage,1,10,false,false
22,2,Nyle DiMarco_S22,0.07581824355307647,0.0847457627118644,12,11,6,17,0.16056400626494088,11,10,2,3,8,10,percentage,1,10,false,false
22,2,Paige VanZant_S22,0.08428167003110063,0.1016949152542373,12,10,1,11,0.18597658528533792,5,2,8,11,1,10,percentage,1,10,false,false
22,2,Von Miller_S22,0.08880670712748734,0.0847457627118644,12,3,6,9,0.17355246983935174,3,5,10,8,5,10,percentage,1,10,false,false
22,2,Wanya Morris_S22,0.08795572632161881,0.1016949152542373,12,6,1,7,0.1896506415758561,2,1,11,12,2,10,percentage,1,10,false,false
22,3,Antonio Brown_S22,0.09840727014683552,0.08438818565400844,11,1,9,10,0.18279545580084394,4,7,8,5,8,10,percentage,1,10,false,false
22,3,Doug Flutie_S22,0.0960344576642463,0.08438818565400844,11,3,9,12,0.18042264331825475,6,9,6,3,10,10,percentage,1,10,false,false
22,3,Ginger Zee_S22,0.09300284885872577,0.08860759493670886,11,8,6,14,0.18161044379543462,10,8,2,4,6,10,percentage,1,10,false,false
22,3,Jodie Sweetin_S22,0.09537833141011488,0.0970464135021097,11,4,3,7,0.19242474491222458,1,2,11,10,4,10,percentage,1,10,false,false
22,3,Kim Fields_S22,0.0941143655617304,0.09282700421940929,11,7,5,12,0.18694136978113968,7,5,5,7,5,10,percentage,1,10,false,false
22,3,Marla Maples_S22,0.09693006880005345,0.08860759493670886,11,2,6,8,0.1855376637367623,2,6,10,6,7,10,percentage,1,10,false,false
22,3,Mischa Barton_S22,0.06392016548612825,0.0759493670886076,11,11,11,22,0.13986953257473583,11,11,1,1,11,10,percentage,1,10,true,true
22,3,Nyle DiMarco_S22,0.08170336812963504,0.10548523206751055,11,10,1,11,0.1871886001971456,5,4,7,8,1,10,percentage,1,10,false,false
22,3,Paige VanZant_S22,0.09107718092163396,0.0970464135021097,11,9,3,12,0.18812359442374366,8,3,4,9,3,10,percentage,1,10,false,false
22,3,Von Miller_S22,0.09518300446703516,0.08438818565400844,11,5,9,14,0.1795711901210436,9,10,3,2,9,10,percentage,1,10,false,false
22,3,Wanya Morris_S22,0.09424893855386157,0.10126582278481013,11,6,2,8,0.19551476133867168,3,1,9,11,2,10,percentage,1,10,false,false
22,4,Antonio Brown_S22,0.10209626198405368,0.109717868338558,10,6,3,9,0.21181413032261168,3,3,8,8,4,10,percentage,1,10,false,false
22,4,Doug Flutie_S22,0.11248029498546637,0.07523510971786834,10,1,10,11,0.1877154047033347,7,9,4,2,10,10,percentage,1,10,false,false
22,4,Ginger Zee_S22,0.09928121648719002,0.11285266457680251,10,8,1,9,0.21213388106399253,4,2,7,9,2,10,percentage,1,10,false,false
22,4,Jodie Sweetin_S22,0.10880545164137441,0.08463949843260188,10,2,9,11,0.19344495007397627,8,8,3,3,9,10,percentage,1,10,false,false
22,4,Kim Fields_S22,0.10758508361391203,0.10031347962382445,10,3,6,9,0.20789856323773648,2,5,9,6,6,10,percentage,1,10,false,false
22,4,Marla Maples_S22,0.06749128266834158,0.0877742946708464,10,10,8,18,0.15526557733918797,10,10,1,1,8,10,percentage,1,10,true,true
22,4,Nyle DiMarco_S22,0.09237547099205236,0.10658307210031348,10,9,5,14,0.19895854309236582,9,7,2,4,5,10,percentage,1,10,false,false
22,4,Paige VanZant_S22,0.10224574468852383,0.11285266457680251,10,5,1,6,0.21509840926532636,1,1,10,10,1,10,percentage,1,10,false,false
22,4,Von Miller_S22,0.10671851456977399,0.10031347962382445,10,4,6,10,0.20703199419359844,5,6,6,5,7,10,percentage,1,10,false,false
22,4,Wanya Morris_S22,0.10092067836931118,0.109717868338558,10,7,3,10,0.2106385467078692,6,4,5,7,3,10,percentage,1,10,false,false
22,5,Antonio Brown_S22,0.11761757901472891,0.09420289855072464,9,1,9,10,0.21182047756545355,3,9,7,1,9,10,percentage,0,10,false,false
22,5,Doug Flutie_S22,0.11384038822887729,0.10144927536231885,9,4,7,11,0.21528966359119614,5,7,5,3,8,10,percentage,0,10,false,false
22,5,Ginger Zee_S22,0.1091173037630365,0.11594202898550725,9,8,3,11,0.22505933274854373,7,4,3,6,3,10,percentage,0,10,false,false
22,5,Jodie Sweetin_S22,0.11404205619041821,0.12681159420289856,9,2,2,4,0.24085365039331677,1,1,9,9,2,10,percentage,0,10,false,false
22,5,Kim Fields_S22,0.11262720297112225,0.10144927536231885,9,6,7,13,0.2140764783334411,9,8,1,2,7,10,percentage,0,10,false,false
22,5,Nyle DiMarco_S22,0.09551702182352345,0.13405797101449277,9,9,1,10,0.22957499283801622,4,2,6,8,1,10,percentage,0,10,false,false
22,5,Paige VanZant_S22,0.11396175804554802,0.11231884057971014,9,3,4,7,0.22628059862525818,2,3,8,7,4,10,percentage,0,10,false,false
22,5,Von Miller_S22,0.11298030579258306,0.10507246376811594,9,5,6,11,0.218052769560699,6,6,4,4,6,10,percentage,0,10,false,false
22,5,Wanya Morris_S22,0.11029638417016258,0.10869565217391304,9,7,5,12,0.2189920363440756,8,5,2,5,5,10,percentage,0,10,false,false
22,6,Antonio Brown_S22,0.11739869788586585,0.11894273127753303,9,3,3,6,0.2363414291633989,1,3,9,7,3,10,percentage,1,10,false,false
22,6,Doug Flutie_S22,0.08098843596862632,0.09251101321585903,9,9,9,18,0.17349944918448534,9,9,1,1,9,10,percentage,1,10,true,true
22,6,Ginger Zee_S22,0.11416308106085124,0.10572687224669604,9,6,7,13,0.2198899533075473,8,7,2,3,8,10,percentage,1,10,false,false
22,6,Jodie Sweetin_S22,0.11517904641319154,0.11013215859030837,9,5,4,9,0.2253112050034999,6,4,4,6,5,10,percentage,1,10,false,false
22,6,Kim Fields_S22,0.11901961754810111,0.10572687224669604,9,1,7,8,0.22474648979479717,3,5,7,5,7,10,percentage,1,10,false,false
22,6,Nyle DiMarco_S22,0.10547249644807795,0.11013215859030837,9,8,4,12,0.21560465503838633,7,8,3,2,4,10,percentage,1,10,false,false
22,6,Paige VanZant_S22,0.11592317792913225,0.12334801762114538,9,4,2,6,0.23927119555027762,2,2,8,8,2,10,percentage,1,10,false,false
22,6,Von Miller_S22,0.11817353788136387,0.10572687224669604,9,2,7,9,0.2239004101280599,5,6,5,4,6,10,percentage,1,10,false,false
22,6,Wanya Morris_S22,0.11368190886478996,0.1277533039647577,9,7,1,8,0.24143521282954766,4,1,6,9,1,10,percentage,1,10,false,false
22,7,Antonio Brown_S22,0.14115269761069277,0.12149532710280374,8,1,6,7,0.2626480247134965,2,3,7,6,5,10,percentage,2,10,false,false
22,7,Ginger Zee_S22,0.1334988148881676,0.12850467289719625,8,5,3,8,0.26200348778536386,5,4,4,5,2,10,percentage,2,10,false,false
22,7,Jodie Sweetin_S22,0.14112629705285581,0.1191588785046729,8,2,8,10,0.2602851755575287,6,5,3,4,8,10,percentage,2,10,false,false
22,7,Kim Fields_S22,0.09214619815099098,0.12149532710280374,8,8,6,14,0.2136415252537947,8,8,1,1,6,10,percentage,2,10,true,true
22,7,Nyle DiMarco_S22,0.12707128636792686,0.1308411214953271,8,6,1,7,0.257912407863254,4,6,5,3,1,10,percentage,2,10,false,false
22,7,Paige VanZant_S22,0.13576672965507594,0.12850467289719625,8,4,3,7,0.2642714025522722,3,2,6,7,3,10,percentage,2,10,false,false
22,7,Von Miller_S22,0.09228774207921656,0.12149532710280374,8,7,6,13,0.21378306918202028,7,7,2,2,7,10,percentage,2,10,true,true
22,7,Wanya Morris_S22,0.13695023419507313,0.12850467289719625,8,3,3,6,0.2654549070922694,1,1,8,8,4,10,percentage,2,10,false,false
22,8,Antonio Brown_S22,0.1867205886429121,0.15976331360946747,6,2,5,7,0.34648390225237957,3,3,4,4,5,10,percentage,1,10,false,false
22,8,Ginger Zee_S22,0.17200069675217727,0.17751479289940827,6,4,1,5,0.3495154896515855,1,1,6,6,2,10,percentage,1,10,false,false
22,8,Jodie Sweetin_S22,0.1045692689457712,0.17751479289940827,6,6,1,7,0.2820840618451795,5,6,2,1,1,10,percentage,1,10,false,true
22,8,Nyle DiMarco_S22,0.16507575127742777,0.17159763313609466,6,5,3,8,0.33667338441352246,6,5,1,2,3,10,percentage,1,10,true,false
22,8,Paige VanZant_S22,0.1828717304775727,0.16568047337278108,6,3,4,7,0.3485522038503538,4,2,3,5,4,10,percentage,1,10,false,false
22,8,Wanya Morris_S22,0.18876196390413838,0.14792899408284024,6,1,6,7,0.3366909579869786,2,4,5,3,6,10,percentage,1,10,false,false
22,9,Antonio Brown_S22,0.16430578779266877,0.1916376306620209,5,4,5,9,0.3559434184546897,5,5,1,1,5,10,percentage,2,10,true,true
22,9,Ginger Zee_S22,0.2328915701739846,0.1951219512195122,5,1,4,5,0.4280135213934968,2,2,4,4,4,10,percentage,2,10,false,false
22,9,Nyle DiMarco_S22,0.22159776998897274,0.1986062717770035,5,3,3,6,0.42020404176597626,3,3,3,3,3,10,percentage,2,10,false,false
22,9,Paige VanZant_S22,0.22990144070787263,0.20557491289198607,5,2,2,4,0.4354763535998587,1,1,5,5,2,10,percentage,2,10,false,false
22,9,Wanya Morris_S22,0.15130343133650062,0.20905923344947736,5,5,1,6,0.360362664785978,4,4,2,2,1,10,percentage,2,10,true,true
22,10,Ginger Zee_S22,0.2693387058548522,0.32567046285270274,3,3,3,6,0.5950091687075549,3,3,1,1,3,10,percentage,3,10,true,true
22,10,Nyle DiMarco_S22,0.39982713148804067,0.3333325670462853,3,1,2,3,0.7331596985343259,1,1,3,3,2,10,percentage,3,10,true,true
22,10,Paige VanZant_S22,0.3308341626571073,0.340996970101012,3,2,1,3,0.6718311327581192,2,2,2,2,1,10,percentage,3,10,true,true
23,1,Amber Rose_S23,0.06643027810382739,0.07272727272727272,13,12,9,21,0.1391575508311001,12,12,2,2,9,11,percentage,0,11,false,false
23,1,Babyface_S23,0.0749943470658315,0.07878787878787878,13,11,5,16,0.15378222585371026,10,8,4,6,6,11,percentage,0,11,false,false
23,1,Calvin Johnson Jr._S23,0.0800763489749972,0.07878787878787878,13,5,5,10,0.15886422776287598,3,5,11,9,5,11,percentage,0,11,false,false
23,1,Jake T. Austin_S23,0.08080569899513099,0.06666666666666667,13,3,11,14,0.14747236566179767,8,10,6,4,11,11,percentage,0,11,false,false
23,1,James Hinchcliffe_S23,0.08472471975158388,0.09393939393939393,13,1,1,2,0.17866411369097782,1,1,13,13,1,11,percentage,0,11,false,false
23,1,Jana Kramer_S23,0.07802895375052164,0.08181818181818182,13,8,3,11,0.15984713556870345,5,3,9,11,4,11,percentage,0,11,false,false
23,1,Laurie Hernandez_S23,0.07941542726756319,0.09393939393939393,13,7,1,8,0.1733548212069571,2,2,12,12,2,11,percentage,0,11,false,false
23,1,Marilu Henner_S23,0.07722313247269469,0.08181818181818182,13,9,3,12,0.1590413142908765,6,4,8,10,3,11,percentage,0,11,false,false
23,1,Maureen McCormick_S23,0.08047748199172398,0.06666666666666667,13,4,11,15,0.14714414865839065,9,11,5,3,12,11,percentage,0,11,false,false
23,1,Rick Perry_S23,0.05872104159915091,0.06060606060606061,13,13,13,26,0.11932710220521152,13,13,1,1,13,11,percentage,0,11,false,false
23,1,Ryan Lochte_S23,0.08330081821095027,0.07272727272727272,13,2,9,11,0.156028090938223,4,6,10,8,10,11,percentage,0,11,false,false
23,1,Terra Jole_S23,0.07586905246685884,0.07575757575757576,13,10,7,17,0.1516266282244346,11,9,3,5,8,11,percentage,0,11,false,false
23,1,Vanilla Ice_S23,0.07993269934916537,0.07575757575757576,13,6,7,13,0.15569027510674113,7,7,7,7,7,11,percentage,0,11,false,false
23,2,Amber Rose_S23,0.075784818547214,0.06818181818181818,13,11,11,22,0.14396663672903218,11,11,3,3,11,11,percentage,1,11,false,false
23,2,Babyface_S23,0.07789255584530717,0.08522727272727272,13,9,3,12,0.1631198285725799,6,6,8,8,3,11,percentage,1,11,false,false
23,2,Calvin Johnson Jr._S23,0.08448650172938245,0.07954545454545454,13,1,6,7,0.164031956274837,3,4,11,10,6,11,percentage,1,11,false,false
23,2,Jake T. Austin_S23,0.04686443615605693,0.06818181818181818,13,13,11,24,0.1150462543378751,12,13,2,1,10,11,percentage,1,11,false,true
23,2,James Hinchcliffe_S23,0.08320561940003245,0.08238636363636363,13,2,4,6,0.16559198303639608,1,3,13,11,4,11,percentage,1,11,false,false
23,2,Jana Kramer_S23,0.08090057272087027,0.08238636363636363,13,4,4,8,0.1632869363572339,4,5,10,9,5,11,percentage,1,11,false,false
23,2,Laurie Hernandez_S23,0.08049932366874768,0.09090909090909091,13,5,1,6,0.1714084145778386,2,1,12,13,1,11,percentage,1,11,false,false
23,2,Marilu Henner_S23,0.07974865443585358,0.07670454545454546,13,6,7,13,0.15645319989039902,7,7,7,7,7,11,percentage,1,11,false,false
23,2,Maureen McCormick_S23,0.07793469734475937,0.07386363636363637,13,8,8,16,0.15179833370839574,9,8,5,6,9,11,percentage,1,11,false,false
23,2,Rick Perry_S23,0.07423117202463353,0.0625,13,12,13,25,0.13673117202463353,13,12,1,2,13,11,percentage,1,11,true,false
23,2,Ryan Lochte_S23,0.08211786917916286,0.06818181818181818,13,3,11,14,0.15029968736098104,8,10,6,4,12,11,percentage,1,11,false,false
23,2,Terra Jole_S23,0.07856337956233735,0.08806818181818182,13,7,2,9,0.16663156138051916,5,2,9,12,2,11,percentage,1,11,false,false
23,2,Vanilla Ice_S23,0.07777039938564251,0.07386363636363637,13,10,8,18,0.15163403574927886,10,9,4,5,8,11,percentage,1,11,false,false
23,3,Amber Rose_S23,0.07806477107945692,0.07692307692307693,12,11,9,20,0.15498784800253385,11,11,2,2,8,11,percentage,1,11,false,false
23,3,Babyface_S23,0.08516101277757797,0.07692307692307693,12,9,9,18,0.1620840897006549,10,9,3,4,10,11,percentage,1,11,false,false
23,3,Calvin Johnson Jr._S23,0.08813527354160196,0.09846153846153846,12,4,1,5,0.18659681200314043,2,1,11,12,1,11,percentage,1,11,false,false
23,3,James Hinchcliffe_S23,0.09016568147183567,0.08923076923076922,12,1,4,5,0.1793964507026049,1,3,12,10,4,11,percentage,1,11,false,false
23,3,Jana Kramer_S23,0.08746278975255029,0.08,12,5,7,12,0.1674627897525503,4,7,9,6,7,11,percentage,1,11,false,false
23,3,Laurie Hernandez_S23,0.08186170162434263,0.09538461538461539,12,10,2,12,0.17724631700895802,6,4,7,9,2,11,percentage,1,11,false,false
23,3,Marilu Henner_S23,0.08652718383046476,0.08615384615384615,12,7,5,12,0.1726810299843109,5,5,8,8,6,11,percentage,1,11,false,false
23,3,Maureen McCormick_S23,0.08532034664942248,0.08615384615384615,12,8,5,13,0.17147419280326864,8,6,5,7,5,11,percentage,1,11,false,false
23,3,Rick Perry_S23,0.05249146478856878,0.07076923076923076,12,12,11,23,0.12326069555779955,12,12,1,1,12,11,percentage,1,11,true,true
23,3,Ryan Lochte_S23,0.08699119378970846,0.07692307692307693,12,6,9,15,0.1639142707127854,9,8,4,5,9,11,percentage,1,11,false,false
23,3,Terra Jole_S23,0.08857520287952013,0.09230769230769231,12,3,3,6,0.18088289518721246,3,2,10,11,3,11,percentage,1,11,false,false
23,3,Vanilla Ice_S23,0.08924337781495038,0.07076923076923076,12,2,11,13,0.16001260858418115,7,10,6,3,11,11,percentage,1,11,false,false
23,4,Amber Rose_S23,0.08782516818767461,0.09195402298850575,11,9,4,13,0.17977919117618035,9,9,3,3,4,11,percentage,2,11,false,false
23,4,Babyface_S23,0.07473740607855171,0.06896551724137931,11,10,11,21,0.143702923319931,11,11,1,1,11,11,percentage,2,11,true,true
23,4,Calvin Johnson Jr._S23,0.10015607390458844,0.08812260536398467,11,2,7,9,0.1882786792685731,2,4,10,8,7,11,percentage,2,11,false,false
23,4,James Hinchcliffe_S23,0.09874343164561007,0.10727969348659004,11,4,2,6,0.2060231251322001,1,1,11,11,2,11,percentage,2,11,false,false
23,4,Jana Kramer_S23,0.09850720970146834,0.08812260536398467,11,5,7,12,0.186629815065453,7,6,5,6,8,11,percentage,2,11,false,false
23,4,Laurie Hernandez_S23,0.08858081125661048,0.11494252873563218,11,8,1,9,0.20352333999224265,4,2,8,10,1,11,percentage,2,11,false,false
23,4,Marilu Henner_S23,0.0993548832891694,0.08045977011494253,11,3,10,13,0.17981465340411193,8,8,4,4,10,11,percentage,2,11,false,false
23,4,Maureen McCormick_S23,0.09544156475620147,0.09195402298850575,11,7,4,11,0.18739558774470721,6,5,6,7,5,11,percentage,2,11,false,false
23,4,Ryan Lochte_S23,0.10037708284583383,0.0842911877394636,11,1,9,10,0.18466827058529744,5,7,7,5,9,11,percentage,2,11,false,false
23,4,Terra Jole_S23,0.09673821445674655,0.09578544061302682,11,6,3,9,0.19252365506977337,3,3,9,9,3,11,percentage,2,11,false,false
23,4,Vanilla Ice_S23,0.05953815387754458,0.08812260536398467,11,11,7,18,0.14766075924152924,10,10,2,2,6,11,percentage,2,11,true,true
23,5,Amber Rose_S23,0.09658429108281094,0.10434782608695652,9,9,7,16,0.20093211716976744,9,9,1,1,9,11,percentage,0,11,false,false
23,5,Calvin Johnson Jr._S23,0.11449446777976824,0.10434782608695652,9,3,7,10,0.21884229386672477,5,6,5,4,6,11,percentage,0,11,false,false
23,5,James Hinchcliffe_S23,0.1134236845737097,0.12608695652173912,9,4,1,5,0.23951064109544884,2,1,8,9,1,11,percentage,0,11,false,false
23,5,Jana Kramer_S23,0.11180031003815469,0.11304347826086956,9,6,4,10,0.22484378829902424,6,4,4,6,4,11,percentage,0,11,false,false
23,5,Laurie Hernandez_S23,0.10818205406379537,0.10869565217391304,9,8,5,13,0.2168777062377084,7,7,3,3,5,11,percentage,0,11,false,false
23,5,Marilu Henner_S23,0.11310353883263742,0.11739130434782609,9,5,2,7,0.2304948431804635,3,3,7,7,2,11,percentage,0,11,false,false
23,5,Maureen McCormick_S23,0.10959591922782698,0.10434782608695652,9,7,7,14,0.2139437453147835,8,8,2,2,8,11,percentage,0,11,false,false
23,5,Ryan Lochte_S23,0.11727807284497721,0.10434782608695652,9,1,7,8,0.22162589893193374,4,5,6,5,7,11,percentage,0,11,false,false
23,5,Terra Jole_S23,0.11553766155632003,0.11739130434782609,9,2,2,4,0.23292896590414613,1,2,9,8,3,11,percentage,0,11,false,false
23,6,Amber Rose_S23,0.07238032666518562,0.09180327868852459,9,9,9,18,0.1641836053537102,9,9,1,1,9,11,percentage,1,11,true,true
23,6,Calvin Johnson Jr._S23,0.11518000285128441,0.12131147540983607,9,5,3,8,0.2364914782611205,3,3,7,7,4,11,percentage,1,11,false,false
23,6,James Hinchcliffe_S23,0.11842003352483299,0.12459016393442623,9,2,2,4,0.24301019745925923,1,1,9,9,2,11,percentage,1,11,false,false
23,6,Jana Kramer_S23,0.11185665556228275,0.13114754098360656,9,8,1,9,0.2430041965458893,5,2,5,8,1,11,percentage,1,11,false,false
23,6,Laurie Hernandez_S23,0.11311347047006151,0.12131147540983607,9,7,3,10,0.2344249458798976,6,4,4,6,3,11,percentage,1,11,false,false
23,6,Marilu Henner_S23,0.11450147814032335,0.11147540983606558,9,6,5,11,0.22597688797638893,8,5,2,5,5,11,percentage,1,11,false,false
23,6,Maureen McCormick_S23,0.1181031402206457,0.10163934426229508,9,3,6,9,0.2197424844829408,4,6,6,4,6,11,percentage,1,11,false,false
23,6,Ryan Lochte_S23,0.11751919248720076,0.09836065573770492,9,4,7,11,0.2158798482249057,7,8,3,2,8,11,percentage,1,11,false,false
23,6,Terra Jole_S23,0.11892570007818275,0.09836065573770492,9,1,7,8,0.21728635581588768,2,7,8,3,7,11,percentage,1,11,false,false
23,7,Calvin Johnson Jr._S23,0.1287838980286242,0.13430127041742287,8,6,1,7,0.26308516844604707,4,2,5,7,2,11,percentage,1,11,false,false
23,7,James Hinchcliffe_S23,0.130766121390394,0.13430127041742287,8,4,1,5,0.2650673918078169,1,1,8,8,1,11,percentage,1,11,false,false
23,7,Jana Kramer_S23,0.12954585248697104,0.12522686025408347,8,5,4,9,0.2547727127410545,5,5,4,4,4,11,percentage,1,11,false,false
23,7,Laurie Hernandez_S23,0.12811116366666755,0.12522686025408347,8,7,4,11,0.253338023920751,7,6,2,3,5,11,percentage,1,11,false,false
23,7,Marilu Henner_S23,0.13424224680421212,0.1161524500907441,8,2,8,10,0.2503946968949562,6,7,3,2,8,11,percentage,1,11,false,false
23,7,Maureen McCormick_S23,0.08129627937827559,0.11978221415607986,8,8,6,14,0.20107849353435545,8,8,1,1,6,11,percentage,1,11,true,true
23,7,Ryan Lochte_S23,0.1351570269079736,0.11978221415607986,8,1,6,7,0.25493924106405347,2,4,7,5,7,11,percentage,1,11,false,false
23,7,Terra Jole_S23,0.13209741133688171,0.12522686025408347,8,3,4,7,0.25732427159096516,3,3,6,6,3,11,percentage,1,11,false,false
23,8,Calvin Johnson Jr._S23,0.15361728144607903,0.14925387985460684,7,3,3,6,0.30287116130068586,2,3,6,5,4,11,percentage,1,11,false,false
23,8,James Hinchcliffe_S23,0.1517253152090001,0.1741285314711756,7,4,1,5,0.3258538466801757,1,1,7,7,1,11,percentage,1,11,false,false
23,8,Jana Kramer_S23,0.14429687083752024,0.14925387985460684,7,5,3,8,0.2935507506921271,4,4,4,4,3,11,percentage,1,11,false,false
23,8,Laurie Hernandez_S23,0.14293671426927335,0.1641792678400675,7,6,2,8,0.3071159821093409,5,2,3,6,2,11,percentage,1,11,false,false
23,8,Marilu Henner_S23,0.15525511659348787,0.11442797455519857,7,2,7,9,0.26968309114868644,6,6,2,2,7,11,percentage,1,11,false,false
23,8,Ryan Lochte_S23,0.09686957601009694,0.12935336254065924,7,7,5,12,0.22622293855075618,7,7,1,1,5,11,percentage,1,11,true,true
23,8,Terra Jole_S23,0.15529912563454293,0.11940310388368545,7,1,6,7,0.27470222951822837,3,5,5,3,6,11,percentage,1,11,false,false
23,9,Calvin Johnson Jr._S23,0.1792781854278607,0.16299559471365638,6,2,4,6,0.3422737801415171,3,4,4,3,4,11,percentage,1,11,false,false
23,9,James Hinchcliffe_S23,0.1851579348795292,0.15859030837004406,6,1,5,6,0.34374824324957326,2,3,5,4,6,11,percentage,1,11,false,false
23,9,Jana Kramer_S23,0.16891351022182008,0.1762114537444934,6,5,1,6,0.3451249639663135,4,2,3,5,1,11,percentage,1,11,false,false
23,9,Laurie Hernandez_S23,0.17600798564274336,0.1762114537444934,6,3,1,4,0.35221943938723677,1,1,6,6,2,11,percentage,1,11,false,false
23,9,Marilu Henner_S23,0.11601927802905712,0.15859030837004406,6,6,5,11,0.27460958639910116,6,6,1,1,5,11,percentage,1,11,true,true
23,9,Terra Jole_S23,0.17462310579898935,0.16740088105726872,6,4,3,7,0.34202398685625807,5,5,2,2,3,11,percentage,1,11,false,false
23,10,Calvin Johnson Jr._S23,0.2142129070981327,0.19112627986348124,5,3,5,8,0.405339186961614,5,4,1,2,5,11,percentage,1,11,true,false
23,10,James Hinchcliffe_S23,0.22145174294846734,0.20136518771331058,5,1,3,4,0.42281693066177795,1,1,5,5,3,11,percentage,1,11,false,false
23,10,Jana Kramer_S23,0.2191368907942957,0.19795221843003413,5,2,4,6,0.41708910922432985,3,2,3,4,4,11,percentage,1,11,false,false
23,10,Laurie Hernandez_S23,0.21199442250586523,0.20477815699658702,5,4,1,5,0.4167725795024523,2,3,4,3,2,11,percentage,1,11,false,false
23,10,Terra Jole_S23,0.13320403665323885,0.20477815699658702,5,5,1,6,0.33798219364982585,4,5,2,1,1,11,percentage,1,11,false,true
23,11,Calvin Johnson Jr._S23,0.22901805795603997,0.25191616266698036,4,3,3,6,0.4809342206230203,3,3,2,2,3,11,percentage,4,11,true,true
23,11,James Hinchcliffe_S23,0.2682284406458092,0.25629755904896034,4,2,2,4,0.5245259996947695,2,2,3,3,2,11,percentage,4,11,true,true
23,11,Jana Kramer_S23,0.19142920699300459,0.2332976924558098,4,4,4,8,0.42472689944881437,4,4,1,1,4,11,percentage,4,11,true,true
23,11,Laurie Hernandez_S23,0.3113242944051461,0.2584885858282496,4,1,1,2,0.5698128802333957,1,1,4,4,1,11,percentage,4,11,true,true
24,1,Bonner Bolton_S24,0.08483287719754852,0.0728476821192053,12,7,9,16,0.15768055931675382,8,9,5,4,9,10,percentage,0,10,false,false
24,1,Charo_S24,0.07990201207481001,0.0695364238410596,12,11,10,21,0.1494384359158696,11,10,2,3,10,10,percentage,0,10,false,false
24,1,Chris Kattan_S24,0.07689806686564404,0.056291390728476824,12,12,12,24,0.13318945759412087,12,12,1,1,12,10,percentage,0,10,false,false
24,1,David Ross_S24,0.0856853378794457,0.09271523178807947,12,3,4,7,0.17840056966752516,4,4,9,9,4,10,percentage,0,10,false,false
24,1,Erika Jayne_S24,0.08045458470819274,0.07947019867549669,12,10,7,17,0.15992478338368943,9,8,4,5,8,10,percentage,0,10,false,false
24,1,Heather Morris_S24,0.0850138827968954,0.09271523178807947,12,6,4,10,0.17772911458497487,5,5,8,8,3,10,percentage,0,10,false,false
24,1,Mr. T_S24,0.08106094978564521,0.06622516556291391,12,9,11,20,0.14728611534855912,10,11,3,2,11,10,percentage,0,10,false,false
24,1,Nancy Kerrigan_S24,0.08573443989852518,0.09271523178807947,12,2,4,6,0.17844967168660464,3,3,10,10,5,10,percentage,0,10,false,false
24,1,Nick Viall_S24,0.08533788802640874,0.07947019867549669,12,5,7,12,0.16480808670190544,6,7,7,6,7,10,percentage,0,10,false,false
24,1,Normani_S24,0.0835976752213732,0.08940397350993377,12,8,6,14,0.17300164873130697,7,6,6,7,6,10,percentage,0,10,false,false
24,1,Rashad Jennings_S24,0.08611564831881226,0.10264900662251655,12,1,2,3,0.18876465494132882,1,2,12,11,2,10,percentage,0,10,false,false
24,1,Simone Biles_S24,0.08536663722669927,0.10596026490066225,12,4,1,5,0.19132690212736153,2,1,11,12,1,10,percentage,0,10,false,false
24,2,Bonner Bolton_S24,0.08717634088736509,0.08536585365853659,12,5,6,11,0.1725421945459017,5,6,8,7,7,10,percentage,1,10,false,false
24,2,Charo_S24,0.08456936293740377,0.07621951219512195,12,9,9,18,0.1607888751325257,11,10,2,3,10,10,percentage,1,10,false,false
24,2,Chris Kattan_S24,0.05658601204506203,0.06707317073170732,12,12,11,23,0.12365918277676935,12,12,1,1,11,10,percentage,1,10,true,true
24,2,David Ross_S24,0.08884528146692092,0.08231707317073171,12,2,8,10,0.17116235463765261,1,7,12,6,8,10,percentage,1,10,false,false
24,2,Erika Jayne_S24,0.0872003789126076,0.08536585365853659,12,4,6,10,0.17256623257114417,2,5,11,8,5,10,percentage,1,10,false,false
24,2,Heather Morris_S24,0.08498091215816575,0.09146341463414634,12,7,3,10,0.1764443267923121,4,2,9,11,3,10,percentage,1,10,false,false
24,2,Mr. T_S24,0.08960728239355073,0.06707317073170732,12,1,11,12,0.15668045312525805,7,11,6,2,12,10,percentage,1,10,false,false
24,2,Nancy Kerrigan_S24,0.08490575632501296,0.08536585365853659,12,8,6,14,0.17027160998354957,10,8,3,5,6,10,percentage,1,10,false,false
24,2,Nick Viall_S24,0.08743924666933944,0.07621951219512195,12,3,9,12,0.1636587588644614,8,9,5,4,9,10,percentage,1,10,false,false
24,2,Normani_S24,0.07816370073982278,0.0975609756097561,12,11,1,12,0.1757246763495789,9,3,4,10,1,10,percentage,1,10,false,false
24,2,Rashad Jennings_S24,0.08453832307634204,0.0975609756097561,12,10,1,11,0.18209929868609814,6,1,7,12,2,10,percentage,1,10,false,false
24,2,Simone Biles_S24,0.08598740238840735,0.08841463414634146,12,6,4,10,0.1744020365347488,3,4,10,9,4,10,percentage,1,10,false,false
24,3,Bonner Bolton_S24,0.09818604990700155,0.0761904761904762,11,1,10,11,0.17437652609747775,5,9,7,3,9,10,percentage,1,10,false,false
24,3,Charo_S24,0.05824426807812639,0.0761904761904762,11,11,10,21,0.13443474426860258,11,11,1,1,10,10,percentage,1,10,true,true
24,3,David Ross_S24,0.09112918087265312,0.09841269841269841,11,9,5,14,0.18954187928535154,9,5,3,7,5,10,percentage,1,10,false,false
24,3,Erika Jayne_S24,0.09433100463481403,0.08253968253968254,11,7,7,14,0.17687068717449655,8,8,4,4,7,10,percentage,1,10,false,false
24,3,Heather Morris_S24,0.09485046322287799,0.10476190476190476,11,6,2,8,0.19961236798478277,2,2,10,10,3,10,percentage,1,10,false,false
24,3,Mr. T_S24,0.0949235312917373,0.0761904761904762,11,5,10,15,0.1711140074822135,10,10,2,2,11,10,percentage,1,10,false,false
24,3,Nancy Kerrigan_S24,0.09633799812675899,0.10476190476190476,11,2,2,4,0.20109990288866375,1,1,11,11,2,10,percentage,1,10,false,false
24,3,Nick Viall_S24,0.09632248617847042,0.08253968253968254,11,3,7,10,0.17886216871815297,3,7,9,5,8,10,percentage,1,10,false,false
24,3,Normani_S24,0.08837227944495765,0.10793650793650794,11,10,1,11,0.1963087873814656,6,3,6,9,1,10,percentage,1,10,false,false
24,3,Rashad Jennings_S24,0.09556344264260558,0.08888888888888889,11,4,6,10,0.18445233153149448,4,6,8,6,6,10,percentage,1,10,false,false
24,3,Simone Biles_S24,0.09173929559999724,0.10158730158730159,11,8,4,12,0.19332659718729883,7,4,5,8,4,10,percentage,1,10,false,false
24,4,Bonner Bolton_S24,0.10525956914494403,0.09815950920245399,10,2,5,7,0.20341907834739803,2,5,9,6,6,10,percentage,1,10,false,false
24,4,David Ross_S24,0.10641265554048114,0.0950920245398773,10,1,7,8,0.20150468008035843,3,6,8,5,7,10,percentage,1,10,false,false
24,4,Erika Jayne_S24,0.10180266340635596,0.09202453987730061,10,8,8,16,0.19382720328365657,9,9,2,2,9,10,percentage,1,10,false,false
24,4,Heather Morris_S24,0.10333847466769623,0.10736196319018405,10,6,3,9,0.21070043785788029,5,3,6,8,3,10,percentage,1,10,false,false
24,4,Mr. T_S24,0.06824458106382601,0.08588957055214724,10,10,10,20,0.15413415161597327,10,10,1,1,10,10,percentage,1,10,true,true
24,4,Nancy Kerrigan_S24,0.10358066175790785,0.10122699386503067,10,4,4,8,0.2048076556229385,4,4,7,7,4,10,percentage,1,10,false,false
24,4,Nick Viall_S24,0.10403711384119102,0.09202453987730061,10,3,8,11,0.19606165371849163,7,8,4,3,8,10,percentage,1,10,false,false
24,4,Normani_S24,0.1013128045387043,0.09815950920245399,10,9,5,14,0.19947231374115829,8,7,3,4,5,10,percentage,1,10,false,false
24,4,Rashad Jennings_S24,0.10339239535890843,0.1196319018404908,10,5,1,6,0.22302429719939923,1,1,10,10,1,10,percentage,1,10,false,false
24,4,Simone Biles_S24,0.10261908067998483,0.11042944785276074,10,7,2,9,0.21304852853274558,6,2,5,9,2,10,percentage,1,10,false,false
24,5,Bonner Bolton_S24,0.11903244946672713,0.09868421052631579,9,3,8,11,0.2177166599930429,8,7,2,3,8,10,percentage,1,10,false,false
24,5,David Ross_S24,0.12129011968276247,0.09539473684210527,9,2,9,11,0.21668485652486774,7,8,3,2,9,10,percentage,1,10,false,false
24,5,Erika Jayne_S24,0.07103090185627285,0.10526315789473684,9,9,6,15,0.1762940597510097,9,9,1,1,6,10,percentage,1,10,true,true
24,5,Heather Morris_S24,0.11498478875222433,0.1118421052631579,9,5,4,9,0.22682689401538222,3,5,7,5,4,10,percentage,1,10,false,false
24,5,Nancy Kerrigan_S24,0.11608217854713927,0.11842105263157894,9,4,3,7,0.2345032311787182,2,3,8,7,3,10,percentage,1,10,false,false
24,5,Nick Viall_S24,0.11425126227259103,0.1118421052631579,9,6,4,10,0.22609336753574893,6,6,4,4,5,10,percentage,1,10,false,false
24,5,Normani_S24,0.11062004544684241,0.12828947368421054,9,8,1,9,0.23890951913105296,5,1,5,9,1,10,percentage,1,10,false,false
24,5,Rashad Jennings_S24,0.1217584755201464,0.10526315789473684,9,1,6,7,0.22702163341488324,1,4,9,6,7,10,percentage,1,10,false,false
24,5,Simone Biles_S24,0.11094977845529368,0.125,9,7,2,9,0.2359497784552937,4,2,6,8,2,10,percentage,1,10,false,false
24,6,Bonner Bolton_S24,0.13489591413691088,0.1171003717472119,8,3,6,9,0.25199628588412276,3,5,6,4,6,10,percentage,1,10,false,false
24,6,David Ross_S24,0.13621157480691035,0.11524163568773234,8,2,7,9,0.2514532104946427,2,6,7,3,7,10,percentage,1,10,false,false
24,6,Heather Morris_S24,0.07039867262182438,0.137546468401487,8,8,1,9,0.20794514102331135,8,8,1,1,1,10,percentage,1,10,true,true
24,6,Nancy Kerrigan_S24,0.13291286091986815,0.12453531598513011,8,4,5,9,0.25744817690499827,4,4,5,5,5,10,percentage,1,10,false,false
24,6,Nick Viall_S24,0.13750395629663914,0.11338289962825279,8,1,8,9,0.2508868559248919,1,7,8,2,8,10,percentage,1,10,false,false
24,6,Normani_S24,0.12769485875460457,0.13382899628252787,8,7,2,9,0.26152385503713244,7,1,2,8,2,10,percentage,1,10,false,false
24,6,Rashad Jennings_S24,0.12870828449387686,0.13011152416356878,8,6,3,9,0.25881980865744564,6,3,3,6,3,10,percentage,1,10,false,false
24,6,Simone Biles_S24,0.13167387796936678,0.12825278810408922,8,5,4,9,0.259926666073456,5,2,4,7,4,10,percentage,1,10,false,false
24,7,Bonner Bolton_S24,0.16819145446757494,0.1225296442687747,7,2,7,9,0.29072109873634966,5,5,3,3,7,10,percentage,2,10,false,false
24,7,David Ross_S24,0.16856784975667893,0.12648221343873517,7,1,6,7,0.2950500631954141,4,4,4,4,6,10,percentage,2,10,false,false
24,7,Nancy Kerrigan_S24,0.09905057563564253,0.1422924901185771,7,7,4,11,0.2413430657542196,7,7,1,1,4,10,percentage,2,10,true,true
24,7,Nick Viall_S24,0.10776769575791452,0.13438735177865613,7,6,5,11,0.24215504753657063,6,6,2,2,5,10,percentage,2,10,true,true
24,7,Normani_S24,0.1470324577567599,0.16600790513833993,7,5,1,6,0.31304036289509984,3,1,5,7,1,10,percentage,2,10,false,false
24,7,Rashad Jennings_S24,0.15667748701559833,0.1541501976284585,7,3,2,5,0.31082768464405686,1,2,7,6,2,10,percentage,2,10,false,false
24,7,Simone Biles_S24,0.1527124796098306,0.1541501976284585,7,4,2,6,0.3068626772382891,2,3,6,5,3,10,percentage,2,10,false,false
24,8,Bonner Bolton_S24,0.16146658770781147,0.166189111747851,5,5,5,10,0.3276556994556625,5,5,1,1,5,10,percentage,1,10,true,true
24,8,David Ross_S24,0.22033412096642258,0.18624641833810887,5,1,4,5,0.4065805393045314,2,4,4,2,4,10,percentage,1,10,false,false
24,8,Normani_S24,0.2007251756360913,0.22636103151862463,5,4,1,5,0.4270862071547159,3,2,3,4,1,10,percentage,1,10,false,false
24,8,Rashad Jennings_S24,0.21314849084276574,0.2148997134670487,5,2,2,4,0.42804820430981444,1,1,5,5,2,10,percentage,1,10,false,false
24,8,Simone Biles_S24,0.20432562484690928,0.20630372492836677,5,3,3,6,0.41062934977527604,4,3,2,3,3,10,percentage,1,10,false,false
24,9,David Ross_S24,0.28422953430537323,0.23102310231023102,4,1,4,5,0.5152526366156043,2,3,3,2,4,10,percentage,1,10,false,false
24,9,Normani_S24,0.26865863038807064,0.2508250825082508,4,3,3,6,0.5194837128963214,4,2,1,3,3,10,percentage,1,10,true,false
24,9,Rashad Jennings_S24,0.273908491677764,0.25412541254125415,4,2,2,4,0.5280339042190181,1,1,4,4,2,10,percentage,1,10,false,false
24,9,Simone Biles_S24,0.1732033436287919,0.264026402640264,4,4,1,5,0.43722974626905586,3,4,2,1,1,10,percentage,1,10,false,true
24,10,David Ross_S24,0.3498069857811748,0.3150292500591764,3,2,3,5,0.6648362358403512,2,2,2,2,3,10,percentage,3,10,true,true
24,10,Normani_S24,0.25166418352125136,0.34103999632369203,3,3,2,5,0.5927041798449434,3,3,1,1,2,10,percentage,3,10,true,true
24,10,Rashad Jennings_S24,0.39852883069757405,0.3439307536171316,3,1,1,2,0.7424595843147057,1,1,3,3,1,10,percentage,3,10,true,true
25,1,Barbara Corcoran_S25,0.06335909764153201,0.058577405857740586,13,13,13,26,0.1219365034992726,13,13,1,1,13,10,percentage,0,10,false,false
25,1,Debbie Gibson_S25,0.07637951763069206,0.07112970711297072,13,10,10,20,0.1475092247436628,11,10,3,4,10,10,percentage,0,10,false,false
25,1,Derek Fisher_S25,0.07651011016006984,0.07531380753138076,13,9,8,17,0.1518239176914506,8,7,6,7,8,10,percentage,0,10,false,false
25,1,Drew Scott_S25,0.07700706369862487,0.06694560669456066,13,7,11,18,0.14395267039318554,9,11,5,3,11,10,percentage,0,10,false,false
25,1,Frankie Muniz_S25,0.07791398853932327,0.0794979079497908,13,5,5,10,0.15741189648911408,4,5,10,9,6,10,percentage,0,10,false,false
25,1,Jordan Fisher_S25,0.07880376422928076,0.09205020920502092,13,4,1,5,0.1708539734343017,2,2,12,12,1,10,percentage,0,10,false,false
25,1,Lindsey Stirling_S25,0.0831456843288608,0.09205020920502092,13,1,1,2,0.1751958935338817,1,1,13,13,2,10,percentage,0,10,false,false
25,1,Nick Lachey_S25,0.07580209325834263,0.07531380753138076,13,11,8,19,0.15111590078972337,10,8,4,6,9,10,percentage,0,10,false,false
25,1,Nikki Bella_S25,0.08086011570749171,0.08368200836820083,13,2,4,6,0.16454212407569255,3,4,11,10,4,10,percentage,0,10,false,false
25,1,Sasha Pieterse_S25,0.07534362808234851,0.07531380753138076,13,12,8,20,0.15065743561372927,12,9,2,5,7,10,percentage,0,10,false,false
25,1,Terrell Owens_S25,0.0808394382325159,0.06276150627615062,13,3,12,15,0.1436009445086665,7,12,7,2,12,10,percentage,0,10,false,false
25,1,Vanessa Lachey_S25,0.07689177109172907,0.08786610878661087,13,8,3,11,0.16475787987833995,6,3,8,11,3,10,percentage,0,10,false,false
25,1,Victoria Arlen_S25,0.07714372739918818,0.0794979079497908,13,6,5,11,0.15664163534897896,5,6,9,8,5,10,percentage,0,10,false,false
25,2,Barbara Corcoran_S25,0.051678659788697776,0.062157221206581355,13,12,13,25,0.11383588099527914,13,13,1,1,13,10,percentage,2,10,true,true
25,2,Debbie Gibson_S25,0.048824502617422286,0.07495429616087751,13,13,7,20,0.1237787987782998,12,12,2,2,8,10,percentage,2,10,true,true
25,2,Derek Fisher_S25,0.08630118172154731,0.06946983546617916,13,2,11,13,0.15577101718772646,6,9,8,5,12,10,percentage,2,10,false,false
25,2,Drew Scott_S25,0.08144893839653018,0.07495429616087751,13,6,7,13,0.15640323455740768,8,8,6,6,7,10,percentage,2,10,false,false
25,2,Frankie Muniz_S25,0.07914917227048161,0.08775137111517367,13,9,1,10,0.1669005433856553,3,2,11,12,2,10,percentage,2,10,false,false
25,2,Jordan Fisher_S25,0.07654859631095652,0.08775137111517367,13,11,1,12,0.16429996742613018,5,4,9,10,1,10,percentage,2,10,false,false
25,2,Lindsey Stirling_S25,0.0872956864441843,0.08226691042047532,13,1,4,5,0.16956259686465963,1,1,13,13,4,10,percentage,2,10,false,false
25,2,Nick Lachey_S25,0.08242912347379225,0.06946983546617916,13,5,11,16,0.1518989589399714,11,11,3,3,11,10,percentage,2,10,false,false
25,2,Nikki Bella_S25,0.08414872593545378,0.0712979890310786,13,4,9,13,0.1554467149665324,7,10,7,4,9,10,percentage,2,10,false,false
25,2,Sasha Pieterse_S25,0.07762081222917373,0.08226691042047532,13,10,4,14,0.15988772264964907,10,5,4,9,5,10,percentage,2,10,false,false
25,2,Terrell Owens_S25,0.08544869984846558,0.0712979890310786,13,3,9,12,0.15674668887954418,4,7,10,7,10,10,percentage,2,10,false,false
25,2,Vanessa Lachey_S25,0.07990491105978416,0.08592321755027423,13,7,3,10,0.16582812861005838,2,3,12,11,3,10,percentage,2,10,false,false
25,2,Victoria Arlen_S25,0.07920098990351077,0.08043875685557587,13,8,6,14,0.15963974675908665,9,6,5,8,6,10,percentage,2,10,false,false
25,3,Derek Fisher_S25,0.09385944478418584,0.0860655737704918,11,2,8,10,0.17992501855467763,2,5,10,7,6,10,percentage,0,10,false,false
25,3,Drew Scott_S25,0.09017828157380924,0.0942622950819672,11,7,3,10,0.18444057665577646,3,3,9,9,3,10,percentage,0,10,false,false
25,3,Frankie Muniz_S25,0.09093484375053772,0.0860655737704918,11,6,8,14,0.17700041752102952,9,10,3,2,7,10,percentage,0,10,false,false
25,3,Jordan Fisher_S25,0.0892271247016036,0.10245901639344263,11,8,2,10,0.19168614109504623,4,2,8,10,2,10,percentage,0,10,false,false
25,3,Lindsey Stirling_S25,0.0991338381333275,0.11065573770491803,11,1,1,2,0.20978957583824553,1,1,11,11,1,10,percentage,0,10,false,false
25,3,Nick Lachey_S25,0.09110788860755757,0.0860655737704918,11,5,8,13,0.17717346237804937,7,9,5,3,9,10,percentage,0,10,false,false
25,3,Nikki Bella_S25,0.0934838343527371,0.0860655737704918,11,3,8,11,0.1795494081232289,5,6,7,6,8,10,percentage,0,10,false,false
25,3,Sasha Pieterse_S25,0.08503301187138915,0.0778688524590164,11,11,11,22,0.16290186433040554,11,11,1,1,11,10,percentage,0,10,false,false
25,3,Terrell Owens_S25,0.09167637922976189,0.0860655737704918,11,4,8,12,0.1777419530002537,6,8,6,4,10,10,percentage,0,10,false,false
25,3,Vanessa Lachey_S25,0.08725944662833708,0.0942622950819672,11,10,3,13,0.18152174171030427,8,4,4,8,4,10,percentage,0,10,false,false
25,3,Victoria Arlen_S25,0.08810590636675383,0.09016393442622951,11,9,5,14,0.17826984079298336,10,7,2,5,5,10,percentage,0,10,false,false
25,4,Derek Fisher_S25,0.056901973682792574,0.08487084870848709,11,11,10,21,0.14177282239127967,11,11,1,1,10,10,percentage,1,10,true,true
25,4,Drew Scott_S25,0.09491240231948679,0.08856088560885608,11,6,6,12,0.1834732879283429,6,7,6,5,8,10,percentage,1,10,false,false
25,4,Frankie Muniz_S25,0.09518535899006778,0.08856088560885608,11,4,6,10,0.18374624459892386,3,5,9,7,6,10,percentage,1,10,false,false
25,4,Jordan Fisher_S25,0.08999195150287666,0.1070110701107011,11,9,1,10,0.19700302161357774,4,2,8,10,1,10,percentage,1,10,false,false
25,4,Lindsey Stirling_S25,0.10180352793842405,0.0959409594095941,11,1,3,4,0.19774448734801814,1,1,11,11,3,10,percentage,1,10,false,false
25,4,Nick Lachey_S25,0.09607139781116536,0.08118081180811808,11,2,11,13,0.17725220961928345,8,10,4,2,11,10,percentage,1,10,false,false
25,4,Nikki Bella_S25,0.09495781905776218,0.08856088560885608,11,5,6,11,0.18351870466661827,5,6,7,6,7,10,percentage,1,10,false,false
25,4,Sasha Pieterse_S25,0.09243814348541315,0.08856088560885608,11,8,6,14,0.18099902909426924,10,9,2,3,4,10,percentage,1,10,false,false
25,4,Terrell Owens_S25,0.09554201900659291,0.08856088560885608,11,3,6,9,0.18410290461544898,2,4,10,8,9,10,percentage,1,10,false,false
25,4,Vanessa Lachey_S25,0.09246688229585422,0.08856088560885608,11,7,6,13,0.1810277679047103,9,8,3,4,5,10,percentage,1,10,false,false
25,4,Victoria Arlen_S25,0.08972852390956398,0.0996309963099631,11,10,2,12,0.18935952021952707,7,3,5,9,2,10,percentage,1,10,false,false
25,5,Drew Scott_S25,0.10416162368237551,0.09578544061302682,10,5,6,11,0.19994706429540232,6,6,5,5,7,10,percentage,1,10,false,false
25,5,Frankie Muniz_S25,0.10424022356772573,0.1111111111111111,10,4,2,6,0.21535133467883683,2,2,9,9,2,10,percentage,1,10,false,false
25,5,Jordan Fisher_S25,0.09594834313395673,0.11494252873563218,10,9,1,10,0.2108908718695889,4,3,7,8,1,10,percentage,1,10,false,false
25,5,Lindsey Stirling_S25,0.10908521979368026,0.10727969348659004,10,1,3,4,0.2163649132802703,1,1,10,10,3,10,percentage,1,10,false,false
25,5,Nick Lachey_S25,0.10700925131058896,0.0842911877394636,10,2,10,12,0.19130043905005256,8,9,3,2,10,10,percentage,1,10,false,false
25,5,Nikki Bella_S25,0.10391094403814806,0.10344827586206896,10,6,4,10,0.20735921990021702,3,4,8,7,5,10,percentage,1,10,false,false
25,5,Sasha Pieterse_S25,0.06452079277896179,0.09195402298850575,10,10,8,18,0.15647481576746752,10,10,1,1,8,10,percentage,1,10,true,true
25,5,Terrell Owens_S25,0.1029859587217697,0.09578544061302682,10,8,6,14,0.19877139933479654,9,7,2,4,6,10,percentage,1,10,false,false
25,5,Vanessa Lachey_S25,0.10432218295166586,0.09195402298850575,10,3,8,11,0.1962762059401716,5,8,6,3,9,10,percentage,1,10,false,false
25,5,Victoria Arlen_S25,0.10381546002112675,0.10344827586206896,10,7,4,11,0.20726373588319572,7,5,4,6,4,10,percentage,1,10,false,false
25,6,Drew Scott_S25,0.11973183521682401,0.09803921568627451,9,2,8,10,0.2177710509030985,6,7,4,3,8,10,percentage,1,10,false,false
25,6,Frankie Muniz_S25,0.11655475165540019,0.10130718954248366,9,3,6,9,0.21786194119788385,4,6,6,4,7,10,percentage,1,10,false,false
25,6,Jordan Fisher_S25,0.11113317708867038,0.12745098039215685,9,7,2,9,0.23858415748082723,5,2,5,8,2,10,percentage,1,10,false,false
25,6,Lindsey Stirling_S25,0.12154494864111526,0.13071895424836602,9,1,1,2,0.2522639028894813,1,1,9,9,1,10,percentage,1,10,false,false
25,6,Nick Lachey_S25,0.08243925149312574,0.08496732026143791,9,9,9,18,0.16740657175456364,9,9,1,1,9,10,percentage,1,10,true,true
25,6,Nikki Bella_S25,0.11401303332294807,0.11764705882352941,9,4,4,8,0.23166009214647748,2,4,8,6,5,10,percentage,1,10,false,false
25,6,Terrell Owens_S25,0.11283527904899661,0.12091503267973856,9,5,3,8,0.23375031172873517,3,3,7,7,3,10,percentage,1,10,false,false
25,6,Vanessa Lachey_S25,0.10917748690925434,0.11764705882352941,9,8,4,12,0.22682454573278377,8,5,2,5,4,10,percentage,1,10,false,false
25,6,Victoria Arlen_S25,0.112570236623665,0.10130718954248366,9,6,6,12,0.21387742616614866,7,8,3,2,6,10,percentage,1,10,false,false
25,7,Drew Scott_S25,0.13274679252327629,0.1325581395348837,8,4,2,6,0.26530493205815997,2,2,7,7,3,10,percentage,2,10,false,false
25,7,Frankie Muniz_S25,0.13298573943296704,0.13953488372093023,8,3,1,4,0.27252062315389725,1,1,8,8,1,10,percentage,2,10,false,false
25,7,Jordan Fisher_S25,0.13208290949876708,0.12558139534883722,8,5,4,9,0.2576643048476043,6,5,3,4,4,10,percentage,2,10,false,false
25,7,Lindsey Stirling_S25,0.1465611773271608,0.1186046511627907,8,1,6,7,0.2651658284899515,3,3,6,6,6,10,percentage,2,10,false,false
25,7,Nikki Bella_S25,0.09599406183228185,0.11162790697674418,8,7,8,15,0.20762196880902603,8,8,1,1,8,10,percentage,2,10,true,true
25,7,Terrell Owens_S25,0.1421777286682113,0.11395348837209303,8,2,7,9,0.25613121704030434,5,6,4,3,7,10,percentage,2,10,false,false
25,7,Vanessa Lachey_S25,0.08598793932069737,0.12558139534883722,8,8,4,12,0.2115693346695346,7,7,2,2,5,10,percentage,2,10,true,true
25,7,Victoria Arlen_S25,0.13146365139663804,0.1325581395348837,8,6,2,8,0.2640217909315218,4,4,5,5,2,10,percentage,2,10,false,false
25,8,Drew Scott_S25,0.18295650560033486,0.1501597444089457,6,1,6,7,0.3331162500092806,3,4,4,3,6,10,percentage,1,10,false,false
25,8,Frankie Muniz_S25,0.17648349289521995,0.16932907348242812,6,4,3,7,0.34581256637764807,4,3,3,4,3,10,percentage,1,10,false,false
25,8,Jordan Fisher_S25,0.16985543269113124,0.19169329073482427,6,5,1,6,0.3615487234259555,2,1,5,6,1,10,percentage,1,10,false,false
25,8,Lindsey Stirling_S25,0.18266019966413916,0.17252396166134185,6,2,2,4,0.35518416132548103,1,2,6,5,2,10,percentage,1,10,false,false
25,8,Terrell Owens_S25,0.10955471459925807,0.16293929712460065,6,6,4,10,0.27249401172385873,6,6,1,1,4,10,percentage,1,10,true,true
25,8,Victoria Arlen_S25,0.17848965454991708,0.15335463258785942,6,3,5,8,0.3318442871377765,5,5,2,2,5,10,percentage,1,10,false,false
25,9,Drew Scott_S25,0.22330566322007256,0.17777777777777778,5,1,5,6,0.4010834409978503,3,4,3,2,5,10,percentage,1,10,false,false
25,9,Frankie Muniz_S25,0.21760558566475788,0.18888888888888888,5,3,4,7,0.40649447455364673,4,3,2,3,4,10,percentage,1,10,false,false
25,9,Jordan Fisher_S25,0.20422667784365442,0.21481481481481482,5,4,1,5,0.41904149265846924,2,2,4,4,1,10,percentage,1,10,false,false
25,9,Lindsey Stirling_S25,0.2224990802524472,0.2111111111111111,5,2,2,4,0.4336101913635583,1,1,5,5,2,10,percentage,1,10,false,false
25,9,Victoria Arlen_S25,0.13236299301906743,0.2074074074074074,5,5,3,8,0.33977040042647483,5,5,1,1,3,10,percentage,1,10,true,true
25,10,Drew Scott_S25,0.18665974749066894,0.2397871457464638,4,4,4,8,0.4264468932371327,4,4,1,1,4,10,percentage,4,10,true,true
25,10,Frankie Muniz_S25,0.23103086919732943,0.24866694332774683,4,3,3,6,0.47969781252507626,3,3,2,2,3,10,percentage,4,10,true,true
25,10,Jordan Fisher_S25,0.31369920180735084,0.2557729554628947,4,1,1,2,0.5694721572702455,1,1,4,4,1,10,percentage,4,10,true,true
25,10,Lindsey Stirling_S25,0.26861018150465127,0.2557729554628947,4,2,1,3,0.524383136967546,2,2,3,3,2,10,percentage,4,10,true,true
26,1,Adam Rippon_S26,0.10230215092063019,0.11428571428571428,10,8,1,9,0.2165878652063445,6,2,5,9,2,4,percentage,2,4,false,false
26,1,Arike Ogunbowale_S26,0.10947475015974008,0.09523809523809523,10,2,7,9,0.2047128453978353,3,7,8,4,7,4,percentage,2,4,false,false
26,1,Chris Mazdzer_S26,0.10637884746160135,0.1,10,4,5,9,0.20637884746160134,4,6,7,5,5,4,percentage,2,4,false,false
26,1,Jamie Anderson_S26,0.07263957461148682,0.09047619047619047,10,10,8,18,0.16311576508767728,10,9,1,2,8,4,percentage,2,4,true,true
26,1,Jennie Finch Daigle_S26,0.10824318889682444,0.1,10,3,5,8,0.20824318889682444,2,5,9,6,6,4,percentage,2,4,false,false
26,1,Johnny Damon_S26,0.07489759788538088,0.08571428571428572,10,9,9,18,0.1606118835996666,9,10,2,1,9,4,percentage,2,4,true,true
26,1,Josh Norman_S26,0.10399551602138439,0.11428571428571428,10,5,1,6,0.21828123030709867,1,1,10,10,1,4,percentage,2,4,false,false
26,1,Kareem Abdul-Jabbar_S26,0.11502042492323286,0.08095238095238096,10,1,10,11,0.19597280587561383,8,8,3,3,10,4,percentage,2,4,false,false
26,1,Mirai Nagasu_S26,0.10340558662572245,0.10952380952380952,10,7,3,10,0.212929396149532,7,4,4,7,4,4,percentage,2,4,false,false
26,1,Tonya Harding_S26,0.1036423624939964,0.10952380952380952,10,6,3,9,0.2131661720178059,5,3,6,8,3,4,percentage,2,4,false,false
26,2,Adam Rippon_S26,0.1327101462236698,0.1383177570093458,8,6,1,7,0.2710279032330156,4,2,5,7,2,4,percentage,2,4,false,false
26,2,Arike Ogunbowale_S26,0.08513221667626315,0.1308411214953271,8,8,3,11,0.21597333817159026,7,7,2,2,3,4,percentage,2,4,true,true
26,2,Chris Mazdzer_S26,0.1367070429900268,0.1233644859813084,8,4,4,8,0.26007152897133523,6,4,3,5,5,4,percentage,2,4,false,false
26,2,Jennie Finch Daigle_S26,0.13915907612716555,0.11775700934579439,8,2,6,8,0.25691608547295997,5,6,4,3,6,4,percentage,2,4,false,false
26,2,Josh Norman_S26,0.14042939609115995,0.11775700934579439,8,1,6,7,0.25818640543695437,2,5,7,4,7,4,percentage,2,4,false,false
26,2,Kareem Abdul-Jabbar_S26,0.09468889039748303,0.1102803738317757,8,7,8,15,0.20496926422925874,8,8,1,1,8,4,percentage,2,4,true,true
26,2,Mirai Nagasu_S26,0.1341223631911071,0.1383177570093458,8,5,1,6,0.2724401202004529,1,1,8,8,1,4,percentage,2,4,false,false
26,2,Tonya Harding_S26,0.13705086830312496,0.1233644859813084,8,3,4,7,0.26041535428443335,3,3,6,6,4,4,percentage,2,4,false,false
26,3,Adam Rippon_S26,0.1805251288923413,0.1943127962085308,6,3,1,4,0.3748379251008721,3,1,4,6,1,4,percentage,3,4,false,false
26,3,Chris Mazdzer_S26,0.14215400390405333,0.15639810426540285,6,5,5,10,0.2985521081694562,6,5,1,2,5,4,percentage,3,4,true,true
26,3,Jennie Finch Daigle_S26,0.15298696152941954,0.13744075829383887,6,4,6,10,0.29042771982325843,5,6,2,1,6,4,percentage,3,4,true,true
26,3,Josh Norman_S26,0.188707396140809,0.18009478672985782,6,2,2,4,0.3688021828706668,2,2,5,5,2,4,percentage,3,4,false,false
26,3,Mirai Nagasu_S26,0.13861076655070897,0.16587677725118483,6,6,3,9,0.3044875438018938,4,4,3,3,3,4,percentage,3,4,true,true
26,3,Tonya Harding_S26,0.19701574298266855,0.16587677725118483,6,1,3,4,0.3628925202338534,1,3,6,4,4,4,percentage,3,4,false,false
26,4,Adam Rippon_S26,0.4021488887785957,0.3391812865497076,3,1,1,2,0.7413301753283033,1,1,3,3,1,4,percentage,3,4,true,true
26,4,Josh Norman_S26,0.33493212815630574,0.3333333333333333,3,2,2,4,0.6682654614896391,2,2,2,2,2,4,percentage,3,4,true,true
26,4,Tonya Harding_S26,0.2629189830650988,0.32748538011695905,3,3,3,6,0.5904043631820579,3,3,1,1,3,4,percentage,3,4,true,true
27,1,Alexis Ren_S27,0.0860715236312236,0.08627450980392157,13,1,3,4,0.17234603343514515,1,1,13,13,4,9,percentage,1,9,false,false
27,1,Bobby Bones_S27,0.06908715353505504,0.0784313725490196,13,12,6,18,0.14751852608407465,12,11,2,3,5,9,percentage,1,9,false,false
27,1,Danelle Umstead_S27,0.08142351673721411,0.07058823529411765,13,4,10,14,0.15201175203133177,5,8,9,6,10,9,percentage,1,9,false,false
27,1,DeMarcus Ware_S27,0.07986338770656941,0.09019607843137255,13,6,1,7,0.17005946613794196,2,2,12,12,2,9,percentage,1,9,false,false
27,1,Evanna Lynch_S27,0.07961204733367502,0.07058823529411765,13,7,10,17,0.15020028262779267,10,10,4,4,9,9,percentage,1,9,false,false
27,1,Joe Amabile_S27,0.08366106108771368,0.054901960784313725,13,2,13,15,0.1385630218720274,8,12,6,2,13,9,percentage,1,9,false,false
27,1,John Schneider_S27,0.08072948452115676,0.07058823529411765,13,5,10,15,0.15131771981527442,9,9,5,5,11,9,percentage,1,9,false,false
27,1,Juan Pablo Di Pace_S27,0.07703586110052751,0.08627450980392157,13,11,3,14,0.16331037090444908,7,4,7,10,3,9,percentage,1,9,false,false
27,1,Mary Lou Retton_S27,0.08271760501548693,0.0784313725490196,13,3,6,9,0.16114897756450652,3,5,11,9,7,9,percentage,1,9,false,false
27,1,Milo Manheim_S27,0.07860827212212428,0.0784313725490196,13,8,6,14,0.1570396446711439,6,6,8,8,6,9,percentage,1,9,false,false
27,1,Nancy McKeon_S27,0.07848124830124112,0.07647058823529412,13,9,8,17,0.15495183653653524,11,7,3,7,8,9,percentage,1,9,false,false
27,1,Nikki Glaser_S27,0.044375680272539166,0.06862745098039216,13,13,12,25,0.11300313125293132,13,13,1,1,12,9,percentage,1,9,true,true
27,1,Tinashe_S27,0.07833315863547376,0.09019607843137255,13,10,1,11,0.1685292370668463,4,3,10,11,1,9,percentage,1,9,false,false
27,2,Alexis Ren_S27,0.09083733004346822,0.09057301293900184,12,1,4,5,0.18141034298247005,1,1,12,12,4,9,percentage,1,9,false,false
27,2,Bobby Bones_S27,0.0810531801322702,0.07208872458410351,12,10,10,20,0.1531419047163737,11,11,2,2,10,9,percentage,1,9,false,false
27,2,Danelle Umstead_S27,0.05609649226876938,0.06839186691312385,12,12,11,23,0.12448835918189323,12,12,1,1,11,9,percentage,1,9,true,true
27,2,DeMarcus Ware_S27,0.08557222915032547,0.08687615526802218,12,6,6,12,0.17244838441834764,5,6,8,7,6,9,percentage,1,9,false,false
27,2,Evanna Lynch_S27,0.0827204358494941,0.08872458410351201,12,9,5,14,0.1714450199530061,10,7,3,6,5,9,percentage,1,9,false,false
27,2,Joe Amabile_S27,0.09076584377048155,0.06469500924214418,12,2,12,14,0.15546085301262574,9,10,4,3,12,9,percentage,1,9,false,false
27,2,John Schneider_S27,0.08657670716312896,0.07948243992606285,12,5,8,13,0.1660591470891918,7,8,6,5,8,9,percentage,1,9,false,false
27,2,Juan Pablo Di Pace_S27,0.08510314213946814,0.09611829944547134,12,7,2,9,0.18122144158493947,2,2,11,11,2,9,percentage,1,9,false,false
27,2,Mary Lou Retton_S27,0.08868107956034818,0.08502772643253234,12,3,7,10,0.17370880599288052,3,5,10,8,7,9,percentage,1,9,false,false
27,2,Milo Manheim_S27,0.08432505812081652,0.09611829944547134,12,8,2,10,0.18044335756628788,4,3,9,10,3,9,percentage,1,9,false,false
27,2,Nancy McKeon_S27,0.08769682591772503,0.07578558225508318,12,4,9,13,0.1634824081728082,6,9,7,4,9,9,percentage,1,9,false,false
27,2,Tinashe_S27,0.08057167588370386,0.09611829944547134,12,11,2,13,0.1766899753291752,8,4,5,9,1,9,percentage,1,9,false,false
27,3,Alexis Ren_S27,0.10162519372518934,0.0959409594095941,11,1,5,6,0.19756615313478343,1,2,11,10,6,9,percentage,1,9,false,false
27,3,Bobby Bones_S27,0.08365444820374453,0.08487084870848709,11,10,8,18,0.16852529691223161,10,9,2,3,8,9,percentage,1,9,false,false
27,3,DeMarcus Ware_S27,0.09715508021545947,0.0959409594095941,11,4,5,9,0.19309603962505356,3,4,9,8,5,9,percentage,1,9,false,false
27,3,Evanna Lynch_S27,0.09064471324202406,0.0996309963099631,11,9,3,12,0.19027570955198714,7,6,5,6,2,9,percentage,1,9,false,false
27,3,Joe Amabile_S27,0.09949798116290703,0.06642066420664207,11,2,11,13,0.1659186453695491,8,10,4,2,11,9,percentage,1,9,false,false
27,3,John Schneider_S27,0.097449470019299,0.07749077490774908,11,3,10,13,0.17494024492704807,9,8,3,4,10,9,percentage,1,9,false,false
27,3,Juan Pablo Di Pace_S27,0.09389181712413638,0.11070110701107011,11,6,1,7,0.2045929241352065,2,1,10,11,1,9,percentage,1,9,false,false
27,3,Mary Lou Retton_S27,0.09522537646644932,0.08856088560885608,11,5,7,12,0.1837862620753054,6,7,6,5,7,9,percentage,1,9,false,false
27,3,Milo Manheim_S27,0.09367474095013878,0.0996309963099631,11,7,3,10,0.19330573726010186,4,3,8,9,3,9,percentage,1,9,false,false
27,3,Nancy McKeon_S27,0.054917972311167115,0.08118081180811808,11,11,9,20,0.1360987841192852,11,11,1,1,9,9,percentage,1,9,true,true
27,3,Tinashe_S27,0.09226320657948493,0.0996309963099631,11,8,3,11,0.19189420288944803,5,5,7,7,4,9,percentage,1,9,false,false
27,4,Alexis Ren_S27,0.11615804583459102,0.10775862068965517,10,1,4,5,0.2239166665242462,1,2,10,9,4,9,percentage,1,9,false,false
27,4,Bobby Bones_S27,0.0988976997056343,0.08620689655172414,10,9,9,18,0.18510459625735845,10,8,1,3,9,9,percentage,1,9,true,false
27,4,DeMarcus Ware_S27,0.10547101280600163,0.09482758620689655,10,5,7,12,0.20029859901289818,8,6,3,5,7,9,percentage,1,9,false,false
27,4,Evanna Lynch_S27,0.10463098745130163,0.10344827586206896,10,6,5,11,0.2080792633133706,6,5,5,6,5,9,percentage,1,9,false,false
27,4,Joe Amabile_S27,0.11531493862242988,0.06465517241379311,10,2,10,12,0.17997011103622299,7,9,4,2,10,9,percentage,1,9,false,false
27,4,John Schneider_S27,0.10778413421176483,0.09051724137931035,10,3,8,11,0.1983013755910752,5,7,6,4,8,9,percentage,1,9,false,false
27,4,Juan Pablo Di Pace_S27,0.10651576432940407,0.10344827586206896,10,4,5,9,0.20996404019147302,2,4,9,7,6,9,percentage,1,9,false,false
27,4,Mary Lou Retton_S27,0.10330509444140455,0.11206896551724138,10,7,2,9,0.21537405995864595,3,3,8,8,3,9,percentage,1,9,false,false
27,4,Milo Manheim_S27,0.10032845393824294,0.125,10,8,1,9,0.22532845393824294,4,1,7,10,1,9,percentage,1,9,false,false
27,4,Tinashe_S27,0.041593868659225104,0.11206896551724138,10,10,2,12,0.15366283417646648,9,10,2,1,2,9,percentage,1,9,false,true
27,5,Alexis Ren_S27,0.1245257631543025,0.13063063063063063,9,1,1,2,0.25515639378493316,1,1,9,9,1,9,percentage,0,9,false,false
27,5,Bobby Bones_S27,0.0920854681405823,0.0945945945945946,9,9,8,17,0.1866800627351769,9,9,1,1,8,9,percentage,0,9,false,false
27,5,DeMarcus Ware_S27,0.11212259687722641,0.11711711711711711,9,4,4,8,0.2292397139943435,4,4,6,6,4,9,percentage,0,9,false,false
27,5,Evanna Lynch_S27,0.11149266529224584,0.10810810810810811,9,5,6,11,0.21960077340035394,6,6,4,4,6,9,percentage,0,9,false,false
27,5,Joe Amabile_S27,0.11450546251547028,0.07657657657657657,9,2,9,11,0.19108203909204685,5,8,5,2,9,9,percentage,0,9,false,false
27,5,John Schneider_S27,0.11028641458729203,0.10810810810810811,9,8,6,14,0.21839452269540016,8,7,2,3,7,9,percentage,0,9,false,false
27,5,Juan Pablo Di Pace_S27,0.11093486107053545,0.13063063063063063,9,6,1,7,0.2415654917011661,3,2,7,8,2,9,percentage,0,9,false,false
27,5,Mary Lou Retton_S27,0.11083765241958278,0.11261261261261261,9,7,5,12,0.2234502650321954,7,5,3,5,5,9,percentage,0,9,false,false
27,5,Milo Manheim_S27,0.1132091159427624,0.12162162162162163,9,3,3,6,0.23483073756438402,2,3,8,7,3,9,percentage,0,9,false,false
27,6,Alexis Ren_S27,0.1267283833007507,0.11790393013100436,9,1,4,5,0.24463231343175507,1,2,9,8,4,9,percentage,1,9,false,false
27,6,Bobby Bones_S27,0.1074462611225398,0.09606986899563319,9,8,7,15,0.203516130118173,8,8,2,2,7,9,percentage,1,9,false,false
27,6,DeMarcus Ware_S27,0.11744602622425472,0.11353711790393013,9,4,5,9,0.23098314412818485,4,5,6,5,5,9,percentage,1,9,false,false
27,6,Evanna Lynch_S27,0.11361857162908877,0.12663755458515283,9,6,3,9,0.24025612621424158,5,4,5,6,3,9,percentage,1,9,false,false
27,6,Joe Amabile_S27,0.12033477606168241,0.09606986899563319,9,3,7,10,0.2164046450573156,6,6,4,4,8,9,percentage,1,9,false,false
27,6,John Schneider_S27,0.12142791072030874,0.08296943231441048,9,2,9,11,0.20439734303471924,7,7,3,3,9,9,percentage,1,9,false,false
27,6,Juan Pablo Di Pace_S27,0.11589214284526232,0.13100436681222707,9,5,1,6,0.24689650965748938,2,1,8,9,1,9,percentage,1,9,false,false
27,6,Mary Lou Retton_S27,0.06453750861874075,0.10480349344978165,9,9,6,15,0.1693410020685224,9,9,1,1,6,9,percentage,1,9,true,true
27,6,Milo Manheim_S27,0.11256841947737183,0.13100436681222707,9,7,1,8,0.24357278628959889,3,3,7,7,2,9,percentage,1,9,false,false
27,7,Alexis Ren_S27,0.1431031188244372,0.12643678160919541,8,2,4,6,0.26953990043363263,2,2,7,7,4,9,percentage,2,9,false,false
27,7,Bobby Bones_S27,0.12958062242475485,0.12183908045977011,8,6,6,12,0.251419702884525,6,6,3,3,7,9,percentage,2,9,false,false
27,7,DeMarcus Ware_S27,0.09106300745556895,0.12183908045977011,8,7,6,13,0.21290208791533904,7,7,2,2,6,9,percentage,2,9,true,true
27,7,Evanna Lynch_S27,0.13519832759212566,0.135632183908046,8,4,1,5,0.2708305115001717,1,1,8,8,1,9,percentage,2,9,false,false
27,7,Joe Amabile_S27,0.14524627192683806,0.10804597701149425,8,1,8,9,0.2532922489383323,5,5,4,4,8,9,percentage,2,9,false,false
27,7,John Schneider_S27,0.08467309459220096,0.12413793103448276,8,8,5,13,0.20881102562668372,8,8,1,1,5,9,percentage,2,9,true,true
27,7,Juan Pablo Di Pace_S27,0.13713120910376445,0.12873563218390804,8,3,3,6,0.26586684128767246,3,4,6,5,3,9,percentage,2,9,false,false
27,7,Milo Manheim_S27,0.1340043480803102,0.13333333333333333,8,5,2,7,0.26733768141364356,4,3,5,6,2,9,percentage,2,9,false,false
27,8,Alexis Ren_S27,0.19534091894691988,0.18012422360248448,6,1,2,3,0.37546514254940433,1,1,6,6,2,9,percentage,2,9,false,false
27,8,Bobby Bones_S27,0.19210811951692405,0.13975155279503104,6,2,6,8,0.3318596723119551,4,4,3,3,6,9,percentage,2,9,false,false
27,8,Evanna Lynch_S27,0.18587618851351534,0.18012422360248448,6,3,2,5,0.3660004121159998,2,2,5,5,3,9,percentage,2,9,false,false
27,8,Joe Amabile_S27,0.13322448127842057,0.14285714285714285,6,5,5,10,0.2760816241355634,6,6,1,1,5,9,percentage,2,9,true,true
27,8,Juan Pablo Di Pace_S27,0.11037612297470675,0.18633540372670807,6,6,1,7,0.2967115267014148,3,5,4,2,1,9,percentage,2,9,false,true
27,8,Milo Manheim_S27,0.18307416876951246,0.17080745341614906,6,4,4,8,0.35388162218566155,5,3,2,4,4,9,percentage,2,9,true,false
27,9,Alexis Ren_S27,0.19530096808025538,0.24675324675324675,4,4,3,7,0.44205421483350216,4,4,1,1,3,9,percentage,4,9,true,true
27,9,Bobby Bones_S27,0.319890159626419,0.23376623376623376,4,1,4,5,0.5536563933926527,3,1,2,4,4,9,percentage,4,9,true,true
27,9,Evanna Lynch_S27,0.22584077797109187,0.2597402597402597,4,3,1,4,0.4855810377113516,2,3,3,2,1,9,percentage,4,9,true,true
27,9,Milo Manheim_S27,0.25896809432223333,0.2597402597402597,4,2,1,3,0.518708354062493,1,2,4,3,2,9,percentage,4,9,true,true
28,1,Ally Brooke_S28,0.0830833020993459,0.08121827411167512,12,8,7,15,0.16430157621102104,9,9,4,4,8,11,rank_v2,0,11,false,false
28,1,Hannah Brown_S28,0.0828331266999228,0.10152284263959391,12,9,2,11,0.1843559693395167,5,2,8,11,2,11,rank_v2,0,11,false,false
28,1,James Van Der Beek_S28,0.08547914158522568,0.1065989847715736,12,5,1,6,0.19207812635679927,1,1,12,12,1,11,rank_v2,0,11,false,false
28,1,Karamo Brown_S28,0.08775801200583185,0.08629441624365482,12,3,5,8,0.17405242824948666,2,4,11,9,5,11,rank_v2,0,11,false,false
28,1,Kate Flannery_S28,0.08571804298305921,0.07614213197969544,12,4,9,13,0.16186017496275465,6,10,7,3,9,11,rank_v2,0,11,false,false
28,1,Kel Mitchell_S28,0.08517581250571263,0.08121827411167512,12,6,7,13,0.16639408661738775,7,6,6,7,7,11,rank_v2,0,11,false,false
28,1,Lamar Odom_S28,0.08803251573535488,0.05583756345177665,12,2,12,14,0.14387007918713152,8,11,5,2,12,11,rank_v2,0,11,false,false
28,1,Lauren Alaina_S28,0.08408668266138683,0.09644670050761421,12,7,3,10,0.18053338316900103,4,3,9,10,3,11,rank_v2,0,11,false,false
28,1,Mary Wilson_S28,0.08203426111108557,0.08629441624365482,12,10,5,15,0.16832867735474039,10,5,3,8,6,11,rank_v2,0,11,false,false
28,1,Ray Lewis_S28,0.08839130107187067,0.07614213197969544,12,1,9,10,0.1645334330515661,3,8,10,5,10,11,rank_v2,0,11,false,false
28,1,Sailor Brinkley-Cook_S28,0.07354100981257293,0.09137055837563451,12,12,4,16,0.16491156818820746,11,7,2,6,4,11,rank_v2,0,11,false,false
28,1,Sean Spicer_S28,0.07386679172863163,0.06091370558375635,12,11,11,22,0.13478049731238798,12,12,1,1,11,11,rank_v2,0,11,false,false
28,2,Ally Brooke_S28,0.08263257187178501,0.091324200913242,12,9,4,13,0.17395677278502703,8,5,5,8,3,11,rank_v2,2,11,false,false
28,2,Hannah Brown_S28,0.08620703396530562,0.1095890410958904,12,4,1,5,0.195796075061196,1,1,12,12,1,11,rank_v2,2,11,false,false
28,2,James Van Der Beek_S28,0.08764393862537105,0.091324200913242,12,3,4,7,0.17896813953861307,3,4,10,9,5,11,rank_v2,2,11,false,false
28,2,Karamo Brown_S28,0.08593041204443902,0.0867579908675799,12,6,6,12,0.17268840291201892,6,7,7,6,6,11,rank_v2,2,11,false,false
28,2,Kate Flannery_S28,0.08360137966671574,0.0958904109589041,12,7,2,9,0.17949179062561985,4,3,9,10,2,11,rank_v2,2,11,false,false
28,2,Kel Mitchell_S28,0.08908123494179149,0.091324200913242,12,2,4,6,0.1804054358550335,2,2,11,11,4,11,rank_v2,2,11,false,false
28,2,Lamar Odom_S28,0.09001886194842897,0.0547945205479452,12,1,12,13,0.14481338249637415,7,11,6,2,12,11,rank_v2,2,11,false,true
28,2,Lauren Alaina_S28,0.08610605399874668,0.0867579908675799,12,5,6,11,0.1728640448663266,5,6,8,7,7,11,rank_v2,2,11,false,false
28,2,Mary Wilson_S28,0.07368651334903542,0.0684931506849315,12,12,10,22,0.14217966403396692,12,12,1,1,10,11,rank_v2,2,11,true,true
28,2,Ray Lewis_S28,0.08304152422970686,0.0684931506849315,12,8,10,18,0.15153467491463835,9,9,4,4,11,11,rank_v2,2,11,false,false
28,2,Sailor Brinkley-Cook_S28,0.07500542431239855,0.0821917808219178,12,11,8,19,0.15719720513431634,11,8,2,5,8,11,rank_v2,2,11,true,false
28,2,Sean Spicer_S28,0.07704505104627567,0.0730593607305936,12,10,9,19,0.15010441177686928,10,10,3,3,9,11,rank_v2,2,11,false,false
28,3,Ally Brooke_S28,0.10054535222044476,0.12121212121212122,10,8,1,9,0.22175747343256597,5,3,6,8,1,11,rank_v2,0,11,false,false
28,3,Hannah Brown_S28,0.10259192584561352,0.10606060606060606,10,4,5,9,0.20865253190621957,4,4,7,7,5,11,rank_v2,0,11,false,false
28,3,James Van Der Beek_S28,0.10696194190747811,0.11616161616161616,10,1,3,4,0.22312355806909429,1,1,10,10,3,11,rank_v2,0,11,false,false
28,3,Karamo Brown_S28,0.10214888488378636,0.08080808080808081,10,5,8,13,0.18295696569186717,8,8,3,3,8,11,rank_v2,0,11,false,false
28,3,Kate Flannery_S28,0.10172685959232074,0.12121212121212122,10,6,1,7,0.22293898080444197,2,2,9,9,2,11,rank_v2,0,11,false,false
28,3,Kel Mitchell_S28,0.10430421456208694,0.10101010101010101,10,2,6,8,0.20531431557218793,3,5,8,6,6,11,rank_v2,0,11,false,false
28,3,Lamar Odom_S28,0.10340875095983373,0.06060606060606061,10,3,10,13,0.16401481156589434,7,9,4,2,10,11,rank_v2,0,11,false,false
28,3,Lauren Alaina_S28,0.10163694536082536,0.10101010101010101,10,7,6,13,0.20264704637092637,9,7,2,4,7,11,rank_v2,0,11,false,false
28,3,Sailor Brinkley-Cook_S28,0.08894183538482184,0.11616161616161616,10,9,3,12,0.205103451546438,6,6,5,5,4,11,rank_v2,0,11,false,false
28,3,Sean Spicer_S28,0.08773328928278828,0.07575757575757576,10,10,9,19,0.16349086504036403,10,10,1,1,9,11,rank_v2,0,11,false,false
28,4,Ally Brooke_S28,0.10003127758005934,0.11347517730496454,10,7,2,9,0.21350645488502387,6,4,5,7,2,11,rank_v2,1,11,false,false
28,4,Hannah Brown_S28,0.10274335204680854,0.11347517730496454,10,5,2,7,0.21621852935177308,3,2,8,9,4,11,rank_v2,1,11,false,false
28,4,James Van Der Beek_S28,0.10859662610060622,0.09929078014184398,10,3,6,9,0.2078874062424502,5,6,6,5,6,11,rank_v2,1,11,false,false
28,4,Karamo Brown_S28,0.10983578971614821,0.09929078014184398,10,1,6,7,0.2091265698579922,2,5,9,6,7,11,rank_v2,1,11,false,false
28,4,Kate Flannery_S28,0.1090226773051128,0.09219858156028368,10,2,8,10,0.2012212588653965,7,7,4,4,8,11,rank_v2,1,11,false,false
28,4,Kel Mitchell_S28,0.10644311561668932,0.11347517730496454,10,4,2,6,0.21991829292165385,1,1,10,10,1,11,rank_v2,1,11,false,false
28,4,Lamar Odom_S28,0.08828043372764591,0.07092198581560284,10,8,10,18,0.15920241954324876,9,10,2,1,10,11,rank_v2,1,11,false,true
28,4,Lauren Alaina_S28,0.10025975385076213,0.11347517730496454,10,6,2,8,0.21373493115572667,4,3,7,8,3,11,rank_v2,1,11,false,false
28,4,Sailor Brinkley-Cook_S28,0.08683335497575521,0.1099290780141844,10,10,5,15,0.19676243298993962,8,8,3,3,5,11,rank_v2,1,11,false,false
28,4,Sean Spicer_S28,0.08795361908041255,0.07446808510638298,10,9,9,18,0.16242170418679552,10,9,1,2,9,11,rank_v2,1,11,true,false
28,5,Ally Brooke_S28,0.11351087184960054,0.12558139534883722,9,6,1,7,0.23909226719843776,3,1,7,9,1,11,rank_v2,0,11,false,false
28,5,Hannah Brown_S28,0.11605587871171145,0.11627906976744186,9,2,4,6,0.2323349484791533,1,4,9,6,4,11,rank_v2,0,11,false,false
28,5,James Van Der Beek_S28,0.11284501200241266,0.12093023255813953,9,7,2,9,0.2337752445605522,6,3,4,7,2,11,rank_v2,0,11,false,false
28,5,Karamo Brown_S28,0.11608181430842046,0.09767441860465116,9,1,8,9,0.2137562329130716,5,7,5,3,8,11,rank_v2,0,11,false,false
28,5,Kate Flannery_S28,0.11582461535257353,0.11162790697674418,9,3,5,8,0.22745252232931773,4,5,6,5,5,11,rank_v2,0,11,false,false
28,5,Kel Mitchell_S28,0.11503227634016329,0.12093023255813953,9,5,2,7,0.23596250889830284,2,2,8,8,3,11,rank_v2,0,11,false,false
28,5,Lauren Alaina_S28,0.11515556980077202,0.10697674418604651,9,4,7,11,0.22213231398681854,7,6,3,4,7,11,rank_v2,0,11,false,false
28,5,Sailor Brinkley-Cook_S28,0.09547246325666532,0.11162790697674418,9,9,5,14,0.2071003702334095,8,8,2,2,6,11,rank_v2,0,11,false,false
28,5,Sean Spicer_S28,0.100021498377681,0.08837209302325581,9,8,9,17,0.1883935914009368,9,9,1,1,9,11,rank_v2,0,11,false,false
28,6,Ally Brooke_S28,0.1311714264172711,0.10964912280701754,9,3,6,9,0.24082054922428864,5,4,5,6,6,11,rank_v2,1,11,false,false
28,6,Hannah Brown_S28,0.14087865784597142,0.10526315789473684,9,1,8,9,0.24614181574070826,4,2,6,8,8,11,rank_v2,1,11,false,false
28,6,James Van Der Beek_S28,0.11955576567541652,0.11842105263157894,9,6,2,8,0.23797681830699546,3,6,7,4,3,11,rank_v2,1,11,false,false
28,6,Karamo Brown_S28,0.1374362767573479,0.10964912280701754,9,2,6,8,0.24708539956436543,1,1,9,9,7,11,rank_v2,1,11,false,false
28,6,Kate Flannery_S28,0.11946918966123127,0.11842105263157894,9,7,2,9,0.2378902422928102,7,7,3,3,2,11,rank_v2,1,11,false,false
28,6,Kel Mitchell_S28,0.12788947359045644,0.11403508771929824,9,4,4,8,0.24192456130975468,2,3,8,7,4,11,rank_v2,1,11,false,false
28,6,Lauren Alaina_S28,0.12619386882326164,0.11403508771929824,9,5,4,9,0.24022895654255988,6,5,4,5,5,11,rank_v2,1,11,false,false
28,6,Sailor Brinkley-Cook_S28,0.0027422865983312136,0.11842105263157894,9,9,2,11,0.12116333922991016,8,9,2,1,1,11,rank_v2,1,11,false,true
28,6,Sean Spicer_S28,0.09466305463071735,0.09210526315789473,9,8,9,17,0.18676831778861208,9,8,1,2,9,11,rank_v2,1,11,true,false
28,7,Ally Brooke_S28,0.12902101449763573,0.13366336633663367,8,4,2,6,0.26268438083426937,1,1,8,8,2,11,rank_v2,1,11,false,false
28,7,Hannah Brown_S28,0.12964367758913584,0.12871287128712872,8,3,4,7,0.2583565488762646,3,5,6,4,4,11,rank_v2,1,11,false,false
28,7,James Van Der Beek_S28,0.12851261541417783,0.13366336633663367,8,5,2,7,0.26217598175081147,4,2,5,7,1,11,rank_v2,1,11,false,false
28,7,Karamo Brown_S28,0.09918881816982993,0.12128712871287128,8,8,6,14,0.22047594688270122,7,8,2,1,6,11,rank_v2,1,11,false,true
28,7,Kate Flannery_S28,0.13631637761593202,0.1188118811881188,8,1,7,8,0.2551282588040508,5,6,4,3,7,11,rank_v2,1,11,false,false
28,7,Kel Mitchell_S28,0.13226914425148922,0.12623762376237624,8,2,5,7,0.25850676801386546,2,4,7,5,5,11,rank_v2,1,11,false,false
28,7,Lauren Alaina_S28,0.12631078945098106,0.13366336633663367,8,6,2,8,0.25997415578761474,6,3,3,6,3,11,rank_v2,1,11,false,false
28,7,Sean Spicer_S28,0.11873756301081848,0.10396039603960396,8,7,8,15,0.22269795905042244,8,7,1,2,8,11,rank_v2,1,11,true,false
28,8,Ally Brooke_S28,0.14426589971136877,0.15544105882304174,7,5,3,8,0.29970695853441054,5,4,3,4,3,11,rank_v2,1,11,false,false
28,8,Hannah Brown_S28,0.14522029556716254,0.160621391176751,7,4,2,6,0.30584168674391354,3,3,5,5,2,11,rank_v2,1,11,false,false
28,8,James Van Der Beek_S28,0.14981087022753636,0.1658027598041857,7,3,1,4,0.31561363003172205,1,1,7,7,1,11,rank_v2,1,11,false,false
28,8,Kate Flannery_S28,0.11553568410014722,0.13471454803957736,7,7,5,12,0.2502502321397246,6,6,2,2,5,11,rank_v2,1,11,false,false
28,8,Kel Mitchell_S28,0.1566500094684412,0.15544002254931627,7,1,4,5,0.3120900320177575,2,2,6,6,4,11,rank_v2,1,11,false,false
28,8,Lauren Alaina_S28,0.15362131947305496,0.1243528470584334,7,2,6,8,0.2779741665314884,4,5,4,3,6,11,rank_v2,1,11,false,false
28,8,Sean Spicer_S28,0.1348959214522892,0.1036273725486945,7,6,7,13,0.2385232940009837,7,7,1,1,7,11,rank_v2,1,11,true,true
28,9,Ally Brooke_S28,0.1690529525270747,0.19184652278177458,6,5,1,6,0.36089947530884925,3,1,4,6,1,11,rank_v2,1,11,false,false
28,9,Hannah Brown_S28,0.17231054866986245,0.17026378896882494,6,3,4,7,0.3425743376386874,4,4,3,3,4,11,rank_v2,1,11,false,false
28,9,James Van Der Beek_S28,0.1764781112022188,0.17266187050359713,6,1,3,4,0.34913998170581595,1,3,6,4,3,11,rank_v2,1,11,false,false
28,9,Kel Mitchell_S28,0.1753724688075916,0.1774580335731415,6,2,2,4,0.3528305023807331,2,2,5,5,2,11,rank_v2,1,11,false,false
28,9,Lauren Alaina_S28,0.17093213867144802,0.16786570743405277,6,4,5,9,0.3387978461055008,5,5,2,2,5,11,rank_v2,1,11,false,false
28,9,Sean Spicer_S28,0.13585378012180516,0.11990407673860912,6,6,6,12,0.2557578568604143,6,6,1,1,6,11,rank_v2,1,11,true,true
28,10,Ally Brooke_S28,0.20289449152063943,0.21454545454545454,5,3,1,4,0.41743994606609397,2,1,4,5,1,11,rank_v2,1,11,false,false
28,10,Hannah Brown_S28,0.19782279641842546,0.19636363636363635,5,4,3,7,0.3941864327820618,4,4,2,2,3,11,rank_v2,1,11,false,false
28,10,James Van Der Beek_S28,0.18810078842481873,0.18545454545454546,5,5,5,10,0.3735553338793642,5,5,1,1,5,11,rank_v2,1,11,true,true
28,10,Kel Mitchell_S28,0.20584281468450658,0.20727272727272728,5,1,2,3,0.4131155419572339,1,2,5,4,2,11,rank_v2,1,11,false,false
28,10,Lauren Alaina_S28,0.20533910895161087,0.19636363636363635,5,2,3,5,0.4017027453152472,3,3,3,3,4,11,rank_v2,1,11,false,false
28,11,Ally Brooke_S28,0.18323662598944296,0.2564102564102564,4,4,1,5,0.43964688239969935,3,4,2,1,1,11,rank_v2,4,11,true,true
28,11,Hannah Brown_S28,0.31724143890843337,0.24786324786324787,4,1,3,4,0.5651046867716812,1,1,4,4,3,11,rank_v2,4,11,true,true
28,11,Kel Mitchell_S28,0.26901923334276506,0.25213675213675213,4,2,2,4,0.5211559854795171,2,2,3,3,2,11,rank_v2,4,11,true,true
28,11,Lauren Alaina_S28,0.2305027017593578,0.24358974358974358,4,3,4,7,0.4740924453491014,4,3,1,2,4,11,rank_v2,4,11,true,true
29,1,AJ McLean_S29,0.0668683624725886,0.06923076923076923,15,11,8,19,0.13609913170335783,11,8,5,8,10,11,rank_v2,0,11,false,false
29,1,Anne Heche_S29,0.06806402907730989,0.06923076923076923,15,5,8,13,0.1372947983080791,5,6,11,10,7,11,rank_v2,0,11,false,false
29,1,Carole Baskin_S29,0.06565621757908953,0.04230769230769231,15,12,15,27,0.10796390988678184,15,15,1,1,15,11,rank_v2,0,11,false,false
29,1,Charles Oakley_S29,0.06758378929956961,0.046153846153846156,15,8,14,22,0.11373763545341577,12,14,4,2,14,11,rank_v2,0,11,false,false
29,1,Chrishell Stause_S29,0.06938133124231081,0.05,15,3,13,16,0.11938133124231082,7,13,9,3,13,11,rank_v2,0,11,false,false
29,1,Jeannie Mai_S29,0.064287781740343,0.06923076923076923,15,14,8,22,0.13351855097111223,14,9,2,7,8,11,rank_v2,0,11,false,false
29,1,Jesse Metcalfe_S29,0.0695130896566367,0.06923076923076923,15,2,8,10,0.13874385888740592,4,5,12,11,9,11,rank_v2,0,11,false,false
29,1,Johnny Weir_S29,0.06756117251439635,0.06923076923076923,15,9,8,17,0.13679194174516557,9,7,7,9,6,11,rank_v2,0,11,false,false
29,1,Justina Machado_S29,0.06460054489512493,0.08076923076923077,15,13,1,14,0.14536977566435572,6,3,10,13,2,11,rank_v2,0,11,false,false
29,1,Kaitlyn Bristowe_S29,0.0699274575992052,0.07692307692307693,15,1,3,4,0.14685053452228214,1,2,15,14,4,11,rank_v2,0,11,false,false
29,1,Monica Aldama_S29,0.06814676038505657,0.07307692307692308,15,4,5,9,0.14122368346197967,3,4,13,12,5,11,rank_v2,0,11,false,false
29,1,Nelly_S29,0.06690425938546779,0.06153846153846154,15,10,12,22,0.12844272092392933,13,12,3,4,12,11,rank_v2,0,11,false,false
29,1,Nev Schulman_S29,0.05582793992734624,0.07692307692307693,15,15,3,18,0.13275101685042318,10,11,6,5,3,11,rank_v2,0,11,false,false
29,1,Skai Jackson_S29,0.06775510125878824,0.08076923076923077,15,7,1,8,0.148524332028019,2,1,14,15,1,11,rank_v2,0,11,false,false
29,1,Veron Davis_S29,0.06792216296676634,0.06538461538461539,15,6,11,17,0.13330677835138172,8,10,8,6,11,11,rank_v2,0,11,false,false
29,2,AJ McLean_S29,0.06840024223470315,0.0695970695970696,15,8,5,13,0.13799731183177275,6,4,10,12,5,11,rank_v2,1,11,false,false
29,2,Anne Heche_S29,0.06900110605429757,0.06593406593406594,15,5,8,13,0.13493517198836352,5,7,11,9,9,11,rank_v2,1,11,false,false
29,2,Carole Baskin_S29,0.07091006857762731,0.05860805860805861,15,1,12,13,0.12951812718568592,4,12,12,4,12,11,rank_v2,1,11,false,false
29,2,Charles Oakley_S29,0.053743906129428955,0.054945054945054944,15,15,14,29,0.10868896107448389,15,15,1,1,14,11,rank_v2,1,11,true,true
29,2,Chrishell Stause_S29,0.06826227117190657,0.06593406593406594,15,9,8,17,0.1341963371059725,12,9,4,7,8,11,rank_v2,1,11,false,false
29,2,Jeannie Mai_S29,0.06954370729324898,0.06593406593406594,15,3,8,11,0.1354777732273149,2,6,14,10,7,11,rank_v2,1,11,false,false
29,2,Jesse Metcalfe_S29,0.06791347124882165,0.07326007326007326,15,10,4,14,0.1411735445088949,8,3,8,13,4,11,rank_v2,1,11,false,false
29,2,Johnny Weir_S29,0.07002510685909487,0.06593406593406594,15,2,8,10,0.1359591727931608,1,5,15,11,11,11,rank_v2,1,11,false,false
29,2,Justina Machado_S29,0.0670279777322945,0.07692307692307693,15,12,2,14,0.14395105465537145,9,2,7,14,3,11,rank_v2,1,11,false,false
29,2,Kaitlyn Bristowe_S29,0.06727107271357377,0.08058608058608059,15,11,1,12,0.14785715329965438,3,1,13,15,1,11,rank_v2,1,11,false,false
29,2,Monica Aldama_S29,0.0690641926709426,0.05860805860805861,15,4,12,16,0.12767225127900123,10,13,6,3,13,11,rank_v2,1,11,false,false
29,2,Nelly_S29,0.06866460859987099,0.06593406593406594,15,6,8,14,0.13459867453393692,7,8,9,8,6,11,rank_v2,1,11,false,false
29,2,Nev Schulman_S29,0.0561106800315639,0.07692307692307693,15,14,2,16,0.1330337569546408,11,10,5,6,2,11,rank_v2,1,11,false,false
29,2,Skai Jackson_S29,0.06861532420424579,0.054945054945054944,15,7,14,21,0.12356037914930074,13,14,3,2,15,11,rank_v2,1,11,false,false
29,2,Veron Davis_S29,0.0654462644783796,0.06593406593406594,15,13,8,21,0.13138033041244554,14,11,2,5,10,11,rank_v2,1,11,false,false
29,3,AJ McLean_S29,0.07138813870472623,0.07473309608540925,14,10,7,17,0.14612123479013547,11,8,4,7,8,11,rank_v2,1,11,false,false
29,3,Anne Heche_S29,0.07640688393701349,0.05338078291814947,14,1,13,14,0.12978766685516296,6,13,9,2,13,11,rank_v2,1,11,false,false
29,3,Carole Baskin_S29,0.057138635891459955,0.042704626334519574,14,14,14,28,0.09984326222597953,14,14,1,1,14,11,rank_v2,1,11,true,true
29,3,Chrishell Stause_S29,0.07351373569212957,0.07829181494661921,14,7,5,12,0.1518055506387488,5,5,10,10,4,11,rank_v2,1,11,false,false
29,3,Jeannie Mai_S29,0.07358744691715309,0.07829181494661921,14,6,5,11,0.15187926186377232,3,4,12,11,6,11,rank_v2,1,11,false,false
29,3,Jesse Metcalfe_S29,0.07548052489643721,0.0711743772241993,14,3,9,12,0.1466549021206365,4,7,11,8,9,11,rank_v2,1,11,false,false
29,3,Johnny Weir_S29,0.07482244952386331,0.08540925266903915,14,5,1,6,0.16023170219290245,1,1,14,14,2,11,rank_v2,1,11,false,false
29,3,Justina Machado_S29,0.07044488652757624,0.06761565836298933,14,12,10,22,0.13806054489056557,13,11,2,4,10,11,rank_v2,1,11,false,false
29,3,Kaitlyn Bristowe_S29,0.07119758251116909,0.08185053380782918,14,11,3,14,0.15304811631899828,7,3,8,12,3,11,rank_v2,1,11,false,false
29,3,Monica Aldama_S29,0.0733420879602629,0.07473309608540925,14,8,7,15,0.14807518404567216,10,6,5,9,7,11,rank_v2,1,11,false,false
29,3,Nelly_S29,0.07229444543857276,0.06405693950177936,14,9,11,20,0.13635138494035212,12,12,3,3,12,11,rank_v2,1,11,false,false
29,3,Nev Schulman_S29,0.059316652850866354,0.08540925266903915,14,13,1,14,0.1447259055199055,8,9,7,6,1,11,rank_v2,1,11,false,false
29,3,Skai Jackson_S29,0.07524651259284083,0.06405693950177936,14,4,11,15,0.1393034520946202,9,10,6,5,11,11,rank_v2,1,11,false,false
29,3,Veron Davis_S29,0.07582001655592852,0.07829181494661921,14,2,5,7,0.15411183150254773,2,2,13,13,5,11,rank_v2,1,11,false,false
29,4,AJ McLean_S29,0.07739455436895591,0.07973421926910298,13,10,5,15,0.15712877363805888,8,5,6,9,5,11,rank_v2,1,11,false,false
29,4,Anne Heche_S29,0.06454574388285632,0.06976744186046512,13,13,11,24,0.13431318574332143,13,13,1,1,13,11,rank_v2,1,11,true,true
29,4,Chrishell Stause_S29,0.07935974969080757,0.07308970099667775,13,7,8,15,0.15244945068748533,7,7,7,7,8,11,rank_v2,1,11,false,false
29,4,Jeannie Mai_S29,0.08013538795505953,0.06976744186046512,13,5,11,16,0.14990282981552466,9,10,5,4,12,11,rank_v2,1,11,false,false
29,4,Jesse Metcalfe_S29,0.08004732923703911,0.06976744186046512,13,6,11,17,0.14981477109750424,11,11,3,3,11,11,rank_v2,1,11,false,false
29,4,Johnny Weir_S29,0.08021463187846654,0.07973421926910298,13,4,5,9,0.15994885114756952,3,4,11,10,3,11,rank_v2,1,11,false,false
29,4,Justina Machado_S29,0.08036579346905398,0.07973421926910298,13,3,5,8,0.16010001273815697,1,3,13,11,7,11,rank_v2,1,11,false,false
29,4,Kaitlyn Bristowe_S29,0.07800102693157845,0.08305647840531562,13,8,2,10,0.16105750533689406,4,2,10,12,2,11,rank_v2,1,11,false,false
29,4,Monica Aldama_S29,0.07195762374539572,0.07973421926910298,13,11,5,16,0.1516918430144987,10,8,4,6,6,11,rank_v2,1,11,false,false
29,4,Nelly_S29,0.08126944045499326,0.06976744186046512,13,2,11,13,0.15103688231545837,6,9,8,5,10,11,rank_v2,1,11,false,false
29,4,Nev Schulman_S29,0.06708339746283896,0.07973421926910298,13,12,5,17,0.14681761673194194,12,12,2,2,4,11,rank_v2,1,11,false,false
29,4,Skai Jackson_S29,0.0776250720959589,0.09302325581395349,13,9,1,10,0.17064832790991238,5,1,9,13,1,11,rank_v2,1,11,false,false
29,4,Veron Davis_S29,0.08200024882699536,0.07308970099667775,13,1,8,9,0.1550899498236731,2,6,12,8,9,11,rank_v2,1,11,false,false
29,5,AJ McLean_S29,0.08800937588790232,0.08362369337979095,12,2,7,9,0.17163306926769328,3,4,10,9,7,11,rank_v2,1,11,false,false
29,5,Chrishell Stause_S29,0.09282568185637494,0.06620209059233449,12,1,11,12,0.15902777244870941,5,10,8,3,12,11,rank_v2,1,11,false,false
29,5,Jeannie Mai_S29,0.08311287984410246,0.08362369337979095,12,9,7,16,0.1667365732238934,11,8,2,5,6,11,rank_v2,1,11,false,false
29,5,Jesse Metcalfe_S29,0.06975551777105868,0.06620209059233449,12,11,11,22,0.13595760836339316,12,12,1,1,11,11,rank_v2,1,11,true,true
29,5,Johnny Weir_S29,0.0870028486098349,0.10104529616724739,12,3,1,4,0.1880481447770823,1,1,12,12,1,11,rank_v2,1,11,false,false
29,5,Justina Machado_S29,0.08455437834477955,0.08362369337979095,12,8,7,15,0.1681780717245705,9,7,4,6,8,11,rank_v2,1,11,false,false
29,5,Kaitlyn Bristowe_S29,0.0855327412462157,0.09407665505226481,12,6,2,8,0.1796093962984805,2,2,11,11,2,11,rank_v2,1,11,false,false
29,5,Monica Aldama_S29,0.08252595462576531,0.09059233449477352,12,10,3,13,0.17311828912053884,6,3,7,10,3,11,rank_v2,1,11,false,false
29,5,Nelly_S29,0.0849996654152379,0.08362369337979095,12,7,7,14,0.16862335879502885,7,6,6,7,5,11,rank_v2,1,11,false,false
29,5,Nev Schulman_S29,0.06774384560894062,0.09059233449477352,12,12,3,15,0.15833618010371414,10,11,3,2,4,11,rank_v2,1,11,false,false
29,5,Skai Jackson_S29,0.08696988210214764,0.08362369337979095,12,4,7,11,0.1705935754819386,4,5,9,8,9,11,rank_v2,1,11,false,false
29,5,Veron Davis_S29,0.08696722868764091,0.07317073170731707,12,5,10,15,0.16013796039495798,8,9,5,4,10,11,rank_v2,1,11,false,false
29,6,AJ McLean_S29,0.08990394022326323,0.10074626865671642,11,9,2,11,0.19065020887997963,7,4,5,8,3,11,rank_v2,1,11,false,false
29,6,Chrishell Stause_S29,0.09685792600691422,0.08955223880597014,11,3,7,10,0.18641016481288436,6,6,6,6,8,11,rank_v2,1,11,false,false
29,6,Jeannie Mai_S29,0.09268867813222827,0.09328358208955224,11,7,6,13,0.1859722602217805,8,7,4,5,6,11,rank_v2,1,11,false,false
29,6,Johnny Weir_S29,0.09929828179897969,0.08208955223880597,11,1,9,10,0.18138783403778566,5,8,7,4,9,11,rank_v2,1,11,false,false
29,6,Justina Machado_S29,0.0953594789443766,0.10074626865671642,11,4,2,6,0.196105747601093,1,1,11,11,1,11,rank_v2,1,11,false,false
29,6,Kaitlyn Bristowe_S29,0.09280417718821876,0.10074626865671642,11,6,2,8,0.1935504458449352,3,3,9,9,4,11,rank_v2,1,11,false,false
29,6,Monica Aldama_S29,0.09304423685917748,0.10074626865671642,11,5,2,7,0.19379050551589388,2,2,10,10,2,11,rank_v2,1,11,false,false
29,6,Nelly_S29,0.09749673395788477,0.08955223880597014,11,2,7,9,0.1870489727638549,4,5,8,7,7,11,rank_v2,1,11,false,false
29,6,Nev Schulman_S29,0.07567160891325213,0.09701492537313433,11,10,5,15,0.17268653428638647,9,9,3,3,5,11,rank_v2,1,11,false,false
29,6,Skai Jackson_S29,0.09245390115549548,0.06716417910447761,11,8,11,19,0.1596180802599731,10,10,2,2,11,11,rank_v2,1,11,false,false
29,6,Veron Davis_S29,0.07442103682020935,0.07835820895522388,11,11,10,21,0.15277924577543323,11,11,1,1,10,11,rank_v2,1,11,true,true
29,7,AJ McLean_S29,0.1047686999137165,0.1,10,1,6,7,0.2047686999137165,2,2,9,9,5,11,rank_v2,2,11,false,false
29,7,Chrishell Stause_S29,0.10468060301388123,0.1,10,2,6,8,0.20468060301388125,3,3,8,8,7,11,rank_v2,2,11,false,false
29,7,Jeannie Mai_S29,0.09724319713455096,0.09615384615384616,10,9,8,17,0.19339704328839713,9,9,2,2,8,11,rank_v2,2,11,true,true
29,7,Johnny Weir_S29,0.1042586813224837,0.10384615384615385,10,3,3,6,0.20810483516863754,1,1,10,10,4,11,rank_v2,2,11,false,false
29,7,Justina Machado_S29,0.10338707036511123,0.1,10,4,6,10,0.20338707036511122,5,5,6,6,6,11,rank_v2,2,11,false,false
29,7,Kaitlyn Bristowe_S29,0.10259792852715502,0.09230769230769231,10,5,9,14,0.19490562083484733,8,8,3,3,9,11,rank_v2,2,11,false,false
29,7,Monica Aldama_S29,0.09910636421976224,0.08461538461538462,10,8,10,18,0.18372174883514686,10,10,1,1,10,11,rank_v2,2,11,true,true
29,7,Nelly_S29,0.0992628953154253,0.10384615384615385,10,7,3,10,0.20310904916157915,6,6,5,5,3,11,rank_v2,2,11,false,false
29,7,Nev Schulman_S29,0.08490179034039018,0.11538461538461539,10,10,1,11,0.20028640572500556,7,7,4,4,1,11,rank_v2,2,11,false,false
29,7,Skai Jackson_S29,0.09979276984752314,0.10384615384615385,10,6,3,9,0.20363892369367698,4,4,7,7,2,11,rank_v2,2,11,false,false
29,8,AJ McLean_S29,0.13425593047816003,0.12162184076007343,8,2,5,7,0.25587777123823346,2,4,7,5,5,11,rank_v2,1,11,false,false
29,8,Chrishell Stause_S29,0.09425985116350598,0.12162184076007343,8,8,5,13,0.21588169192357942,8,8,1,1,6,11,rank_v2,1,11,true,true
29,8,Johnny Weir_S29,0.13121791318371404,0.13513537862230382,8,4,1,5,0.26635329180601786,1,1,8,8,2,11,rank_v2,1,11,false,false
29,8,Justina Machado_S29,0.12873724876886966,0.1306299650990362,8,6,3,9,0.25936721386790584,6,2,3,7,3,11,rank_v2,1,11,false,false
29,8,Kaitlyn Bristowe_S29,0.13054410038747502,0.1261263533808169,8,5,4,9,0.2566704537682919,5,3,4,6,4,11,rank_v2,1,11,false,false
29,8,Nelly_S29,0.13739979188225526,0.10810830289784305,8,1,8,9,0.24550809478009833,4,6,5,3,8,11,rank_v2,1,11,false,false
29,8,Nev Schulman_S29,0.10991939985525788,0.13513537862230382,8,7,1,8,0.24505477847756169,3,7,6,2,1,11,rank_v2,1,11,false,false
29,8,Skai Jackson_S29,0.13366576428076138,0.12162093985754929,8,3,7,10,0.25528670413831067,7,5,2,4,7,11,rank_v2,1,11,false,false
29,9,AJ McLean_S29,0.12182619210956322,0.12953317941214265,7,7,6,13,0.25135937152170584,7,7,1,1,6,11,rank_v2,1,11,true,true
29,9,Johnny Weir_S29,0.15263975539980998,0.15544105882304174,7,2,1,3,0.3080808142228517,1,1,7,7,1,11,rank_v2,1,11,false,false
29,9,Justina Machado_S29,0.15457219775614117,0.13471454803957736,7,1,5,6,0.28928674579571856,3,4,5,4,5,11,rank_v2,1,11,false,false
29,9,Kaitlyn Bristowe_S29,0.14871928957496824,0.15544105882304174,7,4,1,5,0.30416034839801,2,2,6,6,2,11,rank_v2,1,11,false,false
29,9,Nelly_S29,0.151004538491132,0.1243528470584334,7,3,7,10,0.2753573855495654,6,6,2,2,7,11,rank_v2,1,11,false,false
29,9,Nev Schulman_S29,0.12804086343830362,0.15025865392188154,7,6,3,9,0.27829951736018516,5,5,3,3,4,11,rank_v2,1,11,false,false
29,9,Skai Jackson_S29,0.1431971632300821,0.15025865392188154,7,5,3,8,0.29345581715196367,4,3,4,5,3,11,rank_v2,1,11,false,false
29,10,Johnny Weir_S29,0.1664234833873087,0.16379310344827586,6,4,4,8,0.3302165868355845,5,4,2,3,4,11,rank_v2,2,11,true,false
29,10,Justina Machado_S29,0.1743898257162188,0.16666666666666666,6,3,3,6,0.3410564923828855,2,2,5,5,3,11,rank_v2,2,11,false,false
29,10,Kaitlyn Bristowe_S29,0.17546269780101048,0.1724137931034483,6,1,1,2,0.34787649090445877,1,1,6,6,2,11,rank_v2,2,11,false,false
29,10,Nelly_S29,0.17474226032476808,0.16091954022988506,6,2,6,8,0.3356618005546531,4,3,3,4,6,11,rank_v2,2,11,false,false
29,10,Nev Schulman_S29,0.1441745834588931,0.1724137931034483,6,6,1,7,0.3165883765623414,3,6,4,1,1,11,rank_v2,2,11,false,true
29,10,Skai Jackson_S29,0.16480714931180068,0.16379310344827586,6,5,4,9,0.32860025276007654,6,5,1,2,5,11,rank_v2,2,11,true,true
29,11,Justina Machado_S29,0.18667853659315992,0.25316455696202533,4,4,2,6,0.43984309355518525,4,4,1,1,3,11,rank_v2,4,11,true,true
29,11,Kaitlyn Bristowe_S29,0.2955542106495336,0.25316455696202533,4,1,2,3,0.5487187676115589,1,1,4,4,2,11,rank_v2,4,11,true,true
29,11,Nelly_S29,0.29011157859008996,0.24050632911392406,4,2,4,6,0.5306179077040141,3,2,2,3,4,11,rank_v2,4,11,true,true
29,11,Nev Schulman_S29,0.22765567416721727,0.25316455696202533,4,3,2,5,0.4808202311292426,2,3,3,2,1,11,rank_v2,4,11,true,true
30,1,Amanda Kloots_S30,0.06635706430580798,0.07650273224043716,15,8,2,10,0.14285979654624514,5,3,11,13,3,10,rank_v2,0,10,false,false
30,1,Brian Austin Green_S30,0.066322961042362,0.06557377049180328,15,9,10,19,0.13189673153416528,11,11,5,5,11,10,rank_v2,0,10,false,false
30,1,Christine Chiu_S30,0.06640148541646457,0.06830601092896176,15,7,7,14,0.13470749634542634,7,9,9,7,7,10,rank_v2,0,10,false,false
30,1,Cody Rigsby_S30,0.05195182012476293,0.06557377049180328,15,15,10,25,0.11752559061656621,13,14,3,2,12,10,rank_v2,0,10,false,false
30,1,Iman Shumpert_S30,0.0646765709834042,0.05737704918032787,15,13,14,27,0.12205362016373206,14,13,2,3,14,10,rank_v2,0,10,false,false
30,1,Jimmie Allen_S30,0.0660216493288291,0.060109289617486336,15,10,13,23,0.12613093894631544,12,12,4,4,13,10,rank_v2,0,10,false,false
30,1,JoJo Siwa_S30,0.07418800314153946,0.07923497267759563,15,2,1,3,0.1534229758191351,1,1,15,15,1,10,rank_v2,0,10,false,false
30,1,Kenya Moore_S30,0.06822965312573001,0.07103825136612021,15,5,5,10,0.13926790449185023,4,7,12,9,6,10,rank_v2,0,10,false,false
30,1,Martin Kove_S30,0.062455315985099694,0.03551912568306011,15,14,15,29,0.0979744416681598,15,15,1,1,15,10,rank_v2,0,10,false,false
30,1,Matt James_S30,0.06782381037525723,0.06557377049180328,15,6,10,16,0.1333975808670605,10,10,6,6,10,10,rank_v2,0,10,false,false
30,1,Melanie C_S30,0.06596068809419615,0.07377049180327869,15,11,4,15,0.13973117989747486,9,6,7,10,4,10,rank_v2,0,10,false,false
30,1,Melora Hardin_S30,0.06964753892093543,0.07103825136612021,15,3,5,8,0.14068579028705563,3,5,13,11,5,10,rank_v2,0,10,false,false
30,1,"Mike ""The Miz"" Mizanin_S30",0.0696152239317556,0.06557377049180328,15,4,10,14,0.13518899442355886,6,8,10,8,9,10,rank_v2,0,10,false,false
30,1,Olivia Jade_S30,0.07488300256653237,0.06830601092896176,15,1,7,8,0.14318901349549412,2,2,14,14,8,10,rank_v2,0,10,false,false
30,1,Suni Lee_S30,0.06546521265732347,0.07650273224043716,15,12,2,14,0.14196794489776063,8,4,8,12,2,10,rank_v2,0,10,false,false
30,2,Amanda Kloots_S30,0.06768924807552958,0.08311688311688312,15,8,1,9,0.1508061311924127,3,2,13,14,1,10,rank_v2,1,10,false,false
30,2,Brian Austin Green_S30,0.07053662036065107,0.05974025974025974,15,4,13,17,0.13027688010091082,10,12,6,4,13,10,rank_v2,1,10,false,false
30,2,Christine Chiu_S30,0.06969999228544618,0.06233766233766234,15,5,11,16,0.1320376546231085,7,9,9,7,12,10,rank_v2,1,10,false,false
30,2,Cody Rigsby_S30,0.05112696597519165,0.06233766233766234,15,15,11,26,0.11346462831285399,14,14,2,2,11,10,rank_v2,1,10,false,false
30,2,Iman Shumpert_S30,0.06677860107649873,0.06493506493506493,15,10,9,19,0.13171366601156365,12,10,4,6,9,10,rank_v2,1,10,false,false
30,2,Jimmie Allen_S30,0.062128139825082584,0.07012987012987013,15,13,6,19,0.1322580099549527,13,8,3,8,5,10,rank_v2,1,10,false,false
30,2,JoJo Siwa_S30,0.07391198454718734,0.08051948051948052,15,2,2,4,0.15443146506666786,1,1,15,15,2,10,rank_v2,1,10,false,false
30,2,Kenya Moore_S30,0.06855536660979793,0.06233766233766234,15,7,11,18,0.13089302894746027,11,11,5,5,10,10,rank_v2,1,10,false,false
30,2,Martin Kove_S30,0.052398863010011454,0.03896103896103896,15,14,15,29,0.09135990197105041,15,15,1,1,15,10,rank_v2,1,10,true,true
30,2,Matt James_S30,0.07121584119172215,0.05714285714285714,15,3,14,17,0.1283586983345793,9,13,7,3,14,10,rank_v2,1,10,false,false
30,2,Melanie C_S30,0.06670217014780715,0.07792207792207792,15,11,3,14,0.14462424806988505,5,4,11,12,3,10,rank_v2,1,10,false,false
30,2,Melora Hardin_S30,0.06768330975096783,0.07012987012987013,15,9,6,15,0.13781317988083797,6,6,10,10,6,10,rank_v2,1,10,false,false
30,2,"Mike ""The Miz"" Mizanin_S30",0.06902783437643101,0.06753246753246753,15,6,8,14,0.13656030190889853,4,7,12,9,8,10,rank_v2,1,10,false,false
30,2,Olivia Jade_S30,0.07610266321801937,0.07012987012987013,15,1,6,7,0.1462325333478895,2,3,14,13,7,10,rank_v2,1,10,false,false
30,2,Suni Lee_S30,0.06644239954965542,0.07272727272727272,15,12,4,16,0.13916967227692814,8,5,8,11,4,10,rank_v2,1,10,false,false
30,3,Amanda Kloots_S30,0.07095806827141406,0.08053691275167785,14,8,2,10,0.1514949810230919,3,3,12,12,2,10,rank_v2,1,10,false,false
30,3,Brian Austin Green_S30,0.08051577985100791,0.06375838926174497,14,2,12,14,0.14427416911275287,6,7,9,8,12,10,rank_v2,1,10,false,false
30,3,Christine Chiu_S30,0.04491438203242361,0.07046979865771812,14,14,8,22,0.11538418069014172,13,14,2,1,9,10,rank_v2,1,10,false,true
30,3,Cody Rigsby_S30,0.06943467933312755,0.06040268456375839,14,11,14,25,0.12983736389688594,14,13,1,2,14,10,rank_v2,1,10,true,false
30,3,Iman Shumpert_S30,0.08139859855740499,0.06375838926174497,14,1,12,13,0.14515698781914996,4,5,11,10,13,10,rank_v2,1,10,false,false
30,3,Jimmie Allen_S30,0.07696674260260046,0.06711409395973154,14,3,10,13,0.144080836562332,5,8,10,7,11,10,rank_v2,1,10,false,false
30,3,JoJo Siwa_S30,0.07208455175772979,0.08053691275167785,14,7,2,9,0.15262146450940764,2,2,13,13,3,10,rank_v2,1,10,false,false
30,3,Kenya Moore_S30,0.07316392113216784,0.07046979865771812,14,6,8,14,0.14363371978988596,8,9,7,6,7,10,rank_v2,1,10,false,false
30,3,Matt James_S30,0.07604948102685923,0.06711409395973154,14,4,10,14,0.14316357498659077,7,10,8,5,10,10,rank_v2,1,10,false,false
30,3,Melanie C_S30,0.07052929948080572,0.0738255033557047,14,10,5,15,0.14435480283651042,9,6,6,9,6,10,rank_v2,1,10,false,false
30,3,Melora Hardin_S30,0.068973158232914,0.07718120805369127,14,12,4,16,0.14615436628660528,10,4,5,11,4,10,rank_v2,1,10,false,false
30,3,"Mike ""The Miz"" Mizanin_S30",0.06864911622937644,0.0738255033557047,14,13,5,18,0.14247461958508115,12,11,3,4,5,10,rank_v2,1,10,false,false
30,3,Olivia Jade_S30,0.07557709700360779,0.08053691275167785,14,5,2,7,0.15611400975528564,1,1,14,14,1,10,rank_v2,1,10,false,false
30,3,Suni Lee_S30,0.07078512448856028,0.07046979865771812,14,9,8,17,0.1412549231462784,11,12,4,3,8,10,rank_v2,1,10,false,false
30,4,Amanda Kloots_S30,0.08091547263778542,0.0815347721822542,13,3,4,7,0.1624502448200396,3,4,11,10,4,10,rank_v2,2,10,false,false
30,4,Brian Austin Green_S30,0.07254075508630115,0.06235011990407674,13,12,13,25,0.13489087499037788,13,12,1,2,13,10,rank_v2,2,10,true,true
30,4,Cody Rigsby_S30,0.06227482435585139,0.06954436450839328,13,13,11,24,0.13181918886424468,12,13,2,1,11,10,rank_v2,2,10,true,true
30,4,Iman Shumpert_S30,0.07955177662026665,0.07553956834532374,13,4,9,13,0.1550913449655904,5,8,9,6,9,10,rank_v2,2,10,false,false
30,4,Jimmie Allen_S30,0.07620344704861709,0.07793764988009592,13,8,7,15,0.15414109692871303,9,9,5,5,7,10,rank_v2,2,10,false,false
30,4,JoJo Siwa_S30,0.08495157080748197,0.08393285371702638,13,2,2,4,0.16888442452450836,2,2,12,12,3,10,rank_v2,2,10,false,false
30,4,Kenya Moore_S30,0.07801470693930398,0.07074340527577938,13,5,10,15,0.14875811221508337,8,10,6,4,10,10,rank_v2,2,10,false,false
30,4,Matt James_S30,0.07392840289138537,0.0683453237410072,13,11,12,23,0.14227372663239257,11,11,3,3,12,10,rank_v2,2,10,false,false
30,4,Melanie C_S30,0.07605271873330753,0.07913669064748201,13,9,6,15,0.15518940938078954,10,7,4,7,6,10,rank_v2,2,10,false,false
30,4,Melora Hardin_S30,0.07675237690019078,0.08752997601918465,13,7,1,8,0.16428235291937543,4,3,10,11,1,10,rank_v2,2,10,false,false
30,4,"Mike ""The Miz"" Mizanin_S30",0.07793967318032007,0.07793764988009592,13,6,7,13,0.155877323060416,6,6,8,8,8,10,rank_v2,2,10,false,false
30,4,Olivia Jade_S30,0.08511567786997276,0.08393285371702638,13,1,2,3,0.16904853158699915,1,1,13,13,2,10,rank_v2,2,10,false,false
30,4,Suni Lee_S30,0.07575859692921579,0.0815347721822542,13,10,4,14,0.15729336911147,7,5,7,9,5,10,rank_v2,2,10,false,false
30,5,Amanda Kloots_S30,0.08955297351725121,0.1012987012987013,11,8,2,10,0.1908516748159525,3,3,9,9,2,10,rank_v2,1,10,false,false
30,5,Cody Rigsby_S30,0.07916448130648439,0.08311688311688312,11,10,9,19,0.1622813644233675,11,10,1,2,10,10,rank_v2,1,10,true,false
30,5,Iman Shumpert_S30,0.10731255221519198,0.07272727272727272,11,1,11,12,0.1800398249424647,5,8,7,4,11,10,rank_v2,1,10,false,false
30,5,Jimmie Allen_S30,0.09802269627500876,0.08831168831168831,11,5,8,13,0.18633438458669707,8,5,4,7,8,10,rank_v2,1,10,false,false
30,5,JoJo Siwa_S30,0.10063946727029331,0.1038961038961039,11,2,1,3,0.2045355711663972,1,1,11,11,1,10,rank_v2,1,10,false,false
30,5,Kenya Moore_S30,0.09126028386777134,0.09350649350649351,11,7,5,12,0.18476677737426483,7,6,5,6,6,10,rank_v2,1,10,false,false
30,5,Melanie C_S30,0.05813994260892017,0.09350649350649351,11,11,5,16,0.15164643611541367,10,11,2,1,5,10,rank_v2,1,10,false,true
30,5,Melora Hardin_S30,0.09831614728376235,0.09350649350649351,11,4,5,9,0.19182264079025585,2,2,10,10,7,10,rank_v2,1,10,false,false
30,5,"Mike ""The Miz"" Mizanin_S30",0.09908816111655791,0.08311688311688312,11,3,9,12,0.18220504423344103,6,7,6,5,9,10,rank_v2,1,10,false,false
30,5,Olivia Jade_S30,0.0954648204919185,0.09350649350649351,11,6,5,11,0.188971313998412,4,4,8,8,3,10,rank_v2,1,10,false,false
30,5,Suni Lee_S30,0.08303847404684073,0.09350649350649351,11,9,5,14,0.17654496755333424,9,9,3,3,4,10,rank_v2,1,10,false,false
30,6,Amanda Kloots_S30,0.1002303512365991,0.1043956043956044,10,8,3,11,0.20462595563220348,6,5,5,6,4,10,rank_v2,1,10,false,false
30,6,Cody Rigsby_S30,0.0814368828090564,0.0989010989010989,10,9,6,15,0.1803379817101553,9,9,2,2,7,10,rank_v2,1,10,false,false
30,6,Iman Shumpert_S30,0.10377700797111322,0.10989010989010989,10,5,1,6,0.2136671178612231,2,2,9,9,2,10,rank_v2,1,10,false,false
30,6,Jimmie Allen_S30,0.1006785987347358,0.1043956043956044,10,7,3,10,0.2050742031303402,4,4,7,7,3,10,rank_v2,1,10,false,false
30,6,JoJo Siwa_S30,0.10818067742693331,0.10989010989010989,10,2,1,3,0.2180707873170432,1,1,10,10,1,10,rank_v2,1,10,false,false
30,6,Kenya Moore_S30,0.08125806826480238,0.08791208791208792,10,10,10,20,0.1691701561768903,10,10,1,1,10,10,rank_v2,1,10,true,true
30,6,Melora Hardin_S30,0.10390093444643826,0.09340659340659341,10,4,8,12,0.19730752785303168,7,8,4,3,8,10,rank_v2,1,10,false,false
30,6,"Mike ""The Miz"" Mizanin_S30",0.10536535331921297,0.09340659340659341,10,3,8,11,0.1987719467258064,5,7,6,4,9,10,rank_v2,1,10,false,false
30,6,Olivia Jade_S30,0.11244830589858275,0.0989010989010989,10,1,6,7,0.21134940479968164,3,3,8,8,6,10,rank_v2,1,10,false,false
30,6,Suni Lee_S30,0.1027238198925258,0.0989010989010989,10,6,6,12,0.2016249187936247,8,6,3,5,5,10,rank_v2,1,10,false,false
30,7,Amanda Kloots_S30,0.11423955923799824,0.10397553516819572,9,5,7,12,0.21821509440619397,7,7,3,3,8,10,rank_v2,1,10,false,false
30,7,Cody Rigsby_S30,0.08895758605543856,0.11009174311926606,9,9,5,14,0.19904932917470464,8,8,2,2,5,10,rank_v2,1,10,false,false
30,7,Iman Shumpert_S30,0.11671809000324301,0.10397553516819572,9,3,7,10,0.22069362517143873,4,5,6,5,6,10,rank_v2,1,10,false,false
30,7,Jimmie Allen_S30,0.11258387764257016,0.1162079510703364,9,7,3,10,0.22879182871290654,5,4,5,6,4,10,rank_v2,1,10,false,false
30,7,JoJo Siwa_S30,0.12417014439321773,0.11926605504587157,9,1,2,3,0.24343619943908928,1,2,9,8,2,10,rank_v2,1,10,false,false
30,7,Melora Hardin_S30,0.11402398235465015,0.1162079510703364,9,6,3,9,0.23023193342498655,3,3,7,7,3,10,rank_v2,1,10,false,false
30,7,"Mike ""The Miz"" Mizanin_S30",0.09341081092909846,0.09785932721712538,9,8,9,17,0.19127013814622384,9,9,1,1,9,10,rank_v2,1,10,true,true
30,7,Olivia Jade_S30,0.119788262338198,0.12844036697247707,9,2,1,3,0.24822862931067508,2,1,8,9,1,10,rank_v2,1,10,false,false
30,7,Suni Lee_S30,0.11610768704558636,0.10397553516819572,9,4,7,11,0.22008322221378207,6,6,4,4,7,10,rank_v2,1,10,false,false
30,8,Amanda Kloots_S30,0.1275968023636834,0.13636363636363635,8,4,2,6,0.2639604387273198,2,2,7,7,1,10,rank_v2,2,10,false,false
30,8,Cody Rigsby_S30,0.09638740540935596,0.12337662337662338,8,8,5,13,0.21976402878597934,7,7,2,2,5,10,rank_v2,2,10,true,true
30,8,Iman Shumpert_S30,0.13428599104716013,0.11363636363636363,8,3,7,10,0.24792235468352375,6,6,3,3,7,10,rank_v2,2,10,false,false
30,8,Jimmie Allen_S30,0.11307729206355886,0.1038961038961039,8,7,8,15,0.21697339595966275,8,8,1,1,8,10,rank_v2,2,10,true,true
30,8,JoJo Siwa_S30,0.1398167555437442,0.1331168831168831,8,1,4,5,0.2729336386606273,1,1,8,8,4,10,rank_v2,2,10,false,false
30,8,Melora Hardin_S30,0.1273870838225538,0.13636363636363635,8,5,2,7,0.26375072018619017,3,3,6,6,3,10,rank_v2,2,10,false,false
30,8,Olivia Jade_S30,0.13559780118567816,0.11688311688311688,8,2,6,8,0.252480918068795,4,5,5,4,6,10,rank_v2,2,10,false,false
30,8,Suni Lee_S30,0.12585086856426406,0.13636363636363635,8,6,2,8,0.26221450492790044,5,4,4,5,2,10,rank_v2,2,10,false,false
30,9,Amanda Kloots_S30,0.17187530443992272,0.1747787610619469,6,3,2,5,0.3466540655018696,3,3,4,4,2,10,rank_v2,2,10,false,false
30,9,Cody Rigsby_S30,0.13779719678486121,0.1570796460176991,6,6,6,12,0.2948768428025603,6,6,1,1,6,10,rank_v2,2,10,true,true
30,9,Iman Shumpert_S30,0.18443102417023222,0.16592920353982302,6,2,3,5,0.35036022771005526,2,2,5,5,4,10,rank_v2,2,10,false,false
30,9,JoJo Siwa_S30,0.18615866063690664,0.17699115044247787,6,1,1,2,0.3631498110793845,1,1,6,6,1,10,rank_v2,2,10,false,false
30,9,Melora Hardin_S30,0.15526551403601171,0.1592920353982301,6,5,5,10,0.3145575494342418,5,5,2,2,5,10,rank_v2,2,10,true,true
30,9,Suni Lee_S30,0.16447229993206533,0.16592920353982302,6,4,3,7,0.33040150347188835,4,4,3,3,3,10,rank_v2,2,10,false,false
30,10,Amanda Kloots_S30,0.2083956869047147,0.2484076433121019,4,4,3,7,0.4568033302168166,4,4,1,1,3,10,rank_v2,4,10,true,true
30,10,Cody Rigsby_S30,0.26343959784260584,0.24203821656050956,4,2,4,6,0.5054778144031153,3,2,2,3,4,10,rank_v2,4,10,true,true
30,10,Iman Shumpert_S30,0.3167792636600822,0.25477707006369427,4,1,1,2,0.5715563337237765,1,1,4,4,2,10,rank_v2,4,10,true,true
30,10,JoJo Siwa_S30,0.21138545159259672,0.25477707006369427,4,3,1,4,0.466162521656291,2,3,3,2,1,10,rank_v2,4,10,true,true
31,1,Charli D'Amelio_S31,0.07306189016399035,0.08376963350785341,16,1,1,2,0.15683152367184378,1,1,16,16,1,10,rank_v2,1,10,false,false
31,1,Cheryl Ladd_S31,0.06294504771251716,0.0549738219895288,16,13,10,23,0.11791886970204596,14,13,3,4,10,10,rank_v2,1,10,false,false
31,1,Daniel Durant_S31,0.0658894321633381,0.07068062827225131,16,11,6,17,0.13657006043558942,10,6,7,11,6,10,rank_v2,1,10,false,false
31,1,Gabby Windey_S31,0.06800242106508515,0.07329842931937172,16,4,4,8,0.1413008503844569,2,2,15,15,5,10,rank_v2,1,10,false,false
31,1,Heidi D'Amelio_S31,0.07174308185862081,0.06282722513089005,16,2,8,10,0.13457030698951086,3,8,14,9,8,10,rank_v2,1,10,false,false
31,1,Jason Lewis_S31,0.0003297497073473387,0.04712041884816754,16,16,15,31,0.04745016855551488,16,16,1,1,15,10,rank_v2,1,10,true,true
31,1,Jessie James Decker_S31,0.06663634504889396,0.05235602094240838,16,9,13,22,0.11899236599130233,12,12,5,5,12,10,rank_v2,1,10,false,false
31,1,Jordin Sparks_S31,0.06720144195482644,0.06806282722513089,16,6,7,13,0.13526426917995732,5,7,12,10,7,10,rank_v2,1,10,false,false
31,1,Joseph Baena_S31,0.0666842262365479,0.060209424083769635,16,8,9,17,0.12689365032031755,9,9,8,8,9,10,rank_v2,1,10,false,false
31,1,Sam Champion_S31,0.05985499604820901,0.05235602094240838,16,15,13,28,0.11221101699061739,15,14,2,3,14,10,rank_v2,1,10,false,false
31,1,Selma Blair_S31,0.06704388398430881,0.07329842931937172,16,7,4,11,0.14034231330368052,4,3,13,14,3,10,rank_v2,1,10,false,false
31,1,Shangela_S31,0.0664265644036738,0.07329842931937172,16,10,4,14,0.13972499372304553,6,4,11,13,4,10,rank_v2,1,10,false,false
31,1,Teresa Giudice_S31,0.0688945502311693,0.05235602094240838,16,3,13,16,0.12125057117357768,7,10,10,7,13,10,rank_v2,1,10,false,false
31,1,Trevor Donovan_S31,0.06547171784487285,0.0549738219895288,16,12,10,22,0.12044553983440165,13,11,4,6,11,10,rank_v2,1,10,false,false
31,1,Vinny Guadagnino_S31,0.06747260057292677,0.04450261780104712,16,5,16,21,0.1119752183739739,11,15,6,2,16,10,rank_v2,1,10,false,false
31,1,Wayne Brady_S31,0.062342051003672225,0.07591623036649214,16,14,2,16,0.13825828137016438,8,5,9,12,2,10,rank_v2,1,10,false,false
31,2,Charli D'Amelio_S31,0.07355675257776254,0.07766990291262135,15,2,2,4,0.1512266554903839,1,1,15,15,3,10,rank_v2,1,10,false,false
31,2,Cheryl Ladd_S31,0.06823861732906036,0.050970873786407765,15,7,15,22,0.11920949111546814,13,14,3,2,15,10,rank_v2,1,10,false,false
31,2,Daniel Durant_S31,0.06520628069602766,0.0703883495145631,15,13,5,18,0.13559463021059076,10,8,6,8,5,10,rank_v2,1,10,false,false
31,2,Gabby Windey_S31,0.06883212533686381,0.07766990291262135,15,6,2,8,0.14650202824948516,4,2,12,14,1,10,rank_v2,1,10,false,false
31,2,Heidi D'Amelio_S31,0.07781617655986958,0.06796116504854369,15,1,7,8,0.14577734160841327,2,3,14,13,6,10,rank_v2,1,10,false,false
31,2,Jessie James Decker_S31,0.06885243161832466,0.06067961165048544,15,5,12,17,0.1295320432688101,9,12,7,4,12,10,rank_v2,1,10,false,false
31,2,Jordin Sparks_S31,0.06760090102103475,0.06553398058252427,15,11,9,20,0.13313488160355902,12,10,4,6,10,10,rank_v2,1,10,false,false
31,2,Joseph Baena_S31,0.07210891263078112,0.05825242718446602,15,3,13,16,0.13036133981524714,6,11,10,5,13,10,rank_v2,1,10,false,false
31,2,Sam Champion_S31,0.06564892708596343,0.06310679611650485,15,12,11,23,0.12875572320246828,14,13,2,3,11,10,rank_v2,1,10,false,false
31,2,Selma Blair_S31,0.06779952183057189,0.06796116504854369,15,9,7,16,0.13576068687911558,7,7,9,9,8,10,rank_v2,1,10,false,false
31,2,Shangela_S31,0.06790920431774097,0.06796116504854369,15,8,7,15,0.13587036936628466,5,6,11,10,7,10,rank_v2,1,10,false,false
31,2,Teresa Giudice_S31,0.035870885508062535,0.055825242718446605,15,15,14,29,0.09169612822650913,15,15,1,1,14,10,rank_v2,1,10,true,true
31,2,Trevor Donovan_S31,0.0704404711308163,0.07281553398058252,15,4,4,8,0.14325600511139883,3,4,13,12,4,10,rank_v2,1,10,false,false
31,2,Vinny Guadagnino_S31,0.06761704344923745,0.06553398058252427,15,10,9,19,0.1331510240317617,11,9,5,7,9,10,rank_v2,1,10,false,false
31,2,Wayne Brady_S31,0.06250174890788296,0.07766990291262135,15,14,2,16,0.1401716518205043,8,5,8,11,2,10,rank_v2,1,10,false,false
31,3,Charli D'Amelio_S31,0.07757677322607952,0.08188585607940446,14,2,2,4,0.159462629305484,1,2,14,13,3,10,rank_v2,1,10,false,false
31,3,Cheryl Ladd_S31,0.05499885944018728,0.05955334987593052,14,14,13,27,0.1145522093161178,14,14,1,1,13,10,rank_v2,1,10,true,true
31,3,Daniel Durant_S31,0.0719158871608679,0.07692307692307693,14,7,5,12,0.1488389640839448,5,4,10,11,5,10,rank_v2,1,10,false,false
31,3,Gabby Windey_S31,0.07298572744400803,0.08188585607940446,14,5,2,7,0.1548715835234125,3,3,12,12,1,10,rank_v2,1,10,false,false
31,3,Heidi D'Amelio_S31,0.08009865990866796,0.0794044665012407,14,1,4,5,0.15950312640990866,2,1,13,14,4,10,rank_v2,1,10,false,false
31,3,Jessie James Decker_S31,0.06978068152849191,0.06451612903225806,14,12,11,23,0.13429681056075,13,11,2,4,11,10,rank_v2,1,10,false,false
31,3,Jordin Sparks_S31,0.0707375895215727,0.07196029776674938,14,10,7,17,0.14269788728832208,10,8,5,7,8,10,rank_v2,1,10,false,false
31,3,Joseph Baena_S31,0.07162960617108886,0.07196029776674938,14,8,7,15,0.14358990393783824,7,7,8,8,7,10,rank_v2,1,10,false,false
31,3,Sam Champion_S31,0.0710056980547259,0.062034739454094295,14,9,12,21,0.1330404375088202,12,12,3,3,12,10,rank_v2,1,10,false,false
31,3,Selma Blair_S31,0.07071985404713979,0.06947890818858561,14,11,9,20,0.14019876223572542,11,10,4,5,9,10,rank_v2,1,10,false,false
31,3,Shangela_S31,0.07234436853084884,0.07444168734491315,14,6,6,12,0.146786055875762,4,6,11,9,6,10,rank_v2,1,10,false,false
31,3,Trevor Donovan_S31,0.07461859738832145,0.06699751861042183,14,4,10,14,0.1416161159987433,6,9,9,6,10,10,rank_v2,1,10,false,false
31,3,Vinny Guadagnino_S31,0.07536840163941741,0.05707196029776675,14,3,14,17,0.13244036193718417,9,13,6,2,14,10,rank_v2,1,10,false,false
31,3,Wayne Brady_S31,0.06621929593858279,0.08188585607940446,14,13,2,15,0.14810515201798724,8,5,7,10,2,10,rank_v2,1,10,false,false
31,4,Charli D'Amelio_S31,0.08285480307438216,0.08780487804878048,13,2,2,4,0.17065968112316265,1,1,13,13,3,10,rank_v2,1,10,false,false
31,4,Daniel Durant_S31,0.07863100648222725,0.07073170731707316,13,6,9,15,0.1493627137993004,9,11,5,3,10,10,rank_v2,1,10,false,false
31,4,Gabby Windey_S31,0.07807503886274625,0.08780487804878048,13,9,2,11,0.16587991691152673,3,3,11,11,1,10,rank_v2,1,10,false,false
31,4,Heidi D'Amelio_S31,0.08686211114897043,0.08292682926829269,13,1,4,5,0.1697889404172631,2,2,12,12,5,10,rank_v2,1,10,false,false
31,4,Jessie James Decker_S31,0.07722052861607183,0.07560975609756097,13,10,8,18,0.1528302847136328,12,8,2,6,8,10,rank_v2,1,10,false,false
31,4,Jordin Sparks_S31,0.07542274574036657,0.08292682926829269,13,11,4,15,0.15834957500865926,10,5,4,9,4,10,rank_v2,1,10,false,false
31,4,Joseph Baena_S31,0.0821231882768412,0.06829268292682927,13,3,11,14,0.15041587120367048,6,10,8,4,12,10,rank_v2,1,10,false,false
31,4,Sam Champion_S31,0.05215428503573303,0.06097560975609756,13,13,13,26,0.11312989479183058,13,13,1,1,13,10,rank_v2,1,10,true,true
31,4,Selma Blair_S31,0.07830184310049025,0.07804878048780488,13,7,6,13,0.15635062358829513,5,6,9,8,6,10,rank_v2,1,10,false,false
31,4,Shangela_S31,0.07825909166946941,0.07804878048780488,13,8,6,14,0.1563078721572743,7,7,7,7,7,10,rank_v2,1,10,false,false
31,4,Trevor Donovan_S31,0.078935890912459,0.06829268292682927,13,5,11,16,0.14722857383928828,11,12,3,2,11,10,rank_v2,1,10,false,false
31,4,Vinny Guadagnino_S31,0.08010436777887191,0.07073170731707316,13,4,9,13,0.15083607509594507,4,9,10,5,9,10,rank_v2,1,10,false,false
31,4,Wayne Brady_S31,0.07105509930137097,0.08780487804878048,13,12,2,14,0.15885997735015145,8,4,6,10,2,10,rank_v2,1,10,false,false
31,5,Charli D'Amelio_S31,0.0928257754635885,0.09364548494983277,12,2,1,3,0.18647126041342127,1,1,12,12,1,10,rank_v2,2,10,false,false
31,5,Daniel Durant_S31,0.08657555816678628,0.07469342251950947,12,5,11,16,0.16126898068629575,10,10,3,3,11,10,rank_v2,2,10,false,false
31,5,Gabby Windey_S31,0.08543652415206908,0.09141583054626533,12,7,2,9,0.1768523546983344,3,3,10,10,2,10,rank_v2,2,10,false,false
31,5,Heidi D'Amelio_S31,0.0938671452554378,0.08695652173913043,12,1,5,6,0.18082366699456823,2,2,11,11,5,10,rank_v2,2,10,false,false
31,5,Jessie James Decker_S31,0.0862153131957122,0.0802675585284281,12,6,7,13,0.16648287172414028,5,8,8,5,8,10,rank_v2,2,10,false,false
31,5,Jordin Sparks_S31,0.08848603069294803,0.07915273132664437,12,3,9,12,0.16763876201959238,4,7,9,6,9,10,rank_v2,2,10,false,false
31,5,Joseph Baena_S31,0.0482684559845253,0.07803790412486064,12,12,10,22,0.12630636010938595,12,12,1,1,10,10,rank_v2,2,10,true,true
31,5,Selma Blair_S31,0.08346185219310796,0.08918617614269789,12,10,4,14,0.17264802833580584,8,4,5,9,4,10,rank_v2,2,10,false,false
31,5,Shangela_S31,0.08412208795746984,0.0858416945373467,12,8,6,14,0.16996378249481653,7,6,6,7,6,10,rank_v2,2,10,false,false
31,5,Trevor Donovan_S31,0.08386247510905534,0.0802675585284281,12,9,7,16,0.16413003363748344,11,9,2,4,7,10,rank_v2,2,10,true,false
31,5,Vinny Guadagnino_S31,0.08799508169287167,0.06911928651059086,12,4,12,16,0.15711436820346253,9,11,4,2,12,10,rank_v2,2,10,false,true
31,5,Wayne Brady_S31,0.07888370013642867,0.09141583054626533,12,11,2,13,0.170299530682694,6,5,7,8,3,10,rank_v2,2,10,false,false
31,6,Charli D'Amelio_S31,0.10929758640521262,0.11594202898550725,10,2,1,3,0.22523961539071985,1,1,10,10,1,10,rank_v2,1,10,false,false
31,6,Daniel Durant_S31,0.1023601042844298,0.09855072463768116,10,4,6,10,0.20091082892211098,4,5,7,6,7,10,rank_v2,1,10,false,false
31,6,Gabby Windey_S31,0.1010722416630885,0.1072463768115942,10,6,2,8,0.2083186184746827,3,3,8,8,2,10,rank_v2,1,10,false,false
31,6,Heidi D'Amelio_S31,0.11080486478599569,0.10434782608695652,10,1,3,4,0.2151526908729522,2,2,9,9,4,10,rank_v2,1,10,false,false
31,6,Jessie James Decker_S31,0.08091646219630598,0.0927536231884058,10,10,9,19,0.1736700853847118,10,10,1,1,9,10,rank_v2,1,10,true,true
31,6,Jordin Sparks_S31,0.10158894231438066,0.09855072463768116,10,5,6,11,0.2001396669520618,6,6,5,5,8,10,rank_v2,1,10,false,false
31,6,Shangela_S31,0.09916116193462673,0.10434782608695652,10,7,3,10,0.20350898802158324,5,4,6,7,3,10,rank_v2,1,10,false,false
31,6,Trevor Donovan_S31,0.09660607412162237,0.09855072463768116,10,8,6,14,0.19515679875930353,8,7,3,4,5,10,rank_v2,1,10,false,false
31,6,Vinny Guadagnino_S31,0.10671387036445538,0.08115942028985507,10,3,10,13,0.18787329065431047,7,9,4,2,10,10,rank_v2,1,10,false,false
31,6,Wayne Brady_S31,0.09147869192988259,0.09855072463768116,10,9,6,15,0.19002941656756375,9,8,2,3,6,10,rank_v2,1,10,false,false
31,7,Charli D'Amelio_S31,0.11827909147382284,0.11981566820276497,9,2,1,3,0.23809475967658783,1,1,9,9,1,10,rank_v2,1,10,false,false
31,7,Daniel Durant_S31,0.11390006203147034,0.11213517665130568,9,6,4,10,0.22603523868277603,6,5,4,5,5,10,rank_v2,1,10,false,false
31,7,Gabby Windey_S31,0.11466193615384124,0.10906298003072197,9,4,6,10,0.2237249161845632,5,6,5,4,6,10,rank_v2,1,10,false,false
31,7,Heidi D'Amelio_S31,0.12696425452325028,0.10752688172043011,9,1,7,8,0.2344911362436804,3,2,7,8,7,10,rank_v2,1,10,false,false
31,7,Jordin Sparks_S31,0.09187679008622354,0.10599078341013825,9,8,8,16,0.1978675734963618,9,9,1,1,8,10,rank_v2,1,10,true,true
31,7,Shangela_S31,0.11763490554375154,0.11213517665130568,9,3,4,7,0.22977008219505723,2,4,8,6,4,10,rank_v2,1,10,false,false
31,7,Trevor Donovan_S31,0.11152979550460941,0.11981566820276497,9,7,1,8,0.23134546370737438,4,3,6,7,2,10,rank_v2,1,10,false,false
31,7,Vinny Guadagnino_S31,0.1143925183567535,0.0967741935483871,9,5,9,14,0.21116671190514058,8,7,2,3,9,10,rank_v2,1,10,false,false
31,7,Wayne Brady_S31,0.09076064632627742,0.11674347158218126,9,9,3,12,0.20750411790845869,7,8,3,2,3,10,rank_v2,1,10,false,false
31,8,Charli D'Amelio_S31,0.13687481967085455,0.14331210191082802,8,1,1,2,0.28018692158168257,1,1,8,8,1,10,rank_v2,2,10,false,false
31,8,Daniel Durant_S31,0.1250102002546945,0.12420382165605096,8,4,5,9,0.24921402191074546,4,6,5,3,5,10,rank_v2,2,10,false,false
31,8,Gabby Windey_S31,0.12443333214236058,0.12738853503184713,8,5,4,9,0.25182186717420774,5,4,4,5,4,10,rank_v2,2,10,false,false
31,8,Heidi D'Amelio_S31,0.13489977180336474,0.11146496815286625,8,2,7,9,0.24636473995623098,3,7,6,2,7,10,rank_v2,2,10,false,true
31,8,Shangela_S31,0.12347755904993277,0.1337579617834395,8,6,3,9,0.25723552083337226,6,2,3,7,3,10,rank_v2,2,10,false,false
31,8,Trevor Donovan_S31,0.12685870264137897,0.12420382165605096,8,3,5,8,0.2510625242974299,2,5,7,4,6,10,rank_v2,2,10,false,false
31,8,Vinny Guadagnino_S31,0.11474205935198317,0.09235668789808917,8,7,8,15,0.20709874725007232,8,8,1,1,8,10,rank_v2,2,10,true,true
31,8,Wayne Brady_S31,0.11370355508543091,0.14331210191082802,8,8,1,9,0.25701565699625895,7,3,2,6,2,10,rank_v2,2,10,true,false
31,9,Charli D'Amelio_S31,0.18453982313468548,0.18181818181818182,6,1,1,2,0.3663580049528673,1,1,6,6,1,10,rank_v2,2,10,false,false
31,9,Daniel Durant_S31,0.16778987035099419,0.15681818181818183,6,3,5,8,0.324608052169176,4,4,3,3,5,10,rank_v2,2,10,false,false
31,9,Gabby Windey_S31,0.16451261013332252,0.18181818181818182,6,4,1,5,0.34633079195150435,3,2,4,5,2,10,rank_v2,2,10,false,false
31,9,Shangela_S31,0.17106306477286504,0.16590909090909092,6,2,3,5,0.33697215568195593,2,3,5,4,3,10,rank_v2,2,10,false,false
31,9,Trevor Donovan_S31,0.16146292730876052,0.14772727272727273,6,5,6,11,0.30919020003603326,6,6,1,1,6,10,rank_v2,2,10,true,true
31,9,Wayne Brady_S31,0.15063170429937267,0.16590909090909092,6,6,3,9,0.31654079520846357,5,5,2,2,4,10,rank_v2,2,10,true,true
31,10,Charli D'Amelio_S31,0.28690297500119605,0.2564102564102564,4,2,1,3,0.5433132314114524,1,1,4,4,1,10,rank_v2,4,10,true,true
31,10,Gabby Windey_S31,0.23996011908720527,0.2564102564102564,4,3,1,4,0.49637037549746166,3,3,2,2,2,10,rank_v2,4,10,true,true
31,10,Shangela_S31,0.18418097245376633,0.24358974358974358,4,4,3,7,0.4277707160435099,4,4,1,1,3,10,rank_v2,4,10,true,true
31,10,Wayne Brady_S31,0.28895593345783266,0.24358974358974358,4,1,3,4,0.5325456770475763,2,2,3,3,4,10,rank_v2,4,10,true,true
32,1,Adrian Peterson_S32,0.0733264543481939,0.07792207792207792,14,6,5,11,0.15124853227027182,4,5,11,10,5,11,rank_v2,1,11,false,false
32,1,Alyson Hannigan_S32,0.0762264896183725,0.05627705627705628,14,2,11,13,0.1325035458954288,6,11,9,4,11,11,rank_v2,1,11,false,false
32,1,Ariana Madix_S32,0.07405378854441727,0.09090909090909091,14,3,2,5,0.16496287945350818,2,3,13,12,2,11,rank_v2,1,11,false,false
32,1,Barry Williams_S32,0.07243969948001719,0.06926406926406926,14,9,8,17,0.14170376874408647,10,8,5,7,8,11,rank_v2,1,11,false,false
32,1,Charity Lawson_S32,0.07081451500344543,0.09523809523809523,14,10,1,11,0.16605261024154067,5,1,10,14,1,11,rank_v2,1,11,false,false
32,1,Harry Jowsey_S32,0.07392555838814559,0.05194805194805195,14,4,13,17,0.12587361033619754,9,12,6,3,14,11,rank_v2,1,11,false,false
32,1,Jamie Lynn Spears_S32,0.07313282903184101,0.06493506493506493,14,7,9,16,0.13806789396690594,8,10,7,5,9,11,rank_v2,1,11,false,false
32,1,Jason Mraz_S32,0.07300049468431132,0.09090909090909091,14,8,2,10,0.16390958559340224,3,4,12,11,3,11,rank_v2,1,11,false,false
32,1,Lele Pons_S32,0.0835948482776029,0.08225108225108226,14,1,4,5,0.16584593052868515,1,2,14,13,4,11,rank_v2,1,11,false,false
32,1,Matt Walsh_S32,0.05061698837771923,0.05194805194805195,14,14,13,27,0.10256504032577118,14,14,1,1,13,11,rank_v2,1,11,true,true
32,1,Mauricio Umansky_S32,0.07375021005609057,0.06493506493506493,14,5,9,14,0.13868527499115552,7,9,8,6,10,11,rank_v2,1,11,false,false
32,1,Mira Sorvino_S32,0.07077686277622078,0.0735930735930736,14,11,7,18,0.14436993636929438,12,7,3,8,7,11,rank_v2,1,11,false,false
32,1,Tyson Beckford_S32,0.06541637498015465,0.05194805194805195,14,13,13,26,0.1173644269282066,13,13,2,2,12,11,rank_v2,1,11,false,false
32,1,Xochitl Gomez_S32,0.06892488643346939,0.07792207792207792,14,12,5,17,0.1468469643555473,11,6,4,9,6,11,rank_v2,1,11,false,false
32,2,Adrian Peterson_S32,0.0855545100699686,0.06302521008403361,13,2,11,13,0.14857972015400223,5,8,9,6,11,11,rank_v2,1,11,false,false
32,2,Alyson Hannigan_S32,0.07890146230246461,0.07983193277310924,13,7,6,13,0.15873339507557385,7,6,7,8,6,11,rank_v2,1,11,false,false
32,2,Ariana Madix_S32,0.07736658759696548,0.08403361344537816,13,10,5,15,0.16140020104234365,9,5,5,9,5,11,rank_v2,1,11,false,false
32,2,Barry Williams_S32,0.08049773755594297,0.06302521008403361,13,4,11,15,0.14352294763997658,8,9,6,5,10,11,rank_v2,1,11,false,false
32,2,Charity Lawson_S32,0.07766745544551222,0.08823529411764706,13,8,3,11,0.16590274956315929,3,4,11,10,3,11,rank_v2,1,11,false,false
32,2,Harry Jowsey_S32,0.08010593820078787,0.06302521008403361,13,5,11,16,0.14313114828482149,11,10,3,4,12,11,rank_v2,1,11,false,false
32,2,Jamie Lynn Spears_S32,0.04836563228842274,0.06722689075630252,13,13,9,22,0.11559252304472525,13,13,1,1,9,11,rank_v2,1,11,true,true
32,2,Jason Mraz_S32,0.07750995997284987,0.10084033613445378,13,9,1,10,0.17835029610730366,2,1,12,13,1,11,rank_v2,1,11,false,false
32,2,Lele Pons_S32,0.08803057927986631,0.08823529411764706,13,1,3,4,0.17626587339751337,1,3,13,11,4,11,rank_v2,1,11,false,false
32,2,Mauricio Umansky_S32,0.08296774281617986,0.05042016806722689,13,3,13,16,0.13338791088340674,10,12,4,2,13,11,rank_v2,1,11,false,false
32,2,Mira Sorvino_S32,0.07895594742299149,0.07563025210084033,13,6,7,13,0.15458619952383182,6,7,8,7,7,11,rank_v2,1,11,false,false
32,2,Tyson Beckford_S32,0.06717018348067111,0.07563025210084033,13,12,7,19,0.14280043558151145,12,11,2,3,8,11,rank_v2,1,11,false,false
32,2,Xochitl Gomez_S32,0.07690626356737595,0.10084033613445378,13,11,1,12,0.17774659970182974,4,2,10,12,2,11,rank_v2,1,11,false,false
32,3,Adrian Peterson_S32,0.08676072398186226,0.06811145510835913,12,4,11,15,0.15487217909022138,10,11,3,2,11,11,rank_v2,1,11,false,false
32,3,Alyson Hannigan_S32,0.08773502442550228,0.07430340557275542,12,2,8,10,0.16203842999825768,3,7,10,6,9,11,rank_v2,1,11,false,false
32,3,Ariana Madix_S32,0.08265309652958013,0.10526315789473684,12,10,1,11,0.18791625442431698,6,2,7,11,1,11,rank_v2,1,11,false,false
32,3,Barry Williams_S32,0.08175223760869042,0.07739938080495357,12,11,7,18,0.159151618413644,11,9,2,4,7,11,rank_v2,1,11,false,false
32,3,Charity Lawson_S32,0.08571371682023697,0.09907120743034056,12,5,3,8,0.18478492425057752,2,3,11,10,3,11,rank_v2,1,11,false,false
32,3,Harry Jowsey_S32,0.08490329177010927,0.07430340557275542,12,6,8,14,0.1592066973428647,9,8,4,5,8,11,rank_v2,1,11,false,false
32,3,Jason Mraz_S32,0.08284215439601965,0.10526315789473684,12,9,1,10,0.1881053122907565,4,1,9,12,2,11,rank_v2,1,11,false,false
32,3,Lele Pons_S32,0.09055617563613463,0.08359133126934984,12,1,5,6,0.17414750690548447,1,5,12,8,5,11,rank_v2,1,11,false,false
32,3,Mauricio Umansky_S32,0.08718790434293477,0.07120743034055728,12,3,10,13,0.15839533468349204,7,10,6,3,10,11,rank_v2,1,11,false,false
32,3,Mira Sorvino_S32,0.0842748215536529,0.0804953560371517,12,7,6,13,0.1647701775908046,8,6,5,7,6,11,rank_v2,1,11,false,false
32,3,Tyson Beckford_S32,0.06255320052313773,0.06191950464396285,12,12,12,24,0.12447270516710057,12,12,1,1,12,11,rank_v2,1,11,true,true
32,3,Xochitl Gomez_S32,0.08306765241213966,0.09907120743034056,12,8,3,11,0.18213885984248024,5,4,8,9,4,11,rank_v2,1,11,false,false
32,4,Adrian Peterson_S32,0.06694122196510442,0.0875,11,11,7,18,0.1544412219651044,11,11,1,1,6,11,rank_v2,1,11,true,true
32,4,Alyson Hannigan_S32,0.09605157797445121,0.075,11,2,10,12,0.1710515779744512,6,9,6,3,10,11,rank_v2,1,11,false,false
32,4,Ariana Madix_S32,0.091409062066817,0.10416666666666667,11,7,2,9,0.19557572873348367,2,2,10,10,2,11,rank_v2,1,11,false,false
32,4,Barry Williams_S32,0.09386411883268587,0.075,11,5,10,15,0.16886411883268587,10,10,2,2,11,11,rank_v2,1,11,false,false
32,4,Charity Lawson_S32,0.08908441908842167,0.1,11,9,3,12,0.18908441908842166,8,5,4,7,3,11,rank_v2,1,11,false,false
32,4,Harry Jowsey_S32,0.09203958723577535,0.0875,11,6,7,13,0.17953958723577534,9,7,3,5,7,11,rank_v2,1,11,false,false
32,4,Jason Mraz_S32,0.08950406808782947,0.1,11,8,3,11,0.1895040680878295,4,4,8,8,4,11,rank_v2,1,11,false,false
32,4,Lele Pons_S32,0.10139609357459388,0.09166666666666666,11,1,5,6,0.19306276024126054,1,3,11,9,5,11,rank_v2,1,11,false,false
32,4,Mauricio Umansky_S32,0.09542302177760943,0.07916666666666666,11,3,9,12,0.17458968844427608,7,8,5,4,9,11,rank_v2,1,11,false,false
32,4,Mira Sorvino_S32,0.09537219037482152,0.0875,11,4,7,11,0.1828721903748215,3,6,9,6,8,11,rank_v2,1,11,false,false
32,4,Xochitl Gomez_S32,0.08891463902189031,0.1125,11,10,1,11,0.20141463902189033,5,1,7,11,1,11,rank_v2,1,11,false,false
32,5,Alyson Hannigan_S32,0.10647171304507888,0.0875,10,2,9,11,0.19397171304507888,6,8,5,3,9,11,rank_v2,1,11,false,false
32,5,Ariana Madix_S32,0.10209872231600939,0.1,10,6,5,11,0.2020987223160094,7,7,4,4,6,11,rank_v2,1,11,false,false
32,5,Barry Williams_S32,0.1030735508898757,0.1,10,5,5,10,0.20307355088987572,5,6,6,5,5,11,rank_v2,1,11,false,false
32,5,Charity Lawson_S32,0.09726987439682358,0.11666666666666667,10,7,1,8,0.21393654106349025,2,1,9,10,2,11,rank_v2,1,11,false,false
32,5,Harry Jowsey_S32,0.10478871692055952,0.075,10,3,10,13,0.17978871692055953,9,9,2,2,10,11,rank_v2,1,11,false,false
32,5,Jason Mraz_S32,0.09679899550368541,0.1125,10,9,3,12,0.20929899550368541,8,4,3,7,3,11,rank_v2,1,11,false,false
32,5,Lele Pons_S32,0.1111932976926061,0.1,10,1,5,6,0.21119329769260609,1,3,10,8,4,11,rank_v2,1,11,false,false
32,5,Mauricio Umansky_S32,0.10421191829926729,0.1,10,4,5,9,0.2042119182992673,3,5,8,6,7,11,rank_v2,1,11,false,false
32,5,Mira Sorvino_S32,0.07712308274598029,0.09166666666666666,10,10,8,18,0.16878974941264696,10,10,1,1,8,11,rank_v2,1,11,true,true
32,5,Xochitl Gomez_S32,0.0969701281901146,0.11666666666666667,10,8,1,9,0.21363679485678128,4,2,7,9,1,11,rank_v2,1,11,false,false
32,6,Alyson Hannigan_S32,0.12205266159789632,0.09627329192546584,9,2,8,10,0.21832595352336215,6,6,4,4,8,11,rank_v2,1,11,false,false
32,6,Ariana Madix_S32,0.1088693203578274,0.12732919254658384,9,7,2,9,0.23619851290441124,4,2,6,8,2,11,rank_v2,1,11,false,false
32,6,Barry Williams_S32,0.11504505348382213,0.09937888198757763,9,4,7,11,0.21442393547139976,7,7,3,3,7,11,rank_v2,1,11,false,false
32,6,Charity Lawson_S32,0.11439646182354041,0.11801242236024845,9,5,4,9,0.23240888418378886,2,4,8,6,4,11,rank_v2,1,11,false,false
32,6,Harry Jowsey_S32,0.12138739859934772,0.09006211180124224,9,3,9,12,0.21144951040058996,8,8,2,2,9,11,rank_v2,1,11,false,false
32,6,Jason Mraz_S32,0.1089411073839502,0.12111801242236025,9,6,3,9,0.23005911980631044,3,5,7,5,3,11,rank_v2,1,11,false,false
32,6,Lele Pons_S32,0.1245866201754995,0.11490683229813664,9,1,5,6,0.23949345247363613,1,1,9,9,5,11,rank_v2,1,11,false,false
32,6,Mauricio Umansky_S32,0.07916139179415568,0.10248447204968944,9,9,6,15,0.18164586384384512,9,9,1,1,6,11,rank_v2,1,11,true,true
32,6,Xochitl Gomez_S32,0.10555998478396118,0.13043478260869565,9,8,1,9,0.23599476739265685,5,3,5,7,1,11,rank_v2,1,11,false,false
32,7,Alyson Hannigan_S32,0.1395503557982912,0.12411347517730496,8,2,6,8,0.26366383097559615,3,1,6,8,6,11,rank_v2,1,11,false,false
32,7,Ariana Madix_S32,0.12065081764948009,0.13120567375886524,8,6,1,7,0.2518564914083453,1,5,8,4,2,11,rank_v2,1,11,false,false
32,7,Barry Williams_S32,0.14201014166430156,0.11524822695035461,8,1,7,8,0.2572583686146562,2,3,7,6,7,11,rank_v2,1,11,false,false
32,7,Charity Lawson_S32,0.1358809850120201,0.1276595744680851,8,4,4,8,0.2635405594801052,4,2,5,7,5,11,rank_v2,1,11,false,false
32,7,Harry Jowsey_S32,0.13834420362554706,0.11347517730496454,8,3,8,11,0.2518193809305116,7,6,2,3,8,11,rank_v2,1,11,false,false
32,7,Jason Mraz_S32,0.12463143743500434,0.1276595744680851,8,5,4,9,0.25229101190308945,6,4,3,5,4,11,rank_v2,1,11,false,false
32,7,Lele Pons_S32,0.08337564064151035,0.12943262411347517,8,8,3,11,0.21280826475498552,8,8,1,1,3,11,rank_v2,1,11,true,true
32,7,Xochitl Gomez_S32,0.11555641817384325,0.13120567375886524,8,7,1,8,0.24676209193270848,5,7,4,2,1,11,rank_v2,1,11,false,false
32,8,Alyson Hannigan_S32,0.14836689535459446,0.1422924901185771,7,4,4,8,0.29065938547317155,4,4,4,4,4,11,rank_v2,1,11,false,false
32,8,Ariana Madix_S32,0.14759380613489861,0.16600790513833993,7,5,1,6,0.31360171127323855,2,1,6,7,1,11,rank_v2,1,11,false,false
32,8,Barry Williams_S32,0.11060257559531922,0.1383399209486166,7,7,5,12,0.24894249654393583,7,7,1,1,5,11,rank_v2,1,11,true,true
32,8,Charity Lawson_S32,0.14868979461778298,0.1541501976284585,7,3,3,6,0.3028399922462415,1,2,7,6,3,11,rank_v2,1,11,false,false
32,8,Harry Jowsey_S32,0.14973935930174453,0.11067193675889328,7,2,7,9,0.26041129606063784,6,6,2,2,7,11,rank_v2,1,11,false,false
32,8,Jason Mraz_S32,0.15120082120573278,0.13043478260869565,7,1,6,7,0.2816356038144284,3,5,5,3,6,11,rank_v2,1,11,false,false
32,8,Xochitl Gomez_S32,0.14380674778992575,0.15810276679841898,7,6,2,8,0.3019095145883447,5,3,3,5,2,11,rank_v2,1,11,false,false
32,9,Alyson Hannigan_S32,0.17601789640475168,0.14479638009049775,6,2,5,7,0.3208142764952494,4,5,3,2,5,11,rank_v2,1,11,false,false
32,9,Ariana Madix_S32,0.17607149207339773,0.167420814479638,6,1,4,5,0.34349230655303575,1,3,6,4,4,11,rank_v2,1,11,false,false
32,9,Charity Lawson_S32,0.17136485836843204,0.17194570135746606,6,3,3,6,0.3433105597258981,3,4,4,3,3,11,rank_v2,1,11,false,false
32,9,Harry Jowsey_S32,0.14612175240088823,0.13574660633484162,6,6,6,12,0.28186835873572985,6,6,1,1,6,11,rank_v2,1,11,true,true
32,9,Jason Mraz_S32,0.1682885837055856,0.19457013574660634,6,4,1,5,0.36285871945219195,2,1,5,6,1,11,rank_v2,1,11,false,false
32,9,Xochitl Gomez_S32,0.16213541704694132,0.18552036199095023,6,5,2,7,0.3476557790378916,5,2,2,5,2,11,rank_v2,1,11,false,false
32,10,Alyson Hannigan_S32,0.1985210951981773,0.17894736842105263,5,4,5,9,0.3774684636192299,5,5,1,1,5,11,rank_v2,0,11,false,false
32,10,Ariana Madix_S32,0.20518026393242572,0.20350877192982456,5,1,3,4,0.40868903586225025,1,1,5,5,3,11,rank_v2,0,11,false,false
32,10,Charity Lawson_S32,0.20088284672251017,0.20701754385964913,5,2,2,4,0.4079003905821593,2,2,4,4,2,11,rank_v2,0,11,false,false
32,10,Jason Mraz_S32,0.19942022551304822,0.2,5,3,4,7,0.39942022551304823,4,4,2,2,4,11,rank_v2,0,11,false,false
32,10,Xochitl Gomez_S32,0.19599556863384038,0.21052631578947367,5,5,1,6,0.40652188442331405,3,3,3,3,1,11,rank_v2,0,11,false,false
32,11,Alyson Hannigan_S32,0.1845800688632896,0.18213058419243985,5,4,5,9,0.3667106530557295,5,4,1,2,5,11,rank_v2,5,11,true,true
32,11,Ariana Madix_S32,0.20477740535967642,0.2027491408934708,5,3,3,6,0.4075265462531472,3,3,3,3,3,11,rank_v2,5,11,true,true
32,11,Charity Lawson_S32,0.14746713199856099,0.2027491408934708,5,5,3,8,0.3502162728920318,4,5,2,1,4,11,rank_v2,5,11,true,true
32,11,Jason Mraz_S32,0.20546272881662966,0.20618556701030927,5,2,1,3,0.41164829582693896,2,2,4,4,2,11,rank_v2,5,11,true,true
32,11,Xochitl Gomez_S32,0.2577126649618487,0.20618556701030927,5,1,1,2,0.46389823197215796,1,1,5,5,1,11,rank_v2,5,11,true,true
33,1,Anna Delvey_S33,0.04695356107274748,0.0728744939271255,13,13,9,22,0.11982805499987298,11,13,3,1,8,9,rank_v2,0,9,false,false
33,1,Brooks Nader_S33,0.07063912712945249,0.0728744939271255,13,12,9,21,0.143513621056578,10,10,4,4,10,9,rank_v2,0,9,false,false
33,1,Chandler Kinney_S33,0.08048627046211107,0.0931174089068826,13,6,1,7,0.17360367936899368,3,1,11,13,1,9,rank_v2,0,9,false,false
33,1,Danny Amendola_S33,0.08053890190382053,0.08097165991902834,13,5,5,10,0.16151056182284887,5,5,9,9,5,9,rank_v2,0,9,false,false
33,1,Dwight Howard _S33,0.08262533475919094,0.08906882591093117,13,1,2,3,0.1716941606701221,1,2,13,12,2,9,rank_v2,0,9,false,false
33,1,Eric Roberts_S33,0.07879497720827291,0.06072874493927125,13,10,13,23,0.13952372214754416,12,12,2,2,13,9,rank_v2,0,9,false,false
33,1,Ilona Maher_S33,0.07889781185275917,0.0728744939271255,13,9,9,18,0.15177230577988465,9,8,5,6,9,9,rank_v2,0,9,false,false
33,1,Jenn Tran_S33,0.07970317042824952,0.07692307692307693,13,8,6,14,0.15662624735132646,8,7,6,7,6,9,rank_v2,0,9,false,false
33,1,Joey Graziadei_S33,0.07970703495652164,0.08502024291497975,13,7,3,10,0.16472727787150138,6,4,8,10,4,9,rank_v2,0,9,false,false
33,1,Phaedra Parks_S33,0.08095547395921228,0.07692307692307693,13,4,6,10,0.1578785508822892,4,6,10,8,7,9,rank_v2,0,9,false,false
33,1,Reginald VelJohnson_S33,0.07813258457865946,0.06477732793522267,13,11,12,23,0.14290991251388213,13,11,1,3,12,9,rank_v2,0,9,false,false
33,1,Stephen Nedoroscik_S33,0.08142227340680919,0.08502024291497975,13,2,3,5,0.16644251632178894,2,3,12,11,3,9,rank_v2,0,9,false,false
33,1,Tori Spelling_S33,0.08114347828219218,0.06882591093117409,13,3,11,14,0.14996938921336628,7,9,7,5,11,9,rank_v2,0,9,false,false
33,2,Anna Delvey_S33,0.03160757913677774,0.06589147286821706,13,13,11,24,0.0974990520049948,13,13,1,1,11,9,rank_v2,2,9,true,true
33,2,Brooks Nader_S33,0.07451730398588781,0.07751937984496124,13,11,8,19,0.15203668383084906,9,9,5,5,8,9,rank_v2,2,9,false,false
33,2,Chandler Kinney_S33,0.08421490337851464,0.09302325581395349,13,7,1,8,0.17723815919246813,4,1,10,13,1,9,rank_v2,2,9,false,false
33,2,Danny Amendola_S33,0.08627619940172677,0.08139534883720931,13,1,6,7,0.1676715482389361,2,5,12,9,7,9,rank_v2,2,9,false,false
33,2,Dwight Howard _S33,0.08536712405901727,0.08527131782945736,13,3,3,6,0.17063844188847463,1,2,13,12,3,9,rank_v2,2,9,false,false
33,2,Eric Roberts_S33,0.08214514101342843,0.05813953488372093,13,10,12,22,0.14028467589714935,12,11,2,3,12,9,rank_v2,2,9,true,false
33,2,Ilona Maher_S33,0.08472851171893747,0.08139534883720931,13,5,6,11,0.16612386055614678,6,7,8,7,5,9,rank_v2,2,9,false,false
33,2,Jenn Tran_S33,0.08490250923706594,0.07364341085271318,13,4,9,13,0.15854592008977914,8,8,6,6,9,9,rank_v2,2,9,false,false
33,2,Joey Graziadei_S33,0.08428656827357991,0.08527131782945736,13,6,3,9,0.1695578861030373,5,3,9,11,4,9,rank_v2,2,9,false,false
33,2,Phaedra Parks_S33,0.08567547156791384,0.08139534883720931,13,2,6,8,0.16707082040512317,3,6,11,8,6,9,rank_v2,2,9,false,false
33,2,Reginald VelJohnson_S33,0.08335352538714438,0.05813953488372093,13,9,12,21,0.1414930602708653,10,10,4,4,13,9,rank_v2,2,9,false,false
33,2,Stephen Nedoroscik_S33,0.08367283698077832,0.08527131782945736,13,8,3,11,0.16894415481023567,7,4,7,10,2,9,rank_v2,2,9,false,false
33,2,Tori Spelling_S33,0.04925232585922809,0.07364341085271318,13,12,9,21,0.12289573671194128,11,12,3,2,10,9,rank_v2,2,9,false,true
33,3,Brooks Nader_S33,0.08678831084400948,0.0959119496855346,11,10,5,15,0.18270026052954408,9,8,3,4,5,9,rank_v2,2,9,false,false
33,3,Chandler Kinney_S33,0.09798753578763528,0.10849056603773585,11,6,2,8,0.20647810182537113,3,2,9,10,2,9,rank_v2,2,9,false,false
33,3,Danny Amendola_S33,0.0986987403261821,0.09433962264150944,11,4,6,10,0.19303836296769156,5,5,7,7,6,9,rank_v2,2,9,false,false
33,3,Dwight Howard _S33,0.09880424318832057,0.08176100628930817,11,3,9,12,0.18056524947762875,7,9,5,3,9,9,rank_v2,2,9,false,false
33,3,Eric Roberts_S33,0.0962985097247946,0.07232704402515723,11,8,10,18,0.16862555374995183,10,10,2,2,10,9,rank_v2,2,9,true,true
33,3,Ilona Maher_S33,0.10029602532837952,0.0880503144654088,11,1,7,8,0.18834633979378831,2,6,10,6,8,9,rank_v2,2,9,false,false
33,3,Jenn Tran_S33,0.09674021368479635,0.09748427672955975,11,7,3,10,0.1942244904143561,6,3,6,9,4,9,rank_v2,2,9,false,false
33,3,Joey Graziadei_S33,0.09863694114764888,0.11006289308176101,11,5,1,6,0.2086998342294099,1,1,11,11,1,9,rank_v2,2,9,false,false
33,3,Phaedra Parks_S33,0.09946399240545883,0.0880503144654088,11,2,7,9,0.18751430687086762,4,7,8,5,7,9,rank_v2,2,9,false,false
33,3,Reginald VelJohnson_S33,0.0305237947734646,0.0660377358490566,11,11,11,22,0.09656153062252121,11,11,1,1,11,9,rank_v2,2,9,true,true
33,3,Stephen Nedoroscik_S33,0.09576169278931188,0.09748427672955975,11,9,3,12,0.19324596951887163,8,4,4,8,3,9,rank_v2,2,9,false,false
33,4,Brooks Nader_S33,0.08538556007204273,0.10884353741496598,9,9,6,15,0.19422909748700873,9,9,1,1,5,9,rank_v2,1,9,true,true
33,4,Chandler Kinney_S33,0.11398032503522239,0.10884353741496598,9,5,6,11,0.22282386245018837,6,5,4,5,7,9,rank_v2,1,9,false,false
33,4,Danny Amendola_S33,0.11617531640158839,0.12244897959183673,9,3,1,4,0.2386242959934251,1,1,9,9,1,9,rank_v2,1,9,false,false
33,4,Dwight Howard _S33,0.11769811763274839,0.09863945578231292,9,1,9,10,0.21633757341506132,4,8,6,2,9,9,rank_v2,1,9,false,false
33,4,Ilona Maher_S33,0.1169099575626773,0.10884353741496598,9,2,6,8,0.2257534949776433,2,3,8,7,8,9,rank_v2,1,9,false,false
33,4,Jenn Tran_S33,0.11391551589309072,0.10884353741496598,9,6,6,12,0.2227590533080567,8,6,2,4,4,9,rank_v2,1,9,false,false
33,4,Joey Graziadei_S33,0.11143261495225766,0.12244897959183673,9,7,1,8,0.2338815945440944,3,2,7,8,2,9,rank_v2,1,9,false,false
33,4,Phaedra Parks_S33,0.11523660361344149,0.10884353741496598,9,4,6,10,0.22408014102840745,5,4,5,6,6,9,rank_v2,1,9,false,false
33,4,Stephen Nedoroscik_S33,0.10926598883693048,0.11224489795918367,9,8,3,11,0.22151088679611414,7,7,3,3,3,9,rank_v2,1,9,false,false
33,5,Chandler Kinney_S33,0.12298553878763935,0.13366336633663367,8,7,1,8,0.256648905124273,6,2,3,7,1,9,rank_v2,1,9,false,false
33,5,Danny Amendola_S33,0.13369487108707828,0.12623762376237624,8,2,4,6,0.2599324948494545,1,1,8,8,5,9,rank_v2,1,9,false,false
33,5,Dwight Howard _S33,0.13341315873502899,0.1188118811881188,8,3,7,10,0.2522250399231478,7,7,2,2,6,9,rank_v2,1,9,false,false
33,5,Ilona Maher_S33,0.12604698017509253,0.12871287128712872,8,5,2,7,0.25475985146222124,2,4,7,5,2,9,rank_v2,1,9,false,false
33,5,Jenn Tran_S33,0.12945660208425033,0.12623762376237624,8,4,4,8,0.2556942258466266,4,3,5,6,4,9,rank_v2,1,9,false,false
33,5,Joey Graziadei_S33,0.12471480439234851,0.12871287128712872,8,6,2,8,0.2534276756794772,5,5,4,4,3,9,rank_v2,1,9,false,false
33,5,Phaedra Parks_S33,0.09563582178917286,0.1188118811881188,8,8,7,15,0.21444770297729165,8,8,1,1,8,9,rank_v2,1,9,true,true
33,5,Stephen Nedoroscik_S33,0.1340522229493912,0.1188118811881188,8,1,7,8,0.25286410413751004,3,6,6,3,7,9,rank_v2,1,9,false,false
33,6,Chandler Kinney_S33,0.1411297629218721,0.1553398058252427,7,5,1,6,0.29646956874711483,2,2,6,6,1,9,rank_v2,1,9,false,false
33,6,Danny Amendola_S33,0.16053956444451276,0.13592233009708737,7,1,5,6,0.2964618945416001,1,3,7,5,5,9,rank_v2,1,9,false,false
33,6,Dwight Howard _S33,0.15311790927487937,0.15048543689320387,7,4,3,7,0.30360334616808327,3,1,5,7,4,9,rank_v2,1,9,false,false
33,6,Ilona Maher_S33,0.15729197010631632,0.11650485436893204,7,2,7,9,0.27379682447524833,6,6,2,2,7,9,rank_v2,1,9,false,false
33,6,Jenn Tran_S33,0.09439101663533835,0.15048543689320387,7,7,3,10,0.2448764535285422,7,7,1,1,3,9,rank_v2,1,9,true,true
33,6,Joey Graziadei_S33,0.1390035242576544,0.1553398058252427,7,6,1,7,0.2943433300828971,4,4,4,4,2,9,rank_v2,1,9,false,false
33,6,Stephen Nedoroscik_S33,0.15452625235943043,0.13592233009708737,7,3,5,8,0.29044858245651783,5,5,3,3,6,9,rank_v2,1,9,false,false
33,7,Chandler Kinney_S33,0.1677958617240621,0.1875,6,4,1,5,0.35529586172406213,1,1,6,6,1,9,rank_v2,1,9,false,false
33,7,Danny Amendola_S33,0.1729330703263984,0.159375,6,1,5,6,0.3323080703263984,2,5,5,2,5,9,rank_v2,1,9,false,false
33,7,Dwight Howard _S33,0.15318843668281046,0.15,6,6,6,12,0.3031884366828105,6,6,1,1,6,9,rank_v2,1,9,true,true
33,7,Ilona Maher_S33,0.17131685414601028,0.1625,6,2,4,6,0.33381685414601026,3,4,4,3,4,9,rank_v2,1,9,false,false
33,7,Joey Graziadei_S33,0.16479903176757985,0.171875,6,5,2,7,0.3366740317675798,5,3,2,4,2,9,rank_v2,1,9,false,false
33,7,Stephen Nedoroscik_S33,0.16996674535313877,0.16875,6,3,3,6,0.3387167453531388,4,2,3,5,3,9,rank_v2,1,9,false,false
33,8,Chandler Kinney_S33,0.1972703652333522,0.20714285714285716,5,4,1,5,0.40441322237620936,2,1,4,5,1,9,rank_v2,0,9,false,false
33,8,Danny Amendola_S33,0.2039881026667388,0.19285714285714287,5,1,4,5,0.3968452455238817,1,4,5,2,4,9,rank_v2,0,9,false,false
33,8,Ilona Maher_S33,0.2006543086882802,0.20357142857142857,5,3,3,6,0.4042257372597088,3,2,3,4,3,9,rank_v2,0,9,false,false
33,8,Joey Graziadei_S33,0.19691615016894712,0.20714285714285716,5,5,1,6,0.4040590073118043,4,3,2,3,2,9,rank_v2,0,9,false,false
33,8,Stephen Nedoroscik_S33,0.20117107324268238,0.18928571428571428,5,2,5,7,0.39045678752839663,5,5,1,1,5,9,rank_v2,0,9,false,false
33,9,Chandler Kinney_S33,0.13774194507687523,0.20618556701030927,5,5,1,6,0.34392751208718453,4,5,2,1,1,9,rank_v2,5,9,true,true
33,9,Danny Amendola_S33,0.20077122546714285,0.19243986254295534,5,3,5,8,0.3932110880100982,5,3,1,3,5,9,rank_v2,5,9,true,true
33,9,Ilona Maher_S33,0.2605360111326778,0.1958762886597938,5,1,4,5,0.45641229979247167,2,1,4,5,4,9,rank_v2,5,9,true,true
33,9,Joey Graziadei_S33,0.22662737410473655,0.2027491408934708,5,2,2,4,0.42937651499820734,1,2,5,4,3,9,rank_v2,5,9,true,true
33,9,Stephen Nedoroscik_S33,0.1743234442185628,0.2027491408934708,5,4,2,6,0.37707258511203356,3,4,3,2,2,9,rank_v2,5,9,true,true
34,1,Alix Earle_S34,0.07360826623854873,0.07926829268292683,14,10,4,14,0.15287655892147556,7,3,8,12,4,11,rank_v2,0,11,false,false
34,1,Andy Richter_S34,0.06604495542313399,0.054878048780487805,14,12,13,25,0.12092300420362179,14,14,1,1,13,11,rank_v2,0,11,false,false
34,1,Baron Davis_S34,0.07444281031759936,0.06097560975609756,14,6,10,16,0.13541842007369692,9,10,6,5,9,11,rank_v2,0,11,false,false
34,1,Corey Feldman_S34,0.07528588781393154,0.054878048780487805,14,4,13,17,0.13016393659441935,11,13,4,2,14,11,rank_v2,0,11,false,false
34,1,Danielle Fishel_S34,0.07589420420807676,0.07317073170731707,14,2,7,9,0.14906493591539383,2,5,13,10,7,11,rank_v2,0,11,false,false
34,1,Dylan Efron_S34,0.07535917073537399,0.06097560975609756,14,3,10,13,0.13633478049147155,5,9,10,6,11,11,rank_v2,0,11,false,false
34,1,Elaine Hendrix_S34,0.07443214392058241,0.07317073170731707,14,7,7,14,0.14760287562789948,6,7,9,8,6,11,rank_v2,0,11,false,false
34,1,Hilaria Baldwin_S34,0.06359313004192367,0.08536585365853659,14,13,3,16,0.14895898370046026,10,6,5,9,3,11,rank_v2,0,11,false,false
34,1,Jen Affleck_S34,0.07605298763922574,0.07317073170731707,14,1,7,8,0.14922371934654283,1,4,14,11,8,11,rank_v2,0,11,false,false
34,1,Jordan Chiles_S34,0.07298150686242845,0.06097560975609756,14,11,10,21,0.133957116618526,13,12,2,3,10,11,rank_v2,0,11,false,false
34,1,Lauren Jauregui_S34,0.07518965914544846,0.07926829268292683,14,5,4,9,0.1544579518283753,3,2,12,13,5,11,rank_v2,0,11,false,false
34,1,Robert Irwin_S34,0.049477964638533344,0.09146341463414634,14,14,1,15,0.1409413792726797,8,8,7,7,1,11,rank_v2,0,11,false,false
34,1,Scott Hoying_S34,0.07387588822700007,0.06097560975609756,14,8,10,18,0.13485149798309765,12,11,3,4,12,11,rank_v2,0,11,false,false
34,1,Whitney Leavitt_S34,0.07376142478819339,0.09146341463414634,14,9,1,10,0.16522483942233973,4,1,11,14,2,11,rank_v2,0,11,false,false
34,2,Alix Earle_S34,0.07541196463552727,0.07553956834532374,14,4,6,10,0.150951532980851,3,4,12,11,8,11,rank_v2,2,11,false,false
34,2,Andy Richter_S34,0.07101719241242167,0.05755395683453238,14,10,13,23,0.12857114924695406,13,13,2,2,13,11,rank_v2,2,11,true,true
34,2,Baron Davis_S34,0.0702759158917753,0.06474820143884892,14,11,11,22,0.13502411733062422,12,11,3,4,12,11,rank_v2,2,11,false,false
34,2,Corey Feldman_S34,0.06863608114849064,0.0539568345323741,14,12,14,26,0.12259291568086474,14,14,1,1,14,11,rank_v2,2,11,true,true
34,2,Danielle Fishel_S34,0.07779325837392549,0.0683453237410072,14,1,10,11,0.1461385821149327,5,8,10,7,10,11,rank_v2,2,11,false,false
34,2,Dylan Efron_S34,0.07564124543689359,0.07194244604316546,14,3,9,12,0.14758369148005906,7,7,8,8,9,11,rank_v2,2,11,false,false
34,2,Elaine Hendrix_S34,0.07409074696930182,0.07553956834532374,14,5,6,11,0.14963031531462556,6,5,9,10,5,11,rank_v2,2,11,false,false
34,2,Hilaria Baldwin_S34,0.06697608157520347,0.07553956834532374,14,13,6,19,0.14251564992052723,10,9,5,6,7,11,rank_v2,2,11,false,false
34,2,Jen Affleck_S34,0.07252493284586557,0.07913669064748201,14,8,2,10,0.15166162349334758,4,3,11,12,4,11,rank_v2,2,11,false,false
34,2,Jordan Chiles_S34,0.0770394539020937,0.07913669064748201,14,2,2,4,0.1561761445495757,1,1,14,14,2,11,rank_v2,2,11,false,false
34,2,Lauren Jauregui_S34,0.07381908955235408,0.07553956834532374,14,6,6,12,0.14935865789767783,8,6,7,9,6,11,rank_v2,2,11,false,false
34,2,Robert Irwin_S34,0.05091847662521269,0.07913669064748201,14,14,2,16,0.1300551672726947,9,12,6,3,1,11,rank_v2,2,11,false,false
34,2,Scott Hoying_S34,0.07250266574292487,0.06474820143884892,14,9,11,20,0.1372508671817738,11,10,4,5,11,11,rank_v2,2,11,false,false
34,2,Whitney Leavitt_S34,0.0733528948880105,0.07913669064748201,14,7,2,9,0.15248958553549252,2,2,13,13,3,11,rank_v2,2,11,false,false
34,3,Alix Earle_S34,0.08450704595448777,0.08949416342412451,12,9,3,12,0.1740012093786123,7,5,6,8,3,11,rank_v2,1,11,false,false
34,3,Andy Richter_S34,0.0861085717349437,0.07003891050583658,12,8,11,19,0.1561474822407803,11,10,2,3,12,11,rank_v2,1,11,false,false
34,3,Danielle Fishel_S34,0.09371012986711956,0.08171206225680934,12,1,8,9,0.1754221921239289,4,4,9,9,9,11,rank_v2,1,11,false,false
34,3,Dylan Efron_S34,0.0894849465133142,0.08949416342412451,12,4,3,7,0.1789791099374387,2,3,11,10,4,11,rank_v2,1,11,false,false
34,3,Elaine Hendrix_S34,0.09134760711493671,0.08171206225680934,12,3,8,11,0.17305966937174605,5,6,8,7,8,11,rank_v2,1,11,false,false
34,3,Hilaria Baldwin_S34,0.07740218099641699,0.08560311284046693,12,10,6,16,0.16300529383688392,9,9,4,4,5,11,rank_v2,1,11,false,false
34,3,Jen Affleck_S34,0.0920841639699357,0.07392996108949416,12,2,10,12,0.16601412505942986,6,8,7,5,10,11,rank_v2,1,11,false,false
34,3,Jordan Chiles_S34,0.0871546129307498,0.0933852140077821,12,6,1,7,0.1805398269385319,3,2,10,11,2,11,rank_v2,1,11,false,false
34,3,Lauren Jauregui_S34,0.06693588681749855,0.07003891050583658,12,11,11,22,0.13697479732333512,12,12,1,1,11,11,rank_v2,1,11,true,true
34,3,Robert Irwin_S34,0.05605190853502063,0.08560311284046693,12,12,6,18,0.14165502137548755,10,11,3,2,6,11,rank_v2,1,11,false,false
34,3,Scott Hoying_S34,0.0864524683094575,0.08560311284046693,12,7,6,13,0.17205558114992442,8,7,5,6,7,11,rank_v2,1,11,false,false
34,3,Whitney Leavitt_S34,0.08876047725611934,0.0933852140077821,12,5,1,6,0.18214569126390145,1,1,12,12,1,11,rank_v2,1,11,false,false
34,4,Alix Earle_S34,0.09334804551838663,0.0967741935483871,11,8,3,11,0.19012223906677372,8,5,4,7,2,11,rank_v2,1,11,false,false
34,4,Andy Richter_S34,0.09273591304552531,0.07258064516129033,11,9,11,20,0.16531655820681562,11,10,1,2,11,11,rank_v2,1,11,true,false
34,4,Danielle Fishel_S34,0.1074407263053379,0.0846774193548387,11,1,9,10,0.1921181456601766,5,2,7,10,10,11,rank_v2,1,11,false,false
34,4,Dylan Efron_S34,0.09651290488613816,0.09274193548387097,11,3,6,9,0.18925484037000911,3,6,9,6,5,11,rank_v2,1,11,false,false
34,4,Elaine Hendrix_S34,0.09391434845302271,0.0967741935483871,11,6,3,9,0.1906885420014098,4,4,8,8,4,11,rank_v2,1,11,false,false
34,4,Hilaria Baldwin_S34,0.05449087333629173,0.09274193548387097,11,11,6,17,0.1472328088201627,9,11,3,1,6,11,rank_v2,1,11,false,true
34,4,Jen Affleck_S34,0.09421940295058395,0.09274193548387097,11,4,6,10,0.18696133843445492,6,7,6,5,7,11,rank_v2,1,11,false,false
34,4,Jordan Chiles_S34,0.09415176744112848,0.0967741935483871,11,5,3,8,0.1909259609895156,1,3,11,9,3,11,rank_v2,1,11,false,false
34,4,Robert Irwin_S34,0.07961102367333878,0.08870967741935484,11,10,8,18,0.16832070109269362,10,9,2,3,8,11,rank_v2,1,11,false,false
34,4,Scott Hoying_S34,0.09992049479526971,0.0846774193548387,11,2,9,11,0.1845979141501084,7,8,5,4,9,11,rank_v2,1,11,false,false
34,4,Whitney Leavitt_S34,0.0936544995949772,0.10080645161290322,11,7,1,8,0.19446095120788043,2,1,10,11,1,11,rank_v2,1,11,false,false
34,5,Alix Earle_S34,0.10351273092483687,0.11182108626198083,10,7,2,9,0.2153338171868177,6,2,5,9,2,11,rank_v2,0,11,false,false
34,5,Andy Richter_S34,0.0918754345052686,0.07667731629392971,10,9,10,19,0.1685527507991983,10,10,1,1,10,11,rank_v2,0,11,false,false
34,5,Danielle Fishel_S34,0.10644857939826846,0.0926517571884984,10,1,8,9,0.19910033658676685,4,6,7,5,9,11,rank_v2,0,11,false,false
34,5,Dylan Efron_S34,0.1035706878771824,0.11501597444089456,10,6,1,7,0.21858666231807697,2,1,9,10,1,11,rank_v2,0,11,false,false
34,5,Elaine Hendrix_S34,0.10313391784113897,0.09584664536741214,10,8,6,14,0.19898056320855112,9,7,2,4,6,11,rank_v2,0,11,false,false
34,5,Jen Affleck_S34,0.10384697762153765,0.0926517571884984,10,5,8,13,0.19649873481003605,8,8,3,3,8,11,rank_v2,0,11,false,false
34,5,Jordan Chiles_S34,0.10385897172284643,0.10223642172523961,10,4,5,9,0.20609539344808603,5,4,6,7,5,11,rank_v2,0,11,false,false
34,5,Robert Irwin_S34,0.07100015209406267,0.11182108626198083,10,10,2,12,0.1828212383560435,7,9,4,2,3,11,rank_v2,0,11,false,false
34,5,Scott Hoying_S34,0.10641167561606908,0.09584664536741214,10,2,6,8,0.20225832098348123,3,5,8,6,7,11,rank_v2,0,11,false,false
34,5,Whitney Leavitt_S34,0.10634087239878913,0.10543130990415335,10,3,4,7,0.21177218230294248,1,3,10,8,4,11,rank_v2,0,11,false,false
34,6,Alix Earle_S34,0.10596602803302321,0.10294117647058823,10,4,6,10,0.20890720450361144,6,5,5,6,6,11,rank_v2,1,11,false,false
34,6,Andy Richter_S34,0.09988939915174742,0.07941176470588235,10,8,10,18,0.1793011638576298,9,8,2,3,10,11,rank_v2,1,11,false,false
34,6,Danielle Fishel_S34,0.10701486570946353,0.10588235294117647,10,3,4,7,0.21289721865063999,2,3,9,8,3,11,rank_v2,1,11,false,false
34,6,Dylan Efron_S34,0.11007978195015107,0.09411764705882353,10,1,7,8,0.20419742900897458,4,6,7,5,8,11,rank_v2,1,11,false,false
34,6,Elaine Hendrix_S34,0.10398365157832082,0.10588235294117647,10,7,4,11,0.20986600451949727,7,4,4,7,5,11,rank_v2,1,11,false,false
34,6,Jen Affleck_S34,0.1074789136630911,0.09411764705882353,10,2,7,9,0.20159656072191462,5,7,6,4,7,11,rank_v2,1,11,false,false
34,6,Jordan Chiles_S34,0.10498139920827101,0.11470588235294117,10,5,1,6,0.2196872815612122,1,1,10,10,1,11,rank_v2,1,11,false,false
34,6,Robert Irwin_S34,0.07308941866447173,0.10588235294117647,10,10,4,14,0.1789717716056482,8,9,3,2,4,11,rank_v2,1,11,false,false
34,6,Scott Hoying_S34,0.08296322232512661,0.08235294117647059,10,9,9,18,0.1653161635015972,10,10,1,1,9,11,rank_v2,1,11,true,true
34,6,Whitney Leavitt_S34,0.10455331971633336,0.11470588235294117,10,6,1,7,0.21925920206927452,3,2,8,9,2,11,rank_v2,1,11,false,false
34,7,Alix Earle_S34,0.11638413302399933,0.12951807228915663,9,6,1,7,0.24590220531315596,4,1,6,9,1,11,rank_v2,1,11,false,false
34,7,Andy Richter_S34,0.11125197770868069,0.08734939759036145,9,7,9,16,0.19860137529904215,9,8,1,2,9,11,rank_v2,1,11,true,false
34,7,Danielle Fishel_S34,0.1250870132013381,0.10542168674698796,9,1,6,7,0.23050869994832607,1,5,9,5,6,11,rank_v2,1,11,false,false
34,7,Dylan Efron_S34,0.1170446842710559,0.1144578313253012,9,4,4,8,0.2315025155963571,5,4,5,6,4,11,rank_v2,1,11,false,false
34,7,Elaine Hendrix_S34,0.12324866462591448,0.0963855421686747,9,2,8,10,0.21963420679458917,6,6,4,4,8,11,rank_v2,1,11,false,false
34,7,Jen Affleck_S34,0.0867682018500355,0.10240963855421686,9,8,7,15,0.18917784040425237,8,9,2,1,7,11,rank_v2,1,11,false,true
34,7,Jordan Chiles_S34,0.11906712783622332,0.1144578313253012,9,3,4,7,0.23352495916152452,2,3,8,7,5,11,rank_v2,1,11,false,false
34,7,Robert Irwin_S34,0.08425743970344958,0.12349397590361445,9,9,3,12,0.20775141560706403,7,7,3,3,3,11,rank_v2,1,11,false,false
34,7,Whitney Leavitt_S34,0.1168907577793031,0.12650602409638553,9,5,2,7,0.24339678187568864,3,2,7,8,2,11,rank_v2,1,11,false,false
34,8,Alix Earle_S34,0.13489285702839965,0.12769485903814262,8,5,3,8,0.2625877160665423,4,5,5,4,3,11,rank_v2,1,11,false,false
34,8,Andy Richter_S34,0.12356501592645022,0.11276948590381426,8,6,8,14,0.2363345018302645,7,6,2,3,8,11,rank_v2,1,11,false,false
34,8,Danielle Fishel_S34,0.08818993888956621,0.12271973466003316,8,8,7,15,0.21090967354959939,8,8,1,1,7,11,rank_v2,1,11,true,true
34,8,Dylan Efron_S34,0.14170318989928493,0.12603648424543948,8,1,4,5,0.26773967414472444,2,3,7,6,4,11,rank_v2,1,11,false,false
34,8,Elaine Hendrix_S34,0.13879389536765843,0.12437810945273632,8,3,6,9,0.26317200482039477,5,4,4,5,6,11,rank_v2,1,11,false,false
34,8,Jordan Chiles_S34,0.14086020736065935,0.12935323383084577,8,2,2,4,0.27021344119150514,1,1,8,8,2,11,rank_v2,1,11,false,false
34,8,Robert Irwin_S34,0.09521101475813501,0.12603648424543948,8,7,4,11,0.2212474990035745,6,7,3,2,5,11,rank_v2,1,11,false,false
34,8,Whitney Leavitt_S34,0.1367838807698469,0.1310116086235489,8,4,1,5,0.2677954893933958,3,2,6,7,1,11,rank_v2,1,11,false,false
34,9,Alix Earle_S34,0.15533884363034164,0.14814814814814814,7,3,4,7,0.3034869917784898,3,3,5,5,4,11,rank_v2,1,11,false,false
34,9,Andy Richter_S34,0.1290447654857105,0.10740740740740741,7,6,7,13,0.23645217289311793,7,7,1,1,7,11,rank_v2,1,11,true,true
34,9,Dylan Efron_S34,0.15581332017536279,0.15555555555555556,7,1,2,3,0.3113688757309183,1,1,7,7,2,11,rank_v2,1,11,false,false
34,9,Elaine Hendrix_S34,0.1523011358450736,0.13333333333333333,7,4,6,10,0.28563446917840696,6,5,2,3,6,11,rank_v2,1,11,false,false
34,9,Jordan Chiles_S34,0.15552205850647,0.14444444444444443,7,2,5,7,0.2999665029509144,2,4,6,4,5,11,rank_v2,1,11,false,false
34,9,Robert Irwin_S34,0.10206266624174655,0.15555555555555556,7,7,2,9,0.2576182217973021,5,6,3,2,3,11,rank_v2,1,11,false,false
34,9,Whitney Leavitt_S34,0.14991721011529507,0.15555555555555556,7,5,2,7,0.30547276567085063,4,2,4,6,1,11,rank_v2,1,11,false,false
34,10,Alix Earle_S34,0.1759965193296847,0.1686046511627907,6,4,2,6,0.3446011704924754,2,4,5,3,2,11,rank_v2,1,11,false,false
34,10,Dylan Efron_S34,0.1867991300973991,0.15988372093023256,6,2,6,8,0.34668285102763163,5,3,2,4,6,11,rank_v2,1,11,false,false
34,10,Elaine Hendrix_S34,0.19378089697391998,0.16569767441860464,6,1,4,5,0.3594785713925246,1,1,6,6,5,11,rank_v2,1,11,false,false
34,10,Jordan Chiles_S34,0.1867823121911607,0.16569767441860464,6,3,4,7,0.3524799866097653,4,2,3,5,4,11,rank_v2,1,11,false,false
34,10,Robert Irwin_S34,0.14436662524979507,0.17151162790697674,6,5,1,6,0.3158782531567718,3,5,4,2,1,11,rank_v2,1,11,false,false
34,10,Whitney Leavitt_S34,0.11227451615804038,0.1686046511627907,6,6,2,8,0.28087916732083107,6,6,1,1,3,11,rank_v2,1,11,true,true
34,11,Alix Earle_S34,0.1712805166797128,0.2031609129238783,5,5,1,6,0.3744414296035911,3,4,3,2,1,11,rank_v2,5,11,true,true
34,11,Dylan Efron_S34,0.1722081154674161,0.19864532303262358,5,4,4,8,0.3708534385000397,5,5,1,1,4,11,rank_v2,5,11,true,true
34,11,Elaine Hendrix_S34,0.21588100788049688,0.19638752808699622,5,2,5,7,0.41226853596749313,4,2,2,4,5,11,rank_v2,5,11,true,true
34,11,Jordan Chiles_S34,0.2044996086495504,0.20090311797825097,5,3,2,5,0.4054027266278014,2,3,4,3,3,11,rank_v2,5,11,true,true
34,11,Robert Irwin_S34,0.2361307513228251,0.20090311797825097,5,1,2,3,0.43703386930107607,1,1,5,5,2,11,rank_v2,5,11,true,true
